path,label,class,predicted_8class,predicted_external_class,correct,prob_AMD,prob_CNV,prob_CSR,prob_DME,prob_DR,prob_DRUSEN,prob_MH,prob_NORMAL
/home/yogesh.patel/execution/25_9_2026_PRD_work/OCT2017_Test/test/CNV/CNV-1016042-1.jpeg,0,CNV,CNV,CNV,True,0.003914468,0.94966257,0.006966414,0.0135282,0.011290517,0.0035895235,0.0024117047,0.008636652
/home/yogesh.patel/execution/25_9_2026_PRD_work/OCT2017_Test/test/CNV/CNV-1016042-2.jpeg,0,CNV,CNV,CNV,True,0.0063234377,0.9639982,0.0049906983,0.005851139,0.0039286474,0.0019235103,0.0070365793,0.0059478055
/home/yogesh.patel/execution/25_9_2026_PRD_work/OCT2017_Test/test/CNV/CNV-1016042-3.jpeg,0,CNV,CNV,CNV,True,0.016540587,0.92028785,0.009948378,0.024201918,0.019407533,0.004189696,0.003954447,0.0014695593
/home/yogesh.patel/execution/25_9_2026_PRD_work/OCT2017_Test/test/CNV/CNV-1016042-4.jpeg,0,CNV,CNV,CNV,True,0.0046021426,0.95355844,0.0038648425,0.0140172625,0.011208758,0.0051918956,0.0035584175,0.003998184
/home/yogesh.patel/execution/25_9_2026_PRD_work/OCT2017_Test/test/CNV/CNV-103044-1.jpeg,0,CNV,CNV,CNV,True,0.0046206824,0.97453076,0.003186512,0.0037841778,0.009686834,0.0008340366,0.0021545738,0.0012023145
/home/yogesh.patel/execution/25_9_2026_PRD_work/OCT2017_Test/test/CNV/CNV-103044-10.jpeg,0,CNV,CNV,CNV,True,0.005510095,0.95981264,0.004833007,0.00518679,0.0070105796,0.010808138,0.0045730635,0.002265755
/home/yogesh.patel/execution/25_9_2026_PRD_work/OCT2017_Test/test/CNV/CNV-103044-11.jpeg,0,CNV,CNV,CNV,True,0.003912627,0.9616493,0.005240569,0.01257435,0.010352234,0.002293525,0.0016003796,0.0023771196
/home/yogesh.patel/execution/25_9_2026_PRD_work/OCT2017_Test/test/CNV/CNV-103044-12.jpeg,0,CNV,CNV,CNV,True,0.0056004063,0.9709391,0.0066297464,0.0020764868,0.0050479737,0.0028654505,0.0031262143,0.0037145554
/home/yogesh.patel/execution/25_9_2026_PRD_work/OCT2017_Test/test/CNV/CNV-103044-2.jpeg,0,CNV,CNV,CNV,True,0.0042893747,0.96639055,0.003842031,0.0067980736,0.010632809,0.0047520613,0.0008638335,0.0024312728
/home/yogesh.patel/execution/25_9_2026_PRD_work/OCT2017_Test/test/CNV/CNV-103044-3.jpeg,0,CNV,CNV,CNV,True,0.003942528,0.94657403,0.005812201,0.0025691069,0.009017047,0.025823275,0.0049063065,0.0013555051
/home/yogesh.patel/execution/25_9_2026_PRD_work/OCT2017_Test/test/CNV/CNV-103044-4.jpeg,0,CNV,CNV,CNV,True,0.0056089587,0.95877475,0.007239979,0.0072088377,0.017919369,0.0012445097,0.000968667,0.0010349953
/home/yogesh.patel/execution/25_9_2026_PRD_work/OCT2017_Test/test/CNV/CNV-103044-5.jpeg,0,CNV,CNV,CNV,True,0.0025966102,0.9608948,0.0056016166,0.0024678854,0.0072523737,0.0147616295,0.004344872,0.002080154
/home/yogesh.patel/execution/25_9_2026_PRD_work/OCT2017_Test/test/CNV/CNV-103044-6.jpeg,0,CNV,CNV,CNV,True,0.0046376656,0.9583434,0.008478027,0.0017910572,0.009154628,0.00951441,0.0056038317,0.0024768629
/home/yogesh.patel/execution/25_9_2026_PRD_work/OCT2017_Test/test/CNV/CNV-103044-7.jpeg,0,CNV,CNV,CNV,True,0.003819931,0.96920186,0.004449062,0.0018841365,0.0071677077,0.007887419,0.0033217506,0.0022680925
/home/yogesh.patel/execution/25_9_2026_PRD_work/OCT2017_Test/test/CNV/CNV-103044-8.jpeg,0,CNV,CNV,CNV,True,0.007902926,0.95612776,0.0049219257,0.003552337,0.005904942,0.011654337,0.0065505183,0.0033852651
/home/yogesh.patel/execution/25_9_2026_PRD_work/OCT2017_Test/test/CNV/CNV-103044-9.jpeg,0,CNV,CNV,CNV,True,0.0033336706,0.97583747,0.00560025,0.001352758,0.0059580845,0.0013049376,0.0028765812,0.003736335
/home/yogesh.patel/execution/25_9_2026_PRD_work/OCT2017_Test/test/CNV/CNV-1083927-1.jpeg,0,CNV,CNV,CNV,True,0.008557835,0.9140762,0.0064512626,0.045343436,0.0148424255,0.0034578491,0.0053157606,0.0019553474
/home/yogesh.patel/execution/25_9_2026_PRD_work/OCT2017_Test/test/CNV/CNV-1112835-1.jpeg,0,CNV,CNV,CNV,True,0.0048643136,0.95689625,0.014507312,0.006741192,0.0049694134,0.0011848572,0.0037520654,0.007084521
/home/yogesh.patel/execution/25_9_2026_PRD_work/OCT2017_Test/test/CNV/CNV-1112835-2.jpeg,0,CNV,CNV,CNV,True,0.0070390566,0.9566861,0.013837507,0.006981065,0.0075376746,0.0011320905,0.0034712206,0.0033153212
/home/yogesh.patel/execution/25_9_2026_PRD_work/OCT2017_Test/test/CNV/CNV-1130960-1.jpeg,0,CNV,CNV,CNV,True,0.007812628,0.9507278,0.009361288,0.009890974,0.015723763,0.0014472355,0.0035222783,0.0015139136
/home/yogesh.patel/execution/25_9_2026_PRD_work/OCT2017_Test/test/CNV/CNV-1131664-1.jpeg,0,CNV,CNV,CNV,True,0.007030966,0.96392065,0.006167185,0.0040100687,0.007756525,0.0020671515,0.006405505,0.0026420115
/home/yogesh.patel/execution/25_9_2026_PRD_work/OCT2017_Test/test/CNV/CNV-1136126-1.jpeg,0,CNV,CNV,CNV,True,0.0052752825,0.9699506,0.005577636,0.0017237884,0.006154821,0.0045574075,0.0050719585,0.0016886306
/home/yogesh.patel/execution/25_9_2026_PRD_work/OCT2017_Test/test/CNV/CNV-1177084-1.jpeg,0,CNV,CNV,CNV,True,0.009615915,0.8017314,0.011418833,0.1268991,0.017508334,0.0075472365,0.020957,0.00432226
/home/yogesh.patel/execution/25_9_2026_PRD_work/OCT2017_Test/test/CNV/CNV-1188386-1.jpeg,0,CNV,CNV,CNV,True,0.0071067926,0.9561654,0.0051650656,0.0115822535,0.010596803,0.0017392949,0.0054157255,0.0022287455
/home/yogesh.patel/execution/25_9_2026_PRD_work/OCT2017_Test/test/CNV/CNV-1188386-2.jpeg,0,CNV,CNV,CNV,True,0.0075363177,0.94765395,0.010120683,0.012987836,0.011775054,0.0055997306,0.0018856667,0.0024407937
/home/yogesh.patel/execution/25_9_2026_PRD_work/OCT2017_Test/test/CNV/CNV-1188386-3.jpeg,0,CNV,CNV,CNV,True,0.0061161504,0.94764256,0.008456047,0.014912761,0.013916344,0.002723067,0.004613845,0.0016190683
/home/yogesh.patel/execution/25_9_2026_PRD_work/OCT2017_Test/test/CNV/CNV-1188386-4.jpeg,0,CNV,CNV,CNV,True,0.007614033,0.9591691,0.0058736866,0.008491521,0.0087886825,0.002838113,0.004685869,0.0025390023
/home/yogesh.patel/execution/25_9_2026_PRD_work/OCT2017_Test/test/CNV/CNV-1260317-1.jpeg,0,CNV,CNV,CNV,True,0.009238828,0.9625276,0.006851546,0.007114093,0.006799745,0.0029914111,0.0021753921,0.002301397
/home/yogesh.patel/execution/25_9_2026_PRD_work/OCT2017_Test/test/CNV/CNV-1290410-1.jpeg,0,CNV,CNV,CNV,True,0.0048865243,0.96314836,0.005989427,0.009046922,0.0046364767,0.002110271,0.0027860212,0.007395952
/home/yogesh.patel/execution/25_9_2026_PRD_work/OCT2017_Test/test/CNV/CNV-1290410-2.jpeg,0,CNV,CNV,CNV,True,0.0041558603,0.96139675,0.010322345,0.006550978,0.007544938,0.004124886,0.0031157231,0.0027884583
/home/yogesh.patel/execution/25_9_2026_PRD_work/OCT2017_Test/test/CNV/CNV-1290410-3.jpeg,0,CNV,CNV,CNV,True,0.009183949,0.95914155,0.0056414437,0.00706883,0.012078515,0.0016182851,0.0037473612,0.0015202069
/home/yogesh.patel/execution/25_9_2026_PRD_work/OCT2017_Test/test/CNV/CNV-1305450-1.jpeg,0,CNV,CNV,CNV,True,0.005162514,0.9772669,0.0038460211,0.0021880628,0.0049637565,0.0010382034,0.003210232,0.002324237
/home/yogesh.patel/execution/25_9_2026_PRD_work/OCT2017_Test/test/CNV/CNV-1305450-2.jpeg,0,CNV,CNV,CNV,True,0.006209463,0.95544595,0.009283977,0.012190075,0.0072065047,0.003396172,0.00292613,0.00334161
/home/yogesh.patel/execution/25_9_2026_PRD_work/OCT2017_Test/test/CNV/CNV-1305450-3.jpeg,0,CNV,CNV,CNV,True,0.010073245,0.7710458,0.0126599725,0.17247106,0.016103337,0.0038302187,0.0076699737,0.0061463835
/home/yogesh.patel/execution/25_9_2026_PRD_work/OCT2017_Test/test/CNV/CNV-1305450-4.jpeg,0,CNV,CNV,CNV,True,0.0070265806,0.9550492,0.008750573,0.0132842455,0.009697467,0.0021435176,0.002082646,0.001965834
/home/yogesh.patel/execution/25_9_2026_PRD_work/OCT2017_Test/test/CNV/CNV-137351-1.jpeg,0,CNV,CNV,CNV,True,0.0059386888,0.94541687,0.010518967,0.018133258,0.009749062,0.0041389144,0.004734594,0.0013695748
/home/yogesh.patel/execution/25_9_2026_PRD_work/OCT2017_Test/test/CNV/CNV-1415351-1.jpeg,0,CNV,CNV,CNV,True,0.00936165,0.8774505,0.009820057,0.07031872,0.014739351,0.007788254,0.0067052916,0.003816163
/home/yogesh.patel/execution/25_9_2026_PRD_work/OCT2017_Test/test/CNV/CNV-154835-1.jpeg,0,CNV,CNV,CNV,True,0.0062006,0.9487651,0.0070777694,0.0141038345,0.0049650352,0.0041372194,0.006966793,0.007783798
/home/yogesh.patel/execution/25_9_2026_PRD_work/OCT2017_Test/test/CNV/CNV-154835-2.jpeg,0,CNV,CNV,CNV,True,0.007835649,0.96365464,0.006150009,0.0045321733,0.0049775285,0.0026481075,0.0031681217,0.0070338575
/home/yogesh.patel/execution/25_9_2026_PRD_work/OCT2017_Test/test/CNV/CNV-163081-1.jpeg,0,CNV,CNV,CNV,True,0.006366154,0.96451324,0.0060561663,0.0035609663,0.011267599,0.002783085,0.0032817207,0.002171045
/home/yogesh.patel/execution/25_9_2026_PRD_work/OCT2017_Test/test/CNV/CNV-163081-10.jpeg,0,CNV,CNV,CNV,True,0.014563938,0.94843584,0.008505637,0.008550336,0.0076524345,0.0031851574,0.0066997977,0.0024067906
/home/yogesh.patel/execution/25_9_2026_PRD_work/OCT2017_Test/test/CNV/CNV-163081-2.jpeg,0,CNV,CNV,CNV,True,0.0059836633,0.96748424,0.0045545558,0.0047312807,0.012134485,0.0018438873,0.0017962609,0.0014716358
/home/yogesh.patel/execution/25_9_2026_PRD_work/OCT2017_Test/test/CNV/CNV-163081-3.jpeg,0,CNV,CNV,CNV,True,0.0036354065,0.96609885,0.006580852,0.0038111685,0.0043570907,0.006742112,0.006199446,0.0025751025
/home/yogesh.patel/execution/25_9_2026_PRD_work/OCT2017_Test/test/CNV/CNV-163081-4.jpeg,0,CNV,CNV,CNV,True,0.0038301724,0.9658345,0.0032138005,0.0042420817,0.0142800035,0.004578172,0.0022341774,0.001787052
/home/yogesh.patel/execution/25_9_2026_PRD_work/OCT2017_Test/test/CNV/CNV-163081-5.jpeg,0,CNV,CNV,CNV,True,0.007369632,0.9613866,0.0058537787,0.003117215,0.007481883,0.008115259,0.0036890442,0.0029865005
/home/yogesh.patel/execution/25_9_2026_PRD_work/OCT2017_Test/test/CNV/CNV-163081-6.jpeg,0,CNV,CNV,CNV,True,0.0052601327,0.9675941,0.0045240326,0.0040909094,0.010985015,0.004038898,0.0008680838,0.002638802
/home/yogesh.patel/execution/25_9_2026_PRD_work/OCT2017_Test/test/CNV/CNV-163081-7.jpeg,0,CNV,CNV,CNV,True,0.0060496754,0.9530219,0.007094759,0.011967226,0.009673911,0.005430797,0.0014349923,0.005326736
/home/yogesh.patel/execution/25_9_2026_PRD_work/OCT2017_Test/test/CNV/CNV-163081-8.jpeg,0,CNV,CNV,CNV,True,0.009939159,0.96566206,0.0080083385,0.0020230452,0.008042266,0.0015933065,0.0035958593,0.0011359798
/home/yogesh.patel/execution/25_9_2026_PRD_work/OCT2017_Test/test/CNV/CNV-163081-9.jpeg,0,CNV,CNV,CNV,True,0.0046846466,0.96656233,0.0048035895,0.0073766913,0.007082329,0.0030744495,0.0030323612,0.0033835983
/home/yogesh.patel/execution/25_9_2026_PRD_work/OCT2017_Test/test/CNV/CNV-1632795-1.jpeg,0,CNV,CNV,CNV,True,0.0045923213,0.96086806,0.0048210537,0.007259278,0.008764921,0.001962255,0.0063893893,0.005342762
/home/yogesh.patel/execution/25_9_2026_PRD_work/OCT2017_Test/test/CNV/CNV-1641792-1.jpeg,0,CNV,CNV,CNV,True,0.0075974385,0.9579068,0.0049836743,0.006496667,0.010485649,0.0053256694,0.0026578987,0.0045462586
/home/yogesh.patel/execution/25_9_2026_PRD_work/OCT2017_Test/test/CNV/CNV-1641792-2.jpeg,0,CNV,CNV,CNV,True,0.0068269395,0.96749383,0.0040708682,0.004021527,0.0052608894,0.0033554328,0.005276129,0.003694341
/home/yogesh.patel/execution/25_9_2026_PRD_work/OCT2017_Test/test/CNV/CNV-1699976-1.jpeg,0,CNV,CNV,CNV,True,0.0025716308,0.9784515,0.0036188087,0.0027646422,0.005417048,0.0008861116,0.003193184,0.0030970657
/home/yogesh.patel/execution/25_9_2026_PRD_work/OCT2017_Test/test/CNV/CNV-1699976-2.jpeg,0,CNV,CNV,CNV,True,0.0047775065,0.96085984,0.008939728,0.0074337767,0.0051580146,0.00084851345,0.0063413386,0.0056412546
/home/yogesh.patel/execution/25_9_2026_PRD_work/OCT2017_Test/test/CNV/CNV-1699976-3.jpeg,0,CNV,CNV,CNV,True,0.0056899805,0.965879,0.006966389,0.003631222,0.0059040855,0.0021419746,0.0064244163,0.003362951
/home/yogesh.patel/execution/25_9_2026_PRD_work/OCT2017_Test/test/CNV/CNV-1699976-4.jpeg,0,CNV,CNV,CNV,True,0.0047781593,0.9635133,0.009647136,0.0048813364,0.008965194,0.0008330492,0.0044327755,0.0029490434
/home/yogesh.patel/execution/25_9_2026_PRD_work/OCT2017_Test/test/CNV/CNV-1699976-5.jpeg,0,CNV,CNV,CNV,True,0.005299708,0.95761216,0.010017124,0.007108107,0.012359457,0.00070595247,0.003981202,0.0029162895
/home/yogesh.patel/execution/25_9_2026_PRD_work/OCT2017_Test/test/CNV/CNV-1704482-1.jpeg,0,CNV,CNV,CNV,True,0.0055874824,0.9472536,0.00786542,0.014777594,0.019339504,0.0015966118,0.0017725131,0.0018073409
/home/yogesh.patel/execution/25_9_2026_PRD_work/OCT2017_Test/test/CNV/CNV-172472-1.jpeg,0,CNV,CNV,CNV,True,0.004636633,0.96345234,0.007905429,0.0021290467,0.00313445,0.0035443262,0.008553282,0.0066445656
/home/yogesh.patel/execution/25_9_2026_PRD_work/OCT2017_Test/test/CNV/CNV-172472-10.jpeg,0,CNV,CNV,CNV,True,0.0059232865,0.9648659,0.008250259,0.0042848075,0.0065350905,0.00092609844,0.005589559,0.003624977
/home/yogesh.patel/execution/25_9_2026_PRD_work/OCT2017_Test/test/CNV/CNV-172472-11.jpeg,0,CNV,CNV,CNV,True,0.008519827,0.95995355,0.007995486,0.0033602242,0.009875189,0.0018752214,0.0069667543,0.0014537087
/home/yogesh.patel/execution/25_9_2026_PRD_work/OCT2017_Test/test/CNV/CNV-172472-2.jpeg,0,CNV,CNV,CNV,True,0.003158211,0.9672849,0.0077110357,0.0063323723,0.005470079,0.0012757309,0.0045052343,0.0042623878
/home/yogesh.patel/execution/25_9_2026_PRD_work/OCT2017_Test/test/CNV/CNV-172472-3.jpeg,0,CNV,CNV,CNV,True,0.0065321866,0.96388775,0.009834125,0.0037650517,0.0045137936,0.0032128652,0.0046069864,0.0036472997
/home/yogesh.patel/execution/25_9_2026_PRD_work/OCT2017_Test/test/CNV/CNV-172472-4.jpeg,0,CNV,CNV,CNV,True,0.009428416,0.95486313,0.010924886,0.0038421615,0.0062034917,0.001241277,0.010759711,0.0027369133
/home/yogesh.patel/execution/25_9_2026_PRD_work/OCT2017_Test/test/CNV/CNV-172472-5.jpeg,0,CNV,CNV,CNV,True,0.005904084,0.9683363,0.0040686037,0.0045592473,0.0052199475,0.0014596954,0.0076518203,0.0028003666
/home/yogesh.patel/execution/25_9_2026_PRD_work/OCT2017_Test/test/CNV/CNV-172472-6.jpeg,0,CNV,CNV,CNV,True,0.0057988707,0.9498026,0.007419006,0.0072502447,0.013035037,0.008408563,0.006595294,0.0016904285
/home/yogesh.patel/execution/25_9_2026_PRD_work/OCT2017_Test/test/CNV/CNV-172472-7.jpeg,0,CNV,CNV,CNV,True,0.006355664,0.96852165,0.0059952885,0.0022627523,0.0041626845,0.0019547115,0.007887948,0.0028592895
/home/yogesh.patel/execution/25_9_2026_PRD_work/OCT2017_Test/test/CNV/CNV-172472-8.jpeg,0,CNV,CNV,CNV,True,0.007270487,0.9694445,0.0071333926,0.0017446589,0.005990466,0.0020156892,0.0050514564,0.0013493455
/home/yogesh.patel/execution/25_9_2026_PRD_work/OCT2017_Test/test/CNV/CNV-172472-9.jpeg,0,CNV,CNV,CNV,True,0.009527833,0.9614006,0.007949113,0.0043743076,0.007705201,0.0010175721,0.0046660188,0.0033593255
/home/yogesh.patel/execution/25_9_2026_PRD_work/OCT2017_Test/test/CNV/CNV-1730592-1.jpeg,0,CNV,CNV,CNV,True,0.0036269124,0.96898156,0.008199207,0.005097394,0.004550296,0.0017823827,0.0049531716,0.002809021
/home/yogesh.patel/execution/25_9_2026_PRD_work/OCT2017_Test/test/CNV/CNV-1730592-2.jpeg,0,CNV,CNV,CNV,True,0.0031004546,0.96403074,0.009112521,0.007869668,0.002486006,0.002715689,0.006635636,0.004049266
/home/yogesh.patel/execution/25_9_2026_PRD_work/OCT2017_Test/test/CNV/CNV-1731375-1.jpeg,0,CNV,CNV,CNV,True,0.007246361,0.9042628,0.029226238,0.028552456,0.024372313,0.0022735666,0.00075114326,0.0033150688
/home/yogesh.patel/execution/25_9_2026_PRD_work/OCT2017_Test/test/CNV/CNV-1731375-2.jpeg,0,CNV,CNV,CNV,True,0.004074316,0.9595957,0.0079496885,0.0044354456,0.014404687,0.0054445113,0.0014944801,0.0026011602
/home/yogesh.patel/execution/25_9_2026_PRD_work/OCT2017_Test/test/CNV/CNV-1731375-3.jpeg,0,CNV,CNV,CNV,True,0.0061919703,0.9131524,0.010877661,0.004115551,0.018612778,0.041104745,0.0018895747,0.0040553384
/home/yogesh.patel/execution/25_9_2026_PRD_work/OCT2017_Test/test/CNV/CNV-1784116-1.jpeg,0,CNV,CNV,CNV,True,0.010959522,0.78478944,0.014315151,0.15496731,0.012173856,0.004948684,0.012018372,0.005827684
/home/yogesh.patel/execution/25_9_2026_PRD_work/OCT2017_Test/test/CNV/CNV-1894770-1.jpeg,0,CNV,CNV,CNV,True,0.0111909155,0.6710991,0.012209443,0.24989247,0.009454578,0.008574087,0.024801383,0.012777984
/home/yogesh.patel/execution/25_9_2026_PRD_work/OCT2017_Test/test/CNV/CNV-1894770-2.jpeg,0,CNV,CNV,CNV,True,0.004588468,0.9425652,0.0064109704,0.011797165,0.013884175,0.01361967,0.004117104,0.0030172742
/home/yogesh.patel/execution/25_9_2026_PRD_work/OCT2017_Test/test/CNV/CNV-1980926-1.jpeg,0,CNV,CNV,CNV,True,0.009976561,0.95055944,0.010490272,0.008981457,0.00971328,0.0023364385,0.002081092,0.0058615482
/home/yogesh.patel/execution/25_9_2026_PRD_work/OCT2017_Test/test/CNV/CNV-198660-1.jpeg,0,CNV,CNV,CNV,True,0.004003671,0.96633285,0.0063866004,0.004325779,0.0073539857,0.0021240555,0.003057838,0.006415212
/home/yogesh.patel/execution/25_9_2026_PRD_work/OCT2017_Test/test/CNV/CNV-1997439-1.jpeg,0,CNV,CNV,CNV,True,0.0087107215,0.93440187,0.010492241,0.023032706,0.008853752,0.009153188,0.0036436375,0.0017118043
/home/yogesh.patel/execution/25_9_2026_PRD_work/OCT2017_Test/test/CNV/CNV-1997439-2.jpeg,0,CNV,CNV,CNV,True,0.006675,0.912026,0.011036341,0.03832646,0.023749985,0.0027233232,0.0020610478,0.0034018322
/home/yogesh.patel/execution/25_9_2026_PRD_work/OCT2017_Test/test/CNV/CNV-1997439-3.jpeg,0,CNV,CNV,CNV,True,0.0060427976,0.96810013,0.006875606,0.005915987,0.006403482,0.00061851635,0.003433645,0.0026098252
/home/yogesh.patel/execution/25_9_2026_PRD_work/OCT2017_Test/test/CNV/CNV-1997439-4.jpeg,0,CNV,CNV,CNV,True,0.011151428,0.95183766,0.011187619,0.009792265,0.0064103743,0.0010493805,0.00581282,0.0027585179
/home/yogesh.patel/execution/25_9_2026_PRD_work/OCT2017_Test/test/CNV/CNV-1997439-5.jpeg,0,CNV,CNV,CNV,True,0.010944125,0.9373692,0.012008577,0.014679255,0.013300163,0.0016252584,0.0072606797,0.0028127057
/home/yogesh.patel/execution/25_9_2026_PRD_work/OCT2017_Test/test/CNV/CNV-1997439-6.jpeg,0,CNV,CNV,CNV,True,0.006904209,0.9492759,0.008968769,0.009081312,0.019805035,0.0013702783,0.0020153518,0.002579121
/home/yogesh.patel/execution/25_9_2026_PRD_work/OCT2017_Test/test/CNV/CNV-1997439-7.jpeg,0,CNV,CNV,CNV,True,0.0054195398,0.9621993,0.0046433583,0.0062485305,0.017321618,0.0014194531,0.0008309754,0.0019174033
/home/yogesh.patel/execution/25_9_2026_PRD_work/OCT2017_Test/test/CNV/CNV-2025105-1.jpeg,0,CNV,CNV,CNV,True,0.0035165376,0.93207324,0.003372899,0.015661791,0.013201487,0.026610486,0.0026400015,0.0029235168
/home/yogesh.patel/execution/25_9_2026_PRD_work/OCT2017_Test/test/CNV/CNV-204397-1.jpeg,0,CNV,CNV,CNV,True,0.007836292,0.9489295,0.019915309,0.009352637,0.005487867,0.0011644324,0.0039516413,0.0033623641
/home/yogesh.patel/execution/25_9_2026_PRD_work/OCT2017_Test/test/CNV/CNV-2116022-1.jpeg,0,CNV,CNV,CNV,True,0.0054577,0.96343374,0.007507047,0.0053499267,0.008517838,0.0028325978,0.00493333,0.0019677274
/home/yogesh.patel/execution/25_9_2026_PRD_work/OCT2017_Test/test/CNV/CNV-2141150-1.jpeg,0,CNV,CNV,CNV,True,0.0033109514,0.9648577,0.0061570415,0.0100476295,0.005850341,0.0028132163,0.00202252,0.004940575
/home/yogesh.patel/execution/25_9_2026_PRD_work/OCT2017_Test/test/CNV/CNV-2141150-2.jpeg,0,CNV,CNV,CNV,True,0.0038580517,0.96536106,0.0060932506,0.007056295,0.0052265637,0.006760297,0.0030026531,0.0026418483
/home/yogesh.patel/execution/25_9_2026_PRD_work/OCT2017_Test/test/CNV/CNV-2158821-1.jpeg,0,CNV,CNV,CNV,True,0.003020253,0.9671804,0.005482599,0.00455361,0.006273336,0.004081627,0.0023315635,0.007076596
/home/yogesh.patel/execution/25_9_2026_PRD_work/OCT2017_Test/test/CNV/CNV-2158821-2.jpeg,0,CNV,CNV,CNV,True,0.0053417822,0.9527862,0.008529767,0.0117538385,0.005768503,0.0039462503,0.0040594502,0.007814105
/home/yogesh.patel/execution/25_9_2026_PRD_work/OCT2017_Test/test/CNV/CNV-2168793-1.jpeg,0,CNV,CNV,CNV,True,0.0054190187,0.966339,0.0061875214,0.0042096493,0.006026069,0.0017390576,0.0064923717,0.0035873898
/home/yogesh.patel/execution/25_9_2026_PRD_work/OCT2017_Test/test/CNV/CNV-2177326-1.jpeg,0,CNV,CNV,CNV,True,0.0044197417,0.964185,0.012015565,0.0057466757,0.006444447,0.0017060199,0.0023577204,0.0031248457
/home/yogesh.patel/execution/25_9_2026_PRD_work/OCT2017_Test/test/CNV/CNV-218676-1.jpeg,0,CNV,CNV,CNV,True,0.013992452,0.91208714,0.022131318,0.012245747,0.006393242,0.0016902442,0.0047522797,0.02670752
/home/yogesh.patel/execution/25_9_2026_PRD_work/OCT2017_Test/test/CNV/CNV-2192440-1.jpeg,0,CNV,CNV,CNV,True,0.008062943,0.9456056,0.011269951,0.009394962,0.014827124,0.0017826636,0.0054189423,0.003637759
/home/yogesh.patel/execution/25_9_2026_PRD_work/OCT2017_Test/test/CNV/CNV-2192440-2.jpeg,0,CNV,CNV,CNV,True,0.004836778,0.9677636,0.008470364,0.0061251335,0.0054896083,0.0011971039,0.0022409735,0.0038765143
/home/yogesh.patel/execution/25_9_2026_PRD_work/OCT2017_Test/test/CNV/CNV-2350851-1.jpeg,0,CNV,CNV,CNV,True,0.00563772,0.93379706,0.008115936,0.023360193,0.025033701,0.0019161612,0.0007380404,0.0014011879
/home/yogesh.patel/execution/25_9_2026_PRD_work/OCT2017_Test/test/CNV/CNV-2438783-1.jpeg,0,CNV,CNV,CNV,True,0.0061870487,0.96266973,0.0069825235,0.0068204645,0.0102303205,0.00093424943,0.004022054,0.0021536595
/home/yogesh.patel/execution/25_9_2026_PRD_work/OCT2017_Test/test/CNV/CNV-2438783-2.jpeg,0,CNV,CNV,CNV,True,0.006520653,0.9596621,0.007133007,0.0084512625,0.009885824,0.0015617214,0.0031389736,0.0036464857
/home/yogesh.patel/execution/25_9_2026_PRD_work/OCT2017_Test/test/CNV/CNV-2541184-1.jpeg,0,CNV,CNV,CNV,True,0.005318997,0.94916874,0.0067860587,0.003699946,0.0061402805,0.015671922,0.009516054,0.0036979918
/home/yogesh.patel/execution/25_9_2026_PRD_work/OCT2017_Test/test/CNV/CNV-2632189-1.jpeg,0,CNV,CNV,CNV,True,0.0069350186,0.9634097,0.005918689,0.0035763464,0.010177935,0.0024518566,0.005129223,0.0024011359
/home/yogesh.patel/execution/25_9_2026_PRD_work/OCT2017_Test/test/CNV/CNV-2692822-1.jpeg,0,CNV,CNV,CNV,True,0.010314115,0.925407,0.015820706,0.024357857,0.010050994,0.0050000027,0.0026100907,0.006439265
/home/yogesh.patel/execution/25_9_2026_PRD_work/OCT2017_Test/test/CNV/CNV-2725524-1.jpeg,0,CNV,CNV,CNV,True,0.011209608,0.95352155,0.0074489187,0.0057142586,0.008501275,0.0027843842,0.0059917164,0.004828225
/home/yogesh.patel/execution/25_9_2026_PRD_work/OCT2017_Test/test/CNV/CNV-2725524-2.jpeg,0,CNV,CNV,CNV,True,0.00868763,0.93135065,0.009044943,0.026260758,0.016613351,0.002120921,0.0036129586,0.0023087834
/home/yogesh.patel/execution/25_9_2026_PRD_work/OCT2017_Test/test/CNV/CNV-2760476-1.jpeg,0,CNV,CNV,CNV,True,0.008571826,0.9322901,0.012455691,0.017217008,0.019778118,0.0021520702,0.0053742933,0.0021609094
/home/yogesh.patel/execution/25_9_2026_PRD_work/OCT2017_Test/test/CNV/CNV-2959614-1.jpeg,0,CNV,CNV,CNV,True,0.0076072235,0.955517,0.009410265,0.008305492,0.0071685235,0.002051843,0.004976807,0.0049628373
/home/yogesh.patel/execution/25_9_2026_PRD_work/OCT2017_Test/test/CNV/CNV-2959614-2.jpeg,0,CNV,CNV,CNV,True,0.0057415026,0.9604078,0.00836282,0.0075672106,0.0077581247,0.0025213247,0.004197726,0.0034433892
/home/yogesh.patel/execution/25_9_2026_PRD_work/OCT2017_Test/test/CNV/CNV-2959614-3.jpeg,0,CNV,CNV,CNV,True,0.009874438,0.94852984,0.010208724,0.009501055,0.010231306,0.002803901,0.005366666,0.0034840375
/home/yogesh.patel/execution/25_9_2026_PRD_work/OCT2017_Test/test/CNV/CNV-2959614-4.jpeg,0,CNV,CNV,CNV,True,0.0060518063,0.9497785,0.0105704935,0.00973963,0.011563914,0.004594517,0.00476038,0.0029406943
/home/yogesh.patel/execution/25_9_2026_PRD_work/OCT2017_Test/test/CNV/CNV-3030629-1.jpeg,0,CNV,CNV,CNV,True,0.004856001,0.93710494,0.006320718,0.026982918,0.0074824924,0.0047123986,0.008644544,0.0038959428
/home/yogesh.patel/execution/25_9_2026_PRD_work/OCT2017_Test/test/CNV/CNV-3080163-1.jpeg,0,CNV,CNV,CNV,True,0.0053282976,0.95090497,0.0070634526,0.015884018,0.005592105,0.0017062904,0.0063753156,0.0071454574
/home/yogesh.patel/execution/25_9_2026_PRD_work/OCT2017_Test/test/CNV/CNV-3080163-2.jpeg,0,CNV,CNV,CNV,True,0.00672242,0.95536935,0.0075623286,0.011639135,0.005575706,0.0018496972,0.0066311723,0.004650296
/home/yogesh.patel/execution/25_9_2026_PRD_work/OCT2017_Test/test/CNV/CNV-3119854-1.jpeg,0,CNV,CNV,CNV,True,0.006069921,0.9667232,0.0054875826,0.0050766054,0.009219769,0.0006125075,0.0025329522,0.004277476
/home/yogesh.patel/execution/25_9_2026_PRD_work/OCT2017_Test/test/CNV/CNV-3163547-1.jpeg,0,CNV,CNV,CNV,True,0.0036686643,0.9651155,0.0061650444,0.006865144,0.0068477374,0.0012728528,0.0037991647,0.0062659625
/home/yogesh.patel/execution/25_9_2026_PRD_work/OCT2017_Test/test/CNV/CNV-3200277-1.jpeg,0,CNV,CNV,CNV,True,0.004680853,0.93684673,0.017508995,0.021812974,0.010270078,0.004132022,0.0032353343,0.00151308
/home/yogesh.patel/execution/25_9_2026_PRD_work/OCT2017_Test/test/CNV/CNV-3200277-2.jpeg,0,CNV,CNV,CNV,True,0.005960853,0.9605542,0.010625478,0.0044696056,0.006756979,0.002884951,0.006748228,0.0019996818
/home/yogesh.patel/execution/25_9_2026_PRD_work/OCT2017_Test/test/CNV/CNV-3213586-1.jpeg,0,CNV,CNV,CNV,True,0.004883337,0.9696539,0.008735082,0.0031054986,0.0065901666,0.0015295112,0.0024241568,0.0030783827
/home/yogesh.patel/execution/25_9_2026_PRD_work/OCT2017_Test/test/CNV/CNV-3241692-1.jpeg,0,CNV,CNV,CNV,True,0.010134301,0.9283706,0.009214648,0.009378383,0.015620596,0.020703021,0.0040652296,0.0025132534
/home/yogesh.patel/execution/25_9_2026_PRD_work/OCT2017_Test/test/CNV/CNV-3241692-2.jpeg,0,CNV,CNV,CNV,True,0.015412026,0.9246748,0.020429688,0.013530948,0.009958935,0.009037824,0.0030265658,0.003929298
/home/yogesh.patel/execution/25_9_2026_PRD_work/OCT2017_Test/test/CNV/CNV-328435-1.jpeg,0,CNV,CNV,CNV,True,0.003358832,0.9495781,0.0074908384,0.007977523,0.003548495,0.005327877,0.007992326,0.014725977
/home/yogesh.patel/execution/25_9_2026_PRD_work/OCT2017_Test/test/CNV/CNV-3300060-1.jpeg,0,CNV,CNV,CNV,True,0.004567072,0.9591243,0.010324581,0.009725462,0.009675631,0.0010101174,0.0032207288,0.0023520475
/home/yogesh.patel/execution/25_9_2026_PRD_work/OCT2017_Test/test/CNV/CNV-338282-1.jpeg,0,CNV,CNV,CNV,True,0.013538189,0.9437629,0.0075898115,0.008334386,0.01823691,0.0042523476,0.0023512533,0.0019341841
/home/yogesh.patel/execution/25_9_2026_PRD_work/OCT2017_Test/test/CNV/CNV-3424668-1.jpeg,0,CNV,CNV,CNV,True,0.008269425,0.8771809,0.010063337,0.07394503,0.007975569,0.0057513868,0.011959304,0.004855024
/home/yogesh.patel/execution/25_9_2026_PRD_work/OCT2017_Test/test/CNV/CNV-3432812-1.jpeg,0,CNV,CNV,CNV,True,0.005263885,0.898743,0.0077295923,0.0029614044,0.004386224,0.070584945,0.007213394,0.0031175164
/home/yogesh.patel/execution/25_9_2026_PRD_work/OCT2017_Test/test/CNV/CNV-3459091-1.jpeg,0,CNV,CNV,CNV,True,0.0068457704,0.9567283,0.0071502114,0.010474282,0.00999157,0.0016477698,0.0037609283,0.0034010855
/home/yogesh.patel/execution/25_9_2026_PRD_work/OCT2017_Test/test/CNV/CNV-3541867-1.jpeg,0,CNV,CNV,CNV,True,0.0063271145,0.9583457,0.012292629,0.0045324014,0.0045242975,0.006874899,0.003963236,0.0031397182
/home/yogesh.patel/execution/25_9_2026_PRD_work/OCT2017_Test/test/CNV/CNV-3616460-1.jpeg,0,CNV,CNV,CNV,True,0.0053589926,0.96135026,0.009669195,0.008666058,0.0051685674,0.0024069506,0.004447683,0.0029322673
/home/yogesh.patel/execution/25_9_2026_PRD_work/OCT2017_Test/test/CNV/CNV-3618489-1.jpeg,0,CNV,CNV,CNV,True,0.0053682453,0.927272,0.009559776,0.020762991,0.0030219501,0.008375707,0.0053137983,0.020325521
/home/yogesh.patel/execution/25_9_2026_PRD_work/OCT2017_Test/test/CNV/CNV-3618489-2.jpeg,0,CNV,CNV,CNV,True,0.0026439265,0.969371,0.004789629,0.008370889,0.0058483407,0.0033137787,0.0032730796,0.0023892368
/home/yogesh.patel/execution/25_9_2026_PRD_work/OCT2017_Test/test/CNV/CNV-364469-1.jpeg,0,CNV,CNV,CNV,True,0.0040996126,0.9662357,0.005216486,0.005054005,0.006764148,0.006202326,0.0045165485,0.0019111142
/home/yogesh.patel/execution/25_9_2026_PRD_work/OCT2017_Test/test/CNV/CNV-364469-2.jpeg,0,CNV,CNV,CNV,True,0.0027859947,0.9568126,0.004888063,0.011296162,0.006692975,0.009080452,0.0050119055,0.003431862
/home/yogesh.patel/execution/25_9_2026_PRD_work/OCT2017_Test/test/CNV/CNV-364469-3.jpeg,0,CNV,CNV,CNV,True,0.004022922,0.9532751,0.007632417,0.0058403965,0.005755059,0.013413346,0.0072521716,0.0028086102
/home/yogesh.patel/execution/25_9_2026_PRD_work/OCT2017_Test/test/CNV/CNV-3734032-1.jpeg,0,CNV,CNV,CNV,True,0.0077471416,0.95746124,0.010648116,0.008116063,0.00835502,0.00090859487,0.0040551494,0.0027086032
/home/yogesh.patel/execution/25_9_2026_PRD_work/OCT2017_Test/test/CNV/CNV-375851-1.jpeg,0,CNV,CNV,CNV,True,0.005557379,0.9479616,0.018573068,0.005748921,0.0032544348,0.0048553613,0.0041453773,0.0099038305
/home/yogesh.patel/execution/25_9_2026_PRD_work/OCT2017_Test/test/CNV/CNV-3847391-1.jpeg,0,CNV,CNV,CNV,True,0.00945651,0.9156229,0.008543154,0.010786205,0.015907219,0.030319152,0.0065993126,0.0027655796
/home/yogesh.patel/execution/25_9_2026_PRD_work/OCT2017_Test/test/CNV/CNV-412653-1.jpeg,0,CNV,CNV,CNV,True,0.009472932,0.9597068,0.011602788,0.0037600906,0.0061523234,0.0025234113,0.0026005213,0.004181103
/home/yogesh.patel/execution/25_9_2026_PRD_work/OCT2017_Test/test/CNV/CNV-417468-1.jpeg,0,CNV,CNV,CNV,True,0.0055493554,0.86727875,0.01868578,0.07616929,0.008299758,0.005826686,0.010183312,0.00800708
/home/yogesh.patel/execution/25_9_2026_PRD_work/OCT2017_Test/test/CNV/CNV-4244160-1.jpeg,0,CNV,CNV,CNV,True,0.007470037,0.95658743,0.008776611,0.008427544,0.011452615,0.0013059651,0.0032728235,0.002706921
/home/yogesh.patel/execution/25_9_2026_PRD_work/OCT2017_Test/test/CNV/CNV-4244160-2.jpeg,0,CNV,CNV,CNV,True,0.0064343237,0.95129967,0.006957275,0.013438274,0.015113921,0.0020667985,0.0026202137,0.002069543
/home/yogesh.patel/execution/25_9_2026_PRD_work/OCT2017_Test/test/CNV/CNV-4244160-3.jpeg,0,CNV,CNV,CNV,True,0.0056529306,0.9510508,0.00693823,0.01206624,0.01101462,0.002212376,0.0020856222,0.008979161
/home/yogesh.patel/execution/25_9_2026_PRD_work/OCT2017_Test/test/CNV/CNV-4274486-1.jpeg,0,CNV,CNV,CNV,True,0.006365431,0.70826566,0.008257457,0.082841605,0.01593126,0.1666893,0.0055466313,0.0061026593
/home/yogesh.patel/execution/25_9_2026_PRD_work/OCT2017_Test/test/CNV/CNV-4283050-1.jpeg,0,CNV,DME,DME,False,0.010835644,0.4610801,0.026284087,0.46969935,0.009977727,0.00257934,0.014878681,0.004665134
/home/yogesh.patel/execution/25_9_2026_PRD_work/OCT2017_Test/test/CNV/CNV-4283050-2.jpeg,0,CNV,CNV,CNV,True,0.0064629074,0.90231365,0.013725672,0.054432057,0.0076265847,0.0028413848,0.0076695634,0.0049281777
/home/yogesh.patel/execution/25_9_2026_PRD_work/OCT2017_Test/test/CNV/CNV-4464785-1.jpeg,0,CNV,CNV,CNV,True,0.0057488214,0.9570068,0.0052936105,0.010749231,0.013079478,0.0031801094,0.0038049768,0.0011369273
/home/yogesh.patel/execution/25_9_2026_PRD_work/OCT2017_Test/test/CNV/CNV-451136-1.jpeg,0,CNV,CNV,CNV,True,0.010447187,0.95123184,0.012216959,0.00696428,0.008319411,0.0017799183,0.002905358,0.0061351187
/home/yogesh.patel/execution/25_9_2026_PRD_work/OCT2017_Test/test/CNV/CNV-451136-2.jpeg,0,CNV,CNV,CNV,True,0.0105051715,0.944589,0.011445731,0.013732546,0.006719745,0.0031311098,0.0029696785,0.0069069816
/home/yogesh.patel/execution/25_9_2026_PRD_work/OCT2017_Test/test/CNV/CNV-451136-3.jpeg,0,CNV,CNV,CNV,True,0.0064276145,0.9564833,0.0054865116,0.009702238,0.008532948,0.0061829747,0.003895405,0.003289078
/home/yogesh.patel/execution/25_9_2026_PRD_work/OCT2017_Test/test/CNV/CNV-451136-4.jpeg,0,CNV,CNV,CNV,True,0.009200525,0.95859236,0.009371481,0.008471819,0.008885315,0.0013529268,0.0017382886,0.0023873677
/home/yogesh.patel/execution/25_9_2026_PRD_work/OCT2017_Test/test/CNV/CNV-451136-5.jpeg,0,CNV,CNV,CNV,True,0.005128561,0.9647982,0.005208524,0.008825367,0.0066548567,0.0032524385,0.002927597,0.0032044137
/home/yogesh.patel/execution/25_9_2026_PRD_work/OCT2017_Test/test/CNV/CNV-451136-6.jpeg,0,CNV,CNV,CNV,True,0.006962526,0.9597452,0.007423426,0.0088458415,0.0034823602,0.00076591613,0.0022829361,0.010491742
/home/yogesh.patel/execution/25_9_2026_PRD_work/OCT2017_Test/test/CNV/CNV-451136-7.jpeg,0,CNV,CNV,CNV,True,0.0077489247,0.92779905,0.013140793,0.018385189,0.009396349,0.013429933,0.005963718,0.004136016
/home/yogesh.patel/execution/25_9_2026_PRD_work/OCT2017_Test/test/CNV/CNV-457527-1.jpeg,0,CNV,CNV,CNV,True,0.005751632,0.92483747,0.011481804,0.02581873,0.0057067857,0.0019912075,0.010230937,0.014181503
/home/yogesh.patel/execution/25_9_2026_PRD_work/OCT2017_Test/test/CNV/CNV-457907-1.jpeg,0,CNV,CNV,CNV,True,0.009098806,0.85999745,0.008368367,0.078592554,0.032821607,0.004298542,0.0015126792,0.005309968
/home/yogesh.patel/execution/25_9_2026_PRD_work/OCT2017_Test/test/CNV/CNV-460403-1.jpeg,0,CNV,CNV,CNV,True,0.0056203427,0.85897225,0.0081769135,0.08146435,0.023511117,0.013572249,0.0022930282,0.0063896766
/home/yogesh.patel/execution/25_9_2026_PRD_work/OCT2017_Test/test/CNV/CNV-4643364-1.jpeg,0,CNV,CNV,CNV,True,0.0057951184,0.9708793,0.0068430286,0.0025888248,0.0060103675,0.0013276442,0.0032001913,0.003355493
/home/yogesh.patel/execution/25_9_2026_PRD_work/OCT2017_Test/test/CNV/CNV-4674526-1.jpeg,0,CNV,CNV,CNV,True,0.010181813,0.9460073,0.007396019,0.0075982395,0.006981483,0.008258622,0.007666588,0.005909915
/home/yogesh.patel/execution/25_9_2026_PRD_work/OCT2017_Test/test/CNV/CNV-4740418-1.jpeg,0,CNV,CNV,CNV,True,0.015695179,0.83403903,0.012723035,0.08871008,0.0101088835,0.008315309,0.016808404,0.013600142
/home/yogesh.patel/execution/25_9_2026_PRD_work/OCT2017_Test/test/CNV/CNV-4775389-1.jpeg,0,CNV,CNV,CNV,True,0.00980148,0.9580147,0.0072814347,0.006350172,0.01060727,0.00086568523,0.0049834256,0.0020957326
/home/yogesh.patel/execution/25_9_2026_PRD_work/OCT2017_Test/test/CNV/CNV-4884091-1.jpeg,0,CNV,CNV,CNV,True,0.007997287,0.9065815,0.00605813,0.027691098,0.0116260145,0.017253103,0.020754153,0.00203869
/home/yogesh.patel/execution/25_9_2026_PRD_work/OCT2017_Test/test/CNV/CNV-4907724-1.jpeg,0,CNV,CNV,CNV,True,0.003508614,0.92636514,0.0077660005,0.028453734,0.013268562,0.015190177,0.0034443575,0.0020033906
/home/yogesh.patel/execution/25_9_2026_PRD_work/OCT2017_Test/test/CNV/CNV-4974377-1.jpeg,0,CNV,CNV,CNV,True,0.0060847113,0.96113944,0.0061348877,0.008834988,0.0073586334,0.0022152867,0.005727303,0.0025046554
/home/yogesh.patel/execution/25_9_2026_PRD_work/OCT2017_Test/test/CNV/CNV-5054419-1.jpeg,0,CNV,CNV,CNV,True,0.010139174,0.9424918,0.009396768,0.011733225,0.015789239,0.002935016,0.005343188,0.002171561
/home/yogesh.patel/execution/25_9_2026_PRD_work/OCT2017_Test/test/CNV/CNV-5054419-2.jpeg,0,CNV,CNV,CNV,True,0.010417234,0.9428679,0.009278208,0.0132666,0.015385974,0.0029803256,0.0029346168,0.0028691676
/home/yogesh.patel/execution/25_9_2026_PRD_work/OCT2017_Test/test/CNV/CNV-53018-1.jpeg,0,CNV,CNV,CNV,True,0.0046095704,0.9123308,0.005198978,0.023710363,0.01080465,0.03052625,0.01016613,0.0026531569
/home/yogesh.patel/execution/25_9_2026_PRD_work/OCT2017_Test/test/CNV/CNV-53018-2.jpeg,0,CNV,CNV,CNV,True,0.0047579417,0.94016707,0.008428824,0.005291676,0.013416943,0.021021381,0.0030971474,0.0038188845
/home/yogesh.patel/execution/25_9_2026_PRD_work/OCT2017_Test/test/CNV/CNV-538779-1.jpeg,0,CNV,CNV,CNV,True,0.008259256,0.950651,0.015323514,0.009702601,0.0058059418,0.0012738821,0.0024691834,0.0065146205
/home/yogesh.patel/execution/25_9_2026_PRD_work/OCT2017_Test/test/CNV/CNV-538779-2.jpeg,0,CNV,CNV,CNV,True,0.005546874,0.95928216,0.013108314,0.008085326,0.0042063575,0.0012231307,0.00221019,0.0063376115
/home/yogesh.patel/execution/25_9_2026_PRD_work/OCT2017_Test/test/CNV/CNV-5409617-1.jpeg,0,CNV,CNV,CNV,True,0.0048753503,0.95501214,0.008056873,0.013420864,0.01162819,0.0019885341,0.002881613,0.0021363366
/home/yogesh.patel/execution/25_9_2026_PRD_work/OCT2017_Test/test/CNV/CNV-5429703-1.jpeg,0,CNV,CNV,CNV,True,0.0074724406,0.9576074,0.010107643,0.008616145,0.008129592,0.0006599146,0.0047859116,0.0026209343
/home/yogesh.patel/execution/25_9_2026_PRD_work/OCT2017_Test/test/CNV/CNV-5429703-2.jpeg,0,CNV,CNV,CNV,True,0.0074178195,0.9630255,0.0046495027,0.0045297025,0.012583678,0.0017193535,0.0040906514,0.001983834
/home/yogesh.patel/execution/25_9_2026_PRD_work/OCT2017_Test/test/CNV/CNV-5431636-1.jpeg,0,CNV,CNV,CNV,True,0.006539125,0.8928737,0.006999639,0.005298154,0.010212289,0.07158273,0.0028422347,0.0036520357
/home/yogesh.patel/execution/25_9_2026_PRD_work/OCT2017_Test/test/CNV/CNV-5431636-2.jpeg,0,CNV,CNV,CNV,True,0.007485252,0.95193714,0.008842955,0.009634425,0.00630472,0.0029618707,0.004813576,0.008020148
/home/yogesh.patel/execution/25_9_2026_PRD_work/OCT2017_Test/test/CNV/CNV-5457415-1.jpeg,0,CNV,CNV,CNV,True,0.007509061,0.95709723,0.01245723,0.007991281,0.005615843,0.0012794002,0.0027757918,0.0052741678
/home/yogesh.patel/execution/25_9_2026_PRD_work/OCT2017_Test/test/CNV/CNV-5536678-1.jpeg,0,CNV,CNV,CNV,True,0.0044338196,0.9410126,0.016157683,0.016125357,0.010841142,0.0020547302,0.0018944078,0.0074802698
/home/yogesh.patel/execution/25_9_2026_PRD_work/OCT2017_Test/test/CNV/CNV-5536678-2.jpeg,0,CNV,CNV,CNV,True,0.0063493485,0.94051725,0.010230133,0.013752102,0.0052048685,0.0036533515,0.0043535177,0.015939405
/home/yogesh.patel/execution/25_9_2026_PRD_work/OCT2017_Test/test/CNV/CNV-5557306-1.jpeg,0,CNV,CNV,CNV,True,0.0041684723,0.967424,0.009783223,0.0027927703,0.009908135,0.0019180722,0.0010550831,0.002950306
/home/yogesh.patel/execution/25_9_2026_PRD_work/OCT2017_Test/test/CNV/CNV-5594757-1.jpeg,0,CNV,CNV,CNV,True,0.0049014776,0.9696088,0.0073824706,0.0032086608,0.004054839,0.0014509808,0.005624116,0.0037687009
/home/yogesh.patel/execution/25_9_2026_PRD_work/OCT2017_Test/test/CNV/CNV-5594757-2.jpeg,0,CNV,CNV,CNV,True,0.0045938944,0.96731466,0.0077747675,0.00710111,0.009215818,0.0011272405,0.0008045997,0.0020679375
/home/yogesh.patel/execution/25_9_2026_PRD_work/OCT2017_Test/test/CNV/CNV-5603164-1.jpeg,0,CNV,CNV,CNV,True,0.0066750306,0.95321643,0.004155901,0.015341937,0.012904627,0.0016974634,0.0030547972,0.0029538602
/home/yogesh.patel/execution/25_9_2026_PRD_work/OCT2017_Test/test/CNV/CNV-564246-1.jpeg,0,CNV,CNV,CNV,True,0.0090247905,0.6314034,0.01794118,0.28062868,0.044578895,0.008983594,0.0039391667,0.0035003826
/home/yogesh.patel/execution/25_9_2026_PRD_work/OCT2017_Test/test/CNV/CNV-5674369-1.jpeg,0,CNV,CNV,CNV,True,0.007837624,0.96322453,0.004530617,0.0077466685,0.008580019,0.0024820585,0.003418466,0.0021800774
/home/yogesh.patel/execution/25_9_2026_PRD_work/OCT2017_Test/test/CNV/CNV-5674369-2.jpeg,0,CNV,CNV,CNV,True,0.00676254,0.94844544,0.010555623,0.009181346,0.013727579,0.0018418639,0.0043392875,0.005146382
/home/yogesh.patel/execution/25_9_2026_PRD_work/OCT2017_Test/test/CNV/CNV-5674369-3.jpeg,0,CNV,CNV,CNV,True,0.006397268,0.96480465,0.005314618,0.006345641,0.008967259,0.0016879602,0.0044927443,0.0019898526
/home/yogesh.patel/execution/25_9_2026_PRD_work/OCT2017_Test/test/CNV/CNV-5674369-4.jpeg,0,CNV,CNV,CNV,True,0.005993702,0.95664114,0.0056852642,0.006765262,0.00865344,0.004911213,0.008131084,0.0032189575
/home/yogesh.patel/execution/25_9_2026_PRD_work/OCT2017_Test/test/CNV/CNV-5674369-5.jpeg,0,CNV,CNV,CNV,True,0.012662099,0.9493917,0.008179633,0.007417123,0.0108805075,0.0042611337,0.004451405,0.0027564128
/home/yogesh.patel/execution/25_9_2026_PRD_work/OCT2017_Test/test/CNV/CNV-5760454-1.jpeg,0,CNV,CNV,CNV,True,0.0064449487,0.9214077,0.006270898,0.01205817,0.01049516,0.03639346,0.0054161698,0.0015135105
/home/yogesh.patel/execution/25_9_2026_PRD_work/OCT2017_Test/test/CNV/CNV-5813701-1.jpeg,0,CNV,CNV,CNV,True,0.0035467783,0.96855956,0.0053700716,0.0065501616,0.010350695,0.001306527,0.0027233958,0.0015929063
/home/yogesh.patel/execution/25_9_2026_PRD_work/OCT2017_Test/test/CNV/CNV-5813701-2.jpeg,0,CNV,CNV,CNV,True,0.007166426,0.87553877,0.0071516796,0.07028731,0.029615868,0.00597213,0.0019772444,0.0022905471
/home/yogesh.patel/execution/25_9_2026_PRD_work/OCT2017_Test/test/CNV/CNV-5813701-3.jpeg,0,CNV,CNV,CNV,True,0.005580941,0.90079904,0.014692223,0.043589845,0.018289875,0.004462105,0.0056024264,0.0069836285
/home/yogesh.patel/execution/25_9_2026_PRD_work/OCT2017_Test/test/CNV/CNV-5824631-1.jpeg,0,CNV,CNV,CNV,True,0.0054591787,0.9474479,0.01081004,0.015841356,0.008514659,0.0024359324,0.0069081825,0.0025827535
/home/yogesh.patel/execution/25_9_2026_PRD_work/OCT2017_Test/test/CNV/CNV-5861916-1.jpeg,0,CNV,CNV,CNV,True,0.014011762,0.752091,0.020326754,0.15768605,0.041602056,0.001627645,0.007881906,0.0047728033
/home/yogesh.patel/execution/25_9_2026_PRD_work/OCT2017_Test/test/CNV/CNV-5861916-2.jpeg,0,CNV,CNV,CNV,True,0.009881458,0.93412817,0.010079631,0.018666694,0.008486769,0.0057713087,0.009801859,0.0031841996
/home/yogesh.patel/execution/25_9_2026_PRD_work/OCT2017_Test/test/CNV/CNV-5861916-3.jpeg,0,CNV,CNV,CNV,True,0.006284598,0.9518237,0.012318395,0.012027498,0.012393905,0.0009268376,0.001421288,0.0028038057
/home/yogesh.patel/execution/25_9_2026_PRD_work/OCT2017_Test/test/CNV/CNV-5861916-4.jpeg,0,CNV,CNV,CNV,True,0.008646891,0.9485547,0.014702449,0.0095274355,0.008903783,0.0019732262,0.0048305956,0.0028608982
/home/yogesh.patel/execution/25_9_2026_PRD_work/OCT2017_Test/test/CNV/CNV-5861916-5.jpeg,0,CNV,CNV,CNV,True,0.0071875467,0.9491436,0.010794125,0.014982728,0.009155488,0.0010200508,0.0057467916,0.001969724
/home/yogesh.patel/execution/25_9_2026_PRD_work/OCT2017_Test/test/CNV/CNV-5904584-1.jpeg,0,CNV,CNV,CNV,True,0.017584618,0.595181,0.01765574,0.3224178,0.023010643,0.010259257,0.012208542,0.0016824824
/home/yogesh.patel/execution/25_9_2026_PRD_work/OCT2017_Test/test/CNV/CNV-5904584-2.jpeg,0,CNV,CNV,CNV,True,0.005777385,0.964741,0.008062811,0.0051052533,0.0053867972,0.003135063,0.0037734895,0.004018223
/home/yogesh.patel/execution/25_9_2026_PRD_work/OCT2017_Test/test/CNV/CNV-5904584-3.jpeg,0,CNV,CNV,CNV,True,0.004758307,0.9542269,0.005585332,0.01838405,0.005791955,0.0030656026,0.0062824297,0.0019053913
/home/yogesh.patel/execution/25_9_2026_PRD_work/OCT2017_Test/test/CNV/CNV-5969175-1.jpeg,0,CNV,CNV,CNV,True,0.0039089867,0.9572166,0.0058592237,0.00622257,0.012271515,0.010331562,0.0015625951,0.002626939
/home/yogesh.patel/execution/25_9_2026_PRD_work/OCT2017_Test/test/CNV/CNV-5969175-2.jpeg,0,CNV,CNV,CNV,True,0.009462777,0.9321771,0.007997074,0.021273347,0.022616176,0.002228486,0.0029386866,0.001306324
/home/yogesh.patel/execution/25_9_2026_PRD_work/OCT2017_Test/test/CNV/CNV-6053140-1.jpeg,0,CNV,CNV,CNV,True,0.00441005,0.885762,0.007692815,0.0049594687,0.009083939,0.08104127,0.0021997553,0.0048507615
/home/yogesh.patel/execution/25_9_2026_PRD_work/OCT2017_Test/test/CNV/CNV-6190971-1.jpeg,0,CNV,CNV,CNV,True,0.006719835,0.9016969,0.013291623,0.057029393,0.0074257907,0.00674047,0.0045938604,0.0025020144
/home/yogesh.patel/execution/25_9_2026_PRD_work/OCT2017_Test/test/CNV/CNV-6215140-1.jpeg,0,CNV,CNV,CNV,True,0.0069954777,0.9653355,0.0075980145,0.004673572,0.004243119,0.0032737232,0.003892207,0.003988398
/home/yogesh.patel/execution/25_9_2026_PRD_work/OCT2017_Test/test/CNV/CNV-6215140-2.jpeg,0,CNV,CNV,CNV,True,0.008885209,0.9561415,0.007134699,0.011828106,0.007631997,0.001490579,0.0035438556,0.003344183
/home/yogesh.patel/execution/25_9_2026_PRD_work/OCT2017_Test/test/CNV/CNV-624911-1.jpeg,0,CNV,CNV,CNV,True,0.005073461,0.95621574,0.005084929,0.013457771,0.010747743,0.002416363,0.004569716,0.00243433
/home/yogesh.patel/execution/25_9_2026_PRD_work/OCT2017_Test/test/CNV/CNV-624911-2.jpeg,0,CNV,CNV,CNV,True,0.005238925,0.9510201,0.005707105,0.010785826,0.014326319,0.008489252,0.0018737093,0.0025587694
/home/yogesh.patel/execution/25_9_2026_PRD_work/OCT2017_Test/test/CNV/CNV-624911-3.jpeg,0,CNV,CNV,CNV,True,0.005212155,0.9457433,0.007070864,0.022550061,0.011581081,0.0029640342,0.0033106548,0.0015678499
/home/yogesh.patel/execution/25_9_2026_PRD_work/OCT2017_Test/test/CNV/CNV-6256161-1.jpeg,0,CNV,CNV,CNV,True,0.004850186,0.902335,0.009951523,0.003203815,0.005831485,0.06297993,0.0076156226,0.0032324153
/home/yogesh.patel/execution/25_9_2026_PRD_work/OCT2017_Test/test/CNV/CNV-732516-1.jpeg,0,CNV,CNV,CNV,True,0.00641527,0.9622888,0.0054648984,0.006750592,0.0059841676,0.0031047065,0.0059780413,0.004013542
/home/yogesh.patel/execution/25_9_2026_PRD_work/OCT2017_Test/test/CNV/CNV-732516-2.jpeg,0,CNV,CNV,CNV,True,0.0068749217,0.96055,0.009300346,0.0053248233,0.0057976902,0.0034031463,0.0055416995,0.003207233
/home/yogesh.patel/execution/25_9_2026_PRD_work/OCT2017_Test/test/CNV/CNV-732516-3.jpeg,0,CNV,CNV,CNV,True,0.0064989766,0.9586092,0.008292057,0.008038589,0.005499131,0.0022614428,0.0055187247,0.0052819652
/home/yogesh.patel/execution/25_9_2026_PRD_work/OCT2017_Test/test/CNV/CNV-732516-4.jpeg,0,CNV,CNV,CNV,True,0.005765685,0.9552502,0.013332958,0.007393811,0.008496852,0.0031694719,0.003762526,0.0028285075
/home/yogesh.patel/execution/25_9_2026_PRD_work/OCT2017_Test/test/CNV/CNV-743852-1.jpeg,0,CNV,CNV,CNV,True,0.005838381,0.9347123,0.01354669,0.020346107,0.015533771,0.0067984643,0.0024613554,0.00076299283
/home/yogesh.patel/execution/25_9_2026_PRD_work/OCT2017_Test/test/CNV/CNV-776149-1.jpeg,0,CNV,CNV,CNV,True,0.0071860435,0.95282584,0.015686909,0.006612228,0.005463593,0.0018274679,0.0073506273,0.0030473564
/home/yogesh.patel/execution/25_9_2026_PRD_work/OCT2017_Test/test/CNV/CNV-779442-1.jpeg,0,CNV,CNV,CNV,True,0.0062956014,0.9479482,0.008541974,0.0047950945,0.0069248453,0.009092729,0.011245783,0.0051557627
/home/yogesh.patel/execution/25_9_2026_PRD_work/OCT2017_Test/test/CNV/CNV-779442-2.jpeg,0,CNV,CNV,CNV,True,0.0042120353,0.9202929,0.0052496023,0.009195033,0.009485793,0.027870672,0.015574387,0.008119611
/home/yogesh.patel/execution/25_9_2026_PRD_work/OCT2017_Test/test/CNV/CNV-779442-3.jpeg,0,CNV,CNV,CNV,True,0.003329497,0.9478367,0.0081248665,0.005860326,0.0095110275,0.010795409,0.009481464,0.005060613
/home/yogesh.patel/execution/25_9_2026_PRD_work/OCT2017_Test/test/CNV/CNV-781814-1.jpeg,0,CNV,CNV,CNV,True,0.00969499,0.9217138,0.011845225,0.008340995,0.0057559223,0.027907092,0.0045701736,0.0101717515
/home/yogesh.patel/execution/25_9_2026_PRD_work/OCT2017_Test/test/CNV/CNV-794538-1.jpeg,0,CNV,CNV,CNV,True,0.0059704264,0.96151537,0.0072855297,0.002502848,0.002648835,0.007513748,0.0086836675,0.0038796377
/home/yogesh.patel/execution/25_9_2026_PRD_work/OCT2017_Test/test/CNV/CNV-794538-2.jpeg,0,CNV,CNV,CNV,True,0.004433764,0.9351152,0.029797154,0.01070931,0.0056365193,0.0052666864,0.0013221741,0.007719167
/home/yogesh.patel/execution/25_9_2026_PRD_work/OCT2017_Test/test/CNV/CNV-81630-1.jpeg,0,CNV,CNV,CNV,True,0.0054620723,0.9618815,0.0110583985,0.0062266197,0.005330323,0.0014015761,0.0047809538,0.0038586394
/home/yogesh.patel/execution/25_9_2026_PRD_work/OCT2017_Test/test/CNV/CNV-81630-2.jpeg,0,CNV,CNV,CNV,True,0.0039729183,0.97151405,0.003089867,0.0042731757,0.0028780918,0.002815409,0.0048549143,0.0066015837
/home/yogesh.patel/execution/25_9_2026_PRD_work/OCT2017_Test/test/CNV/CNV-81630-3.jpeg,0,CNV,CNV,CNV,True,0.0068197297,0.95132554,0.010508655,0.008678479,0.0062092305,0.002191025,0.006654071,0.007613246
/home/yogesh.patel/execution/25_9_2026_PRD_work/OCT2017_Test/test/CNV/CNV-81630-4.jpeg,0,CNV,CNV,CNV,True,0.007947513,0.9587189,0.005934656,0.0074477703,0.0077408412,0.0023370301,0.0036804585,0.0061928914
/home/yogesh.patel/execution/25_9_2026_PRD_work/OCT2017_Test/test/CNV/CNV-827677-1.jpeg,0,CNV,CNV,CNV,True,0.0038986758,0.96645856,0.004087496,0.003173058,0.015911087,0.0038890021,0.0008745942,0.0017075535
/home/yogesh.patel/execution/25_9_2026_PRD_work/OCT2017_Test/test/CNV/CNV-830921-1.jpeg,0,CNV,CNV,CNV,True,0.0051875366,0.8048622,0.011128175,0.0069216248,0.013066949,0.14604646,0.008394962,0.004392027
/home/yogesh.patel/execution/25_9_2026_PRD_work/OCT2017_Test/test/CNV/CNV-865813-1.jpeg,0,CNV,CNV,CNV,True,0.005428685,0.9718321,0.009312661,0.002653772,0.004268414,0.0011062789,0.001949296,0.003448815
/home/yogesh.patel/execution/25_9_2026_PRD_work/OCT2017_Test/test/CNV/CNV-904464-1.jpeg,0,CNV,CNV,CNV,True,0.0082079945,0.9488441,0.008669489,0.0050740177,0.02334007,0.001631707,0.0018910894,0.0023415359
/home/yogesh.patel/execution/25_9_2026_PRD_work/OCT2017_Test/test/CNV/CNV-904464-2.jpeg,0,CNV,CNV,CNV,True,0.00961882,0.9635475,0.008110302,0.0041767308,0.005680633,0.0010001356,0.004313848,0.0035521176
/home/yogesh.patel/execution/25_9_2026_PRD_work/OCT2017_Test/test/CNV/CNV-904464-3.jpeg,0,CNV,CNV,CNV,True,0.008479434,0.9589033,0.0082137305,0.006559664,0.010093989,0.0009354869,0.004123114,0.0026912554
/home/yogesh.patel/execution/25_9_2026_PRD_work/OCT2017_Test/test/CNV/CNV-904464-4.jpeg,0,CNV,CNV,CNV,True,0.010928123,0.94729704,0.008245853,0.010497483,0.011423352,0.0019452876,0.00698158,0.0026812884
/home/yogesh.patel/execution/25_9_2026_PRD_work/OCT2017_Test/test/CNV/CNV-909994-1.jpeg,0,CNV,CNV,CNV,True,0.0048768255,0.92072403,0.007723304,0.03516083,0.019342888,0.0054989033,0.0051795985,0.0014936383
/home/yogesh.patel/execution/25_9_2026_PRD_work/OCT2017_Test/test/CNV/CNV-933576-1.jpeg,0,CNV,CNV,CNV,True,0.005019859,0.96085596,0.0057470747,0.0053107976,0.005711048,0.009683477,0.004881444,0.0027903044
/home/yogesh.patel/execution/25_9_2026_PRD_work/OCT2017_Test/test/CNV/CNV-933576-2.jpeg,0,CNV,CNV,CNV,True,0.0051338477,0.9723999,0.0066152266,0.0022173792,0.0052753678,0.0013773799,0.002795556,0.0041853916
/home/yogesh.patel/execution/25_9_2026_PRD_work/OCT2017_Test/test/CNV/CNV-933576-3.jpeg,0,CNV,CNV,CNV,True,0.0075751357,0.9631137,0.006949619,0.0062655048,0.00655913,0.0025315278,0.0050292946,0.0019760355
/home/yogesh.patel/execution/25_9_2026_PRD_work/OCT2017_Test/test/CNV/CNV-933576-4.jpeg,0,CNV,CNV,CNV,True,0.0072209523,0.945374,0.005544829,0.016705167,0.015396776,0.0040630084,0.0048978887,0.00079736573
/home/yogesh.patel/execution/25_9_2026_PRD_work/OCT2017_Test/test/CNV/CNV-954024-1.jpeg,0,CNV,CNV,CNV,True,0.0063976976,0.93260825,0.012506562,0.012041445,0.008220535,0.012276049,0.0039745164,0.011974886
/home/yogesh.patel/execution/25_9_2026_PRD_work/OCT2017_Test/test/CNV/CNV-987193-1.jpeg,0,CNV,CNV,CNV,True,0.0066524,0.83930176,0.009555163,0.044292863,0.0367115,0.06113019,0.0005232176,0.0018329315
/home/yogesh.patel/execution/25_9_2026_PRD_work/OCT2017_Test/test/CNV/CNV-987193-2.jpeg,0,CNV,CNV,CNV,True,0.0040693805,0.92214346,0.008000882,0.025283555,0.034921046,0.0036490732,0.0008205981,0.0011119804
/home/yogesh.patel/execution/25_9_2026_PRD_work/OCT2017_Test/test/CNV/CNV-995513-1.jpeg,0,CNV,CNV,CNV,True,0.0037590554,0.9506902,0.012085782,0.00719204,0.0038294275,0.009949768,0.005051871,0.0074417843
/home/yogesh.patel/execution/25_9_2026_PRD_work/OCT2017_Test/test/DME/DME-1081406-1.jpeg,1,DME,DME,DME,True,0.0051730894,0.017517969,0.0068679545,0.94996446,0.0038789364,0.0048524127,0.008757823,0.0029873191
/home/yogesh.patel/execution/25_9_2026_PRD_work/OCT2017_Test/test/DME/DME-1102486-1.jpeg,1,DME,DME,DME,True,0.003458396,0.018494442,0.0062454734,0.9586047,0.0033829464,0.0014409628,0.005384051,0.002989096
/home/yogesh.patel/execution/25_9_2026_PRD_work/OCT2017_Test/test/DME/DME-1102486-2.jpeg,1,DME,DME,DME,True,0.0036070752,0.011006126,0.005662516,0.96654844,0.0055989455,0.002164402,0.002917222,0.0024952798
/home/yogesh.patel/execution/25_9_2026_PRD_work/OCT2017_Test/test/DME/DME-1102486-3.jpeg,1,DME,DME,DME,True,0.0017965481,0.0010404834,0.002963109,0.97941405,0.001993124,0.0026560074,0.0055389665,0.0045976546
/home/yogesh.patel/execution/25_9_2026_PRD_work/OCT2017_Test/test/DME/DME-1102486-4.jpeg,1,DME,DME,DME,True,0.0021672128,0.0075842594,0.0039294558,0.9767165,0.0023736008,0.0012751753,0.0037580705,0.002195818
/home/yogesh.patel/execution/25_9_2026_PRD_work/OCT2017_Test/test/DME/DME-11053-1.jpeg,1,DME,DME,DME,True,0.0038347756,0.0069244253,0.0033961285,0.9657114,0.0034713808,0.0032854874,0.006959444,0.006417041
/home/yogesh.patel/execution/25_9_2026_PRD_work/OCT2017_Test/test/DME/DME-119840-1.jpeg,1,DME,DME,DME,True,0.003269546,0.008516839,0.005824492,0.96774745,0.0068905884,0.0032902546,0.0020674602,0.0023934029
/home/yogesh.patel/execution/25_9_2026_PRD_work/OCT2017_Test/test/DME/DME-1274315-1.jpeg,1,DME,DME,DME,True,0.0054786745,0.008531029,0.009249955,0.95855904,0.004644346,0.0024488377,0.0076636537,0.0034243693
/home/yogesh.patel/execution/25_9_2026_PRD_work/OCT2017_Test/test/DME/DME-1274315-2.jpeg,1,DME,DME,DME,True,0.0025446732,0.011643921,0.0052604624,0.97059375,0.0018994522,0.00094044866,0.004567038,0.0025502024
/home/yogesh.patel/execution/25_9_2026_PRD_work/OCT2017_Test/test/DME/DME-138971-1.jpeg,1,DME,DME,DME,True,0.0037487412,0.0013097189,0.0052213934,0.97437924,0.002405069,0.0021789973,0.007095851,0.0036610514
/home/yogesh.patel/execution/25_9_2026_PRD_work/OCT2017_Test/test/DME/DME-138971-2.jpeg,1,DME,DME,DME,True,0.0057291747,0.005356295,0.005100277,0.96751964,0.0053115776,0.003419675,0.0040125027,0.003550838
/home/yogesh.patel/execution/25_9_2026_PRD_work/OCT2017_Test/test/DME/DME-1430899-1.jpeg,1,DME,DME,DME,True,0.005109406,0.027745077,0.007572873,0.9415947,0.012341238,0.0030972834,0.0010552715,0.0014840809
/home/yogesh.patel/execution/25_9_2026_PRD_work/OCT2017_Test/test/DME/DME-1479682-1.jpeg,1,DME,DME,DME,True,0.004683717,0.011642096,0.0044086906,0.95639133,0.0039805695,0.0052438993,0.007087197,0.006562536
/home/yogesh.patel/execution/25_9_2026_PRD_work/OCT2017_Test/test/DME/DME-15208-1.jpeg,1,DME,DME,DME,True,0.0008319556,0.0019755638,0.0014059369,0.99122393,0.0013531598,0.00040755485,0.00080679276,0.0019951763
/home/yogesh.patel/execution/25_9_2026_PRD_work/OCT2017_Test/test/DME/DME-15208-2.jpeg,1,DME,DME,DME,True,0.0045892377,0.061328083,0.005769785,0.9116854,0.006253475,0.002708859,0.0038393291,0.0038257889
/home/yogesh.patel/execution/25_9_2026_PRD_work/OCT2017_Test/test/DME/DME-2091157-1.jpeg,1,DME,DME,DME,True,0.009364421,0.043125775,0.009654187,0.8655163,0.03045572,0.028375693,0.008874498,0.004633389
/home/yogesh.patel/execution/25_9_2026_PRD_work/OCT2017_Test/test/DME/DME-2105194-1.jpeg,1,DME,DME,DME,True,0.002141877,0.0016241352,0.0027871903,0.981216,0.001986193,0.0018927966,0.0035788608,0.0047730366
/home/yogesh.patel/execution/25_9_2026_PRD_work/OCT2017_Test/test/DME/DME-2126962-1.jpeg,1,DME,DME,DME,True,0.0071215904,0.005761047,0.0112811,0.95254713,0.008882238,0.004350786,0.007356608,0.0026995086
/home/yogesh.patel/execution/25_9_2026_PRD_work/OCT2017_Test/test/DME/DME-2261889-1.jpeg,1,DME,DME,DME,True,0.0057950313,0.053033177,0.00806826,0.90302205,0.01848235,0.004278279,0.002883897,0.0044368766
/home/yogesh.patel/execution/25_9_2026_PRD_work/OCT2017_Test/test/DME/DME-2556938-1.jpeg,1,DME,DME,DME,True,0.0025749796,0.0036918188,0.003972531,0.97385424,0.0028214713,0.0030643358,0.0063642864,0.0036563494
/home/yogesh.patel/execution/25_9_2026_PRD_work/OCT2017_Test/test/DME/DME-2630113-1.jpeg,1,DME,DME,DME,True,0.0048031765,0.0036486892,0.0050495975,0.96559983,0.008253867,0.002297581,0.0060962224,0.0042510526
/home/yogesh.patel/execution/25_9_2026_PRD_work/OCT2017_Test/test/DME/DME-2630665-1.jpeg,1,DME,DME,DME,True,0.010653402,0.0836273,0.0107887555,0.86021453,0.005512391,0.0047040842,0.016879987,0.0076196133
/home/yogesh.patel/execution/25_9_2026_PRD_work/OCT2017_Test/test/DME/DME-269181-1.jpeg,1,DME,DME,DME,True,0.0030630382,0.005526345,0.0044682,0.9727505,0.002112635,0.0022749286,0.006598214,0.0032062368
/home/yogesh.patel/execution/25_9_2026_PRD_work/OCT2017_Test/test/DME/DME-269181-2.jpeg,1,DME,DME,DME,True,0.0031388996,0.0018861303,0.0032195037,0.97499937,0.0014676106,0.0042269644,0.005284625,0.00577679
/home/yogesh.patel/execution/25_9_2026_PRD_work/OCT2017_Test/test/DME/DME-269181-3.jpeg,1,DME,DME,DME,True,0.0033677574,0.006913522,0.0046624835,0.95905286,0.0043018796,0.0061955065,0.0042699124,0.011235986
/home/yogesh.patel/execution/25_9_2026_PRD_work/OCT2017_Test/test/DME/DME-2716523-1.jpeg,1,DME,DME,DME,True,0.0031782289,0.004008813,0.0037259988,0.9801134,0.001625095,0.0012266433,0.0042216466,0.001900144
/home/yogesh.patel/execution/25_9_2026_PRD_work/OCT2017_Test/test/DME/DME-2763635-1.jpeg,1,DME,DME,DME,True,0.006339282,0.015997773,0.00935843,0.92093223,0.009404623,0.030310364,0.0043900437,0.0032672884
/home/yogesh.patel/execution/25_9_2026_PRD_work/OCT2017_Test/test/DME/DME-30521-1.jpeg,1,DME,DME,DME,True,0.0057644364,0.008169128,0.010509494,0.9566563,0.006524541,0.00265813,0.0073027816,0.0024152903
/home/yogesh.patel/execution/25_9_2026_PRD_work/OCT2017_Test/test/DME/DME-30521-10.jpeg,1,DME,DME,DME,True,0.0017416483,0.0011082458,0.0025996147,0.9817409,0.002758909,0.0034583535,0.003562267,0.0030300065
/home/yogesh.patel/execution/25_9_2026_PRD_work/OCT2017_Test/test/DME/DME-30521-11.jpeg,1,DME,DME,DME,True,0.003988753,0.0048171068,0.0075995317,0.9698907,0.0044502635,0.002240668,0.004562231,0.0024506883
/home/yogesh.patel/execution/25_9_2026_PRD_work/OCT2017_Test/test/DME/DME-30521-12.jpeg,1,DME,DME,DME,True,0.0073718955,0.0058247345,0.011117005,0.95125467,0.0067100753,0.004062272,0.010058138,0.0036011569
/home/yogesh.patel/execution/25_9_2026_PRD_work/OCT2017_Test/test/DME/DME-30521-13.jpeg,1,DME,DME,DME,True,0.0041133864,0.011772446,0.008542799,0.95694625,0.008145717,0.0029787868,0.005189907,0.0023107312
/home/yogesh.patel/execution/25_9_2026_PRD_work/OCT2017_Test/test/DME/DME-30521-2.jpeg,1,DME,DME,DME,True,0.0032994489,0.0029535564,0.004141401,0.97231513,0.00404725,0.0036620812,0.0058100494,0.0037709898
/home/yogesh.patel/execution/25_9_2026_PRD_work/OCT2017_Test/test/DME/DME-30521-3.jpeg,1,DME,DME,DME,True,0.0026733521,0.002463402,0.0046062074,0.975323,0.0021020856,0.0030779429,0.0067003625,0.0030536668
/home/yogesh.patel/execution/25_9_2026_PRD_work/OCT2017_Test/test/DME/DME-30521-4.jpeg,1,DME,DME,DME,True,0.003829882,0.0037260512,0.006814502,0.97447914,0.0023969475,0.0017099997,0.0051062633,0.0019372199
/home/yogesh.patel/execution/25_9_2026_PRD_work/OCT2017_Test/test/DME/DME-30521-5.jpeg,1,DME,DME,DME,True,0.005670475,0.003538908,0.006743409,0.9664859,0.0050301817,0.0030410811,0.0069843484,0.0025057187
/home/yogesh.patel/execution/25_9_2026_PRD_work/OCT2017_Test/test/DME/DME-30521-6.jpeg,1,DME,DME,DME,True,0.0067788004,0.010000801,0.011219663,0.95022017,0.005122669,0.0034978918,0.010510968,0.0026491072
/home/yogesh.patel/execution/25_9_2026_PRD_work/OCT2017_Test/test/DME/DME-30521-7.jpeg,1,DME,DME,DME,True,0.009508293,0.0049829325,0.012380408,0.9472747,0.005497945,0.003802793,0.012971724,0.0035812864
/home/yogesh.patel/execution/25_9_2026_PRD_work/OCT2017_Test/test/DME/DME-30521-8.jpeg,1,DME,DME,DME,True,0.003689097,0.0063991607,0.005087516,0.96178657,0.003957892,0.0051191063,0.008919889,0.0050407443
/home/yogesh.patel/execution/25_9_2026_PRD_work/OCT2017_Test/test/DME/DME-30521-9.jpeg,1,DME,DME,DME,True,0.0046460796,0.004026536,0.0074753654,0.9697198,0.0035873782,0.002623052,0.0057432572,0.0021784918
/home/yogesh.patel/execution/25_9_2026_PRD_work/OCT2017_Test/test/DME/DME-306172-1.jpeg,1,DME,DME,DME,True,0.0015571713,0.0019275575,0.0022020736,0.9663885,0.014951233,0.001884313,2.9979314e-05,0.011059134
/home/yogesh.patel/execution/25_9_2026_PRD_work/OCT2017_Test/test/DME/DME-3064922-1.jpeg,1,DME,DME,DME,True,0.0037279017,0.0043563438,0.005925158,0.97465265,0.0066591725,0.0015192428,0.0010136035,0.0021460217
/home/yogesh.patel/execution/25_9_2026_PRD_work/OCT2017_Test/test/DME/DME-3157783-1.jpeg,1,DME,DME,DME,True,0.0033262528,0.001773762,0.004332242,0.9756776,0.003125682,0.0027152111,0.005559792,0.0034894203
/home/yogesh.patel/execution/25_9_2026_PRD_work/OCT2017_Test/test/DME/DME-323904-1.jpeg,1,DME,DME,DME,True,0.0037047586,0.0053708595,0.005360794,0.9698266,0.00283422,0.0024144344,0.007523254,0.0029651
/home/yogesh.patel/execution/25_9_2026_PRD_work/OCT2017_Test/test/DME/DME-323904-2.jpeg,1,DME,DME,DME,True,0.0028614497,0.00344011,0.004415544,0.9754832,0.0029746837,0.004582417,0.0036501426,0.0025924407
/home/yogesh.patel/execution/25_9_2026_PRD_work/OCT2017_Test/test/DME/DME-3288089-1.jpeg,1,DME,CNV,CNV,False,0.009283482,0.5458691,0.012210641,0.4041646,0.008698905,0.0020519523,0.010293933,0.0074274167
/home/yogesh.patel/execution/25_9_2026_PRD_work/OCT2017_Test/test/DME/DME-3475211-1.jpeg,1,DME,DME,DME,True,0.008306168,0.17037605,0.01739365,0.7764186,0.009088011,0.0020879204,0.013476392,0.0028531482
/home/yogesh.patel/execution/25_9_2026_PRD_work/OCT2017_Test/test/DME/DME-3722280-1.jpeg,1,DME,DME,DME,True,0.0056212544,0.20129251,0.021543518,0.7336611,0.0061609303,0.0046662386,0.019833637,0.007220832
/home/yogesh.patel/execution/25_9_2026_PRD_work/OCT2017_Test/test/DME/DME-3731953-1.jpeg,1,DME,DME,DME,True,0.006647669,0.0052909264,0.011264281,0.951596,0.015686681,0.005624596,0.0009685459,0.0029213976
/home/yogesh.patel/execution/25_9_2026_PRD_work/OCT2017_Test/test/DME/DME-37503-1.jpeg,1,DME,DME,DME,True,0.0037012128,0.0028452014,0.004878017,0.9639615,0.0031354364,0.007153255,0.009436108,0.004889262
/home/yogesh.patel/execution/25_9_2026_PRD_work/OCT2017_Test/test/DME/DME-3791742-1.jpeg,1,DME,DME,DME,True,0.0057860883,0.022936758,0.007602065,0.9419528,0.007806047,0.006420825,0.0042930166,0.0032022393
/home/yogesh.patel/execution/25_9_2026_PRD_work/OCT2017_Test/test/DME/DME-3810791-1.jpeg,1,DME,DME,DME,True,0.0037375616,0.008980215,0.006014243,0.96692175,0.0022944226,0.002628735,0.006878311,0.0025448222
/home/yogesh.patel/execution/25_9_2026_PRD_work/OCT2017_Test/test/DME/DME-3921035-1.jpeg,1,DME,DME,DME,True,0.0023574715,0.006887922,0.004351906,0.9772544,0.0023816568,0.001453319,0.003634973,0.0016783421
/home/yogesh.patel/execution/25_9_2026_PRD_work/OCT2017_Test/test/DME/DME-4079773-1.jpeg,1,DME,DME,DME,True,0.004145503,0.01606816,0.005656849,0.9488477,0.0055799265,0.003941476,0.010145985,0.005614404
/home/yogesh.patel/execution/25_9_2026_PRD_work/OCT2017_Test/test/DME/DME-4117019-1.jpeg,1,DME,DME,DME,True,0.006491369,0.014055322,0.009626716,0.954291,0.0058064554,0.0019414385,0.00613997,0.001647698
/home/yogesh.patel/execution/25_9_2026_PRD_work/OCT2017_Test/test/DME/DME-4146088-1.jpeg,1,DME,DME,DME,True,0.0041523497,0.02065064,0.005960044,0.9587547,0.0033715384,0.0014967568,0.0041789766,0.0014350917
/home/yogesh.patel/execution/25_9_2026_PRD_work/OCT2017_Test/test/DME/DME-4240465-1.jpeg,1,DME,DME,DME,True,0.0035964695,0.011242501,0.0066293883,0.963515,0.0025312651,0.003133119,0.0065078763,0.0028444666
/home/yogesh.patel/execution/25_9_2026_PRD_work/OCT2017_Test/test/DME/DME-4240465-2.jpeg,1,DME,DME,DME,True,0.0015094506,0.003141281,0.0027288524,0.9804215,0.0021908053,0.0019493758,0.0036567554,0.004402058
/home/yogesh.patel/execution/25_9_2026_PRD_work/OCT2017_Test/test/DME/DME-4244491-1.jpeg,1,DME,DME,DME,True,0.0030663563,0.0011677283,0.0028568178,0.9804993,0.0017702751,0.0019458047,0.004403955,0.004289845
/home/yogesh.patel/execution/25_9_2026_PRD_work/OCT2017_Test/test/DME/DME-4298019-1.jpeg,1,DME,DME,DME,True,0.004522087,0.005004852,0.0055085253,0.96254176,0.0042036297,0.006458527,0.008221294,0.0035393673
/home/yogesh.patel/execution/25_9_2026_PRD_work/OCT2017_Test/test/DME/DME-4336607-1.jpeg,1,DME,DME,DME,True,0.0038557546,0.010747199,0.0047866763,0.9578138,0.0033106222,0.008275124,0.007238626,0.0039721997
/home/yogesh.patel/execution/25_9_2026_PRD_work/OCT2017_Test/test/DME/DME-4478609-1.jpeg,1,DME,DME,DME,True,0.0028831905,0.011774432,0.004312985,0.96360105,0.0042448877,0.0029149407,0.005985543,0.004282814
/home/yogesh.patel/execution/25_9_2026_PRD_work/OCT2017_Test/test/DME/DME-4616882-1.jpeg,1,DME,DME,DME,True,0.0021393204,0.004494535,0.0039762375,0.97362477,0.0014531225,0.002570438,0.0071971626,0.0045443587
/home/yogesh.patel/execution/25_9_2026_PRD_work/OCT2017_Test/test/DME/DME-462675-1.jpeg,1,DME,DME,DME,True,0.0070001488,0.014131853,0.010259393,0.9075369,0.02136091,0.032729823,0.0026074708,0.004373493
/home/yogesh.patel/execution/25_9_2026_PRD_work/OCT2017_Test/test/DME/DME-4634094-1.jpeg,1,DME,DME,DME,True,0.0016866784,0.0030014631,0.0018875593,0.9848231,0.0020948343,0.0008835009,0.0029484795,0.002674402
/home/yogesh.patel/execution/25_9_2026_PRD_work/OCT2017_Test/test/DME/DME-4634094-2.jpeg,1,DME,DME,DME,True,0.0030301516,0.002679184,0.0043386603,0.98075944,0.003113558,0.0014465436,0.0025203722,0.0021121795
/home/yogesh.patel/execution/25_9_2026_PRD_work/OCT2017_Test/test/DME/DME-4658666-1.jpeg,1,DME,DME,DME,True,0.0023480838,0.011976061,0.0040431605,0.9532741,0.0046109986,0.0040546074,0.007487498,0.012205498
/home/yogesh.patel/execution/25_9_2026_PRD_work/OCT2017_Test/test/DME/DME-4732091-1.jpeg,1,DME,DME,DME,True,0.005932625,0.0021989064,0.005532597,0.96148866,0.0051244656,0.010089892,0.0063526942,0.0032801537
/home/yogesh.patel/execution/25_9_2026_PRD_work/OCT2017_Test/test/DME/DME-4732091-2.jpeg,1,DME,DME,DME,True,0.019245092,0.41623604,0.0149706565,0.48886663,0.013740712,0.01895698,0.025469879,0.0025140396
/home/yogesh.patel/execution/25_9_2026_PRD_work/OCT2017_Test/test/DME/DME-4804900-1.jpeg,1,DME,DME,DME,True,0.0040146178,0.005992886,0.003907897,0.9701965,0.0026413612,0.0021842872,0.008049408,0.0030129657
/home/yogesh.patel/execution/25_9_2026_PRD_work/OCT2017_Test/test/DME/DME-4897748-1.jpeg,1,DME,DME,DME,True,0.0020281277,0.002376599,0.0022693318,0.98121005,0.002991815,0.0012897915,0.0037446674,0.0040896907
/home/yogesh.patel/execution/25_9_2026_PRD_work/OCT2017_Test/test/DME/DME-4940184-1.jpeg,1,DME,DME,DME,True,0.00080719846,0.0018331051,0.001952231,0.9869538,0.004479817,0.0006525786,0.00039025638,0.0029310598
/home/yogesh.patel/execution/25_9_2026_PRD_work/OCT2017_Test/test/DME/DME-4989358-1.jpeg,1,DME,DME,DME,True,0.0034953253,0.0035424698,0.0066343574,0.97540456,0.0073604477,0.0018193175,0.00037981203,0.0013637779
/home/yogesh.patel/execution/25_9_2026_PRD_work/OCT2017_Test/test/DME/DME-5014129-1.jpeg,1,DME,DME,DME,True,0.0018507809,0.0015113623,0.002213705,0.9828613,0.002099855,0.0027105284,0.0024646632,0.0042877877
/home/yogesh.patel/execution/25_9_2026_PRD_work/OCT2017_Test/test/DME/DME-5014129-2.jpeg,1,DME,DME,DME,True,0.0040243003,0.008391726,0.007427075,0.95811355,0.007205986,0.007947731,0.004338364,0.0025512124
/home/yogesh.patel/execution/25_9_2026_PRD_work/OCT2017_Test/test/DME/DME-5071032-1.jpeg,1,DME,DME,DME,True,0.0037805003,0.0031249658,0.005163393,0.9741228,0.0078107347,0.003509781,0.00083617854,0.0016516957
/home/yogesh.patel/execution/25_9_2026_PRD_work/OCT2017_Test/test/DME/DME-5072525-1.jpeg,1,DME,DME,DME,True,0.0036624514,0.005924201,0.0047248923,0.96680844,0.005009051,0.002757567,0.0050666896,0.006046637
/home/yogesh.patel/execution/25_9_2026_PRD_work/OCT2017_Test/test/DME/DME-5434248-1.jpeg,1,DME,DME,DME,True,0.0035354241,0.023285795,0.005199808,0.943579,0.005702994,0.002176823,0.008645845,0.007874317
/home/yogesh.patel/execution/25_9_2026_PRD_work/OCT2017_Test/test/DME/DME-5465575-1.jpeg,1,DME,DME,DME,True,0.005654405,0.018950218,0.006492982,0.95147395,0.0053110286,0.0025457114,0.0058829146,0.00368886
/home/yogesh.patel/execution/25_9_2026_PRD_work/OCT2017_Test/test/DME/DME-5497895-1.jpeg,1,DME,DME,DME,True,0.006899414,0.028492253,0.00708129,0.93634206,0.012478905,0.003656779,0.0032375364,0.0018117471
/home/yogesh.patel/execution/25_9_2026_PRD_work/OCT2017_Test/test/DME/DME-563695-1.jpeg,1,DME,DME,DME,True,0.0026487112,0.015885986,0.004272739,0.9607907,0.0070176367,0.0009857785,0.0016830919,0.0067153876
/home/yogesh.patel/execution/25_9_2026_PRD_work/OCT2017_Test/test/DME/DME-563695-2.jpeg,1,DME,DME,DME,True,0.0024796396,0.0028526057,0.0050270013,0.9789925,0.0068770978,0.0014706821,0.00043537587,0.0018650955
/home/yogesh.patel/execution/25_9_2026_PRD_work/OCT2017_Test/test/DME/DME-5656004-1.jpeg,1,DME,DME,DME,True,0.003426704,0.0023412348,0.00271374,0.9739362,0.008425179,0.0036353772,0.0012153849,0.004306161
/home/yogesh.patel/execution/25_9_2026_PRD_work/OCT2017_Test/test/DME/DME-5713682-1.jpeg,1,DME,DME,DME,True,0.011797937,0.14484203,0.015724286,0.78142375,0.030902319,0.0063962713,0.0058878367,0.003025596
/home/yogesh.patel/execution/25_9_2026_PRD_work/OCT2017_Test/test/DME/DME-57603-1.jpeg,1,DME,DME,DME,True,0.0027497075,0.0014263424,0.0024623056,0.9786971,0.001967051,0.0030778293,0.0051559554,0.0044635753
/home/yogesh.patel/execution/25_9_2026_PRD_work/OCT2017_Test/test/DME/DME-5760454-1.jpeg,1,DME,DME,DME,True,0.007289478,0.09578528,0.013468377,0.8148715,0.024969568,0.026844915,0.006643462,0.010127496
/home/yogesh.patel/execution/25_9_2026_PRD_work/OCT2017_Test/test/DME/DME-5768195-1.jpeg,1,DME,DME,DME,True,0.0034727303,0.017109051,0.005934867,0.95976925,0.0038588631,0.0030204554,0.0049493415,0.0018853659
/home/yogesh.patel/execution/25_9_2026_PRD_work/OCT2017_Test/test/DME/DME-5796574-1.jpeg,1,DME,DME,DME,True,0.004344784,0.002068065,0.0053234953,0.9720863,0.002594055,0.004208367,0.0061012846,0.003273601
/home/yogesh.patel/execution/25_9_2026_PRD_work/OCT2017_Test/test/DME/DME-5796574-2.jpeg,1,DME,DME,DME,True,0.0055314545,0.0044982764,0.0061136833,0.96857285,0.004948649,0.0025667096,0.0048116217,0.0029568463
/home/yogesh.patel/execution/25_9_2026_PRD_work/OCT2017_Test/test/DME/DME-5802218-1.jpeg,1,DME,CNV,CNV,False,0.011369777,0.8326752,0.008877152,0.0766633,0.006668526,0.030923374,0.028170684,0.0046520797
/home/yogesh.patel/execution/25_9_2026_PRD_work/OCT2017_Test/test/DME/DME-5834001-1.jpeg,1,DME,DME,DME,True,0.0064187003,0.04671316,0.008319583,0.9175071,0.007214292,0.0027562839,0.0072560776,0.003814841
/home/yogesh.patel/execution/25_9_2026_PRD_work/OCT2017_Test/test/DME/DME-5843591-1.jpeg,1,DME,DME,DME,True,0.0025699076,0.0027374716,0.003935918,0.9764429,0.0029837105,0.0018966467,0.006310043,0.0031233863
/home/yogesh.patel/execution/25_9_2026_PRD_work/OCT2017_Test/test/DME/DME-5864085-1.jpeg,1,DME,DME,DME,True,0.0040873587,0.004160775,0.005681044,0.9744519,0.004492152,0.0018910195,0.0034069382,0.0018289285
/home/yogesh.patel/execution/25_9_2026_PRD_work/OCT2017_Test/test/DME/DME-5912153-1.jpeg,1,DME,DME,DME,True,0.004618692,0.056547806,0.007432045,0.90854436,0.011786671,0.0031555553,0.0026349803,0.005279888
/home/yogesh.patel/execution/25_9_2026_PRD_work/OCT2017_Test/test/DME/DME-5975636-1.jpeg,1,DME,DME,DME,True,0.0029821307,0.010998128,0.0055120173,0.9674607,0.0056223725,0.0021221486,0.0032033143,0.0020992097
/home/yogesh.patel/execution/25_9_2026_PRD_work/OCT2017_Test/test/DME/DME-5981434-1.jpeg,1,DME,DME,DME,True,0.020732902,0.052679803,0.029530436,0.57554036,0.022199629,0.037056945,0.04840328,0.21385661
/home/yogesh.patel/execution/25_9_2026_PRD_work/OCT2017_Test/test/DME/DME-6090983-1.jpeg,1,DME,DME,DME,True,0.0037991488,0.008104031,0.005651211,0.9555105,0.0032694475,0.0030150185,0.008464069,0.012186691
/home/yogesh.patel/execution/25_9_2026_PRD_work/OCT2017_Test/test/DME/DME-6151003-1.jpeg,1,DME,NORMAL,NORMAL,False,0.009824722,0.021736214,0.017482677,0.162728,0.014842432,0.010281501,0.009493942,0.75361055
/home/yogesh.patel/execution/25_9_2026_PRD_work/OCT2017_Test/test/DME/DME-6296605-1.jpeg,1,DME,DME,DME,True,0.004433519,0.010871746,0.007099559,0.9645189,0.005084645,0.0016392356,0.00402731,0.0023250899
/home/yogesh.patel/execution/25_9_2026_PRD_work/OCT2017_Test/test/DME/DME-6314020-1.jpeg,1,DME,DME,DME,True,0.0026587886,0.004300904,0.006366225,0.978,0.0048961826,0.0012272045,0.001132623,0.0014182031
/home/yogesh.patel/execution/25_9_2026_PRD_work/OCT2017_Test/test/DME/DME-633268-1.jpeg,1,DME,DME,DME,True,0.006323652,0.01063384,0.0067870584,0.94584835,0.003935825,0.012743594,0.010947095,0.0027805278
/home/yogesh.patel/execution/25_9_2026_PRD_work/OCT2017_Test/test/DME/DME-6383847-1.jpeg,1,DME,DME,DME,True,0.0038618958,0.004632797,0.0038433508,0.97702104,0.0031008602,0.0022850817,0.0029623683,0.0022924854
/home/yogesh.patel/execution/25_9_2026_PRD_work/OCT2017_Test/test/DME/DME-6434323-1.jpeg,1,DME,DME,DME,True,0.0032965557,0.004813674,0.0037755624,0.9795544,0.0026505475,0.0012174282,0.0033129316,0.0013787942
/home/yogesh.patel/execution/25_9_2026_PRD_work/OCT2017_Test/test/DME/DME-671384-1.jpeg,1,DME,DME,DME,True,0.004504595,0.0034356867,0.005686359,0.9694067,0.0030614594,0.004490289,0.0068332423,0.0025816204
/home/yogesh.patel/execution/25_9_2026_PRD_work/OCT2017_Test/test/DME/DME-6716735-1.jpeg,1,DME,DME,DME,True,0.005753642,0.0120274685,0.0062351404,0.9581337,0.0039285347,0.0037049116,0.007895389,0.0023211725
/home/yogesh.patel/execution/25_9_2026_PRD_work/OCT2017_Test/test/DME/DME-6716735-2.jpeg,1,DME,DME,DME,True,0.0031758384,0.004606297,0.0045834593,0.96270126,0.0018373263,0.0056277784,0.012219167,0.0052489243
/home/yogesh.patel/execution/25_9_2026_PRD_work/OCT2017_Test/test/DME/DME-70266-1.jpeg,1,DME,DME,DME,True,0.0033034503,0.030011352,0.013708491,0.9393049,0.0024365338,0.0008762355,0.007819703,0.0025393358
/home/yogesh.patel/execution/25_9_2026_PRD_work/OCT2017_Test/test/DME/DME-70266-2.jpeg,1,DME,DME,DME,True,0.002411963,0.011216076,0.006317632,0.969909,0.0018863231,0.0011426358,0.004336505,0.002779957
/home/yogesh.patel/execution/25_9_2026_PRD_work/OCT2017_Test/test/DME/DME-70266-3.jpeg,1,DME,DME,DME,True,0.0039481265,0.006831767,0.006785199,0.96533513,0.0018976317,0.0039728563,0.0072673517,0.0039618406
/home/yogesh.patel/execution/25_9_2026_PRD_work/OCT2017_Test/test/DME/DME-7027665-1.jpeg,1,DME,DME,DME,True,0.0037523864,0.003484933,0.0047889375,0.9704062,0.0038923018,0.0053408286,0.0047728154,0.0035616613
/home/yogesh.patel/execution/25_9_2026_PRD_work/OCT2017_Test/test/DME/DME-7194085-1.jpeg,1,DME,DME,DME,True,0.005179101,0.023551699,0.007993659,0.9300382,0.0022474397,0.0028207456,0.010433386,0.01773583
/home/yogesh.patel/execution/25_9_2026_PRD_work/OCT2017_Test/test/DME/DME-7239304-1.jpeg,1,DME,DME,DME,True,0.0045172414,0.03351324,0.006826694,0.94116694,0.0044373814,0.0020633969,0.004780057,0.0026950717
/home/yogesh.patel/execution/25_9_2026_PRD_work/OCT2017_Test/test/DME/DME-7248535-1.jpeg,1,DME,DME,DME,True,0.0045723156,0.007584439,0.005231992,0.96533525,0.00407392,0.004434655,0.0062001785,0.0025673269
/home/yogesh.patel/execution/25_9_2026_PRD_work/OCT2017_Test/test/DME/DME-7432714-1.jpeg,1,DME,DME,DME,True,0.0020625093,0.0070598214,0.0047432333,0.975491,0.0017436172,0.001092612,0.0049870955,0.0028201165
/home/yogesh.patel/execution/25_9_2026_PRD_work/OCT2017_Test/test/DME/DME-7434518-1.jpeg,1,DME,DME,DME,True,0.0029181857,0.0047813784,0.0039573656,0.969619,0.003594071,0.0030493177,0.0074795336,0.004601207
/home/yogesh.patel/execution/25_9_2026_PRD_work/OCT2017_Test/test/DME/DME-7469235-1.jpeg,1,DME,DME,DME,True,0.00536142,0.012586039,0.0067202174,0.9375342,0.0053103785,0.0124098435,0.010967069,0.009110846
/home/yogesh.patel/execution/25_9_2026_PRD_work/OCT2017_Test/test/DME/DME-7503514-1.jpeg,1,DME,DME,DME,True,0.00323022,0.0033238768,0.005892249,0.9739919,0.0035505693,0.0032703495,0.004248488,0.0024923738
/home/yogesh.patel/execution/25_9_2026_PRD_work/OCT2017_Test/test/DME/DME-7558688-1.jpeg,1,DME,DME,DME,True,0.0016261894,0.0017686336,0.0019956152,0.9873475,0.0012973599,0.0011202215,0.0024870522,0.0023574552
/home/yogesh.patel/execution/25_9_2026_PRD_work/OCT2017_Test/test/DME/DME-7573590-1.jpeg,1,DME,DME,DME,True,0.004041763,0.0072476086,0.00650055,0.9690629,0.0078191385,0.0017161788,0.0020908664,0.0015210122
/home/yogesh.patel/execution/25_9_2026_PRD_work/OCT2017_Test/test/DME/DME-7578162-1.jpeg,1,DME,DME,DME,True,0.003324523,0.0076432317,0.005404554,0.96446437,0.0036860758,0.00379475,0.008617526,0.003064975
/home/yogesh.patel/execution/25_9_2026_PRD_work/OCT2017_Test/test/DME/DME-7585263-1.jpeg,1,DME,DME,DME,True,0.006458038,0.015588121,0.0076686093,0.88441086,0.006288286,0.06038785,0.011554926,0.0076432116
/home/yogesh.patel/execution/25_9_2026_PRD_work/OCT2017_Test/test/DME/DME-7585263-2.jpeg,1,DME,DME,DME,True,0.014296697,0.06734899,0.014711637,0.81990033,0.021535562,0.04593965,0.011560143,0.004706953
/home/yogesh.patel/execution/25_9_2026_PRD_work/OCT2017_Test/test/DME/DME-7585263-3.jpeg,1,DME,DME,DME,True,0.0102944905,0.06981972,0.012252574,0.5941749,0.0072458526,0.27702737,0.023265978,0.0059190025
/home/yogesh.patel/execution/25_9_2026_PRD_work/OCT2017_Test/test/DME/DME-7591008-1.jpeg,1,DME,DME,DME,True,0.0060699405,0.005463384,0.0075458973,0.9504166,0.00796868,0.005069618,0.0119548105,0.00551103
/home/yogesh.patel/execution/25_9_2026_PRD_work/OCT2017_Test/test/DME/DME-7614088-1.jpeg,1,DME,DME,DME,True,0.00535235,0.007777958,0.0078020324,0.9619705,0.0073162965,0.0032546592,0.0038987086,0.0026274617
/home/yogesh.patel/execution/25_9_2026_PRD_work/OCT2017_Test/test/DME/DME-7650134-1.jpeg,1,DME,DME,DME,True,0.002882112,0.004116281,0.004399619,0.9770081,0.0031429091,0.004130276,0.0025676913,0.0017530845
/home/yogesh.patel/execution/25_9_2026_PRD_work/OCT2017_Test/test/DME/DME-7650134-2.jpeg,1,DME,DME,DME,True,0.0041254256,0.003501854,0.0060410355,0.9741911,0.0033520793,0.0023515404,0.0046120007,0.0018249794
/home/yogesh.patel/execution/25_9_2026_PRD_work/OCT2017_Test/test/DME/DME-7706610-1.jpeg,1,DME,DME,DME,True,0.003618241,0.005872528,0.0051929667,0.9593243,0.001438345,0.007895217,0.013774822,0.0028835207
/home/yogesh.patel/execution/25_9_2026_PRD_work/OCT2017_Test/test/DME/DME-7706610-2.jpeg,1,DME,DME,DME,True,0.0041689053,0.009938883,0.006998441,0.949512,0.0011023474,0.004347877,0.01926557,0.0046660546
/home/yogesh.patel/execution/25_9_2026_PRD_work/OCT2017_Test/test/DME/DME-7706610-3.jpeg,1,DME,DME,DME,True,0.003128498,0.013822781,0.0048994147,0.9593128,0.004446369,0.003655149,0.006439234,0.0042957733
/home/yogesh.patel/execution/25_9_2026_PRD_work/OCT2017_Test/test/DME/DME-7756213-1.jpeg,1,DME,DME,DME,True,0.007436767,0.1260343,0.008606388,0.8174962,0.016465884,0.0043940763,0.009275348,0.010291077
/home/yogesh.patel/execution/25_9_2026_PRD_work/OCT2017_Test/test/DME/DME-7757895-1.jpeg,1,DME,DME,DME,True,0.0032297198,0.006324091,0.0052902303,0.9706261,0.0098074265,0.0026979249,0.0002026376,0.001821816
/home/yogesh.patel/execution/25_9_2026_PRD_work/OCT2017_Test/test/DME/DME-7763916-1.jpeg,1,DME,DME,DME,True,0.0028813316,0.007912007,0.0045731068,0.9705456,0.004635049,0.00028593026,0.005511022,0.003655931
/home/yogesh.patel/execution/25_9_2026_PRD_work/OCT2017_Test/test/DME/DME-7780589-1.jpeg,1,DME,DME,DME,True,0.005655896,0.005115559,0.008874482,0.96049327,0.0073577506,0.0041463575,0.005415108,0.0029416142
/home/yogesh.patel/execution/25_9_2026_PRD_work/OCT2017_Test/test/DME/DME-778975-1.jpeg,1,DME,DME,DME,True,0.0029629446,0.004438275,0.003596822,0.97288066,0.00871083,0.0050722864,0.00026498703,0.0020731473
/home/yogesh.patel/execution/25_9_2026_PRD_work/OCT2017_Test/test/DME/DME-778975-2.jpeg,1,DME,DME,DME,True,0.002051961,0.0038721482,0.0032387183,0.9777038,0.005751575,0.0022623464,0.0010681625,0.004051302
/home/yogesh.patel/execution/25_9_2026_PRD_work/OCT2017_Test/test/DME/DME-7793366-1.jpeg,1,DME,DME,DME,True,0.0042281924,0.017801806,0.0059194374,0.9515481,0.0057536904,0.003940878,0.006416882,0.00439102
/home/yogesh.patel/execution/25_9_2026_PRD_work/OCT2017_Test/test/DME/DME-7837305-1.jpeg,1,DME,DME,DME,True,0.0033777826,0.01745875,0.004787625,0.95630217,0.005925791,0.0030135708,0.0034991284,0.0056352294
/home/yogesh.patel/execution/25_9_2026_PRD_work/OCT2017_Test/test/DME/DME-7837305-2.jpeg,1,DME,DME,DME,True,0.0046891174,0.03392553,0.005383261,0.93046796,0.0072451998,0.003478228,0.0067061894,0.008104528
/home/yogesh.patel/execution/25_9_2026_PRD_work/OCT2017_Test/test/DME/DME-7837305-3.jpeg,1,DME,DME,DME,True,0.0042632273,0.002173091,0.0034421042,0.96065843,0.004671797,0.0064341477,0.004425781,0.013931359
/home/yogesh.patel/execution/25_9_2026_PRD_work/OCT2017_Test/test/DME/DME-7837305-4.jpeg,1,DME,DME,DME,True,0.0024662875,0.0040273517,0.0029463219,0.97362894,0.0035049068,0.0028324937,0.0038685722,0.0067251516
/home/yogesh.patel/execution/25_9_2026_PRD_work/OCT2017_Test/test/DME/DME-7837305-5.jpeg,1,DME,DME,DME,True,0.0022432115,0.00097044953,0.0034080395,0.9819681,0.0017929493,0.0018224325,0.0029739472,0.004820798
/home/yogesh.patel/execution/25_9_2026_PRD_work/OCT2017_Test/test/DME/DME-7843891-1.jpeg,1,DME,CNV,CNV,False,0.008636373,0.5581667,0.020667871,0.36326316,0.016819034,0.011038471,0.0033629076,0.018045463
/home/yogesh.patel/execution/25_9_2026_PRD_work/OCT2017_Test/test/DME/DME-7846574-1.jpeg,1,DME,DME,DME,True,0.008795677,0.0109818755,0.014805799,0.9490435,0.009479142,0.0026097477,0.0031038579,0.0011803948
/home/yogesh.patel/execution/25_9_2026_PRD_work/OCT2017_Test/test/DME/DME-7870558-1.jpeg,1,DME,DME,DME,True,0.0019882643,0.002362265,0.0031208957,0.9770437,0.0059984573,0.003694824,0.002861903,0.0029297895
/home/yogesh.patel/execution/25_9_2026_PRD_work/OCT2017_Test/test/DME/DME-7870558-2.jpeg,1,DME,DME,DME,True,0.0017629125,0.0026373838,0.0034005002,0.98516315,0.0013385554,0.0007044485,0.0027705308,0.0022225515
/home/yogesh.patel/execution/25_9_2026_PRD_work/OCT2017_Test/test/DME/DME-7870558-3.jpeg,1,DME,DME,DME,True,0.0045960005,0.005367103,0.007179892,0.9656595,0.0036862628,0.0025525545,0.008356177,0.0026025223
/home/yogesh.patel/execution/25_9_2026_PRD_work/OCT2017_Test/test/DME/DME-7870558-4.jpeg,1,DME,DME,DME,True,0.0026152476,0.004035274,0.0041294275,0.9784614,0.0021326197,0.0014162711,0.005010728,0.0021989173
/home/yogesh.patel/execution/25_9_2026_PRD_work/OCT2017_Test/test/DME/DME-7907461-1.jpeg,1,DME,DME,DME,True,0.004305954,0.0033861878,0.003300622,0.95796615,0.005595027,0.0021357795,0.0046473956,0.018662775
/home/yogesh.patel/execution/25_9_2026_PRD_work/OCT2017_Test/test/DME/DME-7918201-1.jpeg,1,DME,DME,DME,True,0.0057446733,0.0023687503,0.0038817434,0.8934185,0.006968741,0.0061264797,0.0044283913,0.07706271
/home/yogesh.patel/execution/25_9_2026_PRD_work/OCT2017_Test/test/DME/DME-7918201-2.jpeg,1,DME,DME,DME,True,0.006500311,0.006617351,0.008094749,0.9610269,0.0064282026,0.0041899374,0.0047808583,0.0023618
/home/yogesh.patel/execution/25_9_2026_PRD_work/OCT2017_Test/test/DME/DME-7928636-1.jpeg,1,DME,DME,DME,True,0.0051147724,0.082853235,0.00822334,0.8748714,0.004146591,0.006769636,0.0107021965,0.0073187207
/home/yogesh.patel/execution/25_9_2026_PRD_work/OCT2017_Test/test/DME/DME-7928636-2.jpeg,1,DME,DME,DME,True,0.003955085,0.06114275,0.008577257,0.9068497,0.004499977,0.003029409,0.007640194,0.0043056584
/home/yogesh.patel/execution/25_9_2026_PRD_work/OCT2017_Test/test/DME/DME-7934335-1.jpeg,1,DME,DME,DME,True,0.004622093,0.004941117,0.0035191746,0.9752049,0.0022194681,0.0013148878,0.0045285546,0.0036497833
/home/yogesh.patel/execution/25_9_2026_PRD_work/OCT2017_Test/test/DME/DME-7939555-1.jpeg,1,DME,DME,DME,True,0.0040537734,0.00333333,0.005925626,0.9686479,0.004520411,0.0035105578,0.0066358414,0.0033725835
/home/yogesh.patel/execution/25_9_2026_PRD_work/OCT2017_Test/test/DME/DME-7939555-2.jpeg,1,DME,DME,DME,True,0.005137654,0.007145979,0.005781821,0.9598091,0.0045168977,0.0034762826,0.010890594,0.0032416692
/home/yogesh.patel/execution/25_9_2026_PRD_work/OCT2017_Test/test/DME/DME-7939555-3.jpeg,1,DME,DME,DME,True,0.0032584965,0.0029136958,0.004383582,0.9746721,0.0026096276,0.002562306,0.0068964744,0.002703601
/home/yogesh.patel/execution/25_9_2026_PRD_work/OCT2017_Test/test/DME/DME-7939555-4.jpeg,1,DME,DME,DME,True,0.0027341603,0.0027220882,0.003941201,0.9802215,0.0019704322,0.0018329947,0.004791364,0.0017862789
/home/yogesh.patel/execution/25_9_2026_PRD_work/OCT2017_Test/test/DME/DME-7939555-5.jpeg,1,DME,DME,DME,True,0.006469696,0.010633533,0.0049029486,0.9560068,0.0040583005,0.0021701364,0.008088813,0.0076696808
/home/yogesh.patel/execution/25_9_2026_PRD_work/OCT2017_Test/test/DME/DME-7972888-1.jpeg,1,DME,DME,DME,True,0.0070491373,0.003386451,0.0038865495,0.97409004,0.003813723,0.0017258846,0.0035526361,0.0024956006
/home/yogesh.patel/execution/25_9_2026_PRD_work/OCT2017_Test/test/DME/DME-7983936-1.jpeg,1,DME,DME,DME,True,0.0055267788,0.12567647,0.0098354155,0.83931565,0.003717359,0.0015827792,0.008769803,0.0055758446
/home/yogesh.patel/execution/25_9_2026_PRD_work/OCT2017_Test/test/DME/DME-7990001-1.jpeg,1,DME,DME,DME,True,0.0072205476,0.03866788,0.009719186,0.89057344,0.0056817923,0.0292374,0.010997554,0.007902284
/home/yogesh.patel/execution/25_9_2026_PRD_work/OCT2017_Test/test/DME/DME-8000885-1.jpeg,1,DME,DME,DME,True,0.0037688827,0.003154988,0.004764328,0.97630024,0.006291052,0.002362634,0.0016644044,0.0016934163
/home/yogesh.patel/execution/25_9_2026_PRD_work/OCT2017_Test/test/DME/DME-8019418-1.jpeg,1,DME,DME,DME,True,0.0039586066,0.0073429695,0.0054862928,0.96910983,0.004893308,0.002311252,0.004499976,0.0023978457
/home/yogesh.patel/execution/25_9_2026_PRD_work/OCT2017_Test/test/DME/DME-8019418-2.jpeg,1,DME,DME,DME,True,0.005154273,0.0031537532,0.0074926605,0.9707803,0.00452712,0.002297037,0.0040587047,0.0025361718
/home/yogesh.patel/execution/25_9_2026_PRD_work/OCT2017_Test/test/DME/DME-8019418-3.jpeg,1,DME,DME,DME,True,0.0046870313,0.0040194374,0.00573334,0.9665454,0.0048620217,0.0033012673,0.0073110578,0.0035404917
/home/yogesh.patel/execution/25_9_2026_PRD_work/OCT2017_Test/test/DME/DME-8019418-4.jpeg,1,DME,DME,DME,True,0.003806289,0.010987782,0.003708877,0.96974885,0.003521085,0.0019259043,0.003483332,0.002817854
/home/yogesh.patel/execution/25_9_2026_PRD_work/OCT2017_Test/test/DME/DME-8021831-1.jpeg,1,DME,DME,DME,True,0.003315524,0.02985338,0.006883753,0.9468092,0.004599891,0.00075301883,0.0034000701,0.0043852213
/home/yogesh.patel/execution/25_9_2026_PRD_work/OCT2017_Test/test/DME/DME-8056259-1.jpeg,1,DME,DME,DME,True,0.0038695126,0.013197808,0.007508979,0.9498416,0.0011740751,0.0026724245,0.012461718,0.0092738075
/home/yogesh.patel/execution/25_9_2026_PRD_work/OCT2017_Test/test/DME/DME-8080050-1.jpeg,1,DME,DME,DME,True,0.004379105,0.036540236,0.006313195,0.93617207,0.008106384,0.0011631314,0.0037176108,0.003608306
/home/yogesh.patel/execution/25_9_2026_PRD_work/OCT2017_Test/test/DME/DME-8130267-1.jpeg,1,DME,DME,DME,True,0.005248371,0.0051878467,0.0061113294,0.9618226,0.0030292638,0.0066326587,0.008790361,0.0031776624
/home/yogesh.patel/execution/25_9_2026_PRD_work/OCT2017_Test/test/DME/DME-8136649-1.jpeg,1,DME,DME,DME,True,0.0030326147,0.0042954525,0.0039464682,0.9726405,0.0034547893,0.0035881735,0.005271178,0.0037708636
/home/yogesh.patel/execution/25_9_2026_PRD_work/OCT2017_Test/test/DME/DME-8167779-1.jpeg,1,DME,DME,DME,True,0.0024771015,0.0052960077,0.0036490133,0.9726221,0.0028744387,0.0024889507,0.005437802,0.005154561
/home/yogesh.patel/execution/25_9_2026_PRD_work/OCT2017_Test/test/DME/DME-8177380-1.jpeg,1,DME,DME,DME,True,0.0035582301,0.0061281705,0.0038494305,0.9757402,0.0030312624,0.0014818694,0.0032605682,0.0029502618
/home/yogesh.patel/execution/25_9_2026_PRD_work/OCT2017_Test/test/DME/DME-8177380-2.jpeg,1,DME,DME,DME,True,0.0036179528,0.0085689835,0.0056122774,0.9667059,0.004008752,0.0028589726,0.0053704423,0.0032567277
/home/yogesh.patel/execution/25_9_2026_PRD_work/OCT2017_Test/test/DME/DME-8177380-3.jpeg,1,DME,DME,DME,True,0.0020154796,0.002931959,0.0028487935,0.9828432,0.0039471188,0.0015768002,0.0016221583,0.0022144497
/home/yogesh.patel/execution/25_9_2026_PRD_work/OCT2017_Test/test/DME/DME-8200056-1.jpeg,1,DME,DME,DME,True,0.0068814466,0.009022797,0.0052117975,0.94565326,0.0035925838,0.011911314,0.0077698007,0.009957031
/home/yogesh.patel/execution/25_9_2026_PRD_work/OCT2017_Test/test/DME/DME-8200056-2.jpeg,1,DME,DME,DME,True,0.0048412685,0.04223316,0.0075642015,0.9284281,0.004651442,0.0025279394,0.004816532,0.004937239
/home/yogesh.patel/execution/25_9_2026_PRD_work/OCT2017_Test/test/DME/DME-8200056-3.jpeg,1,DME,DME,DME,True,0.0064898785,0.0079852985,0.006514502,0.91444176,0.0050986707,0.017137907,0.014550056,0.027781785
/home/yogesh.patel/execution/25_9_2026_PRD_work/OCT2017_Test/test/DME/DME-8218042-1.jpeg,1,DME,DME,DME,True,0.00379337,0.010075731,0.005635202,0.968026,0.00560438,0.00247743,0.003070632,0.0013173005
/home/yogesh.patel/execution/25_9_2026_PRD_work/OCT2017_Test/test/DME/DME-8231523-1.jpeg,1,DME,DME,DME,True,0.003918483,0.009361032,0.0058789323,0.96983385,0.0040074205,0.0012447349,0.0040536784,0.0017017704
/home/yogesh.patel/execution/25_9_2026_PRD_work/OCT2017_Test/test/DME/DME-82328-1.jpeg,1,DME,DME,DME,True,0.0025959932,0.0038229022,0.004416706,0.970752,0.002341721,0.0028127073,0.009764367,0.0034936075
/home/yogesh.patel/execution/25_9_2026_PRD_work/OCT2017_Test/test/DME/DME-8366524-1.jpeg,1,DME,DME,DME,True,0.008211212,0.0109640965,0.00904894,0.80065554,0.015682852,0.009726958,0.011200509,0.13450997
/home/yogesh.patel/execution/25_9_2026_PRD_work/OCT2017_Test/test/DME/DME-8366524-2.jpeg,1,DME,DME,DME,True,0.00387921,0.0052444558,0.0037025602,0.9533856,0.006382861,0.0047382982,0.008891599,0.013775448
/home/yogesh.patel/execution/25_9_2026_PRD_work/OCT2017_Test/test/DME/DME-8426419-1.jpeg,1,DME,DME,DME,True,0.0047401395,0.011024786,0.006459075,0.9617957,0.006785725,0.0046565454,0.0021375285,0.0024004967
/home/yogesh.patel/execution/25_9_2026_PRD_work/OCT2017_Test/test/DME/DME-8426419-2.jpeg,1,DME,DME,DME,True,0.006430231,0.014047233,0.0053589684,0.9588338,0.007082833,0.0035271759,0.0025976466,0.0021221412
/home/yogesh.patel/execution/25_9_2026_PRD_work/OCT2017_Test/test/DME/DME-8457431-1.jpeg,1,DME,DME,DME,True,0.004079845,0.011936341,0.00483851,0.9630569,0.006838784,0.0027667244,0.0020486454,0.004434352
/home/yogesh.patel/execution/25_9_2026_PRD_work/OCT2017_Test/test/DME/DME-8469406-1.jpeg,1,DME,DME,DME,True,0.0044779177,0.0052511864,0.0036540725,0.963203,0.003114387,0.0009073336,0.0042852107,0.015106776
/home/yogesh.patel/execution/25_9_2026_PRD_work/OCT2017_Test/test/DME/DME-8472707-1.jpeg,1,DME,DME,DME,True,0.003262376,0.003809847,0.003575063,0.97702867,0.0025561007,0.0023227409,0.004322874,0.003122278
/home/yogesh.patel/execution/25_9_2026_PRD_work/OCT2017_Test/test/DME/DME-8477096-1.jpeg,1,DME,DME,DME,True,0.0070717195,0.060043573,0.008052112,0.905174,0.006593299,0.0023637027,0.0076271533,0.003074489
/home/yogesh.patel/execution/25_9_2026_PRD_work/OCT2017_Test/test/DME/DME-8525575-1.jpeg,1,DME,DME,DME,True,0.0038375172,0.014221352,0.005299184,0.9620689,0.0050634053,0.0020911628,0.0042510265,0.0031674844
/home/yogesh.patel/execution/25_9_2026_PRD_work/OCT2017_Test/test/DME/DME-8525575-2.jpeg,1,DME,DME,DME,True,0.003527645,0.017202089,0.0053367116,0.953459,0.0071599195,0.0031013465,0.00394806,0.0062651285
/home/yogesh.patel/execution/25_9_2026_PRD_work/OCT2017_Test/test/DME/DME-8525575-3.jpeg,1,DME,DME,DME,True,0.0040476094,0.011117815,0.0049166973,0.9643977,0.003419768,0.002222148,0.00540797,0.0044703023
/home/yogesh.patel/execution/25_9_2026_PRD_work/OCT2017_Test/test/DME/DME-8525575-4.jpeg,1,DME,DME,DME,True,0.0032408694,0.003335619,0.0038976239,0.97538507,0.0029920347,0.0023737256,0.0046501188,0.004124935
/home/yogesh.patel/execution/25_9_2026_PRD_work/OCT2017_Test/test/DME/DME-8525575-5.jpeg,1,DME,DME,DME,True,0.0048110946,0.049185395,0.00639074,0.9232642,0.006790472,0.0020247255,0.004980489,0.0025529119
/home/yogesh.patel/execution/25_9_2026_PRD_work/OCT2017_Test/test/DME/DME-8525575-6.jpeg,1,DME,DME,DME,True,0.003077897,0.013784202,0.005818142,0.9638115,0.003966357,0.0031886143,0.004343145,0.002009954
/home/yogesh.patel/execution/25_9_2026_PRD_work/OCT2017_Test/test/DME/DME-8525575-7.jpeg,1,DME,DME,DME,True,0.0050341478,0.050448384,0.0074556633,0.9178555,0.00787311,0.0023722502,0.0050357534,0.003925132
/home/yogesh.patel/execution/25_9_2026_PRD_work/OCT2017_Test/test/DME/DME-8525575-8.jpeg,1,DME,DME,DME,True,0.0030552775,0.0060555446,0.004604033,0.97211415,0.0045116367,0.0029805966,0.0036224904,0.0030563688
/home/yogesh.patel/execution/25_9_2026_PRD_work/OCT2017_Test/test/DME/DME-8589279-1.jpeg,1,DME,DME,DME,True,0.0079550985,0.06784362,0.009088362,0.8629395,0.012222072,0.024098245,0.009777201,0.006075893
/home/yogesh.patel/execution/25_9_2026_PRD_work/OCT2017_Test/test/DME/DME-8602716-1.jpeg,1,DME,DME,DME,True,0.0027171762,0.0044313576,0.004798174,0.976713,0.004715613,0.0022239403,0.0019408747,0.0024598436
/home/yogesh.patel/execution/25_9_2026_PRD_work/OCT2017_Test/test/DME/DME-8602716-2.jpeg,1,DME,DME,DME,True,0.003175717,0.027957434,0.007400542,0.9471289,0.0064752907,0.0018008364,0.0030237865,0.0030374601
/home/yogesh.patel/execution/25_9_2026_PRD_work/OCT2017_Test/test/DME/DME-8602716-3.jpeg,1,DME,DME,DME,True,0.0045175785,0.0071332366,0.0060534375,0.96474874,0.0036713153,0.0038028713,0.0069093076,0.003163577
/home/yogesh.patel/execution/25_9_2026_PRD_work/OCT2017_Test/test/DME/DME-8602716-4.jpeg,1,DME,DME,DME,True,0.0061187586,0.024276398,0.006537927,0.93948203,0.004389767,0.007788052,0.00830415,0.003102963
/home/yogesh.patel/execution/25_9_2026_PRD_work/OCT2017_Test/test/DME/DME-8615417-1.jpeg,1,DME,DME,DME,True,0.009973899,0.010254239,0.006949609,0.9483458,0.008517918,0.006926537,0.0066714752,0.0023605495
/home/yogesh.patel/execution/25_9_2026_PRD_work/OCT2017_Test/test/DME/DME-8615417-2.jpeg,1,DME,DME,DME,True,0.0047408594,0.02529708,0.0060194423,0.94127923,0.012569398,0.004540151,0.0021890728,0.003364759
/home/yogesh.patel/execution/25_9_2026_PRD_work/OCT2017_Test/test/DME/DME-8635355-1.jpeg,1,DME,DME,DME,True,0.0044617,0.0068399203,0.006402971,0.9608879,0.0031329447,0.0058486555,0.0099124415,0.002513473
/home/yogesh.patel/execution/25_9_2026_PRD_work/OCT2017_Test/test/DME/DME-8635355-2.jpeg,1,DME,DME,DME,True,0.0055768844,0.015225264,0.008332931,0.95087826,0.005843894,0.0024243798,0.008772929,0.0029454585
/home/yogesh.patel/execution/25_9_2026_PRD_work/OCT2017_Test/test/DME/DME-8729675-1.jpeg,1,DME,DME,DME,True,0.0025713828,0.0016263973,0.0029106343,0.976981,0.0018234277,0.0028870634,0.004452945,0.0067472556
/home/yogesh.patel/execution/25_9_2026_PRD_work/OCT2017_Test/test/DME/DME-8729675-2.jpeg,1,DME,MH,OUT_OF_TARGET,False,0.03924165,0.09033941,0.017345864,0.27187973,0.07152601,0.10012854,0.29331705,0.116221786
/home/yogesh.patel/execution/25_9_2026_PRD_work/OCT2017_Test/test/DME/DME-8732456-1.jpeg,1,DME,DME,DME,True,0.014002907,0.06597527,0.014353902,0.73192966,0.011872502,0.13130589,0.02580629,0.0047535296
/home/yogesh.patel/execution/25_9_2026_PRD_work/OCT2017_Test/test/DME/DME-8766603-1.jpeg,1,DME,DME,DME,True,0.003875855,0.007207195,0.005154819,0.9688441,0.0044009583,0.002939058,0.00498928,0.0025888104
/home/yogesh.patel/execution/25_9_2026_PRD_work/OCT2017_Test/test/DME/DME-8807486-1.jpeg,1,DME,DME,DME,True,0.004116996,0.01959073,0.0067005176,0.95874274,0.004607162,0.0014740444,0.002995264,0.001772449
/home/yogesh.patel/execution/25_9_2026_PRD_work/OCT2017_Test/test/DME/DME-8847144-1.jpeg,1,DME,DME,DME,True,0.0038530726,0.010695852,0.005316573,0.9410905,0.004217677,0.016080234,0.012712012,0.006034075
/home/yogesh.patel/execution/25_9_2026_PRD_work/OCT2017_Test/test/DME/DME-8851193-1.jpeg,1,DME,DME,DME,True,0.0034539541,0.0050930036,0.007234101,0.97155535,0.0045702946,0.002799886,0.003342017,0.0019514422
/home/yogesh.patel/execution/25_9_2026_PRD_work/OCT2017_Test/test/DME/DME-8861620-1.jpeg,1,DME,DME,DME,True,0.007885821,0.016907567,0.013486677,0.9427361,0.0065379273,0.002694336,0.0071590175,0.00259267
/home/yogesh.patel/execution/25_9_2026_PRD_work/OCT2017_Test/test/DME/DME-8861620-2.jpeg,1,DME,DME,DME,True,0.0055274335,0.0011096239,0.0064254384,0.96062016,0.0028817519,0.007849148,0.010885635,0.004700761
/home/yogesh.patel/execution/25_9_2026_PRD_work/OCT2017_Test/test/DME/DME-8861620-3.jpeg,1,DME,DME,DME,True,0.006573063,0.0043369974,0.007962943,0.96319646,0.0038862687,0.0025161367,0.0085815815,0.002946581
/home/yogesh.patel/execution/25_9_2026_PRD_work/OCT2017_Test/test/DME/DME-8889771-1.jpeg,1,DME,DME,DME,True,0.0028429928,0.0011134254,0.0030916512,0.9804104,0.0016545514,0.0031369957,0.0050796773,0.0026702776
/home/yogesh.patel/execution/25_9_2026_PRD_work/OCT2017_Test/test/DME/DME-8889771-2.jpeg,1,DME,DME,DME,True,0.0057222415,0.008362972,0.0044399635,0.95956594,0.007270655,0.002985025,0.005537482,0.006115628
/home/yogesh.patel/execution/25_9_2026_PRD_work/OCT2017_Test/test/DME/DME-8889771-3.jpeg,1,DME,DME,DME,True,0.008010524,0.20232382,0.013198232,0.7332208,0.016594987,0.006431498,0.014388297,0.005831777
/home/yogesh.patel/execution/25_9_2026_PRD_work/OCT2017_Test/test/DME/DME-8889771-4.jpeg,1,DME,DME,DME,True,0.0050975955,0.017316256,0.006170674,0.9448878,0.00844378,0.0034568803,0.0051143537,0.009512547
/home/yogesh.patel/execution/25_9_2026_PRD_work/OCT2017_Test/test/DME/DME-8908847-1.jpeg,1,DME,DME,DME,True,0.0025681113,0.0016323861,0.003359569,0.98376274,0.0018029725,0.0013960468,0.0034534768,0.0020247407
/home/yogesh.patel/execution/25_9_2026_PRD_work/OCT2017_Test/test/DME/DME-8989419-1.jpeg,1,DME,DME,DME,True,0.0036308144,0.0036704687,0.0056637963,0.97587717,0.004510932,0.0030073037,0.0019046256,0.0017347743
/home/yogesh.patel/execution/25_9_2026_PRD_work/OCT2017_Test/test/DME/DME-9066695-1.jpeg,1,DME,DME,DME,True,0.005666755,0.0035931673,0.0063598817,0.96121657,0.0066880947,0.0042575225,0.0076129395,0.0046051154
/home/yogesh.patel/execution/25_9_2026_PRD_work/OCT2017_Test/test/DME/DME-9109143-1.jpeg,1,DME,DME,DME,True,0.0048261103,0.020498753,0.008953771,0.9501645,0.0022147896,0.0018055033,0.0065135164,0.005023087
/home/yogesh.patel/execution/25_9_2026_PRD_work/OCT2017_Test/test/DME/DME-910956-1.jpeg,1,DME,DME,DME,True,0.003259407,0.0042929617,0.0047809584,0.96984583,0.002825194,0.0030771163,0.007472032,0.004446341
/home/yogesh.patel/execution/25_9_2026_PRD_work/OCT2017_Test/test/DME/DME-9211360-1.jpeg,1,DME,DME,DME,True,0.0060148737,0.039338574,0.00835904,0.919769,0.005660027,0.0036971227,0.010149219,0.0070121367
/home/yogesh.patel/execution/25_9_2026_PRD_work/OCT2017_Test/test/DME/DME-9211360-2.jpeg,1,DME,DME,DME,True,0.0063953116,0.115372695,0.012708139,0.8393221,0.012102783,0.0009866545,0.0077779396,0.005334328
/home/yogesh.patel/execution/25_9_2026_PRD_work/OCT2017_Test/test/DME/DME-9241179-1.jpeg,1,DME,DME,DME,True,0.0016652324,0.001884171,0.0029248197,0.9762798,0.0009849225,0.0032504133,0.0052015944,0.007809023
/home/yogesh.patel/execution/25_9_2026_PRD_work/OCT2017_Test/test/DME/DME-9333524-1.jpeg,1,DME,DME,DME,True,0.015086083,0.10299418,0.013693415,0.5704628,0.012629831,0.25656456,0.02405653,0.004512584
/home/yogesh.patel/execution/25_9_2026_PRD_work/OCT2017_Test/test/DME/DME-9361825-1.jpeg,1,DME,DME,DME,True,0.0023581425,0.011092862,0.0031239253,0.9664936,0.010938295,0.0028937375,0.00012395733,0.0029754003
/home/yogesh.patel/execution/25_9_2026_PRD_work/OCT2017_Test/test/DME/DME-9378346-1.jpeg,1,DME,DME,DME,True,0.0059719435,0.023424821,0.0100811245,0.9312813,0.023335638,0.002616182,0.00046225652,0.0028267351
/home/yogesh.patel/execution/25_9_2026_PRD_work/OCT2017_Test/test/DME/DME-9378346-2.jpeg,1,DME,DME,DME,True,0.00493403,0.015669426,0.006930065,0.9413903,0.022620616,0.001377396,0.0004547575,0.006623447
/home/yogesh.patel/execution/25_9_2026_PRD_work/OCT2017_Test/test/DME/DME-9378346-3.jpeg,1,DME,DME,DME,True,0.005906773,0.007462782,0.007716616,0.9467868,0.023943486,0.005387394,0.00039175444,0.002404358
/home/yogesh.patel/execution/25_9_2026_PRD_work/OCT2017_Test/test/DME/DME-9428363-1.jpeg,1,DME,DME,DME,True,0.003337717,0.0039857174,0.0027016746,0.95895475,0.0044149393,0.0044299876,0.005592098,0.016583161
/home/yogesh.patel/execution/25_9_2026_PRD_work/OCT2017_Test/test/DME/DME-9488073-1.jpeg,1,DME,DME,DME,True,0.0011474149,0.0008170074,0.0016103656,0.98966813,0.0016435913,0.0006355473,0.0024423318,0.0020355831
/home/yogesh.patel/execution/25_9_2026_PRD_work/OCT2017_Test/test/DME/DME-9488073-2.jpeg,1,DME,DME,DME,True,0.0034350213,0.003081153,0.005695805,0.97783434,0.0026629423,0.00114621,0.004374466,0.0017700914
/home/yogesh.patel/execution/25_9_2026_PRD_work/OCT2017_Test/test/DME/DME-9504297-1.jpeg,1,DME,DME,DME,True,0.008397466,0.04690912,0.007304039,0.89811665,0.00986963,0.005385391,0.017389702,0.0066280584
/home/yogesh.patel/execution/25_9_2026_PRD_work/OCT2017_Test/test/DME/DME-9557298-1.jpeg,1,DME,DME,DME,True,0.0011132183,0.0021406987,0.0013868965,0.98176306,0.0018739759,0.001956092,0.0030026578,0.006763401
/home/yogesh.patel/execution/25_9_2026_PRD_work/OCT2017_Test/test/DME/DME-9579219-1.jpeg,1,DME,DME,DME,True,0.00541191,0.09805135,0.011262149,0.86584496,0.0062812762,0.0023102865,0.008062461,0.0027756332
/home/yogesh.patel/execution/25_9_2026_PRD_work/OCT2017_Test/test/DME/DME-98994-1.jpeg,1,DME,DME,DME,True,0.0030862577,0.0049535255,0.0043979506,0.97555035,0.0033058212,0.0010775914,0.0047833524,0.0028452363
/home/yogesh.patel/execution/25_9_2026_PRD_work/OCT2017_Test/test/DME/DME-98994-2.jpeg,1,DME,DME,DME,True,0.0027991708,0.0032693928,0.0028582134,0.9729346,0.0021925096,0.0046299505,0.006656557,0.004659698
/home/yogesh.patel/execution/25_9_2026_PRD_work/OCT2017_Test/test/DRUSEN/DRUSEN-1083159-1.jpeg,2,DRUSEN,DRUSEN,DRUSEN,True,0.011256078,0.007845771,0.012035706,0.0065910993,0.017340597,0.9334631,0.00862618,0.0028415362
/home/yogesh.patel/execution/25_9_2026_PRD_work/OCT2017_Test/test/DRUSEN/DRUSEN-1112835-1.jpeg,2,DRUSEN,DRUSEN,DRUSEN,True,0.008513127,0.09005136,0.012302511,0.0064006173,0.0142621165,0.85514045,0.009376276,0.0039536315
/home/yogesh.patel/execution/25_9_2026_PRD_work/OCT2017_Test/test/DRUSEN/DRUSEN-1173253-1.jpeg,2,DRUSEN,DRUSEN,DRUSEN,True,0.004873307,0.04917764,0.0074514644,0.0064511835,0.0073764957,0.9169279,0.0037612773,0.0039808163
/home/yogesh.patel/execution/25_9_2026_PRD_work/OCT2017_Test/test/DRUSEN/DRUSEN-1193659-1.jpeg,2,DRUSEN,DRUSEN,DRUSEN,True,0.0052253925,0.013881445,0.0055429037,0.0024517153,0.0052783554,0.9613384,0.0040071737,0.0022746187
/home/yogesh.patel/execution/25_9_2026_PRD_work/OCT2017_Test/test/DRUSEN/DRUSEN-1219727-1.jpeg,2,DRUSEN,DRUSEN,DRUSEN,True,0.0075666457,0.013562602,0.009497175,0.0049527567,0.012393918,0.94106495,0.006850109,0.004111853
/home/yogesh.patel/execution/25_9_2026_PRD_work/OCT2017_Test/test/DRUSEN/DRUSEN-1225603-1.jpeg,2,DRUSEN,DRUSEN,DRUSEN,True,0.0066844453,0.005605054,0.0051572667,0.006390456,0.006900883,0.96170276,0.0043375352,0.00322158
/home/yogesh.patel/execution/25_9_2026_PRD_work/OCT2017_Test/test/DRUSEN/DRUSEN-1225603-2.jpeg,2,DRUSEN,DRUSEN,DRUSEN,True,0.0051837796,0.003447761,0.0042082313,0.0030937719,0.00445018,0.97324747,0.0028723972,0.0034964355
/home/yogesh.patel/execution/25_9_2026_PRD_work/OCT2017_Test/test/DRUSEN/DRUSEN-1237848-1.jpeg,2,DRUSEN,DRUSEN,DRUSEN,True,0.005561778,0.0036272018,0.006719674,0.0047880206,0.008061556,0.9623116,0.0043150503,0.0046149986
/home/yogesh.patel/execution/25_9_2026_PRD_work/OCT2017_Test/test/DRUSEN/DRUSEN-1237848-2.jpeg,2,DRUSEN,DRUSEN,DRUSEN,True,0.012490602,0.0046107066,0.0100028645,0.016318167,0.010078213,0.93377906,0.008269928,0.0044503645
/home/yogesh.patel/execution/25_9_2026_PRD_work/OCT2017_Test/test/DRUSEN/DRUSEN-1237848-3.jpeg,2,DRUSEN,DRUSEN,DRUSEN,True,0.009881091,0.0024906436,0.00837046,0.008976683,0.008262818,0.9479536,0.0077429316,0.0063218237
/home/yogesh.patel/execution/25_9_2026_PRD_work/OCT2017_Test/test/DRUSEN/DRUSEN-1246453-1.jpeg,2,DRUSEN,DRUSEN,DRUSEN,True,0.0072492193,0.03219513,0.007622117,0.005343404,0.0068284054,0.9294393,0.0072981436,0.004024242
/home/yogesh.patel/execution/25_9_2026_PRD_work/OCT2017_Test/test/DRUSEN/DRUSEN-1487749-1.jpeg,2,DRUSEN,DRUSEN,DRUSEN,True,0.004867123,0.0041090837,0.00789986,0.005250493,0.007697757,0.9629624,0.0028078735,0.0044054654
/home/yogesh.patel/execution/25_9_2026_PRD_work/OCT2017_Test/test/DRUSEN/DRUSEN-1487749-2.jpeg,2,DRUSEN,DRUSEN,DRUSEN,True,0.0084609715,0.006951829,0.007419457,0.0045257276,0.0073269573,0.9570186,0.004141652,0.004154826
/home/yogesh.patel/execution/25_9_2026_PRD_work/OCT2017_Test/test/DRUSEN/DRUSEN-1487749-3.jpeg,2,DRUSEN,DRUSEN,DRUSEN,True,0.007210582,0.0052040513,0.006526462,0.0053646346,0.007860761,0.96112084,0.0019833094,0.004729424
/home/yogesh.patel/execution/25_9_2026_PRD_work/OCT2017_Test/test/DRUSEN/DRUSEN-1487749-4.jpeg,2,DRUSEN,DRUSEN,DRUSEN,True,0.009611234,0.0044861957,0.008930748,0.007469378,0.01570586,0.94677323,0.0011549385,0.0058683613
/home/yogesh.patel/execution/25_9_2026_PRD_work/OCT2017_Test/test/DRUSEN/DRUSEN-1530990-1.jpeg,2,DRUSEN,DRUSEN,DRUSEN,True,0.01005366,0.042053845,0.009922723,0.0055183684,0.008031346,0.9149323,0.0071833236,0.0023044131
/home/yogesh.patel/execution/25_9_2026_PRD_work/OCT2017_Test/test/DRUSEN/DRUSEN-1730592-1.jpeg,2,DRUSEN,DRUSEN,DRUSEN,True,0.005470568,0.013261629,0.009206093,0.004902053,0.008195169,0.95122224,0.004635853,0.0031065526
/home/yogesh.patel/execution/25_9_2026_PRD_work/OCT2017_Test/test/DRUSEN/DRUSEN-1786810-1.jpeg,2,DRUSEN,DRUSEN,DRUSEN,True,0.004160113,0.0070584402,0.0032322519,0.0059145098,0.004850131,0.967135,0.0039161383,0.003733423
/home/yogesh.patel/execution/25_9_2026_PRD_work/OCT2017_Test/test/DRUSEN/DRUSEN-1786810-2.jpeg,2,DRUSEN,DRUSEN,DRUSEN,True,0.0044834465,0.019768523,0.0063377237,0.0054279077,0.0073025543,0.94872904,0.004098206,0.0038525106
/home/yogesh.patel/execution/25_9_2026_PRD_work/OCT2017_Test/test/DRUSEN/DRUSEN-1786810-3.jpeg,2,DRUSEN,DRUSEN,DRUSEN,True,0.0053468426,0.01696344,0.007858033,0.0074175885,0.01678878,0.9389713,0.0023656394,0.004288449
/home/yogesh.patel/execution/25_9_2026_PRD_work/OCT2017_Test/test/DRUSEN/DRUSEN-1789270-1.jpeg,2,DRUSEN,DRUSEN,DRUSEN,True,0.003177484,0.04751651,0.00538258,0.008276427,0.0060464647,0.9208009,0.004955966,0.0038436158
/home/yogesh.patel/execution/25_9_2026_PRD_work/OCT2017_Test/test/DRUSEN/DRUSEN-1793499-1.jpeg,2,DRUSEN,DRUSEN,DRUSEN,True,0.010228092,0.029514875,0.011798779,0.007662127,0.017814035,0.9073131,0.012495792,0.0031731867
/home/yogesh.patel/execution/25_9_2026_PRD_work/OCT2017_Test/test/DRUSEN/DRUSEN-1912508-1.jpeg,2,DRUSEN,DRUSEN,DRUSEN,True,0.0058595724,0.00742049,0.00795897,0.003982314,0.010067003,0.95803994,0.0039158296,0.0027559807
/home/yogesh.patel/execution/25_9_2026_PRD_work/OCT2017_Test/test/DRUSEN/DRUSEN-1997439-1.jpeg,2,DRUSEN,DRUSEN,DRUSEN,True,0.01065086,0.01099936,0.010528325,0.008852895,0.011854752,0.93587565,0.0074494244,0.0037887185
/home/yogesh.patel/execution/25_9_2026_PRD_work/OCT2017_Test/test/DRUSEN/DRUSEN-1997439-2.jpeg,2,DRUSEN,DRUSEN,DRUSEN,True,0.008404716,0.010122942,0.008760827,0.006807038,0.0085022645,0.9484007,0.0055169775,0.0034844752
/home/yogesh.patel/execution/25_9_2026_PRD_work/OCT2017_Test/test/DRUSEN/DRUSEN-1997439-3.jpeg,2,DRUSEN,DRUSEN,DRUSEN,True,0.008811928,0.012341227,0.008070409,0.008648365,0.007780279,0.947166,0.004627153,0.0025546385
/home/yogesh.patel/execution/25_9_2026_PRD_work/OCT2017_Test/test/DRUSEN/DRUSEN-1997439-4.jpeg,2,DRUSEN,DRUSEN,DRUSEN,True,0.006169124,0.010934851,0.0067191343,0.005310981,0.006804081,0.9561271,0.0042354907,0.0036991383
/home/yogesh.patel/execution/25_9_2026_PRD_work/OCT2017_Test/test/DRUSEN/DRUSEN-2108193-1.jpeg,2,DRUSEN,DRUSEN,DRUSEN,True,0.007879344,0.03011457,0.0071948227,0.0032085693,0.006859874,0.93611115,0.0051200157,0.0035117208
/home/yogesh.patel/execution/25_9_2026_PRD_work/OCT2017_Test/test/DRUSEN/DRUSEN-2108193-2.jpeg,2,DRUSEN,DRUSEN,DRUSEN,True,0.007451455,0.032543175,0.0087164985,0.0063951267,0.004354855,0.9319704,0.005312912,0.0032555172
/home/yogesh.patel/execution/25_9_2026_PRD_work/OCT2017_Test/test/DRUSEN/DRUSEN-2128644-1.jpeg,2,DRUSEN,DRUSEN,DRUSEN,True,0.004913267,0.013780439,0.005900215,0.004565409,0.0068637365,0.9550827,0.0046507763,0.0042434176
/home/yogesh.patel/execution/25_9_2026_PRD_work/OCT2017_Test/test/DRUSEN/DRUSEN-2128644-2.jpeg,2,DRUSEN,DRUSEN,DRUSEN,True,0.0037889897,0.015161329,0.005281876,0.004598765,0.005780876,0.9594143,0.002100398,0.0038734013
/home/yogesh.patel/execution/25_9_2026_PRD_work/OCT2017_Test/test/DRUSEN/DRUSEN-2128644-3.jpeg,2,DRUSEN,DRUSEN,DRUSEN,True,0.0071306676,0.056337036,0.0075381156,0.01232773,0.008880694,0.8977716,0.00617869,0.003835379
/home/yogesh.patel/execution/25_9_2026_PRD_work/OCT2017_Test/test/DRUSEN/DRUSEN-2141150-1.jpeg,2,DRUSEN,DRUSEN,DRUSEN,True,0.0071831895,0.0048023923,0.0070786932,0.0053646034,0.00759951,0.95818895,0.0035874886,0.006195235
/home/yogesh.patel/execution/25_9_2026_PRD_work/OCT2017_Test/test/DRUSEN/DRUSEN-2156263-1.jpeg,2,DRUSEN,DRUSEN,DRUSEN,True,0.004179389,0.010914818,0.0037241115,0.009004464,0.0060769985,0.96233964,0.0010530432,0.0027074825
/home/yogesh.patel/execution/25_9_2026_PRD_work/OCT2017_Test/test/DRUSEN/DRUSEN-2173657-1.jpeg,2,DRUSEN,DRUSEN,DRUSEN,True,0.005585992,0.0031422852,0.008254391,0.0046985215,0.0080880625,0.96014374,0.0019493958,0.008137579
/home/yogesh.patel/execution/25_9_2026_PRD_work/OCT2017_Test/test/DRUSEN/DRUSEN-2180220-1.jpeg,2,DRUSEN,DRUSEN,DRUSEN,True,0.006432475,0.0064810067,0.009597399,0.0064589297,0.009586481,0.952774,0.0048012263,0.0038685761
/home/yogesh.patel/execution/25_9_2026_PRD_work/OCT2017_Test/test/DRUSEN/DRUSEN-2185112-1.jpeg,2,DRUSEN,DRUSEN,DRUSEN,True,0.0062513826,0.008503478,0.005356258,0.0048602503,0.005608657,0.9657617,0.0010732572,0.0025849952
/home/yogesh.patel/execution/25_9_2026_PRD_work/OCT2017_Test/test/DRUSEN/DRUSEN-2185112-2.jpeg,2,DRUSEN,DRUSEN,DRUSEN,True,0.010093646,0.0069490545,0.011538096,0.032593258,0.008380498,0.92551494,0.00046238114,0.004468103
/home/yogesh.patel/execution/25_9_2026_PRD_work/OCT2017_Test/test/DRUSEN/DRUSEN-2232211-1.jpeg,2,DRUSEN,DRUSEN,DRUSEN,True,0.005583311,0.009582909,0.0047100405,0.011371193,0.008187037,0.9516327,0.006261876,0.0026709836
/home/yogesh.patel/execution/25_9_2026_PRD_work/OCT2017_Test/test/DRUSEN/DRUSEN-2253582-1.jpeg,2,DRUSEN,DRUSEN,DRUSEN,True,0.01119918,0.041944176,0.012094215,0.015713742,0.01491819,0.89045215,0.0095787365,0.0040995716
/home/yogesh.patel/execution/25_9_2026_PRD_work/OCT2017_Test/test/DRUSEN/DRUSEN-2257047-1.jpeg,2,DRUSEN,DRUSEN,DRUSEN,True,0.0053197667,0.025289671,0.01013187,0.0055280933,0.008934403,0.9356292,0.0053042267,0.0038627272
/home/yogesh.patel/execution/25_9_2026_PRD_work/OCT2017_Test/test/DRUSEN/DRUSEN-2257047-2.jpeg,2,DRUSEN,DRUSEN,DRUSEN,True,0.007512789,0.010718718,0.011411072,0.0039238804,0.006089745,0.9542836,0.004060256,0.0019999312
/home/yogesh.patel/execution/25_9_2026_PRD_work/OCT2017_Test/test/DRUSEN/DRUSEN-2257047-3.jpeg,2,DRUSEN,DRUSEN,DRUSEN,True,0.0049352986,0.008122546,0.007263563,0.0059668324,0.0073547335,0.93843263,0.0025589187,0.025365466
/home/yogesh.patel/execution/25_9_2026_PRD_work/OCT2017_Test/test/DRUSEN/DRUSEN-2257047-4.jpeg,2,DRUSEN,DRUSEN,DRUSEN,True,0.009399792,0.026957912,0.00847769,0.0052257483,0.010424024,0.9280559,0.0061600916,0.0052987738
/home/yogesh.patel/execution/25_9_2026_PRD_work/OCT2017_Test/test/DRUSEN/DRUSEN-2257047-5.jpeg,2,DRUSEN,DRUSEN,DRUSEN,True,0.008965665,0.0081575755,0.009043475,0.005377834,0.008028558,0.9514108,0.003659064,0.005356986
/home/yogesh.patel/execution/25_9_2026_PRD_work/OCT2017_Test/test/DRUSEN/DRUSEN-2257047-6.jpeg,2,DRUSEN,DRUSEN,DRUSEN,True,0.008526175,0.030426031,0.008678852,0.006104777,0.011780083,0.9234749,0.0067296186,0.004279569
/home/yogesh.patel/execution/25_9_2026_PRD_work/OCT2017_Test/test/DRUSEN/DRUSEN-2257047-7.jpeg,2,DRUSEN,DRUSEN,DRUSEN,True,0.010150684,0.0072800578,0.008611335,0.006876154,0.0054061725,0.9540074,0.0057229004,0.0019452472
/home/yogesh.patel/execution/25_9_2026_PRD_work/OCT2017_Test/test/DRUSEN/DRUSEN-2257047-8.jpeg,2,DRUSEN,DRUSEN,DRUSEN,True,0.003916151,0.013122856,0.006614441,0.0032218893,0.00788032,0.95762014,0.0032179833,0.0044062035
/home/yogesh.patel/execution/25_9_2026_PRD_work/OCT2017_Test/test/DRUSEN/DRUSEN-228939-1.jpeg,2,DRUSEN,DRUSEN,DRUSEN,True,0.006552493,0.007133416,0.0075794286,0.005931059,0.006432439,0.9601328,0.0037120911,0.0025262241
/home/yogesh.patel/execution/25_9_2026_PRD_work/OCT2017_Test/test/DRUSEN/DRUSEN-228939-2.jpeg,2,DRUSEN,DRUSEN,DRUSEN,True,0.007976263,0.005751531,0.008149925,0.007522326,0.006019063,0.95875406,0.0023026494,0.0035241637
/home/yogesh.patel/execution/25_9_2026_PRD_work/OCT2017_Test/test/DRUSEN/DRUSEN-2308158-1.jpeg,2,DRUSEN,DRUSEN,DRUSEN,True,0.0025844974,0.00908901,0.004582962,0.0032242658,0.004527055,0.9690729,0.0037424902,0.0031767283
/home/yogesh.patel/execution/25_9_2026_PRD_work/OCT2017_Test/test/DRUSEN/DRUSEN-2403178-1.jpeg,2,DRUSEN,DRUSEN,DRUSEN,True,0.008566654,0.025716675,0.0065609384,0.0053994805,0.006411721,0.9383168,0.005093759,0.0039338814
/home/yogesh.patel/execution/25_9_2026_PRD_work/OCT2017_Test/test/DRUSEN/DRUSEN-2403178-2.jpeg,2,DRUSEN,DRUSEN,DRUSEN,True,0.01240366,0.4606234,0.015379612,0.007262404,0.013940986,0.47862098,0.007482055,0.0042869607
/home/yogesh.patel/execution/25_9_2026_PRD_work/OCT2017_Test/test/DRUSEN/DRUSEN-2403178-3.jpeg,2,DRUSEN,DRUSEN,DRUSEN,True,0.00607736,0.0046985066,0.0060140425,0.0053765075,0.011712675,0.96007806,0.0031067615,0.0029360724
/home/yogesh.patel/execution/25_9_2026_PRD_work/OCT2017_Test/test/DRUSEN/DRUSEN-2403178-4.jpeg,2,DRUSEN,DRUSEN,DRUSEN,True,0.005369914,0.01937549,0.0060099023,0.0051154518,0.006299428,0.9481713,0.004733558,0.004924903
/home/yogesh.patel/execution/25_9_2026_PRD_work/OCT2017_Test/test/DRUSEN/DRUSEN-2403178-5.jpeg,2,DRUSEN,DRUSEN,DRUSEN,True,0.004791219,0.004628729,0.0039063394,0.0039637694,0.0046533556,0.97155523,0.0031312935,0.0033701127
/home/yogesh.patel/execution/25_9_2026_PRD_work/OCT2017_Test/test/DRUSEN/DRUSEN-2403178-6.jpeg,2,DRUSEN,DRUSEN,DRUSEN,True,0.008508487,0.013337479,0.009075389,0.004152909,0.009046391,0.9486433,0.004296412,0.0029396147
/home/yogesh.patel/execution/25_9_2026_PRD_work/OCT2017_Test/test/DRUSEN/DRUSEN-2443068-1.jpeg,2,DRUSEN,DRUSEN,DRUSEN,True,0.008762743,0.0077814357,0.011032192,0.006276473,0.013125945,0.9421807,0.0073401844,0.0035003503
/home/yogesh.patel/execution/25_9_2026_PRD_work/OCT2017_Test/test/DRUSEN/DRUSEN-2489093-1.jpeg,2,DRUSEN,DRUSEN,DRUSEN,True,0.006779446,0.010320517,0.006616015,0.0030095258,0.007406678,0.95747674,0.003882797,0.0045083235
/home/yogesh.patel/execution/25_9_2026_PRD_work/OCT2017_Test/test/DRUSEN/DRUSEN-2489093-2.jpeg,2,DRUSEN,DRUSEN,DRUSEN,True,0.00790467,0.003278223,0.007276708,0.0066259163,0.00944252,0.959217,0.0022197817,0.0040351492
/home/yogesh.patel/execution/25_9_2026_PRD_work/OCT2017_Test/test/DRUSEN/DRUSEN-2510299-1.jpeg,2,DRUSEN,DRUSEN,DRUSEN,True,0.015219458,0.06875367,0.017841212,0.008893769,0.011444352,0.86506283,0.0064789103,0.0063056853
/home/yogesh.patel/execution/25_9_2026_PRD_work/OCT2017_Test/test/DRUSEN/DRUSEN-2510299-2.jpeg,2,DRUSEN,DRUSEN,DRUSEN,True,0.0042019673,0.015846433,0.0042805797,0.0045412527,0.005211865,0.9609195,0.0033588053,0.0016396556
/home/yogesh.patel/execution/25_9_2026_PRD_work/OCT2017_Test/test/DRUSEN/DRUSEN-2541184-1.jpeg,2,DRUSEN,DRUSEN,DRUSEN,True,0.0054245107,0.0051901,0.0062887985,0.0047213603,0.006074349,0.96462137,0.0035452764,0.004134226
/home/yogesh.patel/execution/25_9_2026_PRD_work/OCT2017_Test/test/DRUSEN/DRUSEN-2785977-1.jpeg,2,DRUSEN,DRUSEN,DRUSEN,True,0.0061938087,0.009788573,0.00728278,0.0049788756,0.008911343,0.9538673,0.0048616827,0.004115579
/home/yogesh.patel/execution/25_9_2026_PRD_work/OCT2017_Test/test/DRUSEN/DRUSEN-2951435-1.jpeg,2,DRUSEN,DRUSEN,DRUSEN,True,0.0062818723,0.04327064,0.006836133,0.0059264554,0.007453885,0.9234979,0.0044124746,0.0023207169
/home/yogesh.patel/execution/25_9_2026_PRD_work/OCT2017_Test/test/DRUSEN/DRUSEN-3017923-1.jpeg,2,DRUSEN,DRUSEN,DRUSEN,True,0.0074542393,0.062895745,0.0062799877,0.0045151147,0.010185901,0.90024096,0.005236319,0.003191698
/home/yogesh.patel/execution/25_9_2026_PRD_work/OCT2017_Test/test/DRUSEN/DRUSEN-303435-1.jpeg,2,DRUSEN,DRUSEN,DRUSEN,True,0.0042312876,0.0025813545,0.00597727,0.0073135057,0.005309274,0.9685422,0.0004529377,0.005592159
/home/yogesh.patel/execution/25_9_2026_PRD_work/OCT2017_Test/test/DRUSEN/DRUSEN-3214955-1.jpeg,2,DRUSEN,DRUSEN,DRUSEN,True,0.0039542383,0.010504988,0.007339516,0.0039046383,0.007457504,0.95480955,0.0054504722,0.006579087
/home/yogesh.patel/execution/25_9_2026_PRD_work/OCT2017_Test/test/DRUSEN/DRUSEN-3241692-1.jpeg,2,DRUSEN,DRUSEN,DRUSEN,True,0.007067369,0.00981453,0.006713023,0.0056071538,0.00793727,0.95760846,0.0028539682,0.0023981845
/home/yogesh.patel/execution/25_9_2026_PRD_work/OCT2017_Test/test/DRUSEN/DRUSEN-3276918-1.jpeg,2,DRUSEN,DRUSEN,DRUSEN,True,0.008433978,0.006554988,0.006502045,0.0060480465,0.009792477,0.9564705,0.0022881392,0.003909764
/home/yogesh.patel/execution/25_9_2026_PRD_work/OCT2017_Test/test/DRUSEN/DRUSEN-3276918-2.jpeg,2,DRUSEN,DRUSEN,DRUSEN,True,0.008365925,0.005638282,0.0075899456,0.0063018645,0.008281086,0.95370543,0.0049094814,0.0052079977
/home/yogesh.patel/execution/25_9_2026_PRD_work/OCT2017_Test/test/DRUSEN/DRUSEN-3317878-1.jpeg,2,DRUSEN,DRUSEN,DRUSEN,True,0.0071226424,0.0043013818,0.009405265,0.005940349,0.007364465,0.95957583,0.0038000992,0.002490035
/home/yogesh.patel/execution/25_9_2026_PRD_work/OCT2017_Test/test/DRUSEN/DRUSEN-3424668-1.jpeg,2,DRUSEN,DRUSEN,DRUSEN,True,0.009496459,0.014418505,0.011861272,0.00891191,0.013488999,0.9316028,0.0068718945,0.0033481386
/home/yogesh.patel/execution/25_9_2026_PRD_work/OCT2017_Test/test/DRUSEN/DRUSEN-3424668-2.jpeg,2,DRUSEN,DRUSEN,DRUSEN,True,0.0067283623,0.027337577,0.009725897,0.0055531072,0.009345515,0.9319731,0.0064527076,0.0028836287
/home/yogesh.patel/execution/25_9_2026_PRD_work/OCT2017_Test/test/DRUSEN/DRUSEN-3424668-3.jpeg,2,DRUSEN,DRUSEN,DRUSEN,True,0.00633121,0.02755604,0.008804986,0.006807179,0.005526162,0.93864965,0.0045459988,0.0017786595
/home/yogesh.patel/execution/25_9_2026_PRD_work/OCT2017_Test/test/DRUSEN/DRUSEN-3424668-4.jpeg,2,DRUSEN,DRUSEN,DRUSEN,True,0.009827447,0.028032986,0.012581507,0.01583137,0.010142982,0.9120813,0.006455436,0.0050469707
/home/yogesh.patel/execution/25_9_2026_PRD_work/OCT2017_Test/test/DRUSEN/DRUSEN-3439251-1.jpeg,2,DRUSEN,DRUSEN,DRUSEN,True,0.0042425497,0.00743811,0.0049813464,0.0051658694,0.0057974732,0.9678526,0.0010660079,0.0034561325
/home/yogesh.patel/execution/25_9_2026_PRD_work/OCT2017_Test/test/DRUSEN/DRUSEN-3439251-2.jpeg,2,DRUSEN,DRUSEN,DRUSEN,True,0.0046095056,0.009717577,0.005477362,0.0053002187,0.009988811,0.9603289,0.000513864,0.00406371
/home/yogesh.patel/execution/25_9_2026_PRD_work/OCT2017_Test/test/DRUSEN/DRUSEN-3482415-1.jpeg,2,DRUSEN,DRUSEN,DRUSEN,True,0.003918279,0.008177157,0.0035585384,0.00398798,0.0036085395,0.9715514,0.0033842905,0.0018138847
/home/yogesh.patel/execution/25_9_2026_PRD_work/OCT2017_Test/test/DRUSEN/DRUSEN-349021-1.jpeg,2,DRUSEN,DRUSEN,DRUSEN,True,0.009200699,0.015716638,0.0076559596,0.003907913,0.006781912,0.9471722,0.004026806,0.0055377907
/home/yogesh.patel/execution/25_9_2026_PRD_work/OCT2017_Test/test/DRUSEN/DRUSEN-349021-2.jpeg,2,DRUSEN,DRUSEN,DRUSEN,True,0.012340192,0.08313195,0.012463824,0.006073539,0.011734954,0.8617308,0.0076885214,0.004836302
/home/yogesh.patel/execution/25_9_2026_PRD_work/OCT2017_Test/test/DRUSEN/DRUSEN-3571629-1.jpeg,2,DRUSEN,DRUSEN,DRUSEN,True,0.0046084756,0.008543668,0.0071707834,0.006572428,0.0064690635,0.95910627,0.004067272,0.0034621533
/home/yogesh.patel/execution/25_9_2026_PRD_work/OCT2017_Test/test/DRUSEN/DRUSEN-364469-1.jpeg,2,DRUSEN,DRUSEN,DRUSEN,True,0.0049768384,0.009406426,0.0059187044,0.004063099,0.0074410806,0.96168554,0.0027101177,0.003798269
/home/yogesh.patel/execution/25_9_2026_PRD_work/OCT2017_Test/test/DRUSEN/DRUSEN-364469-2.jpeg,2,DRUSEN,DRUSEN,DRUSEN,True,0.0059349462,0.0060153543,0.006750006,0.00657152,0.010771015,0.9575678,0.00045368122,0.005935736
/home/yogesh.patel/execution/25_9_2026_PRD_work/OCT2017_Test/test/DRUSEN/DRUSEN-364469-3.jpeg,2,DRUSEN,DRUSEN,DRUSEN,True,0.010996166,0.0062673,0.010630969,0.010275573,0.00950428,0.9436269,0.0062593557,0.0024393755
/home/yogesh.patel/execution/25_9_2026_PRD_work/OCT2017_Test/test/DRUSEN/DRUSEN-364469-4.jpeg,2,DRUSEN,DRUSEN,DRUSEN,True,0.008507652,0.008200903,0.009254202,0.007447791,0.009139621,0.94599545,0.0056308345,0.005823509
/home/yogesh.patel/execution/25_9_2026_PRD_work/OCT2017_Test/test/DRUSEN/DRUSEN-4240777-1.jpeg,2,DRUSEN,DRUSEN,DRUSEN,True,0.00946345,0.0070981933,0.011112251,0.010269808,0.011481912,0.93877596,0.008891301,0.002907098
/home/yogesh.patel/execution/25_9_2026_PRD_work/OCT2017_Test/test/DRUSEN/DRUSEN-4291972-1.jpeg,2,DRUSEN,DRUSEN,DRUSEN,True,0.007418612,0.020326352,0.0076153222,0.0059668403,0.009645995,0.9378926,0.0082440935,0.0028901896
/home/yogesh.patel/execution/25_9_2026_PRD_work/OCT2017_Test/test/DRUSEN/DRUSEN-4293095-1.jpeg,2,DRUSEN,DRUSEN,DRUSEN,True,0.004622902,0.03628899,0.0069123097,0.0040535843,0.0031387485,0.93763924,0.0020711422,0.005273069
/home/yogesh.patel/execution/25_9_2026_PRD_work/OCT2017_Test/test/DRUSEN/DRUSEN-4293095-2.jpeg,2,DRUSEN,DRUSEN,DRUSEN,True,0.004355209,0.006630917,0.0069326856,0.006255131,0.005199239,0.96316284,0.0010811737,0.006382929
/home/yogesh.patel/execution/25_9_2026_PRD_work/OCT2017_Test/test/DRUSEN/DRUSEN-4304015-1.jpeg,2,DRUSEN,DRUSEN,DRUSEN,True,0.010938899,0.01499843,0.009335982,0.006945721,0.007152076,0.94094294,0.0073231766,0.002362713
/home/yogesh.patel/execution/25_9_2026_PRD_work/OCT2017_Test/test/DRUSEN/DRUSEN-4314625-1.jpeg,2,DRUSEN,DRUSEN,DRUSEN,True,0.007988498,0.018322056,0.009604136,0.008209015,0.011020446,0.9358572,0.006599712,0.0023991012
/home/yogesh.patel/execution/25_9_2026_PRD_work/OCT2017_Test/test/DRUSEN/DRUSEN-4343867-1.jpeg,2,DRUSEN,DRUSEN,DRUSEN,True,0.006900826,0.039930347,0.0076197213,0.0050874692,0.008708989,0.9249499,0.00060287846,0.006199896
/home/yogesh.patel/execution/25_9_2026_PRD_work/OCT2017_Test/test/DRUSEN/DRUSEN-4343867-2.jpeg,2,DRUSEN,DRUSEN,DRUSEN,True,0.007309516,0.0312504,0.0065352833,0.0063828374,0.009262667,0.9340094,0.002883142,0.0023668075
/home/yogesh.patel/execution/25_9_2026_PRD_work/OCT2017_Test/test/DRUSEN/DRUSEN-4379246-1.jpeg,2,DRUSEN,DRUSEN,DRUSEN,True,0.005556481,0.01587882,0.0077703414,0.0066177626,0.0085780565,0.9478337,0.004582076,0.003182788
/home/yogesh.patel/execution/25_9_2026_PRD_work/OCT2017_Test/test/DRUSEN/DRUSEN-4379246-2.jpeg,2,DRUSEN,DRUSEN,DRUSEN,True,0.004726679,0.012411459,0.006696473,0.005708765,0.008221335,0.95756847,0.002385467,0.002281402
/home/yogesh.patel/execution/25_9_2026_PRD_work/OCT2017_Test/test/DRUSEN/DRUSEN-457907-1.jpeg,2,DRUSEN,DRUSEN,DRUSEN,True,0.007934975,0.0702231,0.0076097595,0.024174124,0.022671822,0.85146993,0.013157184,0.0027589742
/home/yogesh.patel/execution/25_9_2026_PRD_work/OCT2017_Test/test/DRUSEN/DRUSEN-4666680-1.jpeg,2,DRUSEN,DRUSEN,DRUSEN,True,0.006086125,0.0059055644,0.006481835,0.00415521,0.0042974283,0.9647109,0.0028750615,0.005487897
/home/yogesh.patel/execution/25_9_2026_PRD_work/OCT2017_Test/test/DRUSEN/DRUSEN-4666680-2.jpeg,2,DRUSEN,DRUSEN,DRUSEN,True,0.003118363,0.0042878105,0.014301722,0.0048287837,0.0048505384,0.96154314,0.0015075142,0.005562053
/home/yogesh.patel/execution/25_9_2026_PRD_work/OCT2017_Test/test/DRUSEN/DRUSEN-4696998-1.jpeg,2,DRUSEN,DRUSEN,DRUSEN,True,0.013496449,0.0038794759,0.010220274,0.008119986,0.009223975,0.9458448,0.006127607,0.003087371
/home/yogesh.patel/execution/25_9_2026_PRD_work/OCT2017_Test/test/DRUSEN/DRUSEN-4878077-1.jpeg,2,DRUSEN,DRUSEN,DRUSEN,True,0.005420558,0.025970329,0.007116144,0.0032881082,0.006836021,0.94692457,0.0028062894,0.0016379912
/home/yogesh.patel/execution/25_9_2026_PRD_work/OCT2017_Test/test/DRUSEN/DRUSEN-4878077-2.jpeg,2,DRUSEN,DRUSEN,DRUSEN,True,0.004109421,0.0026429857,0.0065223714,0.0060784267,0.0052645644,0.9690186,0.0022808495,0.004082836
/home/yogesh.patel/execution/25_9_2026_PRD_work/OCT2017_Test/test/DRUSEN/DRUSEN-4878077-3.jpeg,2,DRUSEN,DRUSEN,DRUSEN,True,0.005000346,0.0026124688,0.007972908,0.019327944,0.0091291005,0.9376709,0.002716592,0.015569839
/home/yogesh.patel/execution/25_9_2026_PRD_work/OCT2017_Test/test/DRUSEN/DRUSEN-4878077-4.jpeg,2,DRUSEN,DRUSEN,DRUSEN,True,0.0039650677,0.0053060944,0.0061448836,0.0059488863,0.009246504,0.96435124,0.0010018126,0.004035478
/home/yogesh.patel/execution/25_9_2026_PRD_work/OCT2017_Test/test/DRUSEN/DRUSEN-4878077-5.jpeg,2,DRUSEN,DRUSEN,DRUSEN,True,0.0062623527,0.0054566464,0.0066754804,0.009068563,0.010343842,0.9550615,0.0035459802,0.003585614
/home/yogesh.patel/execution/25_9_2026_PRD_work/OCT2017_Test/test/DRUSEN/DRUSEN-4878077-6.jpeg,2,DRUSEN,DRUSEN,DRUSEN,True,0.0058098636,0.011255655,0.006149885,0.008082473,0.00878094,0.9513676,0.0047889967,0.0037645982
/home/yogesh.patel/execution/25_9_2026_PRD_work/OCT2017_Test/test/DRUSEN/DRUSEN-4904794-1.jpeg,2,DRUSEN,DRUSEN,DRUSEN,True,0.0059858607,0.011981932,0.006189324,0.007583529,0.010523968,0.95123297,0.0014282905,0.005074176
/home/yogesh.patel/execution/25_9_2026_PRD_work/OCT2017_Test/test/DRUSEN/DRUSEN-4951152-1.jpeg,2,DRUSEN,DRUSEN,DRUSEN,True,0.0037480362,0.019280067,0.005283703,0.003954095,0.0043257,0.9570321,0.004100278,0.0022761002
/home/yogesh.patel/execution/25_9_2026_PRD_work/OCT2017_Test/test/DRUSEN/DRUSEN-4973287-1.jpeg,2,DRUSEN,DRUSEN,DRUSEN,True,0.007239907,0.0157398,0.008489039,0.003930877,0.007878773,0.9493949,0.0019851483,0.0053415885
/home/yogesh.patel/execution/25_9_2026_PRD_work/OCT2017_Test/test/DRUSEN/DRUSEN-5094722-1.jpeg,2,DRUSEN,DRUSEN,DRUSEN,True,0.0052918848,0.015535333,0.008596489,0.0038840608,0.012771072,0.94829744,0.0028020458,0.002821706
/home/yogesh.patel/execution/25_9_2026_PRD_work/OCT2017_Test/test/DRUSEN/DRUSEN-525301-1.jpeg,2,DRUSEN,DRUSEN,DRUSEN,True,0.006617984,0.005880467,0.007575416,0.0055601764,0.011456807,0.95637935,0.0032648428,0.0032649143
/home/yogesh.patel/execution/25_9_2026_PRD_work/OCT2017_Test/test/DRUSEN/DRUSEN-5331157-1.jpeg,2,DRUSEN,DRUSEN,DRUSEN,True,0.01671281,0.02474994,0.010361225,0.011128441,0.011284995,0.9146929,0.007521389,0.0035483202
/home/yogesh.patel/execution/25_9_2026_PRD_work/OCT2017_Test/test/DRUSEN/DRUSEN-538779-1.jpeg,2,DRUSEN,DRUSEN,DRUSEN,True,0.005680935,0.005659467,0.012409059,0.005809155,0.01024477,0.95357037,0.00232744,0.004298728
/home/yogesh.patel/execution/25_9_2026_PRD_work/OCT2017_Test/test/DRUSEN/DRUSEN-5443411-1.jpeg,2,DRUSEN,DRUSEN,DRUSEN,True,0.0033224083,0.011645574,0.0048639984,0.0060991044,0.00484053,0.9633,0.0030054445,0.002922996
/home/yogesh.patel/execution/25_9_2026_PRD_work/OCT2017_Test/test/DRUSEN/DRUSEN-5477211-1.jpeg,2,DRUSEN,DRUSEN,DRUSEN,True,0.0051676715,0.044693366,0.0075128637,0.008047015,0.00902422,0.91273,0.0049259337,0.007898873
/home/yogesh.patel/execution/25_9_2026_PRD_work/OCT2017_Test/test/DRUSEN/DRUSEN-5477211-2.jpeg,2,DRUSEN,DRUSEN,DRUSEN,True,0.0044895886,0.0212647,0.008405392,0.006129144,0.007227481,0.946314,0.0025438815,0.0036257294
/home/yogesh.patel/execution/25_9_2026_PRD_work/OCT2017_Test/test/DRUSEN/DRUSEN-5710007-1.jpeg,2,DRUSEN,DRUSEN,DRUSEN,True,0.004452438,0.0029386235,0.0060610995,0.00791391,0.008340536,0.96604896,7.9189485e-05,0.004165212
/home/yogesh.patel/execution/25_9_2026_PRD_work/OCT2017_Test/test/DRUSEN/DRUSEN-5710007-2.jpeg,2,DRUSEN,DRUSEN,DRUSEN,True,0.0032135204,0.004920087,0.007917472,0.0045939176,0.007750662,0.963152,0.00027786975,0.00817448
/home/yogesh.patel/execution/25_9_2026_PRD_work/OCT2017_Test/test/DRUSEN/DRUSEN-5753467-1.jpeg,2,DRUSEN,DRUSEN,DRUSEN,True,0.003332353,0.005211698,0.0068621095,0.005782577,0.0042271554,0.96757007,0.0010750823,0.0059391
/home/yogesh.patel/execution/25_9_2026_PRD_work/OCT2017_Test/test/DRUSEN/DRUSEN-5801431-1.jpeg,2,DRUSEN,DRUSEN,DRUSEN,True,0.009236188,0.076911554,0.013838766,0.03355868,0.011489623,0.8364629,0.009253208,0.009249057
/home/yogesh.patel/execution/25_9_2026_PRD_work/OCT2017_Test/test/DRUSEN/DRUSEN-584218-1.jpeg,2,DRUSEN,DRUSEN,DRUSEN,True,0.0061147795,0.023938615,0.0091304,0.0041594435,0.009344092,0.9377712,0.003921175,0.005620344
/home/yogesh.patel/execution/25_9_2026_PRD_work/OCT2017_Test/test/DRUSEN/DRUSEN-5864720-1.jpeg,2,DRUSEN,DRUSEN,DRUSEN,True,0.006362241,0.019474387,0.006249699,0.005071664,0.011550058,0.94516927,0.002891844,0.0032308097
/home/yogesh.patel/execution/25_9_2026_PRD_work/OCT2017_Test/test/DRUSEN/DRUSEN-5864720-2.jpeg,2,DRUSEN,DRUSEN,DRUSEN,True,0.0040843417,0.009288107,0.008670601,0.012796874,0.0124690905,0.9498404,0.0003343996,0.002516133
/home/yogesh.patel/execution/25_9_2026_PRD_work/OCT2017_Test/test/DRUSEN/DRUSEN-5929729-1.jpeg,2,DRUSEN,DRUSEN,DRUSEN,True,0.0064138602,0.023089452,0.008304464,0.004093891,0.0029644084,0.9443517,0.0027249106,0.008057341
/home/yogesh.patel/execution/25_9_2026_PRD_work/OCT2017_Test/test/DRUSEN/DRUSEN-609387-1.jpeg,2,DRUSEN,DRUSEN,DRUSEN,True,0.0043461816,0.006622381,0.007711454,0.004666627,0.013024428,0.9586262,0.0014569643,0.0035458752
/home/yogesh.patel/execution/25_9_2026_PRD_work/OCT2017_Test/test/DRUSEN/DRUSEN-609387-2.jpeg,2,DRUSEN,DRUSEN,DRUSEN,True,0.004973666,0.008499657,0.00607254,0.0056075854,0.008207046,0.9586393,0.0055564656,0.002443714
/home/yogesh.patel/execution/25_9_2026_PRD_work/OCT2017_Test/test/DRUSEN/DRUSEN-609387-3.jpeg,2,DRUSEN,DRUSEN,DRUSEN,True,0.0068011587,0.04208354,0.007915562,0.0074405824,0.01219126,0.9127206,0.006346905,0.0045003705
/home/yogesh.patel/execution/25_9_2026_PRD_work/OCT2017_Test/test/DRUSEN/DRUSEN-6190971-1.jpeg,2,DRUSEN,DRUSEN,DRUSEN,True,0.008730036,0.022377493,0.009512736,0.007725905,0.008570335,0.9333025,0.004774996,0.005005933
/home/yogesh.patel/execution/25_9_2026_PRD_work/OCT2017_Test/test/DRUSEN/DRUSEN-6190971-2.jpeg,2,DRUSEN,DRUSEN,DRUSEN,True,0.007565165,0.008878061,0.011681304,0.0055607785,0.009891813,0.9487387,0.005429729,0.0022543804
/home/yogesh.patel/execution/25_9_2026_PRD_work/OCT2017_Test/test/DRUSEN/DRUSEN-6193297-1.jpeg,2,DRUSEN,DRUSEN,DRUSEN,True,0.00560323,0.0065791383,0.006436372,0.009461269,0.003909371,0.9602119,0.0028434037,0.0049552876
/home/yogesh.patel/execution/25_9_2026_PRD_work/OCT2017_Test/test/DRUSEN/DRUSEN-6193297-2.jpeg,2,DRUSEN,DRUSEN,DRUSEN,True,0.006817233,0.0051843813,0.00792342,0.019940969,0.005022235,0.94912124,0.0015211006,0.004469461
/home/yogesh.patel/execution/25_9_2026_PRD_work/OCT2017_Test/test/DRUSEN/DRUSEN-6193297-3.jpeg,2,DRUSEN,DRUSEN,DRUSEN,True,0.004427852,0.004658627,0.0060246442,0.007287884,0.0039258557,0.9680967,0.0023992003,0.0031791592
/home/yogesh.patel/execution/25_9_2026_PRD_work/OCT2017_Test/test/DRUSEN/DRUSEN-6193297-4.jpeg,2,DRUSEN,DRUSEN,DRUSEN,True,0.0064246645,0.010939202,0.005127446,0.005189042,0.004823595,0.96201706,0.0035015228,0.0019773515
/home/yogesh.patel/execution/25_9_2026_PRD_work/OCT2017_Test/test/DRUSEN/DRUSEN-6193297-5.jpeg,2,DRUSEN,DRUSEN,DRUSEN,True,0.005315671,0.0047956132,0.0044666426,0.0112715615,0.004381142,0.9645176,0.0015455985,0.003706148
/home/yogesh.patel/execution/25_9_2026_PRD_work/OCT2017_Test/test/DRUSEN/DRUSEN-6264369-1.jpeg,2,DRUSEN,DRUSEN,DRUSEN,True,0.006860066,0.021017324,0.010140464,0.01016434,0.013863466,0.93017673,0.0012095637,0.006568114
/home/yogesh.patel/execution/25_9_2026_PRD_work/OCT2017_Test/test/DRUSEN/DRUSEN-7064008-1.jpeg,2,DRUSEN,DRUSEN,DRUSEN,True,0.011980636,0.025870118,0.014572169,0.007273987,0.017121565,0.90986514,0.010721925,0.0025944326
/home/yogesh.patel/execution/25_9_2026_PRD_work/OCT2017_Test/test/DRUSEN/DRUSEN-7199590-1.jpeg,2,DRUSEN,DRUSEN,DRUSEN,True,0.0030268822,0.012923019,0.0060018757,0.012974051,0.011475625,0.9483671,0.00048862817,0.0047427467
/home/yogesh.patel/execution/25_9_2026_PRD_work/OCT2017_Test/test/DRUSEN/DRUSEN-732516-1.jpeg,2,DRUSEN,DRUSEN,DRUSEN,True,0.005996567,0.009813219,0.004858406,0.0039744773,0.00461845,0.9626839,0.0038854699,0.00416949
/home/yogesh.patel/execution/25_9_2026_PRD_work/OCT2017_Test/test/DRUSEN/DRUSEN-732516-2.jpeg,2,DRUSEN,DRUSEN,DRUSEN,True,0.0068023466,0.019871902,0.004445118,0.0063972464,0.0043093464,0.9532375,0.0028437087,0.002092779
/home/yogesh.patel/execution/25_9_2026_PRD_work/OCT2017_Test/test/DRUSEN/DRUSEN-732516-3.jpeg,2,DRUSEN,DRUSEN,DRUSEN,True,0.00482747,0.0044045886,0.006412083,0.0043010917,0.0059572626,0.9695711,0.002488385,0.002037988
/home/yogesh.patel/execution/25_9_2026_PRD_work/OCT2017_Test/test/DRUSEN/DRUSEN-7345121-1.jpeg,2,DRUSEN,DRUSEN,DRUSEN,True,0.009115501,0.22976099,0.011834692,0.005316016,0.012978253,0.7129726,0.012224842,0.005797134
/home/yogesh.patel/execution/25_9_2026_PRD_work/OCT2017_Test/test/DRUSEN/DRUSEN-7350225-1.jpeg,2,DRUSEN,DRUSEN,DRUSEN,True,0.0059293318,0.0043216604,0.007812742,0.00644409,0.0073171644,0.960719,0.0028173416,0.0046386584
/home/yogesh.patel/execution/25_9_2026_PRD_work/OCT2017_Test/test/DRUSEN/DRUSEN-7373858-1.jpeg,2,DRUSEN,DRUSEN,DRUSEN,True,0.008270695,0.011567101,0.0086425105,0.006430085,0.00808025,0.9455688,0.004668202,0.0067723524
/home/yogesh.patel/execution/25_9_2026_PRD_work/OCT2017_Test/test/DRUSEN/DRUSEN-7393104-1.jpeg,2,DRUSEN,DRUSEN,DRUSEN,True,0.009031945,0.077259995,0.0049552163,0.0042798514,0.0065000304,0.88709086,0.0040807053,0.006801438
/home/yogesh.patel/execution/25_9_2026_PRD_work/OCT2017_Test/test/DRUSEN/DRUSEN-7513011-1.jpeg,2,DRUSEN,DRUSEN,DRUSEN,True,0.0044163615,0.019218106,0.007892087,0.0104976,0.007836456,0.94239026,0.0009633757,0.0067857658
/home/yogesh.patel/execution/25_9_2026_PRD_work/OCT2017_Test/test/DRUSEN/DRUSEN-7555604-1.jpeg,2,DRUSEN,DRUSEN,DRUSEN,True,0.005426538,0.004080237,0.0065119634,0.005321277,0.0070918156,0.9656185,0.0033809294,0.002568662
/home/yogesh.patel/execution/25_9_2026_PRD_work/OCT2017_Test/test/DRUSEN/DRUSEN-7555604-2.jpeg,2,DRUSEN,DRUSEN,DRUSEN,True,0.0059139472,0.025228826,0.007877773,0.004802604,0.006667085,0.9427605,0.0045456965,0.0022034808
/home/yogesh.patel/execution/25_9_2026_PRD_work/OCT2017_Test/test/DRUSEN/DRUSEN-7557808-1.jpeg,2,DRUSEN,DRUSEN,DRUSEN,True,0.007678529,0.008795908,0.009090473,0.0033260132,0.011717239,0.9545155,0.0017153216,0.0031610478
/home/yogesh.patel/execution/25_9_2026_PRD_work/OCT2017_Test/test/DRUSEN/DRUSEN-7563760-1.jpeg,2,DRUSEN,DRUSEN,DRUSEN,True,0.0028182748,0.0024887593,0.0036667986,0.004218045,0.0032688817,0.97894716,0.0023014925,0.0022906086
/home/yogesh.patel/execution/25_9_2026_PRD_work/OCT2017_Test/test/DRUSEN/DRUSEN-7675318-1.jpeg,2,DRUSEN,DRUSEN,DRUSEN,True,0.004613646,0.008060131,0.0047587506,0.0050495635,0.003707683,0.96896946,0.0024284234,0.0024124088
/home/yogesh.patel/execution/25_9_2026_PRD_work/OCT2017_Test/test/DRUSEN/DRUSEN-7675318-2.jpeg,2,DRUSEN,DRUSEN,DRUSEN,True,0.0041536144,0.007591026,0.006322182,0.002903908,0.0053661745,0.9694817,0.0016540596,0.0025272549
/home/yogesh.patel/execution/25_9_2026_PRD_work/OCT2017_Test/test/DRUSEN/DRUSEN-7710023-1.jpeg,2,DRUSEN,DRUSEN,DRUSEN,True,0.008112928,0.45689458,0.014263152,0.00333218,0.013517807,0.48997912,0.0039992775,0.009900963
/home/yogesh.patel/execution/25_9_2026_PRD_work/OCT2017_Test/test/DRUSEN/DRUSEN-7710023-2.jpeg,2,DRUSEN,DRUSEN,DRUSEN,True,0.0067037153,0.08074255,0.011580993,0.0036457516,0.01024357,0.87726647,0.006150933,0.0036660798
/home/yogesh.patel/execution/25_9_2026_PRD_work/OCT2017_Test/test/DRUSEN/DRUSEN-7763772-1.jpeg,2,DRUSEN,DRUSEN,DRUSEN,True,0.005823098,0.0030234854,0.010413839,0.0069634398,0.009969028,0.95621747,0.005234557,0.0023551013
/home/yogesh.patel/execution/25_9_2026_PRD_work/OCT2017_Test/test/DRUSEN/DRUSEN-781814-1.jpeg,2,DRUSEN,DRUSEN,DRUSEN,True,0.0057142302,0.004023146,0.005629235,0.0037254887,0.0024128966,0.9740797,0.0020278895,0.0023874582
/home/yogesh.patel/execution/25_9_2026_PRD_work/OCT2017_Test/test/DRUSEN/DRUSEN-783692-1.jpeg,2,DRUSEN,DRUSEN,DRUSEN,True,0.003578611,0.0040051104,0.004303075,0.0041843588,0.0043818927,0.9714166,0.0030726558,0.005057679
/home/yogesh.patel/execution/25_9_2026_PRD_work/OCT2017_Test/test/DRUSEN/DRUSEN-7915033-1.jpeg,2,DRUSEN,DRUSEN,DRUSEN,True,0.0072452365,0.029754391,0.008472823,0.006947236,0.028429732,0.91387314,0.0026150113,0.0026624014
/home/yogesh.patel/execution/25_9_2026_PRD_work/OCT2017_Test/test/DRUSEN/DRUSEN-7915033-2.jpeg,2,DRUSEN,DRUSEN,DRUSEN,True,0.0039836047,0.01167466,0.004468801,0.005469987,0.004933669,0.9655879,0.0011118317,0.0027694292
/home/yogesh.patel/execution/25_9_2026_PRD_work/OCT2017_Test/test/DRUSEN/DRUSEN-7915033-3.jpeg,2,DRUSEN,DRUSEN,DRUSEN,True,0.0059581664,0.011779812,0.0058805104,0.007257179,0.0077264574,0.95298624,0.0063048005,0.0021068356
/home/yogesh.patel/execution/25_9_2026_PRD_work/OCT2017_Test/test/DRUSEN/DRUSEN-8023853-1.jpeg,2,DRUSEN,DRUSEN,DRUSEN,True,0.008249957,0.0075800177,0.0074165044,0.013405084,0.004078177,0.9527237,0.0015553914,0.0049912436
/home/yogesh.patel/execution/25_9_2026_PRD_work/OCT2017_Test/test/DRUSEN/DRUSEN-8039905-1.jpeg,2,DRUSEN,DRUSEN,DRUSEN,True,0.006471663,0.13475285,0.009453686,0.010682151,0.02596071,0.8048115,0.0026990501,0.0051684086
/home/yogesh.patel/execution/25_9_2026_PRD_work/OCT2017_Test/test/DRUSEN/DRUSEN-8074563-1.jpeg,2,DRUSEN,DRUSEN,DRUSEN,True,0.0071718716,0.004967737,0.0062579983,0.0049130884,0.00660688,0.96138805,0.0042782053,0.0044161426
/home/yogesh.patel/execution/25_9_2026_PRD_work/OCT2017_Test/test/DRUSEN/DRUSEN-8074563-2.jpeg,2,DRUSEN,DRUSEN,DRUSEN,True,0.0049602645,0.0035228124,0.006489935,0.0045762775,0.006542833,0.96609795,0.0034927286,0.004317232
/home/yogesh.patel/execution/25_9_2026_PRD_work/OCT2017_Test/test/DRUSEN/DRUSEN-8074563-3.jpeg,2,DRUSEN,DRUSEN,DRUSEN,True,0.0054422095,0.003559881,0.0042289873,0.007089844,0.005246635,0.9667195,0.0027977303,0.0049152016
/home/yogesh.patel/execution/25_9_2026_PRD_work/OCT2017_Test/test/DRUSEN/DRUSEN-8086850-1.jpeg,2,DRUSEN,DRUSEN,DRUSEN,True,0.003579179,0.0066162115,0.0048914044,0.005641092,0.005745362,0.96399266,0.001921031,0.007612998
/home/yogesh.patel/execution/25_9_2026_PRD_work/OCT2017_Test/test/DRUSEN/DRUSEN-8086850-2.jpeg,2,DRUSEN,DRUSEN,DRUSEN,True,0.004005222,0.00837194,0.005695525,0.0056419135,0.0048493426,0.9634551,0.0019200093,0.006060993
/home/yogesh.patel/execution/25_9_2026_PRD_work/OCT2017_Test/test/DRUSEN/DRUSEN-8086850-3.jpeg,2,DRUSEN,DRUSEN,DRUSEN,True,0.003822633,0.012417607,0.007176503,0.00452277,0.0058866483,0.960103,0.0035220112,0.0025487754
/home/yogesh.patel/execution/25_9_2026_PRD_work/OCT2017_Test/test/DRUSEN/DRUSEN-8086850-4.jpeg,2,DRUSEN,DRUSEN,DRUSEN,True,0.0060622036,0.0074986974,0.0054822885,0.0061126226,0.0063739927,0.9625879,0.0023818167,0.0035005095
/home/yogesh.patel/execution/25_9_2026_PRD_work/OCT2017_Test/test/DRUSEN/DRUSEN-8086850-5.jpeg,2,DRUSEN,DRUSEN,DRUSEN,True,0.0056793387,0.005642261,0.0051861866,0.0059449715,0.007025059,0.96519476,0.0032829673,0.0020443844
/home/yogesh.patel/execution/25_9_2026_PRD_work/OCT2017_Test/test/DRUSEN/DRUSEN-8086850-6.jpeg,2,DRUSEN,DRUSEN,DRUSEN,True,0.0035041096,0.009049076,0.0058734184,0.008526541,0.005478378,0.9641022,0.0006842238,0.0027820596
/home/yogesh.patel/execution/25_9_2026_PRD_work/OCT2017_Test/test/DRUSEN/DRUSEN-8086850-7.jpeg,2,DRUSEN,DRUSEN,DRUSEN,True,0.0048747016,0.005285323,0.0049100085,0.0054567363,0.0060661375,0.96649796,0.0021808448,0.0047282362
/home/yogesh.patel/execution/25_9_2026_PRD_work/OCT2017_Test/test/DRUSEN/DRUSEN-8086850-8.jpeg,2,DRUSEN,DRUSEN,DRUSEN,True,0.0046553514,0.0044778017,0.0058975453,0.006998104,0.006194601,0.96271074,0.0022329208,0.0068328907
/home/yogesh.patel/execution/25_9_2026_PRD_work/OCT2017_Test/test/DRUSEN/DRUSEN-8117834-1.jpeg,2,DRUSEN,DRUSEN,DRUSEN,True,0.0077810087,0.0032109611,0.007940738,0.0041189925,0.005428938,0.96417856,0.0018171974,0.0055235787
/home/yogesh.patel/execution/25_9_2026_PRD_work/OCT2017_Test/test/DRUSEN/DRUSEN-8213975-1.jpeg,2,DRUSEN,DRUSEN,DRUSEN,True,0.006290557,0.021094529,0.008428351,0.005724543,0.012104609,0.93764925,0.0036645269,0.005043638
/home/yogesh.patel/execution/25_9_2026_PRD_work/OCT2017_Test/test/DRUSEN/DRUSEN-8251771-1.jpeg,2,DRUSEN,DRUSEN,DRUSEN,True,0.0077469107,0.012510365,0.0063492805,0.010465213,0.0070161954,0.9478231,0.004593761,0.003495168
/home/yogesh.patel/execution/25_9_2026_PRD_work/OCT2017_Test/test/DRUSEN/DRUSEN-8261063-1.jpeg,2,DRUSEN,DRUSEN,DRUSEN,True,0.0039082863,0.0042599393,0.0051772012,0.005599192,0.0110423,0.96619695,0.0011723187,0.0026437803
/home/yogesh.patel/execution/25_9_2026_PRD_work/OCT2017_Test/test/DRUSEN/DRUSEN-8261063-2.jpeg,2,DRUSEN,DRUSEN,DRUSEN,True,0.007974284,0.0032698407,0.0067283367,0.006327635,0.0067374255,0.9578768,0.006122818,0.004962875
/home/yogesh.patel/execution/25_9_2026_PRD_work/OCT2017_Test/test/DRUSEN/DRUSEN-8261063-3.jpeg,2,DRUSEN,DRUSEN,DRUSEN,True,0.003661809,0.0035135972,0.004473887,0.0035943256,0.002970225,0.971658,0.0035785937,0.0065495055
/home/yogesh.patel/execution/25_9_2026_PRD_work/OCT2017_Test/test/DRUSEN/DRUSEN-8261063-4.jpeg,2,DRUSEN,DRUSEN,DRUSEN,True,0.0068656877,0.003399903,0.0064316457,0.0059532323,0.0050966092,0.96397537,0.0047017,0.0035758808
/home/yogesh.patel/execution/25_9_2026_PRD_work/OCT2017_Test/test/DRUSEN/DRUSEN-8261063-5.jpeg,2,DRUSEN,DRUSEN,DRUSEN,True,0.005604507,0.0037852854,0.0044647837,0.007125103,0.007215812,0.95982724,0.0033168525,0.008660403
/home/yogesh.patel/execution/25_9_2026_PRD_work/OCT2017_Test/test/DRUSEN/DRUSEN-8261063-6.jpeg,2,DRUSEN,DRUSEN,DRUSEN,True,0.009066701,0.0037198348,0.008200438,0.0072870776,0.0063061966,0.95577556,0.005742619,0.003901595
/home/yogesh.patel/execution/25_9_2026_PRD_work/OCT2017_Test/test/DRUSEN/DRUSEN-8261063-7.jpeg,2,DRUSEN,DRUSEN,DRUSEN,True,0.007197035,0.0037266917,0.006637286,0.0052267173,0.0061820955,0.96227795,0.00446821,0.0042840466
/home/yogesh.patel/execution/25_9_2026_PRD_work/OCT2017_Test/test/DRUSEN/DRUSEN-827677-1.jpeg,2,DRUSEN,DRUSEN,DRUSEN,True,0.009001147,0.0021940426,0.0064497907,0.005765054,0.0076281014,0.95780957,0.0017975044,0.009354778
/home/yogesh.patel/execution/25_9_2026_PRD_work/OCT2017_Test/test/DRUSEN/DRUSEN-8281517-1.jpeg,2,DRUSEN,DRUSEN,DRUSEN,True,0.004098752,0.008331284,0.0049239965,0.0031783646,0.005818994,0.9651756,0.0040119234,0.00446109
/home/yogesh.patel/execution/25_9_2026_PRD_work/OCT2017_Test/test/DRUSEN/DRUSEN-8292670-1.jpeg,2,DRUSEN,DRUSEN,DRUSEN,True,0.0024075962,0.0028568956,0.0030677093,0.0038508205,0.0022393223,0.9818688,0.001586667,0.002122109
/home/yogesh.patel/execution/25_9_2026_PRD_work/OCT2017_Test/test/DRUSEN/DRUSEN-8319985-1.jpeg,2,DRUSEN,DRUSEN,DRUSEN,True,0.0026614314,0.007506454,0.006124504,0.0024691732,0.0024859537,0.9732397,0.00239641,0.0031163618
/home/yogesh.patel/execution/25_9_2026_PRD_work/OCT2017_Test/test/DRUSEN/DRUSEN-8339642-1.jpeg,2,DRUSEN,DRUSEN,DRUSEN,True,0.005970384,0.0073108966,0.009762683,0.003640751,0.011054226,0.945874,0.008237893,0.008149169
/home/yogesh.patel/execution/25_9_2026_PRD_work/OCT2017_Test/test/DRUSEN/DRUSEN-8345703-1.jpeg,2,DRUSEN,DRUSEN,DRUSEN,True,0.0043004695,0.005872638,0.0059972154,0.002702622,0.0043321038,0.97234285,0.0028630807,0.0015890213
/home/yogesh.patel/execution/25_9_2026_PRD_work/OCT2017_Test/test/DRUSEN/DRUSEN-8345703-2.jpeg,2,DRUSEN,DRUSEN,DRUSEN,True,0.004642521,0.005160106,0.0060302727,0.0035422163,0.0068439287,0.96498215,0.003809322,0.004989536
/home/yogesh.patel/execution/25_9_2026_PRD_work/OCT2017_Test/test/DRUSEN/DRUSEN-8351260-1.jpeg,2,DRUSEN,DRUSEN,DRUSEN,True,0.0049618087,0.003508904,0.008415321,0.005895784,0.009472176,0.9590551,0.0027314709,0.0059593483
/home/yogesh.patel/execution/25_9_2026_PRD_work/OCT2017_Test/test/DRUSEN/DRUSEN-8351260-2.jpeg,2,DRUSEN,DRUSEN,DRUSEN,True,0.005879488,0.01036079,0.0086568305,0.0067433706,0.010591474,0.9475575,0.0064003514,0.0038102078
/home/yogesh.patel/execution/25_9_2026_PRD_work/OCT2017_Test/test/DRUSEN/DRUSEN-8389446-1.jpeg,2,DRUSEN,DRUSEN,DRUSEN,True,0.0072040865,0.00973047,0.008530204,0.0067724003,0.0059162215,0.95591086,0.003224687,0.0027110106
/home/yogesh.patel/execution/25_9_2026_PRD_work/OCT2017_Test/test/DRUSEN/DRUSEN-8389446-2.jpeg,2,DRUSEN,DRUSEN,DRUSEN,True,0.0073568905,0.010924004,0.008840764,0.0067405375,0.011927805,0.94516885,0.0034029742,0.005638242
/home/yogesh.patel/execution/25_9_2026_PRD_work/OCT2017_Test/test/DRUSEN/DRUSEN-8389446-3.jpeg,2,DRUSEN,DRUSEN,DRUSEN,True,0.00616843,0.0069612293,0.009121445,0.004341451,0.004403496,0.96194273,0.0018265905,0.0052345847
/home/yogesh.patel/execution/25_9_2026_PRD_work/OCT2017_Test/test/DRUSEN/DRUSEN-8440718-1.jpeg,2,DRUSEN,DRUSEN,DRUSEN,True,0.004277155,0.025901876,0.0057529486,0.0050593605,0.0059383744,0.9473975,0.004000704,0.0016719585
/home/yogesh.patel/execution/25_9_2026_PRD_work/OCT2017_Test/test/DRUSEN/DRUSEN-8440718-2.jpeg,2,DRUSEN,DRUSEN,DRUSEN,True,0.0051634833,0.03890947,0.0067967633,0.00605348,0.010945502,0.9261427,0.0032719122,0.002716702
/home/yogesh.patel/execution/25_9_2026_PRD_work/OCT2017_Test/test/DRUSEN/DRUSEN-8440718-3.jpeg,2,DRUSEN,DRUSEN,DRUSEN,True,0.005388838,0.0049735615,0.0033944782,0.0046360954,0.004332279,0.9729709,0.0020152745,0.0022885737
/home/yogesh.patel/execution/25_9_2026_PRD_work/OCT2017_Test/test/DRUSEN/DRUSEN-8440718-4.jpeg,2,DRUSEN,DRUSEN,DRUSEN,True,0.009400226,0.03819407,0.010040174,0.011806852,0.009991632,0.9117318,0.0039205872,0.0049146637
/home/yogesh.patel/execution/25_9_2026_PRD_work/OCT2017_Test/test/DRUSEN/DRUSEN-8440718-5.jpeg,2,DRUSEN,DRUSEN,DRUSEN,True,0.0052476446,0.0070292274,0.0043436396,0.006251543,0.0052168528,0.96584255,0.0032388715,0.002829656
/home/yogesh.patel/execution/25_9_2026_PRD_work/OCT2017_Test/test/DRUSEN/DRUSEN-8549730-1.jpeg,2,DRUSEN,DRUSEN,DRUSEN,True,0.0071026734,0.019366728,0.006475062,0.0075948453,0.0077324854,0.94581777,0.0030079659,0.002902403
/home/yogesh.patel/execution/25_9_2026_PRD_work/OCT2017_Test/test/DRUSEN/DRUSEN-8549730-2.jpeg,2,DRUSEN,DRUSEN,DRUSEN,True,0.006115266,0.009969037,0.0069042896,0.006338543,0.008475196,0.9581764,0.0018095613,0.002211835
/home/yogesh.patel/execution/25_9_2026_PRD_work/OCT2017_Test/test/DRUSEN/DRUSEN-8549730-3.jpeg,2,DRUSEN,DRUSEN,DRUSEN,True,0.0063457973,0.005798537,0.0061360714,0.007805996,0.007419444,0.9607328,0.0029511205,0.002810164
/home/yogesh.patel/execution/25_9_2026_PRD_work/OCT2017_Test/test/DRUSEN/DRUSEN-8549730-4.jpeg,2,DRUSEN,DRUSEN,DRUSEN,True,0.0073622917,0.02037369,0.008115708,0.011021615,0.00822896,0.9369981,0.0049002194,0.002999363
/home/yogesh.patel/execution/25_9_2026_PRD_work/OCT2017_Test/test/DRUSEN/DRUSEN-8549730-5.jpeg,2,DRUSEN,DRUSEN,DRUSEN,True,0.003631515,0.0013026336,0.0031750607,0.0058500404,0.0054892898,0.9756978,0.0025423728,0.0023112954
/home/yogesh.patel/execution/25_9_2026_PRD_work/OCT2017_Test/test/DRUSEN/DRUSEN-8549730-6.jpeg,2,DRUSEN,DRUSEN,DRUSEN,True,0.0049515534,0.019107033,0.003363755,0.01678893,0.009279569,0.9405049,0.0025189577,0.0034852535
/home/yogesh.patel/execution/25_9_2026_PRD_work/OCT2017_Test/test/DRUSEN/DRUSEN-8549730-7.jpeg,2,DRUSEN,DRUSEN,DRUSEN,True,0.008287032,0.057794213,0.005545539,0.05530715,0.013804485,0.8456861,0.00844093,0.0051345234
/home/yogesh.patel/execution/25_9_2026_PRD_work/OCT2017_Test/test/DRUSEN/DRUSEN-8577392-1.jpeg,2,DRUSEN,DRUSEN,DRUSEN,True,0.0051622805,0.00435819,0.0035356681,0.003932713,0.0034228158,0.9736604,0.0037944142,0.0021335836
/home/yogesh.patel/execution/25_9_2026_PRD_work/OCT2017_Test/test/DRUSEN/DRUSEN-8605472-1.jpeg,2,DRUSEN,DRUSEN,DRUSEN,True,0.010757051,0.072077624,0.013305513,0.00672425,0.019468045,0.86528003,0.008470385,0.003917118
/home/yogesh.patel/execution/25_9_2026_PRD_work/OCT2017_Test/test/DRUSEN/DRUSEN-8656509-1.jpeg,2,DRUSEN,DRUSEN,DRUSEN,True,0.005699317,0.022960238,0.003441426,0.003991001,0.0039244494,0.95444506,0.0029127337,0.0026257779
/home/yogesh.patel/execution/25_9_2026_PRD_work/OCT2017_Test/test/DRUSEN/DRUSEN-8708331-1.jpeg,2,DRUSEN,DRUSEN,DRUSEN,True,0.0045752185,0.007594303,0.009874271,0.0043130605,0.008859951,0.9499962,0.0024079583,0.012378948
/home/yogesh.patel/execution/25_9_2026_PRD_work/OCT2017_Test/test/DRUSEN/DRUSEN-8811857-1.jpeg,2,DRUSEN,DRUSEN,DRUSEN,True,0.004171191,0.0066183987,0.0051359646,0.0036614882,0.003558184,0.970463,0.0030874338,0.0033043036
/home/yogesh.patel/execution/25_9_2026_PRD_work/OCT2017_Test/test/DRUSEN/DRUSEN-8811857-2.jpeg,2,DRUSEN,DRUSEN,DRUSEN,True,0.005633455,0.018581523,0.00545372,0.0016467341,0.0027845541,0.9586971,0.001985169,0.005217821
/home/yogesh.patel/execution/25_9_2026_PRD_work/OCT2017_Test/test/DRUSEN/DRUSEN-8854406-1.jpeg,2,DRUSEN,DRUSEN,DRUSEN,True,0.0035163579,0.008298711,0.0061954213,0.004189112,0.004292108,0.96702945,0.0030233476,0.0034555155
/home/yogesh.patel/execution/25_9_2026_PRD_work/OCT2017_Test/test/DRUSEN/DRUSEN-8854406-2.jpeg,2,DRUSEN,DRUSEN,DRUSEN,True,0.0078249145,0.0037086813,0.0036924595,0.0060405815,0.0038347032,0.96984845,0.0029371972,0.0021130077
/home/yogesh.patel/execution/25_9_2026_PRD_work/OCT2017_Test/test/DRUSEN/DRUSEN-8870525-1.jpeg,2,DRUSEN,DRUSEN,DRUSEN,True,0.0060453196,0.021413663,0.007842431,0.0036695243,0.009888346,0.943923,0.0024680325,0.0047497344
/home/yogesh.patel/execution/25_9_2026_PRD_work/OCT2017_Test/test/DRUSEN/DRUSEN-8870525-2.jpeg,2,DRUSEN,CNV,CNV,False,0.020008236,0.6083798,0.019943776,0.015175536,0.025576605,0.29044867,0.009222579,0.011244783
/home/yogesh.patel/execution/25_9_2026_PRD_work/OCT2017_Test/test/DRUSEN/DRUSEN-8870525-3.jpeg,2,DRUSEN,DRUSEN,DRUSEN,True,0.0065572225,0.22082865,0.0064611915,0.0044944184,0.008320732,0.7432022,0.0060713696,0.0040641963
/home/yogesh.patel/execution/25_9_2026_PRD_work/OCT2017_Test/test/DRUSEN/DRUSEN-9049813-1.jpeg,2,DRUSEN,DRUSEN,DRUSEN,True,0.0059338743,0.009448999,0.0073386263,0.0055106403,0.0057850424,0.9586716,0.004543379,0.002767777
/home/yogesh.patel/execution/25_9_2026_PRD_work/OCT2017_Test/test/DRUSEN/DRUSEN-9059831-1.jpeg,2,DRUSEN,DRUSEN,DRUSEN,True,0.0075125666,0.06748903,0.022027342,0.006091674,0.014623524,0.8758577,0.0020067748,0.004391415
/home/yogesh.patel/execution/25_9_2026_PRD_work/OCT2017_Test/test/DRUSEN/DRUSEN-9059831-2.jpeg,2,DRUSEN,DRUSEN,DRUSEN,True,0.009656018,0.020391447,0.010275435,0.005575671,0.007007618,0.9353628,0.0075233164,0.004207724
/home/yogesh.patel/execution/25_9_2026_PRD_work/OCT2017_Test/test/DRUSEN/DRUSEN-907869-1.jpeg,2,DRUSEN,DRUSEN,DRUSEN,True,0.0056032594,0.016039124,0.011282318,0.01155067,0.009527204,0.93728995,0.0007002355,0.008007284
/home/yogesh.patel/execution/25_9_2026_PRD_work/OCT2017_Test/test/DRUSEN/DRUSEN-907869-2.jpeg,2,DRUSEN,DRUSEN,DRUSEN,True,0.005849829,0.0057294606,0.008362162,0.005788101,0.005326221,0.9584748,0.0012184547,0.009250964
/home/yogesh.patel/execution/25_9_2026_PRD_work/OCT2017_Test/test/DRUSEN/DRUSEN-9087597-1.jpeg,2,DRUSEN,DRUSEN,DRUSEN,True,0.009947089,0.05801287,0.017206948,0.0051561524,0.015349296,0.88349533,0.0062074247,0.0046248864
/home/yogesh.patel/execution/25_9_2026_PRD_work/OCT2017_Test/test/DRUSEN/DRUSEN-9087597-2.jpeg,2,DRUSEN,DRUSEN,DRUSEN,True,0.0069200764,0.012943223,0.007174475,0.008722563,0.0057238624,0.95185965,0.0039221863,0.002733881
/home/yogesh.patel/execution/25_9_2026_PRD_work/OCT2017_Test/test/DRUSEN/DRUSEN-9155039-1.jpeg,2,DRUSEN,DRUSEN,DRUSEN,True,0.004492117,0.01474913,0.007366232,0.004089078,0.007042149,0.9513455,0.0038162137,0.0070995376
/home/yogesh.patel/execution/25_9_2026_PRD_work/OCT2017_Test/test/DRUSEN/DRUSEN-9201573-1.jpeg,2,DRUSEN,DRUSEN,DRUSEN,True,0.008158216,0.019637361,0.010047867,0.0046994076,0.010436746,0.9343777,0.0044627683,0.00818001
/home/yogesh.patel/execution/25_9_2026_PRD_work/OCT2017_Test/test/DRUSEN/DRUSEN-9225057-1.jpeg,2,DRUSEN,DRUSEN,DRUSEN,True,0.0037075132,0.005237098,0.00463911,0.004101791,0.0049455133,0.9681294,0.003528145,0.0057112956
/home/yogesh.patel/execution/25_9_2026_PRD_work/OCT2017_Test/test/DRUSEN/DRUSEN-9225057-2.jpeg,2,DRUSEN,DRUSEN,DRUSEN,True,0.0042067426,0.0038392409,0.0059967116,0.0047587836,0.008101667,0.96393317,0.0017110606,0.0074526942
/home/yogesh.patel/execution/25_9_2026_PRD_work/OCT2017_Test/test/DRUSEN/DRUSEN-9280370-1.jpeg,2,DRUSEN,DRUSEN,DRUSEN,True,0.0066127637,0.010193049,0.005088186,0.0068789017,0.005263903,0.9589316,0.0035421033,0.0034894487
/home/yogesh.patel/execution/25_9_2026_PRD_work/OCT2017_Test/test/DRUSEN/DRUSEN-9442692-1.jpeg,2,DRUSEN,DRUSEN,DRUSEN,True,0.0065943026,0.0045113284,0.0079945875,0.0063724313,0.010656661,0.9565989,0.0012406236,0.0060311737
/home/yogesh.patel/execution/25_9_2026_PRD_work/OCT2017_Test/test/DRUSEN/DRUSEN-9504181-1.jpeg,2,DRUSEN,DRUSEN,DRUSEN,True,0.0038440085,0.006541555,0.005994973,0.0034768484,0.0045676427,0.9696092,0.00317733,0.0027884175
/home/yogesh.patel/execution/25_9_2026_PRD_work/OCT2017_Test/test/DRUSEN/DRUSEN-9504181-2.jpeg,2,DRUSEN,DRUSEN,DRUSEN,True,0.009481971,0.0029431232,0.004594538,0.0059479317,0.0038326683,0.9679167,0.002441074,0.0028420556
/home/yogesh.patel/execution/25_9_2026_PRD_work/OCT2017_Test/test/DRUSEN/DRUSEN-95633-1.jpeg,2,DRUSEN,DRUSEN,DRUSEN,True,0.007866946,0.0055690203,0.008538862,0.008391618,0.0067666983,0.9567461,0.0040127146,0.0021081658
/home/yogesh.patel/execution/25_9_2026_PRD_work/OCT2017_Test/test/DRUSEN/DRUSEN-956663-1.jpeg,2,DRUSEN,DRUSEN,DRUSEN,True,0.005147943,0.0032198722,0.005349459,0.0052166986,0.0059055206,0.96755266,0.0044919443,0.0031159197
/home/yogesh.patel/execution/25_9_2026_PRD_work/OCT2017_Test/test/DRUSEN/DRUSEN-9624303-1.jpeg,2,DRUSEN,DRUSEN,DRUSEN,True,0.004414988,0.024178866,0.0054301145,0.006388592,0.007277811,0.943796,0.0067049917,0.0018087446
/home/yogesh.patel/execution/25_9_2026_PRD_work/OCT2017_Test/test/DRUSEN/DRUSEN-9624303-2.jpeg,2,DRUSEN,DRUSEN,DRUSEN,True,0.0068254145,0.015063508,0.006519904,0.007929204,0.006319455,0.95074075,0.004049105,0.0025526818
/home/yogesh.patel/execution/25_9_2026_PRD_work/OCT2017_Test/test/DRUSEN/DRUSEN-9642260-1.jpeg,2,DRUSEN,DRUSEN,DRUSEN,True,0.008138564,0.012271159,0.008470068,0.007628657,0.0073693967,0.9498428,0.004465522,0.0018139133
/home/yogesh.patel/execution/25_9_2026_PRD_work/OCT2017_Test/test/DRUSEN/DRUSEN-9689334-1.jpeg,2,DRUSEN,DRUSEN,DRUSEN,True,0.0049388036,0.0032019534,0.0074941586,0.008017731,0.010356131,0.9605852,0.0015783113,0.003827718
/home/yogesh.patel/execution/25_9_2026_PRD_work/OCT2017_Test/test/DRUSEN/DRUSEN-9734808-1.jpeg,2,DRUSEN,DRUSEN,DRUSEN,True,0.007136065,0.009487548,0.008663843,0.005858142,0.0073368014,0.9533274,0.00541903,0.002771173
/home/yogesh.patel/execution/25_9_2026_PRD_work/OCT2017_Test/test/DRUSEN/DRUSEN-9734808-2.jpeg,2,DRUSEN,DRUSEN,DRUSEN,True,0.008041797,0.33026406,0.008653835,0.011380627,0.01657165,0.6021334,0.012769274,0.010185334
/home/yogesh.patel/execution/25_9_2026_PRD_work/OCT2017_Test/test/DRUSEN/DRUSEN-9800172-1.jpeg,2,DRUSEN,DRUSEN,DRUSEN,True,0.0074246814,0.021231908,0.010991505,0.0046635843,0.00984771,0.9306471,0.006502077,0.008691431
/home/yogesh.patel/execution/25_9_2026_PRD_work/OCT2017_Test/test/DRUSEN/DRUSEN-987193-1.jpeg,2,DRUSEN,DRUSEN,DRUSEN,True,0.008614419,0.013824261,0.01200706,0.005677346,0.013734095,0.9350025,0.008562875,0.002577397
/home/yogesh.patel/execution/25_9_2026_PRD_work/OCT2017_Test/test/NORMAL/NORMAL-1017237-1.jpeg,3,NORMAL,NORMAL,NORMAL,True,0.007963663,0.0054605403,0.00682414,0.0042277635,0.0056914547,0.009618652,0.0034954476,0.9567184
/home/yogesh.patel/execution/25_9_2026_PRD_work/OCT2017_Test/test/NORMAL/NORMAL-101880-1.jpeg,3,NORMAL,NORMAL,NORMAL,True,0.0040504867,0.0024401285,0.005664035,0.004608382,0.0061482196,0.0046910625,0.003967611,0.9684299
/home/yogesh.patel/execution/25_9_2026_PRD_work/OCT2017_Test/test/NORMAL/NORMAL-1025847-1.jpeg,3,NORMAL,NORMAL,NORMAL,True,0.007908163,0.004794226,0.009432657,0.003585818,0.005094128,0.011065545,0.004200622,0.95391876
/home/yogesh.patel/execution/25_9_2026_PRD_work/OCT2017_Test/test/NORMAL/NORMAL-1038998-1.jpeg,3,NORMAL,NORMAL,NORMAL,True,0.011593344,0.0061183907,0.010294404,0.031825285,0.012196702,0.012011597,0.008395924,0.9075644
/home/yogesh.patel/execution/25_9_2026_PRD_work/OCT2017_Test/test/NORMAL/NORMAL-1042462-1.jpeg,3,NORMAL,NORMAL,NORMAL,True,0.013128137,0.021034893,0.017589577,0.007268596,0.0121725965,0.1291974,0.0059799477,0.7936289
/home/yogesh.patel/execution/25_9_2026_PRD_work/OCT2017_Test/test/NORMAL/NORMAL-1058176-1.jpeg,3,NORMAL,NORMAL,NORMAL,True,0.0072017876,0.005502743,0.010387788,0.0031463706,0.00636911,0.008000251,0.002586878,0.956805
/home/yogesh.patel/execution/25_9_2026_PRD_work/OCT2017_Test/test/NORMAL/NORMAL-1063128-1.jpeg,3,NORMAL,NORMAL,NORMAL,True,0.007058177,0.00607821,0.008057948,0.006868689,0.010501715,0.010056186,0.004047586,0.9473315
/home/yogesh.patel/execution/25_9_2026_PRD_work/OCT2017_Test/test/NORMAL/NORMAL-1073137-1.jpeg,3,NORMAL,NORMAL,NORMAL,True,0.0060937065,0.003522669,0.006010949,0.0040192907,0.008512343,0.005511703,0.002702657,0.9636266
/home/yogesh.patel/execution/25_9_2026_PRD_work/OCT2017_Test/test/NORMAL/NORMAL-1081406-1.jpeg,3,NORMAL,NORMAL,NORMAL,True,0.013250916,0.020126577,0.012470679,0.011672707,0.019463882,0.114695996,0.014142077,0.7941771
/home/yogesh.patel/execution/25_9_2026_PRD_work/OCT2017_Test/test/NORMAL/NORMAL-112928-1.jpeg,3,NORMAL,NORMAL,NORMAL,True,0.007903025,0.00976539,0.010464797,0.006449627,0.0075018927,0.015097182,0.0048358,0.93798226
/home/yogesh.patel/execution/25_9_2026_PRD_work/OCT2017_Test/test/NORMAL/NORMAL-119840-1.jpeg,3,NORMAL,NORMAL,NORMAL,True,0.008385503,0.0056548463,0.010316007,0.01877362,0.008481852,0.009104535,0.006332197,0.9329514
/home/yogesh.patel/execution/25_9_2026_PRD_work/OCT2017_Test/test/NORMAL/NORMAL-12494-1.jpeg,3,NORMAL,NORMAL,NORMAL,True,0.00869319,0.0066237603,0.012706302,0.0042258883,0.005994999,0.005874259,0.0030964795,0.95278513
/home/yogesh.patel/execution/25_9_2026_PRD_work/OCT2017_Test/test/NORMAL/NORMAL-12494-2.jpeg,3,NORMAL,NORMAL,NORMAL,True,0.007985195,0.00674016,0.01141612,0.0066108145,0.0061507924,0.008045764,0.003935261,0.9491159
/home/yogesh.patel/execution/25_9_2026_PRD_work/OCT2017_Test/test/NORMAL/NORMAL-12494-3.jpeg,3,NORMAL,NORMAL,NORMAL,True,0.0055797608,0.0029094045,0.007296059,0.005352934,0.0043164077,0.0063062334,0.0021659401,0.9660732
/home/yogesh.patel/execution/25_9_2026_PRD_work/OCT2017_Test/test/NORMAL/NORMAL-12494-4.jpeg,3,NORMAL,NORMAL,NORMAL,True,0.014080318,0.007908936,0.015606997,0.008286297,0.008365225,0.012068259,0.00638018,0.9273038
/home/yogesh.patel/execution/25_9_2026_PRD_work/OCT2017_Test/test/NORMAL/NORMAL-12494-5.jpeg,3,NORMAL,NORMAL,NORMAL,True,0.010824446,0.0061729555,0.012374368,0.006681887,0.006722634,0.005810716,0.0034521958,0.94796073
/home/yogesh.patel/execution/25_9_2026_PRD_work/OCT2017_Test/test/NORMAL/NORMAL-133321-1.jpeg,3,NORMAL,NORMAL,NORMAL,True,0.0047073164,0.0041229473,0.0059897206,0.0068208906,0.0034181685,0.0052945497,0.0029295157,0.9667168
/home/yogesh.patel/execution/25_9_2026_PRD_work/OCT2017_Test/test/NORMAL/NORMAL-138971-1.jpeg,3,NORMAL,NORMAL,NORMAL,True,0.0064276317,0.006753651,0.009878145,0.007943854,0.007826427,0.012216589,0.004725898,0.9442279
/home/yogesh.patel/execution/25_9_2026_PRD_work/OCT2017_Test/test/NORMAL/NORMAL-15208-1.jpeg,3,NORMAL,NORMAL,NORMAL,True,0.0074725887,0.005712674,0.008444146,0.0033590652,0.005409897,0.006769101,0.0034429678,0.95938957
/home/yogesh.patel/execution/25_9_2026_PRD_work/OCT2017_Test/test/NORMAL/NORMAL-15307-1.jpeg,3,NORMAL,NORMAL,NORMAL,True,0.0071965954,0.009095692,0.0105905095,0.0041081016,0.006831639,0.014758341,0.0039553223,0.94346374
/home/yogesh.patel/execution/25_9_2026_PRD_work/OCT2017_Test/test/NORMAL/NORMAL-153950-1.jpeg,3,NORMAL,NORMAL,NORMAL,True,0.009546204,0.0049801767,0.0102440575,0.003755275,0.009317584,0.008015135,0.005305098,0.94883645
/home/yogesh.patel/execution/25_9_2026_PRD_work/OCT2017_Test/test/NORMAL/NORMAL-1746717-1.jpeg,3,NORMAL,NORMAL,NORMAL,True,0.0076292013,0.003424067,0.009714618,0.005448708,0.0074706133,0.0067582754,0.0042959093,0.9552586
/home/yogesh.patel/execution/25_9_2026_PRD_work/OCT2017_Test/test/NORMAL/NORMAL-1759350-1.jpeg,3,NORMAL,NORMAL,NORMAL,True,0.00661774,0.012566951,0.012494973,0.007424902,0.015092253,0.020082114,0.006727658,0.9189935
/home/yogesh.patel/execution/25_9_2026_PRD_work/OCT2017_Test/test/NORMAL/NORMAL-1781140-1.jpeg,3,NORMAL,NORMAL,NORMAL,True,0.003828252,0.0059636133,0.007225934,0.0044715884,0.0053562922,0.006102054,0.004937728,0.96211463
/home/yogesh.patel/execution/25_9_2026_PRD_work/OCT2017_Test/test/NORMAL/NORMAL-1791409-1.jpeg,3,NORMAL,NORMAL,NORMAL,True,0.006353102,0.007289173,0.0073935217,0.012984781,0.007317905,0.009559296,0.0058269887,0.9432752
/home/yogesh.patel/execution/25_9_2026_PRD_work/OCT2017_Test/test/NORMAL/NORMAL-1831654-1.jpeg,3,NORMAL,NORMAL,NORMAL,True,0.0070825093,0.003570314,0.0075365608,0.006267307,0.007733343,0.0070796493,0.0028449653,0.9578852
/home/yogesh.patel/execution/25_9_2026_PRD_work/OCT2017_Test/test/NORMAL/NORMAL-1853526-1.jpeg,3,NORMAL,NORMAL,NORMAL,True,0.0064929337,0.00500645,0.010423126,0.006134283,0.009652312,0.013058867,0.004205245,0.9450268
/home/yogesh.patel/execution/25_9_2026_PRD_work/OCT2017_Test/test/NORMAL/NORMAL-1860310-1.jpeg,3,NORMAL,NORMAL,NORMAL,True,0.004985415,0.0029727228,0.0058667767,0.010641538,0.008020085,0.0050601875,0.0025532614,0.9599001
/home/yogesh.patel/execution/25_9_2026_PRD_work/OCT2017_Test/test/NORMAL/NORMAL-1897894-1.jpeg,3,NORMAL,NORMAL,NORMAL,True,0.009338356,0.00802832,0.009508637,0.002791106,0.006851322,0.0046047615,0.0034357284,0.9554418
/home/yogesh.patel/execution/25_9_2026_PRD_work/OCT2017_Test/test/NORMAL/NORMAL-1907560-1.jpeg,3,NORMAL,NORMAL,NORMAL,True,0.0051650032,0.0059578028,0.009812809,0.004175256,0.0070496607,0.009971663,0.002530317,0.9553376
/home/yogesh.patel/execution/25_9_2026_PRD_work/OCT2017_Test/test/NORMAL/NORMAL-1908313-1.jpeg,3,NORMAL,NORMAL,NORMAL,True,0.005593913,0.0041612224,0.0072129616,0.0064970874,0.0058181426,0.009131252,0.0035951727,0.9579902
/home/yogesh.patel/execution/25_9_2026_PRD_work/OCT2017_Test/test/NORMAL/NORMAL-1951042-1.jpeg,3,NORMAL,NORMAL,NORMAL,True,0.009316523,0.0074640014,0.010396322,0.012198537,0.011136529,0.0064619244,0.0051496453,0.9378766
/home/yogesh.patel/execution/25_9_2026_PRD_work/OCT2017_Test/test/NORMAL/NORMAL-1957379-1.jpeg,3,NORMAL,NORMAL,NORMAL,True,0.004907488,0.0059178383,0.006253121,0.0031240229,0.0078509245,0.006400347,0.0025614991,0.96298474
/home/yogesh.patel/execution/25_9_2026_PRD_work/OCT2017_Test/test/NORMAL/NORMAL-197082-1.jpeg,3,NORMAL,NORMAL,NORMAL,True,0.006265456,0.0067989994,0.009839485,0.0055756336,0.009639447,0.023519559,0.0048513166,0.9335101
/home/yogesh.patel/execution/25_9_2026_PRD_work/OCT2017_Test/test/NORMAL/NORMAL-1983894-1.jpeg,3,NORMAL,NORMAL,NORMAL,True,0.00683659,0.0049519776,0.0072135413,0.0052780956,0.010259429,0.0070641562,0.002705313,0.955691
/home/yogesh.patel/execution/25_9_2026_PRD_work/OCT2017_Test/test/NORMAL/NORMAL-1988065-1.jpeg,3,NORMAL,NORMAL,NORMAL,True,0.007379028,0.004177403,0.010199897,0.004613646,0.01023277,0.006733489,0.0034311984,0.9532326
/home/yogesh.patel/execution/25_9_2026_PRD_work/OCT2017_Test/test/NORMAL/NORMAL-1989796-1.jpeg,3,NORMAL,NORMAL,NORMAL,True,0.007024599,0.005380382,0.0073870937,0.002506827,0.0048704236,0.00598394,0.0030221643,0.9638245
/home/yogesh.patel/execution/25_9_2026_PRD_work/OCT2017_Test/test/NORMAL/NORMAL-1998191-1.jpeg,3,NORMAL,NORMAL,NORMAL,True,0.0061091958,0.002467333,0.00960814,0.004555912,0.007372752,0.0050335303,0.002487011,0.96236616
/home/yogesh.patel/execution/25_9_2026_PRD_work/OCT2017_Test/test/NORMAL/NORMAL-2010714-1.jpeg,3,NORMAL,NORMAL,NORMAL,True,0.013265425,0.0030808859,0.0071187355,0.007002331,0.008484024,0.0028487993,0.002074425,0.9561254
/home/yogesh.patel/execution/25_9_2026_PRD_work/OCT2017_Test/test/NORMAL/NORMAL-2011412-1.jpeg,3,NORMAL,NORMAL,NORMAL,True,0.0071413624,0.005890181,0.008869131,0.005667341,0.006186266,0.009915754,0.003099213,0.9532307
/home/yogesh.patel/execution/25_9_2026_PRD_work/OCT2017_Test/test/NORMAL/NORMAL-2019006-1.jpeg,3,NORMAL,NORMAL,NORMAL,True,0.0070395237,0.004618462,0.010063987,0.003775671,0.00587248,0.012925212,0.0024646611,0.95324
/home/yogesh.patel/execution/25_9_2026_PRD_work/OCT2017_Test/test/NORMAL/NORMAL-2019423-1.jpeg,3,NORMAL,NORMAL,NORMAL,True,0.011049128,0.008333406,0.012181794,0.0076472,0.011424102,0.010218164,0.0059729256,0.9331732
/home/yogesh.patel/execution/25_9_2026_PRD_work/OCT2017_Test/test/NORMAL/NORMAL-2055634-1.jpeg,3,NORMAL,NORMAL,NORMAL,True,0.006821216,0.003862549,0.009638607,0.0050355354,0.008702642,0.0072868406,0.002973262,0.9556793
/home/yogesh.patel/execution/25_9_2026_PRD_work/OCT2017_Test/test/NORMAL/NORMAL-2059629-1.jpeg,3,NORMAL,NORMAL,NORMAL,True,0.010161197,0.0067102797,0.010883175,0.01310315,0.009840713,0.009089426,0.0052031484,0.935009
/home/yogesh.patel/execution/25_9_2026_PRD_work/OCT2017_Test/test/NORMAL/NORMAL-2075832-1.jpeg,3,NORMAL,NORMAL,NORMAL,True,0.009812116,0.0055872304,0.0129782865,0.01051703,0.01056289,0.00946368,0.004956351,0.9361224
/home/yogesh.patel/execution/25_9_2026_PRD_work/OCT2017_Test/test/NORMAL/NORMAL-2082689-1.jpeg,3,NORMAL,NORMAL,NORMAL,True,0.0075129652,0.0042490563,0.008046676,0.010827646,0.0066310135,0.010902603,0.0046910676,0.94713885
/home/yogesh.patel/execution/25_9_2026_PRD_work/OCT2017_Test/test/NORMAL/NORMAL-2095710-1.jpeg,3,NORMAL,NORMAL,NORMAL,True,0.0057846974,0.0023854792,0.0071252338,0.007908418,0.005392982,0.0041433433,0.0025135225,0.9647463
/home/yogesh.patel/execution/25_9_2026_PRD_work/OCT2017_Test/test/NORMAL/NORMAL-2113822-1.jpeg,3,NORMAL,NORMAL,NORMAL,True,0.007773806,0.011476128,0.011521559,0.007816905,0.0076728472,0.005797113,0.005179071,0.94276255
/home/yogesh.patel/execution/25_9_2026_PRD_work/OCT2017_Test/test/NORMAL/NORMAL-2120559-1.jpeg,3,NORMAL,NORMAL,NORMAL,True,0.008523964,0.0033555746,0.006842976,0.0051286113,0.008679693,0.0050916467,0.0017783758,0.9605992
/home/yogesh.patel/execution/25_9_2026_PRD_work/OCT2017_Test/test/NORMAL/NORMAL-2120559-2.jpeg,3,NORMAL,NORMAL,NORMAL,True,0.007166196,0.0040341853,0.006212253,0.006811542,0.008898505,0.0041206367,0.0023776658,0.960379
/home/yogesh.patel/execution/25_9_2026_PRD_work/OCT2017_Test/test/NORMAL/NORMAL-2120559-3.jpeg,3,NORMAL,NORMAL,NORMAL,True,0.0068213856,0.005566829,0.00975196,0.0057138978,0.0084319385,0.008739395,0.0030941209,0.9518805
/home/yogesh.patel/execution/25_9_2026_PRD_work/OCT2017_Test/test/NORMAL/NORMAL-2126186-1.jpeg,3,NORMAL,NORMAL,NORMAL,True,0.006009818,0.010290366,0.010833867,0.0031324145,0.010829405,0.010309412,0.0042903954,0.94430435
/home/yogesh.patel/execution/25_9_2026_PRD_work/OCT2017_Test/test/NORMAL/NORMAL-2131138-1.jpeg,3,NORMAL,NORMAL,NORMAL,True,0.0069625573,0.0057481267,0.008608457,0.004390572,0.006897259,0.010320026,0.003601847,0.9534712
/home/yogesh.patel/execution/25_9_2026_PRD_work/OCT2017_Test/test/NORMAL/NORMAL-2158556-1.jpeg,3,NORMAL,NORMAL,NORMAL,True,0.00584346,0.0073828497,0.0083295675,0.0035341324,0.009536386,0.009127687,0.003117041,0.95312893
/home/yogesh.patel/execution/25_9_2026_PRD_work/OCT2017_Test/test/NORMAL/NORMAL-2167295-1.jpeg,3,NORMAL,NORMAL,NORMAL,True,0.005028719,0.004620181,0.009542351,0.016985085,0.006639999,0.006889815,0.004027622,0.9462662
/home/yogesh.patel/execution/25_9_2026_PRD_work/OCT2017_Test/test/NORMAL/NORMAL-2181272-1.jpeg,3,NORMAL,NORMAL,NORMAL,True,0.0072708563,0.0027223725,0.006441183,0.020908548,0.009844578,0.0039271503,0.0029388084,0.94594646
/home/yogesh.patel/execution/25_9_2026_PRD_work/OCT2017_Test/test/NORMAL/NORMAL-2182640-1.jpeg,3,NORMAL,DRUSEN,DRUSEN,False,0.009212275,0.014415144,0.017759696,0.0062148296,0.01811691,0.54342324,0.006887191,0.3839707
/home/yogesh.patel/execution/25_9_2026_PRD_work/OCT2017_Test/test/NORMAL/NORMAL-2192790-1.jpeg,3,NORMAL,NORMAL,NORMAL,True,0.0067338385,0.006600846,0.0092161475,0.0046701245,0.0070961686,0.0071256985,0.003086649,0.95547056
/home/yogesh.patel/execution/25_9_2026_PRD_work/OCT2017_Test/test/NORMAL/NORMAL-2197972-1.jpeg,3,NORMAL,NORMAL,NORMAL,True,0.0061019147,0.0058421693,0.009853774,0.0063818027,0.008781027,0.008849101,0.004703524,0.94948673
/home/yogesh.patel/execution/25_9_2026_PRD_work/OCT2017_Test/test/NORMAL/NORMAL-2226488-1.jpeg,3,NORMAL,NORMAL,NORMAL,True,0.0065632532,0.0038967566,0.0051868856,0.009894073,0.004494879,0.002657052,0.0031995482,0.96410763
/home/yogesh.patel/execution/25_9_2026_PRD_work/OCT2017_Test/test/NORMAL/NORMAL-2231056-1.jpeg,3,NORMAL,NORMAL,NORMAL,True,0.0090050185,0.0051624523,0.009731738,0.024841921,0.007718151,0.021422181,0.006644623,0.9154739
/home/yogesh.patel/execution/25_9_2026_PRD_work/OCT2017_Test/test/NORMAL/NORMAL-223814-1.jpeg,3,NORMAL,NORMAL,NORMAL,True,0.0072743725,0.0031339123,0.0077697197,0.021179214,0.0065662726,0.006714222,0.00435446,0.9430078
/home/yogesh.patel/execution/25_9_2026_PRD_work/OCT2017_Test/test/NORMAL/NORMAL-2244950-1.jpeg,3,NORMAL,NORMAL,NORMAL,True,0.006649881,0.0036253938,0.006357672,0.004753541,0.005318705,0.0029777484,0.002515026,0.96780217
/home/yogesh.patel/execution/25_9_2026_PRD_work/OCT2017_Test/test/NORMAL/NORMAL-2287992-1.jpeg,3,NORMAL,NORMAL,NORMAL,True,0.005428608,0.0055214684,0.0071997694,0.01116448,0.009150503,0.008883502,0.0052894196,0.9473622
/home/yogesh.patel/execution/25_9_2026_PRD_work/OCT2017_Test/test/NORMAL/NORMAL-2305502-1.jpeg,3,NORMAL,NORMAL,NORMAL,True,0.008816633,0.008077483,0.010851477,0.008717012,0.008652397,0.009353282,0.0053983754,0.9401333
/home/yogesh.patel/execution/25_9_2026_PRD_work/OCT2017_Test/test/NORMAL/NORMAL-2312921-1.jpeg,3,NORMAL,NORMAL,NORMAL,True,0.0060471017,0.008336731,0.006971019,0.009854808,0.0076896986,0.0057015163,0.0032409858,0.9521582
/home/yogesh.patel/execution/25_9_2026_PRD_work/OCT2017_Test/test/NORMAL/NORMAL-2316423-1.jpeg,3,NORMAL,NORMAL,NORMAL,True,0.00653022,0.010828293,0.010157964,0.0055873385,0.009913661,0.00815173,0.0047044004,0.94412637
/home/yogesh.patel/execution/25_9_2026_PRD_work/OCT2017_Test/test/NORMAL/NORMAL-2335256-1.jpeg,3,NORMAL,NORMAL,NORMAL,True,0.0055056573,0.007410035,0.0069251987,0.0072160056,0.008263796,0.0071281902,0.003882153,0.953669
/home/yogesh.patel/execution/25_9_2026_PRD_work/OCT2017_Test/test/NORMAL/NORMAL-2342517-1.jpeg,3,NORMAL,NORMAL,NORMAL,True,0.0073677357,0.0073328754,0.009004546,0.0069347196,0.009658152,0.008800387,0.0029690447,0.9479326
/home/yogesh.patel/execution/25_9_2026_PRD_work/OCT2017_Test/test/NORMAL/NORMAL-2350851-1.jpeg,3,NORMAL,NORMAL,NORMAL,True,0.006336524,0.002664392,0.0073083476,0.004588447,0.008317027,0.008276891,0.0020908965,0.9604174
/home/yogesh.patel/execution/25_9_2026_PRD_work/OCT2017_Test/test/NORMAL/NORMAL-2351012-1.jpeg,3,NORMAL,NORMAL,NORMAL,True,0.007766474,0.0038299956,0.0064504705,0.006666438,0.006169924,0.0074355737,0.0035061885,0.95817494
/home/yogesh.patel/execution/25_9_2026_PRD_work/OCT2017_Test/test/NORMAL/NORMAL-2362579-1.jpeg,3,NORMAL,NORMAL,NORMAL,True,0.0068315524,0.0051520467,0.011081701,0.005346685,0.00718135,0.012260718,0.0040674233,0.9480784
/home/yogesh.patel/execution/25_9_2026_PRD_work/OCT2017_Test/test/NORMAL/NORMAL-2366700-1.jpeg,3,NORMAL,NORMAL,NORMAL,True,0.006647271,0.0064667077,0.007513165,0.0060152905,0.007092877,0.008449469,0.0045644916,0.9532507
/home/yogesh.patel/execution/25_9_2026_PRD_work/OCT2017_Test/test/NORMAL/NORMAL-2373878-1.jpeg,3,NORMAL,NORMAL,NORMAL,True,0.00796704,0.008122467,0.009034734,0.0062084068,0.0059411163,0.0062259096,0.0040246537,0.9524756
/home/yogesh.patel/execution/25_9_2026_PRD_work/OCT2017_Test/test/NORMAL/NORMAL-2377429-1.jpeg,3,NORMAL,NORMAL,NORMAL,True,0.006292144,0.005659787,0.009965211,0.011010347,0.013060398,0.013796227,0.0041891136,0.93602675
/home/yogesh.patel/execution/25_9_2026_PRD_work/OCT2017_Test/test/NORMAL/NORMAL-2392366-1.jpeg,3,NORMAL,NORMAL,NORMAL,True,0.004805213,0.010236227,0.007995071,0.005296573,0.012331154,0.008822471,0.00398312,0.9465302
/home/yogesh.patel/execution/25_9_2026_PRD_work/OCT2017_Test/test/NORMAL/NORMAL-2397754-1.jpeg,3,NORMAL,NORMAL,NORMAL,True,0.009159282,0.0082725445,0.009785748,0.01063858,0.011188685,0.030222109,0.0073631546,0.91336983
/home/yogesh.patel/execution/25_9_2026_PRD_work/OCT2017_Test/test/NORMAL/NORMAL-2403175-1.jpeg,3,NORMAL,NORMAL,NORMAL,True,0.012001766,0.0080462815,0.014132065,0.008634322,0.014254386,0.019136101,0.0042514135,0.9195437
/home/yogesh.patel/execution/25_9_2026_PRD_work/OCT2017_Test/test/NORMAL/NORMAL-2416187-1.jpeg,3,NORMAL,NORMAL,NORMAL,True,0.008095945,0.004182496,0.0069171195,0.010924029,0.0046033743,0.00609484,0.005306236,0.9538759
/home/yogesh.patel/execution/25_9_2026_PRD_work/OCT2017_Test/test/NORMAL/NORMAL-2421067-1.jpeg,3,NORMAL,NORMAL,NORMAL,True,0.008028919,0.00242332,0.0057963254,0.013793877,0.005415841,0.008158284,0.0034920464,0.9528914
/home/yogesh.patel/execution/25_9_2026_PRD_work/OCT2017_Test/test/NORMAL/NORMAL-2424949-1.jpeg,3,NORMAL,NORMAL,NORMAL,True,0.006836031,0.0017584277,0.00628445,0.0067108977,0.00819641,0.010577865,0.0021650018,0.95747095
/home/yogesh.patel/execution/25_9_2026_PRD_work/OCT2017_Test/test/NORMAL/NORMAL-2434258-1.jpeg,3,NORMAL,NORMAL,NORMAL,True,0.0073332186,0.0035220084,0.0057065105,0.009470995,0.0052493336,0.005701392,0.0029720915,0.96004456
/home/yogesh.patel/execution/25_9_2026_PRD_work/OCT2017_Test/test/NORMAL/NORMAL-2436365-1.jpeg,3,NORMAL,NORMAL,NORMAL,True,0.006157471,0.004715726,0.008407296,0.0055697593,0.0077446206,0.010472388,0.0037013486,0.9532313
/home/yogesh.patel/execution/25_9_2026_PRD_work/OCT2017_Test/test/NORMAL/NORMAL-2448954-1.jpeg,3,NORMAL,NORMAL,NORMAL,True,0.005170418,0.0041132765,0.010855266,0.006150866,0.0056678834,0.008567729,0.0034286394,0.9560459
/home/yogesh.patel/execution/25_9_2026_PRD_work/OCT2017_Test/test/NORMAL/NORMAL-2459401-1.jpeg,3,NORMAL,NORMAL,NORMAL,True,0.0077128476,0.004148463,0.006923448,0.0061325864,0.005642412,0.0049939826,0.0023971198,0.9620492
/home/yogesh.patel/execution/25_9_2026_PRD_work/OCT2017_Test/test/NORMAL/NORMAL-2460548-1.jpeg,3,NORMAL,NORMAL,NORMAL,True,0.0067082355,0.0033640168,0.007735184,0.0041014715,0.010656576,0.009134513,0.0022285646,0.9560713
/home/yogesh.patel/execution/25_9_2026_PRD_work/OCT2017_Test/test/NORMAL/NORMAL-2476896-1.jpeg,3,NORMAL,NORMAL,NORMAL,True,0.008219033,0.010095411,0.0082972525,0.015922947,0.010406461,0.008288897,0.005517692,0.9332523
/home/yogesh.patel/execution/25_9_2026_PRD_work/OCT2017_Test/test/NORMAL/NORMAL-2493975-1.jpeg,3,NORMAL,NORMAL,NORMAL,True,0.014521178,0.005487628,0.009418325,0.0062994757,0.009578038,0.0046092453,0.0046098037,0.9454763
/home/yogesh.patel/execution/25_9_2026_PRD_work/OCT2017_Test/test/NORMAL/NORMAL-2504667-1.jpeg,3,NORMAL,NORMAL,NORMAL,True,0.0069019524,0.0050763767,0.009923673,0.010576311,0.008300309,0.012228004,0.0062886793,0.9407048
/home/yogesh.patel/execution/25_9_2026_PRD_work/OCT2017_Test/test/NORMAL/NORMAL-2509453-1.jpeg,3,NORMAL,NORMAL,NORMAL,True,0.009480702,0.0026612359,0.0053349757,0.0041213683,0.0042866627,0.002201958,0.0020438533,0.9698693
/home/yogesh.patel/execution/25_9_2026_PRD_work/OCT2017_Test/test/NORMAL/NORMAL-2517546-1.jpeg,3,NORMAL,NORMAL,NORMAL,True,0.008184801,0.0029056887,0.0075286953,0.010757497,0.0066116587,0.0034613141,0.0028180273,0.9577323
/home/yogesh.patel/execution/25_9_2026_PRD_work/OCT2017_Test/test/NORMAL/NORMAL-2549549-1.jpeg,3,NORMAL,NORMAL,NORMAL,True,0.0069283694,0.0046962025,0.0074290833,0.004345637,0.0074016936,0.0062408717,0.0032648945,0.9596933
/home/yogesh.patel/execution/25_9_2026_PRD_work/OCT2017_Test/test/NORMAL/NORMAL-2551333-1.jpeg,3,NORMAL,NORMAL,NORMAL,True,0.0071613975,0.0050748675,0.009919043,0.0064294836,0.0082299225,0.00649213,0.0027552594,0.9539378
/home/yogesh.patel/execution/25_9_2026_PRD_work/OCT2017_Test/test/NORMAL/NORMAL-2569106-1.jpeg,3,NORMAL,NORMAL,NORMAL,True,0.012020283,0.0052601597,0.008292805,0.00856727,0.009354472,0.008641149,0.0033772103,0.94448674
/home/yogesh.patel/execution/25_9_2026_PRD_work/OCT2017_Test/test/NORMAL/NORMAL-2570020-1.jpeg,3,NORMAL,NORMAL,NORMAL,True,0.0053564603,0.010457274,0.009402267,0.013717626,0.008346626,0.010351265,0.005343664,0.9370247
/home/yogesh.patel/execution/25_9_2026_PRD_work/OCT2017_Test/test/NORMAL/NORMAL-2579419-1.jpeg,3,NORMAL,NORMAL,NORMAL,True,0.0048544775,0.005912796,0.006079844,0.0026804726,0.00624085,0.004485303,0.0020772868,0.96766895
/home/yogesh.patel/execution/25_9_2026_PRD_work/OCT2017_Test/test/NORMAL/NORMAL-2598368-1.jpeg,3,NORMAL,NORMAL,NORMAL,True,0.0054972363,0.003027648,0.007469356,0.0041119973,0.008619556,0.0060818978,0.0025167412,0.96267563
/home/yogesh.patel/execution/25_9_2026_PRD_work/OCT2017_Test/test/NORMAL/NORMAL-2602596-1.jpeg,3,NORMAL,NORMAL,NORMAL,True,0.010112577,0.0037375083,0.0076365843,0.013393807,0.0074537494,0.0054535815,0.0035172538,0.948695
/home/yogesh.patel/execution/25_9_2026_PRD_work/OCT2017_Test/test/NORMAL/NORMAL-2627129-1.jpeg,3,NORMAL,NORMAL,NORMAL,True,0.009515122,0.0038646767,0.009289325,0.010207038,0.0071689226,0.0068104956,0.0041443207,0.9490001
/home/yogesh.patel/execution/25_9_2026_PRD_work/OCT2017_Test/test/NORMAL/NORMAL-2633503-1.jpeg,3,NORMAL,NORMAL,NORMAL,True,0.0149928965,0.0030428446,0.011290767,0.0057633366,0.0077529475,0.006012988,0.0032910658,0.9478532
/home/yogesh.patel/execution/25_9_2026_PRD_work/OCT2017_Test/test/NORMAL/NORMAL-2636641-1.jpeg,3,NORMAL,NORMAL,NORMAL,True,0.009584602,0.0031563288,0.0070082326,0.0031526585,0.003773929,0.0037091975,0.0025018742,0.96711314
/home/yogesh.patel/execution/25_9_2026_PRD_work/OCT2017_Test/test/NORMAL/NORMAL-2665491-1.jpeg,3,NORMAL,NORMAL,NORMAL,True,0.00789369,0.004160622,0.009479982,0.012989118,0.006149895,0.010545068,0.0044224486,0.9443591
/home/yogesh.patel/execution/25_9_2026_PRD_work/OCT2017_Test/test/NORMAL/NORMAL-269181-1.jpeg,3,NORMAL,NORMAL,NORMAL,True,0.005589976,0.0066734925,0.0059172097,0.009277318,0.0037411845,0.0029725917,0.0043328055,0.9614954
/home/yogesh.patel/execution/25_9_2026_PRD_work/OCT2017_Test/test/NORMAL/NORMAL-2705520-1.jpeg,3,NORMAL,NORMAL,NORMAL,True,0.005695483,0.004464729,0.008131145,0.00411194,0.005545095,0.006878682,0.0027629547,0.96240985
/home/yogesh.patel/execution/25_9_2026_PRD_work/OCT2017_Test/test/NORMAL/NORMAL-2709055-1.jpeg,3,NORMAL,NORMAL,NORMAL,True,0.0071534286,0.0058814725,0.011701068,0.0072688125,0.0076012397,0.007255813,0.0048017674,0.94833624
/home/yogesh.patel/execution/25_9_2026_PRD_work/OCT2017_Test/test/NORMAL/NORMAL-2733663-1.jpeg,3,NORMAL,NORMAL,NORMAL,True,0.00694904,0.010496161,0.010452808,0.009481193,0.008887051,0.010616873,0.004544896,0.938572
/home/yogesh.patel/execution/25_9_2026_PRD_work/OCT2017_Test/test/NORMAL/NORMAL-2739821-1.jpeg,3,NORMAL,NORMAL,NORMAL,True,0.010152142,0.003076361,0.008789214,0.00995525,0.0070217857,0.005524982,0.0017957155,0.9536846
/home/yogesh.patel/execution/25_9_2026_PRD_work/OCT2017_Test/test/NORMAL/NORMAL-2769622-1.jpeg,3,NORMAL,NORMAL,NORMAL,True,0.0052383454,0.0025390107,0.0076296455,0.0031104467,0.004541574,0.007507993,0.0029762106,0.9664568
/home/yogesh.patel/execution/25_9_2026_PRD_work/OCT2017_Test/test/NORMAL/NORMAL-2769622-2.jpeg,3,NORMAL,NORMAL,NORMAL,True,0.0069303103,0.002172095,0.004953309,0.0067381123,0.0043515996,0.009571922,0.0030221143,0.9622605
/home/yogesh.patel/execution/25_9_2026_PRD_work/OCT2017_Test/test/NORMAL/NORMAL-279206-1.jpeg,3,NORMAL,NORMAL,NORMAL,True,0.0068416735,0.01202895,0.008877492,0.009542641,0.008233343,0.010520749,0.0052269893,0.93872815
/home/yogesh.patel/execution/25_9_2026_PRD_work/OCT2017_Test/test/NORMAL/NORMAL-283376-1.jpeg,3,NORMAL,NORMAL,NORMAL,True,0.008099369,0.006975789,0.012862355,0.0066688336,0.0117002,0.008365644,0.0057701943,0.9395576
/home/yogesh.patel/execution/25_9_2026_PRD_work/OCT2017_Test/test/NORMAL/NORMAL-285896-1.jpeg,3,NORMAL,NORMAL,NORMAL,True,0.01202106,0.0071123354,0.013674862,0.013065996,0.008946111,0.009390782,0.0071288603,0.92866
/home/yogesh.patel/execution/25_9_2026_PRD_work/OCT2017_Test/test/NORMAL/NORMAL-2973935-1.jpeg,3,NORMAL,NORMAL,NORMAL,True,0.0062181395,0.002734273,0.0065051415,0.00534803,0.00653539,0.0036103472,0.0029387935,0.96610993
/home/yogesh.patel/execution/25_9_2026_PRD_work/OCT2017_Test/test/NORMAL/NORMAL-3059523-1.jpeg,3,NORMAL,NORMAL,NORMAL,True,0.004704546,0.005215895,0.0061827707,0.008885746,0.0045940606,0.007402765,0.0044882186,0.95852596
/home/yogesh.patel/execution/25_9_2026_PRD_work/OCT2017_Test/test/NORMAL/NORMAL-307151-1.jpeg,3,NORMAL,NORMAL,NORMAL,True,0.009503254,0.007351698,0.01055149,0.0062792725,0.01008135,0.008045084,0.004937347,0.94325054
/home/yogesh.patel/execution/25_9_2026_PRD_work/OCT2017_Test/test/NORMAL/NORMAL-307151-2.jpeg,3,NORMAL,NORMAL,NORMAL,True,0.0055416906,0.0032978395,0.0072473083,0.007159531,0.008703283,0.009282036,0.002887361,0.955881
/home/yogesh.patel/execution/25_9_2026_PRD_work/OCT2017_Test/test/NORMAL/NORMAL-3077276-1.jpeg,3,NORMAL,NORMAL,NORMAL,True,0.008008951,0.0053552496,0.0135676665,0.0063205,0.015551958,0.02920079,0.0042826496,0.9177122
/home/yogesh.patel/execution/25_9_2026_PRD_work/OCT2017_Test/test/NORMAL/NORMAL-3100637-1.jpeg,3,NORMAL,NORMAL,NORMAL,True,0.0058841133,0.0041731615,0.009747526,0.011285534,0.006329977,0.014103515,0.003786946,0.9446892
/home/yogesh.patel/execution/25_9_2026_PRD_work/OCT2017_Test/test/NORMAL/NORMAL-3103940-1.jpeg,3,NORMAL,NORMAL,NORMAL,True,0.011096496,0.003950083,0.009532502,0.010268264,0.010408701,0.0063012056,0.0037935502,0.9446492
/home/yogesh.patel/execution/25_9_2026_PRD_work/OCT2017_Test/test/NORMAL/NORMAL-3108564-1.jpeg,3,NORMAL,NORMAL,NORMAL,True,0.006743427,0.0072999755,0.007873053,0.004193005,0.0054245065,0.0063950755,0.003465313,0.9586057
/home/yogesh.patel/execution/25_9_2026_PRD_work/OCT2017_Test/test/NORMAL/NORMAL-3134896-1.jpeg,3,NORMAL,NORMAL,NORMAL,True,0.0058324547,0.0049512577,0.007050106,0.005770255,0.0060390006,0.0045866556,0.0022043046,0.963566
/home/yogesh.patel/execution/25_9_2026_PRD_work/OCT2017_Test/test/NORMAL/NORMAL-3166591-1.jpeg,3,NORMAL,NORMAL,NORMAL,True,0.006829877,0.0085417405,0.010547958,0.0055621164,0.006251658,0.008911727,0.0041086506,0.94924617
/home/yogesh.patel/execution/25_9_2026_PRD_work/OCT2017_Test/test/NORMAL/NORMAL-3220509-1.jpeg,3,NORMAL,NORMAL,NORMAL,True,0.0066562584,0.0059929416,0.009537055,0.0074689947,0.009514186,0.011034154,0.0040440722,0.9457524
/home/yogesh.patel/execution/25_9_2026_PRD_work/OCT2017_Test/test/NORMAL/NORMAL-3244919-1.jpeg,3,NORMAL,NORMAL,NORMAL,True,0.012247927,0.004966079,0.01069539,0.007427836,0.0050830217,0.014838836,0.004009571,0.9407314
/home/yogesh.patel/execution/25_9_2026_PRD_work/OCT2017_Test/test/NORMAL/NORMAL-3256489-1.jpeg,3,NORMAL,NORMAL,NORMAL,True,0.008815999,0.009398531,0.006149909,0.008140816,0.00887154,0.004825485,0.003925782,0.94987184
/home/yogesh.patel/execution/25_9_2026_PRD_work/OCT2017_Test/test/NORMAL/NORMAL-3277704-1.jpeg,3,NORMAL,NORMAL,NORMAL,True,0.0066792085,0.0037455535,0.006447147,0.014150029,0.0074112187,0.0074185086,0.0037769715,0.9503714
/home/yogesh.patel/execution/25_9_2026_PRD_work/OCT2017_Test/test/NORMAL/NORMAL-3300015-1.jpeg,3,NORMAL,NORMAL,NORMAL,True,0.0052093416,0.0066402163,0.008383787,0.006389211,0.009194706,0.010053413,0.0037089328,0.9504204
/home/yogesh.patel/execution/25_9_2026_PRD_work/OCT2017_Test/test/NORMAL/NORMAL-3307598-1.jpeg,3,NORMAL,NORMAL,NORMAL,True,0.005755852,0.0069629545,0.008997371,0.00936473,0.0069698608,0.015205199,0.004606854,0.94213724
/home/yogesh.patel/execution/25_9_2026_PRD_work/OCT2017_Test/test/NORMAL/NORMAL-3307598-2.jpeg,3,NORMAL,NORMAL,NORMAL,True,0.0052551846,0.003781772,0.008676916,0.013713408,0.0072177006,0.02057278,0.0038888238,0.9368934
/home/yogesh.patel/execution/25_9_2026_PRD_work/OCT2017_Test/test/NORMAL/NORMAL-3308307-1.jpeg,3,NORMAL,NORMAL,NORMAL,True,0.009402733,0.014640741,0.016855171,0.0061413916,0.012078048,0.017025767,0.007823653,0.9160326
/home/yogesh.patel/execution/25_9_2026_PRD_work/OCT2017_Test/test/NORMAL/NORMAL-330905-1.jpeg,3,NORMAL,NORMAL,NORMAL,True,0.005834633,0.004643263,0.008896371,0.004208352,0.006088562,0.0067249658,0.002885492,0.96071833
/home/yogesh.patel/execution/25_9_2026_PRD_work/OCT2017_Test/test/NORMAL/NORMAL-3320960-1.jpeg,3,NORMAL,NORMAL,NORMAL,True,0.009403474,0.0041321274,0.009129095,0.01064132,0.0068811546,0.009859629,0.0042069955,0.9457462
/home/yogesh.patel/execution/25_9_2026_PRD_work/OCT2017_Test/test/NORMAL/NORMAL-3326661-1.jpeg,3,NORMAL,NORMAL,NORMAL,True,0.007197516,0.0070526516,0.0065322635,0.015531497,0.008761382,0.0084050875,0.006353903,0.9401657
/home/yogesh.patel/execution/25_9_2026_PRD_work/OCT2017_Test/test/NORMAL/NORMAL-3330006-1.jpeg,3,NORMAL,NORMAL,NORMAL,True,0.006977155,0.0073111583,0.011049895,0.004139962,0.0074358345,0.006010111,0.0030788512,0.95399696
/home/yogesh.patel/execution/25_9_2026_PRD_work/OCT2017_Test/test/NORMAL/NORMAL-3332063-1.jpeg,3,NORMAL,NORMAL,NORMAL,True,0.0076859854,0.00882241,0.013385039,0.008873262,0.008987494,0.010449007,0.006394082,0.9354027
/home/yogesh.patel/execution/25_9_2026_PRD_work/OCT2017_Test/test/NORMAL/NORMAL-33350-1.jpeg,3,NORMAL,NORMAL,NORMAL,True,0.0062839496,0.0029957371,0.008183312,0.006461258,0.007961814,0.008910097,0.0022934703,0.95691043
/home/yogesh.patel/execution/25_9_2026_PRD_work/OCT2017_Test/test/NORMAL/NORMAL-33350-2.jpeg,3,NORMAL,NORMAL,NORMAL,True,0.008965384,0.003120325,0.009738729,0.011775647,0.010119239,0.014261027,0.00334437,0.9386753
/home/yogesh.patel/execution/25_9_2026_PRD_work/OCT2017_Test/test/NORMAL/NORMAL-33350-3.jpeg,3,NORMAL,NORMAL,NORMAL,True,0.008373804,0.016388636,0.010039556,0.049647413,0.012047961,0.009896094,0.008173778,0.8854328
/home/yogesh.patel/execution/25_9_2026_PRD_work/OCT2017_Test/test/NORMAL/NORMAL-3340309-1.jpeg,3,NORMAL,NORMAL,NORMAL,True,0.0070750476,0.0045980294,0.007919099,0.0052875043,0.007965539,0.0038605926,0.0030344275,0.9602598
/home/yogesh.patel/execution/25_9_2026_PRD_work/OCT2017_Test/test/NORMAL/NORMAL-3346049-1.jpeg,3,NORMAL,NORMAL,NORMAL,True,0.008396274,0.002615266,0.0054258113,0.005055758,0.005240053,0.0064196684,0.0030661812,0.9637809
/home/yogesh.patel/execution/25_9_2026_PRD_work/OCT2017_Test/test/NORMAL/NORMAL-3347645-1.jpeg,3,NORMAL,NORMAL,NORMAL,True,0.0066726715,0.0037016224,0.010634414,0.0032496725,0.010070021,0.006625659,0.0022836374,0.9567623
/home/yogesh.patel/execution/25_9_2026_PRD_work/OCT2017_Test/test/NORMAL/NORMAL-3354044-1.jpeg,3,NORMAL,NORMAL,NORMAL,True,0.004258364,0.0038264412,0.006173305,0.004237527,0.0057076914,0.007236385,0.0026783205,0.965882
/home/yogesh.patel/execution/25_9_2026_PRD_work/OCT2017_Test/test/NORMAL/NORMAL-3361560-1.jpeg,3,NORMAL,NORMAL,NORMAL,True,0.009504449,0.005442737,0.007314587,0.0061482815,0.008237354,0.0050348802,0.0031859742,0.95513177
/home/yogesh.patel/execution/25_9_2026_PRD_work/OCT2017_Test/test/NORMAL/NORMAL-3361750-1.jpeg,3,NORMAL,NORMAL,NORMAL,True,0.0107008545,0.0035643347,0.009297055,0.015888095,0.00853939,0.008360262,0.0044403663,0.9392097
/home/yogesh.patel/execution/25_9_2026_PRD_work/OCT2017_Test/test/NORMAL/NORMAL-33637-1.jpeg,3,NORMAL,NORMAL,NORMAL,True,0.0077180155,0.0034751047,0.007866476,0.010394111,0.0066085784,0.006439658,0.004018537,0.9534795
/home/yogesh.patel/execution/25_9_2026_PRD_work/OCT2017_Test/test/NORMAL/NORMAL-3373954-1.jpeg,3,NORMAL,NORMAL,NORMAL,True,0.009310693,0.0051183472,0.011316879,0.011878144,0.009895012,0.023012366,0.0044269296,0.9250417
/home/yogesh.patel/execution/25_9_2026_PRD_work/OCT2017_Test/test/NORMAL/NORMAL-3380901-1.jpeg,3,NORMAL,NORMAL,NORMAL,True,0.007011213,0.0037929774,0.0075972965,0.00667474,0.009674667,0.0045379135,0.002100885,0.9586104
/home/yogesh.patel/execution/25_9_2026_PRD_work/OCT2017_Test/test/NORMAL/NORMAL-338568-1.jpeg,3,NORMAL,NORMAL,NORMAL,True,0.007863509,0.0064156246,0.0121363,0.005631207,0.008050949,0.009623837,0.0036597527,0.94661885
/home/yogesh.patel/execution/25_9_2026_PRD_work/OCT2017_Test/test/NORMAL/NORMAL-3390782-1.jpeg,3,NORMAL,NORMAL,NORMAL,True,0.004515479,0.0047210725,0.0043805125,0.008823679,0.0053652176,0.0044885185,0.0028949806,0.96481043
/home/yogesh.patel/execution/25_9_2026_PRD_work/OCT2017_Test/test/NORMAL/NORMAL-3398969-1.jpeg,3,NORMAL,NORMAL,NORMAL,True,0.009423158,0.0063425363,0.00938814,0.0075747035,0.0064827236,0.010361744,0.0043331464,0.9460938
/home/yogesh.patel/execution/25_9_2026_PRD_work/OCT2017_Test/test/NORMAL/NORMAL-3399839-1.jpeg,3,NORMAL,NORMAL,NORMAL,True,0.00901955,0.012995035,0.009534683,0.00865176,0.008178692,0.011169095,0.0056456816,0.9348055
/home/yogesh.patel/execution/25_9_2026_PRD_work/OCT2017_Test/test/NORMAL/NORMAL-3416330-1.jpeg,3,NORMAL,NORMAL,NORMAL,True,0.0075534848,0.00083254674,0.003984545,0.0062217917,0.0033246875,0.0023577544,0.0021036973,0.9736215
/home/yogesh.patel/execution/25_9_2026_PRD_work/OCT2017_Test/test/NORMAL/NORMAL-3431386-1.jpeg,3,NORMAL,NORMAL,NORMAL,True,0.007001862,0.004775727,0.006183761,0.008276861,0.0060429918,0.003409943,0.0019212943,0.96238756
/home/yogesh.patel/execution/25_9_2026_PRD_work/OCT2017_Test/test/NORMAL/NORMAL-3451887-1.jpeg,3,NORMAL,NORMAL,NORMAL,True,0.009840201,0.005391929,0.009553312,0.0067286207,0.012573176,0.004311719,0.0029043464,0.94869673
/home/yogesh.patel/execution/25_9_2026_PRD_work/OCT2017_Test/test/NORMAL/NORMAL-3465750-1.jpeg,3,NORMAL,NORMAL,NORMAL,True,0.008579745,0.0034496812,0.009648564,0.0036686102,0.0054126917,0.007793764,0.0023755324,0.9590714
/home/yogesh.patel/execution/25_9_2026_PRD_work/OCT2017_Test/test/NORMAL/NORMAL-3466714-1.jpeg,3,NORMAL,NORMAL,NORMAL,True,0.006677429,0.005384177,0.0052397996,0.0067614033,0.005344129,0.0062102037,0.0027893886,0.9615934
/home/yogesh.patel/execution/25_9_2026_PRD_work/OCT2017_Test/test/NORMAL/NORMAL-3475211-1.jpeg,3,NORMAL,NORMAL,NORMAL,True,0.0074449703,0.0046825623,0.008382476,0.006434322,0.0077249133,0.006318546,0.0036715057,0.95534074
/home/yogesh.patel/execution/25_9_2026_PRD_work/OCT2017_Test/test/NORMAL/NORMAL-348347-1.jpeg,3,NORMAL,NORMAL,NORMAL,True,0.0047792005,0.0032634453,0.00816671,0.0051400946,0.0059403908,0.005736665,0.003044306,0.9639292
/home/yogesh.patel/execution/25_9_2026_PRD_work/OCT2017_Test/test/NORMAL/NORMAL-349021-1.jpeg,3,NORMAL,NORMAL,NORMAL,True,0.007144537,0.0088928165,0.009640348,0.004478228,0.010225998,0.011100423,0.004481727,0.94403595
/home/yogesh.patel/execution/25_9_2026_PRD_work/OCT2017_Test/test/NORMAL/NORMAL-351109-1.jpeg,3,NORMAL,NORMAL,NORMAL,True,0.0057101264,0.003451518,0.0054743914,0.0036079006,0.005506672,0.0049486584,0.0029200385,0.96838075
/home/yogesh.patel/execution/25_9_2026_PRD_work/OCT2017_Test/test/NORMAL/NORMAL-351109-2.jpeg,3,NORMAL,NORMAL,NORMAL,True,0.007979289,0.004643959,0.008822721,0.0077102785,0.0070098853,0.005065675,0.0033918528,0.95537627
/home/yogesh.patel/execution/25_9_2026_PRD_work/OCT2017_Test/test/NORMAL/NORMAL-3531215-1.jpeg,3,NORMAL,NORMAL,NORMAL,True,0.006741286,0.006366241,0.009245207,0.0045154067,0.007409254,0.0068498557,0.0032331196,0.9556396
/home/yogesh.patel/execution/25_9_2026_PRD_work/OCT2017_Test/test/NORMAL/NORMAL-3538316-1.jpeg,3,NORMAL,NORMAL,NORMAL,True,0.004519213,0.0023692728,0.006147551,0.0034607355,0.0066127614,0.0070207063,0.0020049145,0.9678648
/home/yogesh.patel/execution/25_9_2026_PRD_work/OCT2017_Test/test/NORMAL/NORMAL-3561306-1.jpeg,3,NORMAL,NORMAL,NORMAL,True,0.0069860397,0.0050456957,0.0066268304,0.004991981,0.00722655,0.006302075,0.0040919916,0.95872873
/home/yogesh.patel/execution/25_9_2026_PRD_work/OCT2017_Test/test/NORMAL/NORMAL-3561306-2.jpeg,3,NORMAL,NORMAL,NORMAL,True,0.00894664,0.004072366,0.0058988165,0.0052436846,0.0051844404,0.005386199,0.0025410862,0.9627268
/home/yogesh.patel/execution/25_9_2026_PRD_work/OCT2017_Test/test/NORMAL/NORMAL-366503-1.jpeg,3,NORMAL,NORMAL,NORMAL,True,0.0093232505,0.0036018502,0.009022453,0.017128615,0.007670475,0.011243483,0.004588163,0.9374217
/home/yogesh.patel/execution/25_9_2026_PRD_work/OCT2017_Test/test/NORMAL/NORMAL-366503-2.jpeg,3,NORMAL,NORMAL,NORMAL,True,0.02168371,0.013025042,0.017881505,0.03309076,0.014511876,0.19886965,0.016647868,0.6842896
/home/yogesh.patel/execution/25_9_2026_PRD_work/OCT2017_Test/test/NORMAL/NORMAL-36734-1.jpeg,3,NORMAL,NORMAL,NORMAL,True,0.007758875,0.002811404,0.005964984,0.0120226815,0.009333559,0.0055681346,0.0026828751,0.9538575
/home/yogesh.patel/execution/25_9_2026_PRD_work/OCT2017_Test/test/NORMAL/NORMAL-37818-1.jpeg,3,NORMAL,NORMAL,NORMAL,True,0.0077210395,0.0058762385,0.011235654,0.010787438,0.0074775103,0.012557059,0.004323425,0.9400216
/home/yogesh.patel/execution/25_9_2026_PRD_work/OCT2017_Test/test/NORMAL/NORMAL-395557-1.jpeg,3,NORMAL,NORMAL,NORMAL,True,0.0056344937,0.00670277,0.010395517,0.004377237,0.010074811,0.00563616,0.0020251907,0.9551538
/home/yogesh.patel/execution/25_9_2026_PRD_work/OCT2017_Test/test/NORMAL/NORMAL-402066-1.jpeg,3,NORMAL,NORMAL,NORMAL,True,0.009516007,0.0066096084,0.009552031,0.0068433294,0.008807035,0.009387816,0.0041063577,0.9451778
/home/yogesh.patel/execution/25_9_2026_PRD_work/OCT2017_Test/test/NORMAL/NORMAL-402066-2.jpeg,3,NORMAL,NORMAL,NORMAL,True,0.009750773,0.016610226,0.016936008,0.0058150557,0.012039277,0.018657234,0.005520568,0.91467094
/home/yogesh.patel/execution/25_9_2026_PRD_work/OCT2017_Test/test/NORMAL/NORMAL-402066-3.jpeg,3,NORMAL,NORMAL,NORMAL,True,0.01336526,0.0062891,0.010410062,0.004483058,0.009475224,0.003121336,0.0029801754,0.9498757
/home/yogesh.patel/execution/25_9_2026_PRD_work/OCT2017_Test/test/NORMAL/NORMAL-402066-4.jpeg,3,NORMAL,NORMAL,NORMAL,True,0.00919865,0.0046627987,0.009350956,0.0050230473,0.0079509355,0.008339834,0.0030319223,0.95244175
/home/yogesh.patel/execution/25_9_2026_PRD_work/OCT2017_Test/test/NORMAL/NORMAL-402066-5.jpeg,3,NORMAL,NORMAL,NORMAL,True,0.011479667,0.008178478,0.010969373,0.01111463,0.010238793,0.0077551226,0.004535497,0.9357283
/home/yogesh.patel/execution/25_9_2026_PRD_work/OCT2017_Test/test/NORMAL/NORMAL-438684-1.jpeg,3,NORMAL,NORMAL,NORMAL,True,0.0068404777,0.0053310595,0.00923634,0.0033541252,0.009185068,0.007221451,0.0033824863,0.9554491
/home/yogesh.patel/execution/25_9_2026_PRD_work/OCT2017_Test/test/NORMAL/NORMAL-438684-2.jpeg,3,NORMAL,NORMAL,NORMAL,True,0.0075484915,0.0040098126,0.009174435,0.004878551,0.0063533704,0.0037814227,0.0029145982,0.9613393
/home/yogesh.patel/execution/25_9_2026_PRD_work/OCT2017_Test/test/NORMAL/NORMAL-438684-3.jpeg,3,NORMAL,NORMAL,NORMAL,True,0.0068460735,0.0028871242,0.008145496,0.0033633774,0.006102921,0.0033694725,0.0024969995,0.9667885
/home/yogesh.patel/execution/25_9_2026_PRD_work/OCT2017_Test/test/NORMAL/NORMAL-443980-1.jpeg,3,NORMAL,NORMAL,NORMAL,True,0.012075241,0.0033323052,0.0117154885,0.016641175,0.00981953,0.0046226876,0.004271477,0.93752205
/home/yogesh.patel/execution/25_9_2026_PRD_work/OCT2017_Test/test/NORMAL/NORMAL-446851-1.jpeg,3,NORMAL,NORMAL,NORMAL,True,0.0057010655,0.0079624755,0.007653539,0.008156352,0.005713208,0.0055921404,0.0021664107,0.9570548
/home/yogesh.patel/execution/25_9_2026_PRD_work/OCT2017_Test/test/NORMAL/NORMAL-446851-2.jpeg,3,NORMAL,NORMAL,NORMAL,True,0.008824811,0.007253662,0.008690423,0.0141138015,0.009328916,0.010409267,0.002382747,0.93899643
/home/yogesh.patel/execution/25_9_2026_PRD_work/OCT2017_Test/test/NORMAL/NORMAL-447690-1.jpeg,3,NORMAL,NORMAL,NORMAL,True,0.0050265277,0.0039360393,0.0058100335,0.006231678,0.009377598,0.0036680799,0.0012771814,0.96467286
/home/yogesh.patel/execution/25_9_2026_PRD_work/OCT2017_Test/test/NORMAL/NORMAL-447690-2.jpeg,3,NORMAL,NORMAL,NORMAL,True,0.005901851,0.0057396423,0.0062632817,0.0045731515,0.006353438,0.004967711,0.0035684502,0.96263254
/home/yogesh.patel/execution/25_9_2026_PRD_work/OCT2017_Test/test/NORMAL/NORMAL-450532-1.jpeg,3,NORMAL,NORMAL,NORMAL,True,0.011102757,0.0068451045,0.013883305,0.010769981,0.010247281,0.00860103,0.008045534,0.93050504
/home/yogesh.patel/execution/25_9_2026_PRD_work/OCT2017_Test/test/NORMAL/NORMAL-450923-1.jpeg,3,NORMAL,NORMAL,NORMAL,True,0.008923542,0.007840597,0.014875839,0.010373603,0.010314965,0.010242264,0.005755988,0.9316732
/home/yogesh.patel/execution/25_9_2026_PRD_work/OCT2017_Test/test/NORMAL/NORMAL-450923-2.jpeg,3,NORMAL,NORMAL,NORMAL,True,0.008506929,0.00697741,0.014164226,0.007899791,0.010107952,0.009569697,0.005665547,0.93710846
/home/yogesh.patel/execution/25_9_2026_PRD_work/OCT2017_Test/test/NORMAL/NORMAL-460711-1.jpeg,3,NORMAL,NORMAL,NORMAL,True,0.0084482925,0.01199993,0.014216152,0.009389454,0.010577336,0.01494886,0.006114376,0.9243056
/home/yogesh.patel/execution/25_9_2026_PRD_work/OCT2017_Test/test/NORMAL/NORMAL-460844-1.jpeg,3,NORMAL,NORMAL,NORMAL,True,0.0068673585,0.003810968,0.008677939,0.0073659103,0.007337305,0.009312143,0.004530609,0.95209765
/home/yogesh.patel/execution/25_9_2026_PRD_work/OCT2017_Test/test/NORMAL/NORMAL-466978-1.jpeg,3,NORMAL,NORMAL,NORMAL,True,0.009170754,0.0024166477,0.0071443943,0.0035613158,0.006111883,0.00409092,0.0038383352,0.96366584
/home/yogesh.patel/execution/25_9_2026_PRD_work/OCT2017_Test/test/NORMAL/NORMAL-469935-1.jpeg,3,NORMAL,NORMAL,NORMAL,True,0.0098030055,0.011784431,0.018904733,0.013822041,0.012961594,0.0145080695,0.0063045546,0.91191167
/home/yogesh.patel/execution/25_9_2026_PRD_work/OCT2017_Test/test/NORMAL/NORMAL-4761187-1.jpeg,3,NORMAL,NORMAL,NORMAL,True,0.012396311,0.009932434,0.014628178,0.016364044,0.015328774,0.02985882,0.008031669,0.8934598
/home/yogesh.patel/execution/25_9_2026_PRD_work/OCT2017_Test/test/NORMAL/NORMAL-4790999-1.jpeg,3,NORMAL,NORMAL,NORMAL,True,0.008133291,0.004366914,0.010736134,0.009247247,0.008144759,0.008998827,0.004129492,0.94624335
/home/yogesh.patel/execution/25_9_2026_PRD_work/OCT2017_Test/test/NORMAL/NORMAL-48053-1.jpeg,3,NORMAL,NORMAL,NORMAL,True,0.008943972,0.0055628265,0.007857624,0.007081505,0.009462588,0.0034894305,0.0022885534,0.9553134
/home/yogesh.patel/execution/25_9_2026_PRD_work/OCT2017_Test/test/NORMAL/NORMAL-4839633-1.jpeg,3,NORMAL,NORMAL,NORMAL,True,0.0117854625,0.0057237563,0.011429193,0.020491764,0.010836371,0.011382909,0.008182226,0.92016834
/home/yogesh.patel/execution/25_9_2026_PRD_work/OCT2017_Test/test/NORMAL/NORMAL-486271-1.jpeg,3,NORMAL,NORMAL,NORMAL,True,0.008069518,0.00405051,0.0051132613,0.008951375,0.0052237418,0.008386459,0.0030883867,0.9571168
/home/yogesh.patel/execution/25_9_2026_PRD_work/OCT2017_Test/test/NORMAL/NORMAL-508852-1.jpeg,3,NORMAL,NORMAL,NORMAL,True,0.012055248,0.0014231583,0.0061161835,0.0068344185,0.0048033567,0.0060329293,0.0034104227,0.9593242
/home/yogesh.patel/execution/25_9_2026_PRD_work/OCT2017_Test/test/NORMAL/NORMAL-508852-2.jpeg,3,NORMAL,NORMAL,NORMAL,True,0.0071086865,0.0045801764,0.0065385886,0.003263785,0.007188185,0.0045838035,0.0020584834,0.9646783
/home/yogesh.patel/execution/25_9_2026_PRD_work/OCT2017_Test/test/NORMAL/NORMAL-519372-1.jpeg,3,NORMAL,NORMAL,NORMAL,True,0.005811844,0.006334114,0.011515572,0.019397805,0.009353686,0.009859333,0.0032377045,0.93448997
/home/yogesh.patel/execution/25_9_2026_PRD_work/OCT2017_Test/test/NORMAL/NORMAL-524640-1.jpeg,3,NORMAL,NORMAL,NORMAL,True,0.006568612,0.005008504,0.0068866597,0.003381967,0.0051927194,0.0061164275,0.0026029497,0.96424216
/home/yogesh.patel/execution/25_9_2026_PRD_work/OCT2017_Test/test/NORMAL/NORMAL-544457-1.jpeg,3,NORMAL,NORMAL,NORMAL,True,0.007351267,0.0028284795,0.009239445,0.007754729,0.004247798,0.0066905497,0.0030530964,0.9588346
/home/yogesh.patel/execution/25_9_2026_PRD_work/OCT2017_Test/test/NORMAL/NORMAL-544711-1.jpeg,3,NORMAL,NORMAL,NORMAL,True,0.0072797867,0.0057815206,0.008857776,0.014699902,0.00651834,0.01120013,0.006809223,0.93885326
/home/yogesh.patel/execution/25_9_2026_PRD_work/OCT2017_Test/test/NORMAL/NORMAL-547422-1.jpeg,3,NORMAL,NORMAL,NORMAL,True,0.007233049,0.0045368844,0.006285707,0.0013747112,0.004241101,0.0023014604,0.0022812623,0.9717458
/home/yogesh.patel/execution/25_9_2026_PRD_work/OCT2017_Test/test/NORMAL/NORMAL-547422-2.jpeg,3,NORMAL,NORMAL,NORMAL,True,0.007531894,0.0059096324,0.007672796,0.0037322252,0.006752743,0.005824938,0.0038689845,0.9587068
/home/yogesh.patel/execution/25_9_2026_PRD_work/OCT2017_Test/test/NORMAL/NORMAL-549356-1.jpeg,3,NORMAL,NORMAL,NORMAL,True,0.005967147,0.0030077067,0.008801366,0.0059123393,0.0031059396,0.0070909993,0.0029261422,0.9631884
/home/yogesh.patel/execution/25_9_2026_PRD_work/OCT2017_Test/test/NORMAL/NORMAL-549356-2.jpeg,3,NORMAL,NORMAL,NORMAL,True,0.008346448,0.003863191,0.0066775107,0.0029741179,0.0035368863,0.005107775,0.0034538903,0.9660402
/home/yogesh.patel/execution/25_9_2026_PRD_work/OCT2017_Test/test/NORMAL/NORMAL-549356-3.jpeg,3,NORMAL,NORMAL,NORMAL,True,0.007258167,0.008851647,0.010957963,0.027770868,0.009795675,0.023822725,0.008143989,0.903399
/home/yogesh.patel/execution/25_9_2026_PRD_work/OCT2017_Test/test/NORMAL/NORMAL-552739-1.jpeg,3,NORMAL,NORMAL,NORMAL,True,0.006492129,0.0020838673,0.005565397,0.012060915,0.006010135,0.0060568373,0.0045542056,0.95717645
/home/yogesh.patel/execution/25_9_2026_PRD_work/OCT2017_Test/test/NORMAL/NORMAL-557437-1.jpeg,3,NORMAL,NORMAL,NORMAL,True,0.008845848,0.004020297,0.010546849,0.0053161816,0.006545038,0.0053178268,0.0043095313,0.9550984
/home/yogesh.patel/execution/25_9_2026_PRD_work/OCT2017_Test/test/NORMAL/NORMAL-557437-2.jpeg,3,NORMAL,NORMAL,NORMAL,True,0.0070661926,0.0071790847,0.009279543,0.0074532367,0.008610109,0.0074220942,0.0039949752,0.9489949
/home/yogesh.patel/execution/25_9_2026_PRD_work/OCT2017_Test/test/NORMAL/NORMAL-565818-1.jpeg,3,NORMAL,NORMAL,NORMAL,True,0.005033323,0.0034051647,0.007165702,0.004016679,0.006161052,0.00504369,0.0036584067,0.96551603
/home/yogesh.patel/execution/25_9_2026_PRD_work/OCT2017_Test/test/NORMAL/NORMAL-566040-1.jpeg,3,NORMAL,NORMAL,NORMAL,True,0.0075277737,0.006953145,0.010039588,0.009096415,0.00709689,0.008591484,0.003898007,0.9467968
/home/yogesh.patel/execution/25_9_2026_PRD_work/OCT2017_Test/test/NORMAL/NORMAL-568518-1.jpeg,3,NORMAL,NORMAL,NORMAL,True,0.0089697605,0.0053583877,0.009801038,0.005945199,0.009420555,0.008268475,0.0031933794,0.9490432
/home/yogesh.patel/execution/25_9_2026_PRD_work/OCT2017_Test/test/NORMAL/NORMAL-568518-2.jpeg,3,NORMAL,NORMAL,NORMAL,True,0.0035366225,0.0024292124,0.0043803747,0.0077600246,0.0036247459,0.00699432,0.001745497,0.9695292
/home/yogesh.patel/execution/25_9_2026_PRD_work/OCT2017_Test/test/NORMAL/NORMAL-571157-1.jpeg,3,NORMAL,NORMAL,NORMAL,True,0.007884968,0.0029639835,0.0058934325,0.010518366,0.0054383012,0.006999325,0.0027437122,0.95755786
/home/yogesh.patel/execution/25_9_2026_PRD_work/OCT2017_Test/test/NORMAL/NORMAL-571484-1.jpeg,3,NORMAL,NORMAL,NORMAL,True,0.006958278,0.003993584,0.00882835,0.010403783,0.0067553213,0.0033810574,0.004155477,0.9555242
/home/yogesh.patel/execution/25_9_2026_PRD_work/OCT2017_Test/test/NORMAL/NORMAL-572972-1.jpeg,3,NORMAL,NORMAL,NORMAL,True,0.007923001,0.0064446577,0.009490589,0.010964138,0.007003296,0.007167997,0.005449821,0.94555646
/home/yogesh.patel/execution/25_9_2026_PRD_work/OCT2017_Test/test/NORMAL/NORMAL-574089-1.jpeg,3,NORMAL,NORMAL,NORMAL,True,0.0051772306,0.0063837203,0.0064497916,0.010108901,0.0066088676,0.009901369,0.006424218,0.94894594
/home/yogesh.patel/execution/25_9_2026_PRD_work/OCT2017_Test/test/NORMAL/NORMAL-582215-1.jpeg,3,NORMAL,NORMAL,NORMAL,True,0.005093874,0.0065957042,0.0107785445,0.005476256,0.009981742,0.024289036,0.0027488566,0.935036
/home/yogesh.patel/execution/25_9_2026_PRD_work/OCT2017_Test/test/NORMAL/NORMAL-588227-1.jpeg,3,NORMAL,NORMAL,NORMAL,True,0.009205942,0.0042739077,0.010232278,0.0049363975,0.0077153216,0.0069337906,0.004655216,0.9520471
/home/yogesh.patel/execution/25_9_2026_PRD_work/OCT2017_Test/test/NORMAL/NORMAL-60471-1.jpeg,3,NORMAL,NORMAL,NORMAL,True,0.0053360625,0.0042457823,0.008872538,0.012496651,0.009305894,0.008252172,0.0024740146,0.949017
/home/yogesh.patel/execution/25_9_2026_PRD_work/OCT2017_Test/test/NORMAL/NORMAL-605310-1.jpeg,3,NORMAL,NORMAL,NORMAL,True,0.011188884,0.007105453,0.01118451,0.015906053,0.011155619,0.0153301,0.0052638557,0.92286557
/home/yogesh.patel/execution/25_9_2026_PRD_work/OCT2017_Test/test/NORMAL/NORMAL-626127-1.jpeg,3,NORMAL,NORMAL,NORMAL,True,0.005544998,0.0025528832,0.007999484,0.0057175322,0.005115363,0.008446783,0.00270752,0.9619154
/home/yogesh.patel/execution/25_9_2026_PRD_work/OCT2017_Test/test/NORMAL/NORMAL-628048-1.jpeg,3,NORMAL,NORMAL,NORMAL,True,0.0067682904,0.006877616,0.00838787,0.0125494795,0.008059807,0.005044278,0.0046174554,0.94769514
/home/yogesh.patel/execution/25_9_2026_PRD_work/OCT2017_Test/test/NORMAL/NORMAL-629493-1.jpeg,3,NORMAL,NORMAL,NORMAL,True,0.006973447,0.00532569,0.009958247,0.009145018,0.009530962,0.0068719364,0.0035910676,0.94860363
/home/yogesh.patel/execution/25_9_2026_PRD_work/OCT2017_Test/test/NORMAL/NORMAL-651257-1.jpeg,3,NORMAL,NORMAL,NORMAL,True,0.0057150214,0.008998792,0.007160932,0.00959993,0.0059913876,0.008102039,0.005540842,0.9488911
/home/yogesh.patel/execution/25_9_2026_PRD_work/OCT2017_Test/test/NORMAL/NORMAL-655117-1.jpeg,3,NORMAL,NORMAL,NORMAL,True,0.006754101,0.0030381673,0.006341439,0.005782471,0.006566063,0.0062987506,0.0040791896,0.9611399
/home/yogesh.patel/execution/25_9_2026_PRD_work/OCT2017_Test/test/NORMAL/NORMAL-655447-1.jpeg,3,NORMAL,NORMAL,NORMAL,True,0.0061448305,0.0030489867,0.0067507485,0.01791487,0.0071601328,0.004348673,0.004537794,0.950094
/home/yogesh.patel/execution/25_9_2026_PRD_work/OCT2017_Test/test/NORMAL/NORMAL-664536-1.jpeg,3,NORMAL,NORMAL,NORMAL,True,0.008941783,0.011780478,0.014148887,0.0070000403,0.009634304,0.0125944745,0.0069600274,0.92894
/home/yogesh.patel/execution/25_9_2026_PRD_work/OCT2017_Test/test/NORMAL/NORMAL-66515-1.jpeg,3,NORMAL,NORMAL,NORMAL,True,0.007868517,0.009361113,0.008736583,0.008623702,0.007259135,0.006281261,0.0045117936,0.94735783
/home/yogesh.patel/execution/25_9_2026_PRD_work/OCT2017_Test/test/NORMAL/NORMAL-672619-1.jpeg,3,NORMAL,NORMAL,NORMAL,True,0.007988294,0.008242958,0.011940679,0.009797081,0.0115699805,0.013257548,0.0035861942,0.93361723
/home/yogesh.patel/execution/25_9_2026_PRD_work/OCT2017_Test/test/NORMAL/NORMAL-692554-1.jpeg,3,NORMAL,NORMAL,NORMAL,True,0.0066703144,0.005677672,0.0105481595,0.011700349,0.008738371,0.007591018,0.0036095092,0.9454647
/home/yogesh.patel/execution/25_9_2026_PRD_work/OCT2017_Test/test/NORMAL/NORMAL-693575-1.jpeg,3,NORMAL,NORMAL,NORMAL,True,0.006502591,0.008147902,0.0069759353,0.004389826,0.010715297,0.007945562,0.005448095,0.94987476
/home/yogesh.patel/execution/25_9_2026_PRD_work/OCT2017_Test/test/NORMAL/NORMAL-697826-1.jpeg,3,NORMAL,NORMAL,NORMAL,True,0.006075291,0.004328011,0.0063941507,0.010105735,0.0059988974,0.006996213,0.0038992616,0.95620245
/home/yogesh.patel/execution/25_9_2026_PRD_work/OCT2017_Test/test/NORMAL/NORMAL-744709-1.jpeg,3,NORMAL,NORMAL,NORMAL,True,0.0065371897,0.0026166518,0.0053533474,0.00857101,0.0070040496,0.0021057064,0.0016896059,0.9661225
/home/yogesh.patel/execution/25_9_2026_PRD_work/OCT2017_Test/test/NORMAL/NORMAL-755659-1.jpeg,3,NORMAL,NORMAL,NORMAL,True,0.005356992,0.0032961057,0.005898986,0.0105572585,0.004835697,0.0060735852,0.0031700586,0.9608113
/home/yogesh.patel/execution/25_9_2026_PRD_work/OCT2017_Test/test/NORMAL/NORMAL-758272-1.jpeg,3,NORMAL,NORMAL,NORMAL,True,0.0076263347,0.0029131046,0.0057946257,0.0066710436,0.0058179884,0.0077985744,0.0033992142,0.9599792
/home/yogesh.patel/execution/25_9_2026_PRD_work/OCT2017_Test/test/NORMAL/NORMAL-76914-1.jpeg,3,NORMAL,NORMAL,NORMAL,True,0.007851096,0.006347415,0.011877894,0.013410485,0.009372064,0.012942473,0.0034272054,0.93477136
/home/yogesh.patel/execution/25_9_2026_PRD_work/OCT2017_Test/test/NORMAL/NORMAL-772481-1.jpeg,3,NORMAL,NORMAL,NORMAL,True,0.0053925603,0.004317802,0.005117094,0.0054369955,0.0063705165,0.008368294,0.0027919647,0.96220464
/home/yogesh.patel/execution/25_9_2026_PRD_work/OCT2017_Test/test/NORMAL/NORMAL-84466-1.jpeg,3,NORMAL,NORMAL,NORMAL,True,0.006700042,0.003982067,0.008811915,0.0057142125,0.0059172846,0.005791028,0.004048393,0.959035
/home/yogesh.patel/execution/25_9_2026_PRD_work/OCT2017_Test/test/NORMAL/NORMAL-85367-1.jpeg,3,NORMAL,NORMAL,NORMAL,True,0.01090426,0.0053136917,0.00897589,0.01501228,0.010564424,0.0042587984,0.003867609,0.9411031
/home/yogesh.patel/execution/25_9_2026_PRD_work/OCT2017_Test/test/NORMAL/NORMAL-9251-1.jpeg,3,NORMAL,NORMAL,NORMAL,True,0.0048281034,0.0048639844,0.006670892,0.013570671,0.003839598,0.008561022,0.0038066925,0.953859
/home/yogesh.patel/execution/25_9_2026_PRD_work/OCT2017_Test/test/NORMAL/NORMAL-98720-1.jpeg,3,NORMAL,NORMAL,NORMAL,True,0.0037311905,0.0020082877,0.0038986534,0.0055658817,0.004089726,0.0048866994,0.0020089773,0.9738105
