path,class,label,prob_CNV_normalized,prob_DME_normalized,prob_DRUSEN_normalized,prob_NORMAL_normalized
/home/yogesh.patel/execution/25_9_2026_PRD_work/OCT2017_Test/test/CNV/CNV-1016042-1.jpeg,CNV,0,0.9735965,0.013869146,0.003679989,0.0088543175
/home/yogesh.patel/execution/25_9_2026_PRD_work/OCT2017_Test/test/CNV/CNV-1016042-2.jpeg,CNV,0,0.98596483,0.005984469,0.0019673414,0.006083338
/home/yogesh.patel/execution/25_9_2026_PRD_work/OCT2017_Test/test/CNV/CNV-1016042-3.jpeg,CNV,0,0.96857214,0.025471708,0.004409515,0.001546662
/home/yogesh.patel/execution/25_9_2026_PRD_work/OCT2017_Test/test/CNV/CNV-1016042-4.jpeg,CNV,0,0.9762406,0.014350689,0.0053153946,0.0040932884
/home/yogesh.patel/execution/25_9_2026_PRD_work/OCT2017_Test/test/CNV/CNV-103044-1.jpeg,CNV,0,0.99406284,0.0038600224,0.0008507528,0.0012264119
/home/yogesh.patel/execution/25_9_2026_PRD_work/OCT2017_Test/test/CNV/CNV-103044-10.jpeg,CNV,0,0.98133,0.005303069,0.011050438,0.0023165494
/home/yogesh.patel/execution/25_9_2026_PRD_work/OCT2017_Test/test/CNV/CNV-103044-11.jpeg,CNV,0,0.9823832,0.012845463,0.0023429752,0.0024283722
/home/yogesh.patel/execution/25_9_2026_PRD_work/OCT2017_Test/test/CNV/CNV-103044-12.jpeg,CNV,0,0.9911632,0.0021197388,0.0029251361,0.0037919274
/home/yogesh.patel/execution/25_9_2026_PRD_work/OCT2017_Test/test/CNV/CNV-103044-2.jpeg,CNV,0,0.9857387,0.006934178,0.0048472025,0.0024799493
/home/yogesh.patel/execution/25_9_2026_PRD_work/OCT2017_Test/test/CNV/CNV-103044-3.jpeg,CNV,0,0.96953064,0.0026314138,0.026449548,0.0013883793
/home/yogesh.patel/execution/25_9_2026_PRD_work/OCT2017_Test/test/CNV/CNV-103044-4.jpeg,CNV,0,0.9902007,0.0074451235,0.0012853013,0.0010689195
/home/yogesh.patel/execution/25_9_2026_PRD_work/OCT2017_Test/test/CNV/CNV-103044-5.jpeg,CNV,0,0.98030037,0.002517725,0.015059745,0.0021221633
/home/yogesh.patel/execution/25_9_2026_PRD_work/OCT2017_Test/test/CNV/CNV-103044-6.jpeg,CNV,0,0.9858225,0.0018424131,0.009787222,0.0025478832
/home/yogesh.patel/execution/25_9_2026_PRD_work/OCT2017_Test/test/CNV/CNV-103044-7.jpeg,CNV,0,0.9877302,0.0019201557,0.008038204,0.0023114518
/home/yogesh.patel/execution/25_9_2026_PRD_work/OCT2017_Test/test/CNV/CNV-103044-8.jpeg,CNV,0,0.9809259,0.0036444704,0.011956604,0.0034730656
/home/yogesh.patel/execution/25_9_2026_PRD_work/OCT2017_Test/test/CNV/CNV-103044-9.jpeg,CNV,0,0.9934903,0.0013772293,0.0013285439,0.0038039251
/home/yogesh.patel/execution/25_9_2026_PRD_work/OCT2017_Test/test/CNV/CNV-1083927-1.jpeg,CNV,0,0.94739336,0.046996158,0.003583884,0.0020266178
/home/yogesh.patel/execution/25_9_2026_PRD_work/OCT2017_Test/test/CNV/CNV-1112835-1.jpeg,CNV,0,0.98455554,0.0069360477,0.0012191058,0.0072893007
/home/yogesh.patel/execution/25_9_2026_PRD_work/OCT2017_Test/test/CNV/CNV-1112835-2.jpeg,CNV,0,0.9881951,0.007210991,0.0011693765,0.0034245134
/home/yogesh.patel/execution/25_9_2026_PRD_work/OCT2017_Test/test/CNV/CNV-1130960-1.jpeg,CNV,0,0.9866621,0.010264819,0.001501936,0.0015711344
/home/yogesh.patel/execution/25_9_2026_PRD_work/OCT2017_Test/test/CNV/CNV-1131664-1.jpeg,CNV,0,0.99103546,0.004122871,0.0021252998,0.0027163306
/home/yogesh.patel/execution/25_9_2026_PRD_work/OCT2017_Test/test/CNV/CNV-1136126-1.jpeg,CNV,0,0.9918502,0.0017627082,0.0046603046,0.0017267566
/home/yogesh.patel/execution/25_9_2026_PRD_work/OCT2017_Test/test/CNV/CNV-1177084-1.jpeg,CNV,0,0.85245234,0.13492727,0.0080247065,0.004595705
/home/yogesh.patel/execution/25_9_2026_PRD_work/OCT2017_Test/test/CNV/CNV-1188386-1.jpeg,CNV,0,0.98399705,0.011919385,0.0017899215,0.0022936189
/home/yogesh.patel/execution/25_9_2026_PRD_work/OCT2017_Test/test/CNV/CNV-1188386-2.jpeg,CNV,0,0.97829175,0.013407735,0.005780771,0.0025197049
/home/yogesh.patel/execution/25_9_2026_PRD_work/OCT2017_Test/test/CNV/CNV-1188386-3.jpeg,CNV,0,0.9800859,0.015423312,0.0028162936,0.0016744985
/home/yogesh.patel/execution/25_9_2026_PRD_work/OCT2017_Test/test/CNV/CNV-1188386-4.jpeg,CNV,0,0.9857471,0.008726816,0.0029167554,0.0026093565
/home/yogesh.patel/execution/25_9_2026_PRD_work/OCT2017_Test/test/CNV/CNV-1260317-1.jpeg,CNV,0,0.98727405,0.0072969957,0.00306832,0.0023605658
/home/yogesh.patel/execution/25_9_2026_PRD_work/OCT2017_Test/test/CNV/CNV-1290410-1.jpeg,CNV,0,0.9811011,0.009215554,0.0021496057,0.00753381
/home/yogesh.patel/execution/25_9_2026_PRD_work/OCT2017_Test/test/CNV/CNV-1290410-2.jpeg,CNV,0,0.9861885,0.006719909,0.004231255,0.0028603647
/home/yogesh.patel/execution/25_9_2026_PRD_work/OCT2017_Test/test/CNV/CNV-1290410-3.jpeg,CNV,0,0.98946995,0.007292349,0.0016694558,0.0015682764
/home/yogesh.patel/execution/25_9_2026_PRD_work/OCT2017_Test/test/CNV/CNV-1305450-1.jpeg,CNV,0,0.99435246,0.0022263166,0.0010563543,0.0023648716
/home/yogesh.patel/execution/25_9_2026_PRD_work/OCT2017_Test/test/CNV/CNV-1305450-2.jpeg,CNV,0,0.9805743,0.012510676,0.003485492,0.003429495
/home/yogesh.patel/execution/25_9_2026_PRD_work/OCT2017_Test/test/CNV/CNV-1305450-3.jpeg,CNV,0,0.80865353,0.18088333,0.0040170373,0.006446173
/home/yogesh.patel/execution/25_9_2026_PRD_work/OCT2017_Test/test/CNV/CNV-1305450-4.jpeg,CNV,0,0.9821135,0.013660696,0.0022042608,0.002021542
/home/yogesh.patel/execution/25_9_2026_PRD_work/OCT2017_Test/test/CNV/CNV-137351-1.jpeg,CNV,0,0.97560334,0.018712241,0.004271067,0.0014133044
/home/yogesh.patel/execution/25_9_2026_PRD_work/OCT2017_Test/test/CNV/CNV-1415351-1.jpeg,CNV,0,0.9146077,0.07329649,0.008118061,0.003977765
/home/yogesh.patel/execution/25_9_2026_PRD_work/OCT2017_Test/test/CNV/CNV-154835-1.jpeg,CNV,0,0.9733021,0.014468589,0.0042442163,0.007985103
/home/yogesh.patel/execution/25_9_2026_PRD_work/OCT2017_Test/test/CNV/CNV-154835-2.jpeg,CNV,0,0.98546416,0.004634746,0.0027080397,0.0071930485
/home/yogesh.patel/execution/25_9_2026_PRD_work/OCT2017_Test/test/CNV/CNV-163081-1.jpeg,CNV,0,0.9912489,0.003659674,0.0028602302,0.002231225
/home/yogesh.patel/execution/25_9_2026_PRD_work/OCT2017_Test/test/CNV/CNV-163081-10.jpeg,CNV,0,0.98530793,0.008882744,0.0033089858,0.0025003587
/home/yogesh.patel/execution/25_9_2026_PRD_work/OCT2017_Test/test/CNV/CNV-163081-2.jpeg,CNV,0,0.9917514,0.004849954,0.001890137,0.0015085484
/home/yogesh.patel/execution/25_9_2026_PRD_work/OCT2017_Test/test/CNV/CNV-163081-3.jpeg,CNV,0,0.9865931,0.0038920164,0.006885135,0.0026297292
/home/yogesh.patel/execution/25_9_2026_PRD_work/OCT2017_Test/test/CNV/CNV-163081-4.jpeg,CNV,0,0.98913676,0.0043444284,0.004688628,0.0018301675
/home/yogesh.patel/execution/25_9_2026_PRD_work/OCT2017_Test/test/CNV/CNV-163081-5.jpeg,CNV,0,0.98542553,0.0031951591,0.0083181765,0.0030611763
/home/yogesh.patel/execution/25_9_2026_PRD_work/OCT2017_Test/test/CNV/CNV-163081-6.jpeg,CNV,0,0.9889932,0.004181383,0.0041282214,0.0026971612
/home/yogesh.patel/execution/25_9_2026_PRD_work/OCT2017_Test/test/CNV/CNV-163081-7.jpeg,CNV,0,0.9767103,0.012264685,0.005565786,0.0054591377
/home/yogesh.patel/execution/25_9_2026_PRD_work/OCT2017_Test/test/CNV/CNV-163081-8.jpeg,CNV,0,0.99510276,0.002084723,0.0016418826,0.0011706131
/home/yogesh.patel/execution/25_9_2026_PRD_work/OCT2017_Test/test/CNV/CNV-163081-9.jpeg,CNV,0,0.98588866,0.0075241877,0.0031359228,0.003451253
/home/yogesh.patel/execution/25_9_2026_PRD_work/OCT2017_Test/test/CNV/CNV-1632795-1.jpeg,CNV,0,0.9850689,0.0074421135,0.0020116773,0.005477327
/home/yogesh.patel/execution/25_9_2026_PRD_work/OCT2017_Test/test/CNV/CNV-1641792-1.jpeg,CNV,0,0.9831992,0.0066682035,0.0054662875,0.004666297
/home/yogesh.patel/execution/25_9_2026_PRD_work/OCT2017_Test/test/CNV/CNV-1641792-2.jpeg,CNV,0,0.98868614,0.004109616,0.0034289313,0.0037752632
/home/yogesh.patel/execution/25_9_2026_PRD_work/OCT2017_Test/test/CNV/CNV-1699976-1.jpeg,CNV,0,0.99315083,0.0028061757,0.0008994237,0.0031435932
/home/yogesh.patel/execution/25_9_2026_PRD_work/OCT2017_Test/test/CNV/CNV-1699976-2.jpeg,CNV,0,0.9857162,0.0076260804,0.00087046355,0.0057871877
/home/yogesh.patel/execution/25_9_2026_PRD_work/OCT2017_Test/test/CNV/CNV-1699976-3.jpeg,CNV,0,0.99062973,0.0037242724,0.0021968628,0.003449127
/home/yogesh.patel/execution/25_9_2026_PRD_work/OCT2017_Test/test/CNV/CNV-1699976-4.jpeg,CNV,0,0.9910886,0.005021038,0.0008568907,0.0030334438
/home/yogesh.patel/execution/25_9_2026_PRD_work/OCT2017_Test/test/CNV/CNV-1699976-5.jpeg,CNV,0,0.9889189,0.007340489,0.0007290318,0.0030116301
/home/yogesh.patel/execution/25_9_2026_PRD_work/OCT2017_Test/test/CNV/CNV-1704482-1.jpeg,CNV,0,0.9811675,0.0153066665,0.0016537743,0.0018720479
/home/yogesh.patel/execution/25_9_2026_PRD_work/OCT2017_Test/test/CNV/CNV-172472-1.jpeg,CNV,0,0.9873762,0.002181914,0.0036323369,0.0068095597
/home/yogesh.patel/execution/25_9_2026_PRD_work/OCT2017_Test/test/CNV/CNV-172472-10.jpeg,CNV,0,0.9909255,0.0044005336,0.00095111097,0.0037228824
/home/yogesh.patel/execution/25_9_2026_PRD_work/OCT2017_Test/test/CNV/CNV-172472-11.jpeg,CNV,0,0.99308,0.0034761804,0.0019399324,0.001503874
/home/yogesh.patel/execution/25_9_2026_PRD_work/OCT2017_Test/test/CNV/CNV-172472-2.jpeg,CNV,0,0.9878768,0.006467178,0.0013028891,0.004353127
/home/yogesh.patel/execution/25_9_2026_PRD_work/OCT2017_Test/test/CNV/CNV-172472-3.jpeg,CNV,0,0.9890969,0.0038635214,0.003296893,0.0037426897
/home/yogesh.patel/execution/25_9_2026_PRD_work/OCT2017_Test/test/CNV/CNV-172472-4.jpeg,CNV,0,0.9918765,0.0039910953,0.0012893926,0.0028430042
/home/yogesh.patel/execution/25_9_2026_PRD_work/OCT2017_Test/test/CNV/CNV-172472-5.jpeg,CNV,0,0.99097455,0.0046658358,0.0014938209,0.002865835
/home/yogesh.patel/execution/25_9_2026_PRD_work/OCT2017_Test/test/CNV/CNV-172472-6.jpeg,CNV,0,0.9820615,0.0074964906,0.0086941505,0.001747842
/home/yogesh.patel/execution/25_9_2026_PRD_work/OCT2017_Test/test/CNV/CNV-172472-7.jpeg,CNV,0,0.9927462,0.002319348,0.0020036025,0.0029308058
/home/yogesh.patel/execution/25_9_2026_PRD_work/OCT2017_Test/test/CNV/CNV-172472-8.jpeg,CNV,0,0.9947569,0.0017902122,0.0020683191,0.0013845771
/home/yogesh.patel/execution/25_9_2026_PRD_work/OCT2017_Test/test/CNV/CNV-172472-9.jpeg,CNV,0,0.99097955,0.0045088897,0.0010488792,0.0034626801
/home/yogesh.patel/execution/25_9_2026_PRD_work/OCT2017_Test/test/CNV/CNV-1730592-1.jpeg,CNV,0,0.9901,0.005208489,0.0018212289,0.002870242
/home/yogesh.patel/execution/25_9_2026_PRD_work/OCT2017_Test/test/CNV/CNV-1730592-2.jpeg,CNV,0,0.9850464,0.008041225,0.0027748903,0.0041375393
/home/yogesh.patel/execution/25_9_2026_PRD_work/OCT2017_Test/test/CNV/CNV-1731375-1.jpeg,CNV,0,0.96361786,0.030426616,0.0024228017,0.0035326672
/home/yogesh.patel/execution/25_9_2026_PRD_work/OCT2017_Test/test/CNV/CNV-1731375-2.jpeg,CNV,0,0.9871604,0.004562855,0.005600907,0.0026758793
/home/yogesh.patel/execution/25_9_2026_PRD_work/OCT2017_Test/test/CNV/CNV-1731375-3.jpeg,CNV,0,0.94880074,0.004276217,0.042709425,0.004213654
/home/yogesh.patel/execution/25_9_2026_PRD_work/OCT2017_Test/test/CNV/CNV-1784116-1.jpeg,CNV,0,0.82563084,0.163032,0.0052062194,0.0061309636
/home/yogesh.patel/execution/25_9_2026_PRD_work/OCT2017_Test/test/CNV/CNV-1894770-1.jpeg,CNV,0,0.71215963,0.2651819,0.009098684,0.013559792
/home/yogesh.patel/execution/25_9_2026_PRD_work/OCT2017_Test/test/CNV/CNV-1894770-2.jpeg,CNV,0,0.97071666,0.012149509,0.014026446,0.0031073906
/home/yogesh.patel/execution/25_9_2026_PRD_work/OCT2017_Test/test/CNV/CNV-1980926-1.jpeg,CNV,0,0.9822479,0.009280868,0.0024143273,0.0060569523
/home/yogesh.patel/execution/25_9_2026_PRD_work/OCT2017_Test/test/CNV/CNV-198660-1.jpeg,CNV,0,0.98686165,0.004417676,0.002169179,0.0065514967
/home/yogesh.patel/execution/25_9_2026_PRD_work/OCT2017_Test/test/CNV/CNV-1997439-1.jpeg,CNV,0,0.9649925,0.023786757,0.009452848,0.0017678458
/home/yogesh.patel/execution/25_9_2026_PRD_work/OCT2017_Test/test/CNV/CNV-1997439-2.jpeg,CNV,0,0.9535257,0.040070422,0.002847242,0.0035566252
/home/yogesh.patel/execution/25_9_2026_PRD_work/OCT2017_Test/test/CNV/CNV-1997439-3.jpeg,CNV,0,0.9906427,0.006053743,0.00063291873,0.002670596
/home/yogesh.patel/execution/25_9_2026_PRD_work/OCT2017_Test/test/CNV/CNV-1997439-4.jpeg,CNV,0,0.985913,0.010142823,0.0010869477,0.0028572713
/home/yogesh.patel/execution/25_9_2026_PRD_work/OCT2017_Test/test/CNV/CNV-1997439-5.jpeg,CNV,0,0.98001313,0.015347061,0.0016991965,0.0029406645
/home/yogesh.patel/execution/25_9_2026_PRD_work/OCT2017_Test/test/CNV/CNV-1997439-6.jpeg,CNV,0,0.98645896,0.009437026,0.0014239519,0.0026801447
/home/yogesh.patel/execution/25_9_2026_PRD_work/OCT2017_Test/test/CNV/CNV-1997439-7.jpeg,CNV,0,0.9901363,0.006429954,0.0014606663,0.0019730744
/home/yogesh.patel/execution/25_9_2026_PRD_work/OCT2017_Test/test/CNV/CNV-2025105-1.jpeg,CNV,0,0.953753,0.01602608,0.02722944,0.002991517
/home/yogesh.patel/execution/25_9_2026_PRD_work/OCT2017_Test/test/CNV/CNV-204397-1.jpeg,CNV,0,0.98558444,0.009713909,0.0012094118,0.0034922445
/home/yogesh.patel/execution/25_9_2026_PRD_work/OCT2017_Test/test/CNV/CNV-2116022-1.jpeg,CNV,0,0.9895743,0.005495085,0.002909454,0.0020211174
/home/yogesh.patel/execution/25_9_2026_PRD_work/OCT2017_Test/test/CNV/CNV-2141150-1.jpeg,CNV,0,0.9818845,0.010224939,0.002862861,0.0050277608
/home/yogesh.patel/execution/25_9_2026_PRD_work/OCT2017_Test/test/CNV/CNV-2141150-2.jpeg,CNV,0,0.9832368,0.007186957,0.0068854783,0.0026907679
/home/yogesh.patel/execution/25_9_2026_PRD_work/OCT2017_Test/test/CNV/CNV-2158821-1.jpeg,CNV,0,0.9840147,0.004632868,0.00415267,0.007199768
/home/yogesh.patel/execution/25_9_2026_PRD_work/OCT2017_Test/test/CNV/CNV-2158821-2.jpeg,CNV,0,0.97591496,0.012039161,0.004042045,0.008003791
/home/yogesh.patel/execution/25_9_2026_PRD_work/OCT2017_Test/test/CNV/CNV-2168793-1.jpeg,CNV,0,0.9902282,0.0043137176,0.0017820494,0.0036760748
/home/yogesh.patel/execution/25_9_2026_PRD_work/OCT2017_Test/test/CNV/CNV-2177326-1.jpeg,CNV,0,0.9891486,0.0058954624,0.0017501903,0.0032057508
/home/yogesh.patel/execution/25_9_2026_PRD_work/OCT2017_Test/test/CNV/CNV-218676-1.jpeg,CNV,0,0.95733994,0.012853314,0.0017741049,0.0280326
/home/yogesh.patel/execution/25_9_2026_PRD_work/OCT2017_Test/test/CNV/CNV-2192440-1.jpeg,CNV,0,0.98457414,0.00978213,0.0018561275,0.0037876717
/home/yogesh.patel/execution/25_9_2026_PRD_work/OCT2017_Test/test/CNV/CNV-2192440-2.jpeg,CNV,0,0.98856056,0.006256761,0.0012228293,0.0039598197
/home/yogesh.patel/execution/25_9_2026_PRD_work/OCT2017_Test/test/CNV/CNV-2350851-1.jpeg,CNV,0,0.9722246,0.02432151,0.001995015,0.0014588494
/home/yogesh.patel/execution/25_9_2026_PRD_work/OCT2017_Test/test/CNV/CNV-2438783-1.jpeg,CNV,0,0.9898123,0.007012768,0.0009605907,0.0022143822
/home/yogesh.patel/execution/25_9_2026_PRD_work/OCT2017_Test/test/CNV/CNV-2438783-2.jpeg,CNV,0,0.98596615,0.008682909,0.0016045277,0.0037464348
/home/yogesh.patel/execution/25_9_2026_PRD_work/OCT2017_Test/test/CNV/CNV-2541184-1.jpeg,CNV,0,0.9762714,0.0038055945,0.016119419,0.0038035847
/home/yogesh.patel/execution/25_9_2026_PRD_work/OCT2017_Test/test/CNV/CNV-2632189-1.jpeg,CNV,0,0.99132645,0.0036799782,0.0025229042,0.0024707136
/home/yogesh.patel/execution/25_9_2026_PRD_work/OCT2017_Test/test/CNV/CNV-2692822-1.jpeg,CNV,0,0.96275806,0.025340984,0.0052018114,0.006699165
/home/yogesh.patel/execution/25_9_2026_PRD_work/OCT2017_Test/test/CNV/CNV-2725524-1.jpeg,CNV,0,0.98621625,0.005910191,0.0028798562,0.004993777
/home/yogesh.patel/execution/25_9_2026_PRD_work/OCT2017_Test/test/CNV/CNV-2725524-2.jpeg,CNV,0,0.96809864,0.02729692,0.0022046054,0.0023998802
/home/yogesh.patel/execution/25_9_2026_PRD_work/OCT2017_Test/test/CNV/CNV-2760476-1.jpeg,CNV,0,0.97742766,0.018050583,0.0022562644,0.0022655316
/home/yogesh.patel/execution/25_9_2026_PRD_work/OCT2017_Test/test/CNV/CNV-2959614-1.jpeg,CNV,0,0.9842196,0.008554979,0.002113478,0.005111915
/home/yogesh.patel/execution/25_9_2026_PRD_work/OCT2017_Test/test/CNV/CNV-2959614-2.jpeg,CNV,0,0.986106,0.007769691,0.0025887892,0.003535526
/home/yogesh.patel/execution/25_9_2026_PRD_work/OCT2017_Test/test/CNV/CNV-2959614-3.jpeg,CNV,0,0.98362684,0.009852608,0.0029076494,0.0036129518
/home/yogesh.patel/execution/25_9_2026_PRD_work/OCT2017_Test/test/CNV/CNV-2959614-4.jpeg,CNV,0,0.9821366,0.010071451,0.004751048,0.0030408811
/home/yogesh.patel/execution/25_9_2026_PRD_work/OCT2017_Test/test/CNV/CNV-3030629-1.jpeg,CNV,0,0.9634097,0.027740335,0.0048446767,0.0040053027
/home/yogesh.patel/execution/25_9_2026_PRD_work/OCT2017_Test/test/CNV/CNV-3080163-1.jpeg,CNV,0,0.9746466,0.0162806,0.001748892,0.007323861
/home/yogesh.patel/execution/25_9_2026_PRD_work/OCT2017_Test/test/CNV/CNV-3080163-2.jpeg,CNV,0,0.9813673,0.011955864,0.0019000319,0.004776842
/home/yogesh.patel/execution/25_9_2026_PRD_work/OCT2017_Test/test/CNV/CNV-3119854-1.jpeg,CNV,0,0.98979557,0.0051977667,0.00062712596,0.004379565
/home/yogesh.patel/execution/25_9_2026_PRD_work/OCT2017_Test/test/CNV/CNV-3163547-1.jpeg,CNV,0,0.9852949,0.0070086857,0.0012994666,0.0063969763
/home/yogesh.patel/execution/25_9_2026_PRD_work/OCT2017_Test/test/CNV/CNV-3200277-1.jpeg,CNV,0,0.97152555,0.022620413,0.004284975,0.0015690889
/home/yogesh.patel/execution/25_9_2026_PRD_work/OCT2017_Test/test/CNV/CNV-3200277-2.jpeg,CNV,0,0.99035555,0.004608276,0.002974457,0.0020617223
/home/yogesh.patel/execution/25_9_2026_PRD_work/OCT2017_Test/test/CNV/CNV-3213586-1.jpeg,CNV,0,0.9921079,0.0031774119,0.0015649297,0.003149668
/home/yogesh.patel/execution/25_9_2026_PRD_work/OCT2017_Test/test/CNV/CNV-3241692-1.jpeg,CNV,0,0.9660814,0.009759337,0.021543987,0.0026153426
/home/yogesh.patel/execution/25_9_2026_PRD_work/OCT2017_Test/test/CNV/CNV-3241692-2.jpeg,CNV,0,0.9721416,0.01422554,0.009501767,0.0041310024
/home/yogesh.patel/execution/25_9_2026_PRD_work/OCT2017_Test/test/CNV/CNV-328435-1.jpeg,CNV,0,0.9713266,0.008160234,0.005449903,0.01506325
/home/yogesh.patel/execution/25_9_2026_PRD_work/OCT2017_Test/test/CNV/CNV-3300060-1.jpeg,CNV,0,0.9865383,0.010003437,0.0010389888,0.0024192743
/home/yogesh.patel/execution/25_9_2026_PRD_work/OCT2017_Test/test/CNV/CNV-338282-1.jpeg,CNV,0,0.98484695,0.0086972,0.0044374615,0.0020183832
/home/yogesh.patel/execution/25_9_2026_PRD_work/OCT2017_Test/test/CNV/CNV-3424668-1.jpeg,CNV,0,0.9120842,0.07688733,0.0059802365,0.0050482075
/home/yogesh.patel/execution/25_9_2026_PRD_work/OCT2017_Test/test/CNV/CNV-3432812-1.jpeg,CNV,0,0.9214032,0.003036071,0.07236462,0.003196119
/home/yogesh.patel/execution/25_9_2026_PRD_work/OCT2017_Test/test/CNV/CNV-3459091-1.jpeg,CNV,0,0.9840338,0.010773224,0.0016947981,0.0034981542
/home/yogesh.patel/execution/25_9_2026_PRD_work/OCT2017_Test/test/CNV/CNV-3541867-1.jpeg,CNV,0,0.98504764,0.0046586855,0.007066451,0.0032271987
/home/yogesh.patel/execution/25_9_2026_PRD_work/OCT2017_Test/test/CNV/CNV-3616460-1.jpeg,CNV,0,0.9856409,0.008885025,0.0024677676,0.0030063575
/home/yogesh.patel/execution/25_9_2026_PRD_work/OCT2017_Test/test/CNV/CNV-3618489-1.jpeg,CNV,0,0.9493576,0.021257522,0.008575198,0.020809632
/home/yogesh.patel/execution/25_9_2026_PRD_work/OCT2017_Test/test/CNV/CNV-3618489-2.jpeg,CNV,0,0.98568916,0.008511803,0.003369562,0.0024294567
/home/yogesh.patel/execution/25_9_2026_PRD_work/OCT2017_Test/test/CNV/CNV-364469-1.jpeg,CNV,0,0.98655564,0.0051602907,0.006332761,0.001951305
/home/yogesh.patel/execution/25_9_2026_PRD_work/OCT2017_Test/test/CNV/CNV-364469-2.jpeg,CNV,0,0.975721,0.011519396,0.009259898,0.003499682
/home/yogesh.patel/execution/25_9_2026_PRD_work/OCT2017_Test/test/CNV/CNV-364469-3.jpeg,CNV,0,0.9773797,0.0059880773,0.013752518,0.0028796291
/home/yogesh.patel/execution/25_9_2026_PRD_work/OCT2017_Test/test/CNV/CNV-3734032-1.jpeg,CNV,0,0.98789376,0.008374029,0.0009374742,0.002794695
/home/yogesh.patel/execution/25_9_2026_PRD_work/OCT2017_Test/test/CNV/CNV-375851-1.jpeg,CNV,0,0.9788242,0.0059360876,0.005013436,0.010226267
/home/yogesh.patel/execution/25_9_2026_PRD_work/OCT2017_Test/test/CNV/CNV-3847391-1.jpeg,CNV,0,0.95427704,0.011241557,0.03159911,0.0028823318
/home/yogesh.patel/execution/25_9_2026_PRD_work/OCT2017_Test/test/CNV/CNV-412653-1.jpeg,CNV,0,0.98921365,0.0038756973,0.0026009954,0.004309654
/home/yogesh.patel/execution/25_9_2026_PRD_work/OCT2017_Test/test/CNV/CNV-417468-1.jpeg,CNV,0,0.9059805,0.0795683,0.0060866983,0.0083643915
/home/yogesh.patel/execution/25_9_2026_PRD_work/OCT2017_Test/test/CNV/CNV-4244160-1.jpeg,CNV,0,0.98716193,0.008696905,0.0013477064,0.0027934397
/home/yogesh.patel/execution/25_9_2026_PRD_work/OCT2017_Test/test/CNV/CNV-4244160-2.jpeg,CNV,0,0.9818608,0.013869988,0.0021331958,0.0021360286
/home/yogesh.patel/execution/25_9_2026_PRD_work/OCT2017_Test/test/CNV/CNV-4244160-3.jpeg,CNV,0,0.97612894,0.012384413,0.002270714,0.009215931
/home/yogesh.patel/execution/25_9_2026_PRD_work/OCT2017_Test/test/CNV/CNV-4274486-1.jpeg,CNV,0,0.73479223,0.08594426,0.1729323,0.006331221
/home/yogesh.patel/execution/25_9_2026_PRD_work/OCT2017_Test/test/CNV/CNV-4283050-1.jpeg,CNV,0,0.49154407,0.5007328,0.0027497592,0.0049733636
/home/yogesh.patel/execution/25_9_2026_PRD_work/OCT2017_Test/test/CNV/CNV-4283050-2.jpeg,CNV,0,0.93551,0.056434624,0.00294592,0.0051094866
/home/yogesh.patel/execution/25_9_2026_PRD_work/OCT2017_Test/test/CNV/CNV-4464785-1.jpeg,CNV,0,0.98450094,0.011058049,0.0032714717,0.0011695904
/home/yogesh.patel/execution/25_9_2026_PRD_work/OCT2017_Test/test/CNV/CNV-451136-1.jpeg,CNV,0,0.98459876,0.0072085704,0.0018423536,0.006350324
/home/yogesh.patel/execution/25_9_2026_PRD_work/OCT2017_Test/test/CNV/CNV-451136-2.jpeg,CNV,0,0.97545266,0.014181246,0.0032334162,0.0071326615
/home/yogesh.patel/execution/25_9_2026_PRD_work/OCT2017_Test/test/CNV/CNV-451136-3.jpeg,CNV,0,0.9803473,0.009944306,0.006337238,0.0033711393
/home/yogesh.patel/execution/25_9_2026_PRD_work/OCT2017_Test/test/CNV/CNV-451136-4.jpeg,CNV,0,0.9874206,0.008726597,0.0013936141,0.0024591642
/home/yogesh.patel/execution/25_9_2026_PRD_work/OCT2017_Test/test/CNV/CNV-451136-5.jpeg,CNV,0,0.9844072,0.009004738,0.0033185424,0.0032695415
/home/yogesh.patel/execution/25_9_2026_PRD_work/OCT2017_Test/test/CNV/CNV-451136-6.jpeg,CNV,0,0.97948307,0.009027762,0.0007816677,0.010707512
/home/yogesh.patel/execution/25_9_2026_PRD_work/OCT2017_Test/test/CNV/CNV-451136-7.jpeg,CNV,0,0.9626966,0.019076716,0.013935077,0.004291585
/home/yogesh.patel/execution/25_9_2026_PRD_work/OCT2017_Test/test/CNV/CNV-457527-1.jpeg,CNV,0,0.9565679,0.02670455,0.0020595242,0.014668059
/home/yogesh.patel/execution/25_9_2026_PRD_work/OCT2017_Test/test/CNV/CNV-457907-1.jpeg,CNV,0,0.9069804,0.08288618,0.004533378,0.0056000594
/home/yogesh.patel/execution/25_9_2026_PRD_work/OCT2017_Test/test/CNV/CNV-460403-1.jpeg,CNV,0,0.8943914,0.08482348,0.014131892,0.006653151
/home/yogesh.patel/execution/25_9_2026_PRD_work/OCT2017_Test/test/CNV/CNV-4643364-1.jpeg,CNV,0,0.99256563,0.002646651,0.0013572995,0.003430444
/home/yogesh.patel/execution/25_9_2026_PRD_work/OCT2017_Test/test/CNV/CNV-4674526-1.jpeg,CNV,0,0.9775084,0.007851253,0.008533626,0.006106709
/home/yogesh.patel/execution/25_9_2026_PRD_work/OCT2017_Test/test/CNV/CNV-4740418-1.jpeg,CNV,0,0.88289434,0.093906425,0.0088023925,0.014396794
/home/yogesh.patel/execution/25_9_2026_PRD_work/OCT2017_Test/test/CNV/CNV-4775389-1.jpeg,CNV,0,0.99037385,0.0065646637,0.00089492573,0.0021665208
/home/yogesh.patel/execution/25_9_2026_PRD_work/OCT2017_Test/test/CNV/CNV-4884091-1.jpeg,CNV,0,0.95072913,0.029039565,0.018093273,0.0021379676
/home/yogesh.patel/execution/25_9_2026_PRD_work/OCT2017_Test/test/CNV/CNV-4907724-1.jpeg,CNV,0,0.9530384,0.029273015,0.015627554,0.002061075
/home/yogesh.patel/execution/25_9_2026_PRD_work/OCT2017_Test/test/CNV/CNV-4974377-1.jpeg,CNV,0,0.9860932,0.009064368,0.0022728015,0.002569683
/home/yogesh.patel/execution/25_9_2026_PRD_work/OCT2017_Test/test/CNV/CNV-5054419-1.jpeg,CNV,0,0.9824463,0.012230624,0.0030594384,0.0022636186
/home/yogesh.patel/execution/25_9_2026_PRD_work/OCT2017_Test/test/CNV/CNV-5054419-2.jpeg,CNV,0,0.9801284,0.013790873,0.003098103,0.0029825522
/home/yogesh.patel/execution/25_9_2026_PRD_work/OCT2017_Test/test/CNV/CNV-53018-1.jpeg,CNV,0,0.9413036,0.02446333,0.031495668,0.002737413
/home/yogesh.patel/execution/25_9_2026_PRD_work/OCT2017_Test/test/CNV/CNV-53018-2.jpeg,CNV,0,0.96894574,0.005453655,0.021664849,0.0039357813
/home/yogesh.patel/execution/25_9_2026_PRD_work/OCT2017_Test/test/CNV/CNV-538779-1.jpeg,CNV,0,0.98193336,0.010021877,0.0013158008,0.0067289923
/home/yogesh.patel/execution/25_9_2026_PRD_work/OCT2017_Test/test/CNV/CNV-538779-2.jpeg,CNV,0,0.98395157,0.008293253,0.0012545855,0.006500593
/home/yogesh.patel/execution/25_9_2026_PRD_work/OCT2017_Test/test/CNV/CNV-5409617-1.jpeg,CNV,0,0.98195916,0.013799553,0.0020446435,0.0021966165
/home/yogesh.patel/execution/25_9_2026_PRD_work/OCT2017_Test/test/CNV/CNV-5429703-1.jpeg,CNV,0,0.9877288,0.008887164,0.0006806721,0.0027033752
/home/yogesh.patel/execution/25_9_2026_PRD_work/OCT2017_Test/test/CNV/CNV-5429703-2.jpeg,CNV,0,0.9915235,0.004663746,0.0017702328,0.0020425399
/home/yogesh.patel/execution/25_9_2026_PRD_work/OCT2017_Test/test/CNV/CNV-5431636-1.jpeg,CNV,0,0.91726696,0.005442899,0.07353836,0.003751809
/home/yogesh.patel/execution/25_9_2026_PRD_work/OCT2017_Test/test/CNV/CNV-5431636-2.jpeg,CNV,0,0.9788017,0.009906318,0.0030454576,0.008246484
/home/yogesh.patel/execution/25_9_2026_PRD_work/OCT2017_Test/test/CNV/CNV-5457415-1.jpeg,CNV,0,0.98503065,0.0082245115,0.0013167402,0.005428097
/home/yogesh.patel/execution/25_9_2026_PRD_work/OCT2017_Test/test/CNV/CNV-5536678-1.jpeg,CNV,0,0.97345495,0.016681295,0.002125569,0.007738159
/home/yogesh.patel/execution/25_9_2026_PRD_work/OCT2017_Test/test/CNV/CNV-5536678-2.jpeg,CNV,0,0.9657602,0.0141212,0.0037514053,0.01636721
/home/yogesh.patel/execution/25_9_2026_PRD_work/OCT2017_Test/test/CNV/CNV-5557306-1.jpeg,CNV,0,0.9921431,0.0028641296,0.0019670818,0.0030256908
/home/yogesh.patel/execution/25_9_2026_PRD_work/OCT2017_Test/test/CNV/CNV-5594757-1.jpeg,CNV,0,0.9913825,0.0032807149,0.0014835643,0.0038533313
/home/yogesh.patel/execution/25_9_2026_PRD_work/OCT2017_Test/test/CNV/CNV-5594757-2.jpeg,CNV,0,0.9894679,0.007263738,0.0011530563,0.0021152971
/home/yogesh.patel/execution/25_9_2026_PRD_work/OCT2017_Test/test/CNV/CNV-5603164-1.jpeg,CNV,0,0.9794563,0.015764266,0.0017441908,0.0030351733
/home/yogesh.patel/execution/25_9_2026_PRD_work/OCT2017_Test/test/CNV/CNV-564246-1.jpeg,CNV,0,0.68295556,0.30354115,0.009717077,0.0037861783
/home/yogesh.patel/execution/25_9_2026_PRD_work/OCT2017_Test/test/CNV/CNV-5674369-1.jpeg,CNV,0,0.98728126,0.007940143,0.0025440482,0.0022345253
/home/yogesh.patel/execution/25_9_2026_PRD_work/OCT2017_Test/test/CNV/CNV-5674369-2.jpeg,CNV,0,0.9832373,0.009518146,0.001909429,0.005335167
/home/yogesh.patel/execution/25_9_2026_PRD_work/OCT2017_Test/test/CNV/CNV-5674369-3.jpeg,CNV,0,0.9897178,0.0065094973,0.0017315466,0.0020412344
/home/yogesh.patel/execution/25_9_2026_PRD_work/OCT2017_Test/test/CNV/CNV-5674369-4.jpeg,CNV,0,0.9846682,0.0069634668,0.005055099,0.0033132646
/home/yogesh.patel/execution/25_9_2026_PRD_work/OCT2017_Test/test/CNV/CNV-5674369-5.jpeg,CNV,0,0.98502356,0.0076954965,0.0044210595,0.0028598644
/home/yogesh.patel/execution/25_9_2026_PRD_work/OCT2017_Test/test/CNV/CNV-5760454-1.jpeg,CNV,0,0.9485623,0.012413533,0.037466004,0.0015581149
/home/yogesh.patel/execution/25_9_2026_PRD_work/OCT2017_Test/test/CNV/CNV-5813701-1.jpeg,CNV,0,0.9903379,0.0066974442,0.0013359046,0.0016287233
/home/yogesh.patel/execution/25_9_2026_PRD_work/OCT2017_Test/test/CNV/CNV-5813701-2.jpeg,CNV,0,0.91767013,0.073669575,0.006259512,0.0024007694
/home/yogesh.patel/execution/25_9_2026_PRD_work/OCT2017_Test/test/CNV/CNV-5813701-3.jpeg,CNV,0,0.94242144,0.04560396,0.0046682814,0.0073063145
/home/yogesh.patel/execution/25_9_2026_PRD_work/OCT2017_Test/test/CNV/CNV-5824631-1.jpeg,CNV,0,0.9784573,0.016359832,0.002515659,0.0026672853
/home/yogesh.patel/execution/25_9_2026_PRD_work/OCT2017_Test/test/CNV/CNV-5861916-1.jpeg,CNV,0,0.820901,0.172113,0.0017765608,0.005209475
/home/yogesh.patel/execution/25_9_2026_PRD_work/OCT2017_Test/test/CNV/CNV-5861916-2.jpeg,CNV,0,0.97127926,0.019409085,0.0060008387,0.003310838
/home/yogesh.patel/execution/25_9_2026_PRD_work/OCT2017_Test/test/CNV/CNV-5861916-3.jpeg,CNV,0,0.98371387,0.012430471,0.00095789065,0.0028977452
/home/yogesh.patel/execution/25_9_2026_PRD_work/OCT2017_Test/test/CNV/CNV-5861916-4.jpeg,CNV,0,0.98508537,0.009894355,0.0020492189,0.0029710769
/home/yogesh.patel/execution/25_9_2026_PRD_work/OCT2017_Test/test/CNV/CNV-5861916-5.jpeg,CNV,0,0.9814164,0.015492172,0.0010547347,0.0020366986
/home/yogesh.patel/execution/25_9_2026_PRD_work/OCT2017_Test/test/CNV/CNV-5904584-1.jpeg,CNV,0,0.6402959,0.34685716,0.011036912,0.0018100152
/home/yogesh.patel/execution/25_9_2026_PRD_work/OCT2017_Test/test/CNV/CNV-5904584-2.jpeg,CNV,0,0.9874528,0.0052254405,0.0032088682,0.0041128197
/home/yogesh.patel/execution/25_9_2026_PRD_work/OCT2017_Test/test/CNV/CNV-5904584-3.jpeg,CNV,0,0.9761094,0.018805636,0.0031359035,0.0019490861
/home/yogesh.patel/execution/25_9_2026_PRD_work/OCT2017_Test/test/CNV/CNV-5969175-1.jpeg,CNV,0,0.98035526,0.006372987,0.010581305,0.0026904396
/home/yogesh.patel/execution/25_9_2026_PRD_work/OCT2017_Test/test/CNV/CNV-5969175-2.jpeg,CNV,0,0.97407675,0.022229545,0.0023286522,0.0013650409
/home/yogesh.patel/execution/25_9_2026_PRD_work/OCT2017_Test/test/CNV/CNV-6053140-1.jpeg,CNV,0,0.90697294,0.005078231,0.08298193,0.0049669207
/home/yogesh.patel/execution/25_9_2026_PRD_work/OCT2017_Test/test/CNV/CNV-6190971-1.jpeg,CNV,0,0.9315351,0.05891656,0.0069635203,0.002584809
/home/yogesh.patel/execution/25_9_2026_PRD_work/OCT2017_Test/test/CNV/CNV-6215140-1.jpeg,CNV,0,0.9877867,0.004782267,0.0033498616,0.0040811575
/home/yogesh.patel/execution/25_9_2026_PRD_work/OCT2017_Test/test/CNV/CNV-6215140-2.jpeg,CNV,0,0.9828713,0.012158771,0.0015322495,0.0034376727
/home/yogesh.patel/execution/25_9_2026_PRD_work/OCT2017_Test/test/CNV/CNV-624911-1.jpeg,CNV,0,0.9812129,0.013809581,0.002479531,0.0024979678
/home/yogesh.patel/execution/25_9_2026_PRD_work/OCT2017_Test/test/CNV/CNV-624911-2.jpeg,CNV,0,0.97755694,0.011086788,0.008726132,0.002630168
/home/yogesh.patel/execution/25_9_2026_PRD_work/OCT2017_Test/test/CNV/CNV-624911-3.jpeg,CNV,0,0.9721616,0.023179973,0.003046831,0.001611646
/home/yogesh.patel/execution/25_9_2026_PRD_work/OCT2017_Test/test/CNV/CNV-6256161-1.jpeg,CNV,0,0.9285659,0.0032969501,0.06481076,0.0033263818
/home/yogesh.patel/execution/25_9_2026_PRD_work/OCT2017_Test/test/CNV/CNV-732516-1.jpeg,CNV,0,0.98579246,0.0069154734,0.003180538,0.0041115717
/home/yogesh.patel/execution/25_9_2026_PRD_work/OCT2017_Test/test/CNV/CNV-732516-2.jpeg,CNV,0,0.98772717,0.00547548,0.0034994325,0.0032979762
/home/yogesh.patel/execution/25_9_2026_PRD_work/OCT2017_Test/test/CNV/CNV-732516-3.jpeg,CNV,0,0.98400515,0.008251551,0.002321354,0.005421898
/home/yogesh.patel/execution/25_9_2026_PRD_work/OCT2017_Test/test/CNV/CNV-732516-4.jpeg,CNV,0,0.98617464,0.007633172,0.0032720778,0.002920075
/home/yogesh.patel/execution/25_9_2026_PRD_work/OCT2017_Test/test/CNV/CNV-743852-1.jpeg,CNV,0,0.9710088,0.021136181,0.0070624603,0.0007926211
/home/yogesh.patel/execution/25_9_2026_PRD_work/OCT2017_Test/test/CNV/CNV-776149-1.jpeg,CNV,0,0.98808783,0.0068569323,0.0018950985,0.0031601323
/home/yogesh.patel/execution/25_9_2026_PRD_work/OCT2017_Test/test/CNV/CNV-779442-1.jpeg,CNV,0,0.9803064,0.004958775,0.009403109,0.005331754
/home/yogesh.patel/execution/25_9_2026_PRD_work/OCT2017_Test/test/CNV/CNV-779442-2.jpeg,CNV,0,0.9531991,0.009523813,0.02886722,0.008409938
/home/yogesh.patel/execution/25_9_2026_PRD_work/OCT2017_Test/test/CNV/CNV-779442-3.jpeg,CNV,0,0.9776017,0.006044358,0.011134418,0.005219532
/home/yogesh.patel/execution/25_9_2026_PRD_work/OCT2017_Test/test/CNV/CNV-781814-1.jpeg,CNV,0,0.95205224,0.00861554,0.02882566,0.010506556
/home/yogesh.patel/execution/25_9_2026_PRD_work/OCT2017_Test/test/CNV/CNV-794538-1.jpeg,CNV,0,0.9857534,0.0025659401,0.0077031557,0.003977436
/home/yogesh.patel/execution/25_9_2026_PRD_work/OCT2017_Test/test/CNV/CNV-794538-2.jpeg,CNV,0,0.97528696,0.011169373,0.0054929387,0.008050776
/home/yogesh.patel/execution/25_9_2026_PRD_work/OCT2017_Test/test/CNV/CNV-81630-1.jpeg,CNV,0,0.9881989,0.006396982,0.0014399237,0.0039642127
/home/yogesh.patel/execution/25_9_2026_PRD_work/OCT2017_Test/test/CNV/CNV-81630-2.jpeg,CNV,0,0.98610425,0.0043373504,0.002857691,0.006700726
/home/yogesh.patel/execution/25_9_2026_PRD_work/OCT2017_Test/test/CNV/CNV-81630-3.jpeg,CNV,0,0.98094183,0.008948654,0.0022592354,0.007850259
/home/yogesh.patel/execution/25_9_2026_PRD_work/OCT2017_Test/test/CNV/CNV-81630-4.jpeg,CNV,0,0.98360753,0.0076411166,0.0023977002,0.006353661
/home/yogesh.patel/execution/25_9_2026_PRD_work/OCT2017_Test/test/CNV/CNV-827677-1.jpeg,CNV,0,0.9910076,0.003253657,0.003987787,0.0017509272
/home/yogesh.patel/execution/25_9_2026_PRD_work/OCT2017_Test/test/CNV/CNV-830921-1.jpeg,CNV,0,0.8364618,0.0071933735,0.15178037,0.0045644618
/home/yogesh.patel/execution/25_9_2026_PRD_work/OCT2017_Test/test/CNV/CNV-865813-1.jpeg,CNV,0,0.9926368,0.0027105832,0.0011299617,0.0035226464
/home/yogesh.patel/execution/25_9_2026_PRD_work/OCT2017_Test/test/CNV/CNV-904464-1.jpeg,CNV,0,0.990555,0.0052970704,0.0017034364,0.0024444691
/home/yogesh.patel/execution/25_9_2026_PRD_work/OCT2017_Test/test/CNV/CNV-904464-2.jpeg,CNV,0,0.9910221,0.004295826,0.0010286535,0.0036534027
/home/yogesh.patel/execution/25_9_2026_PRD_work/OCT2017_Test/test/CNV/CNV-904464-3.jpeg,CNV,0,0.98948866,0.006768892,0.0009653254,0.0027770961
/home/yogesh.patel/execution/25_9_2026_PRD_work/OCT2017_Test/test/CNV/CNV-904464-4.jpeg,CNV,0,0.9842853,0.01090737,0.0020212436,0.0027859823
/home/yogesh.patel/execution/25_9_2026_PRD_work/OCT2017_Test/test/CNV/CNV-909994-1.jpeg,CNV,0,0.95622146,0.036516413,0.0057109073,0.0015512237
/home/yogesh.patel/execution/25_9_2026_PRD_work/OCT2017_Test/test/CNV/CNV-933576-1.jpeg,CNV,0,0.98182726,0.005426709,0.009894825,0.0028512045
/home/yogesh.patel/execution/25_9_2026_PRD_work/OCT2017_Test/test/CNV/CNV-933576-2.jpeg,CNV,0,0.99206257,0.0022622163,0.0014052315,0.004270023
/home/yogesh.patel/execution/25_9_2026_PRD_work/OCT2017_Test/test/CNV/CNV-933576-3.jpeg,CNV,0,0.9889381,0.006433504,0.0025994065,0.0020290199
/home/yogesh.patel/execution/25_9_2026_PRD_work/OCT2017_Test/test/CNV/CNV-933576-4.jpeg,CNV,0,0.9776971,0.01727633,0.004201926,0.0008246283
/home/yogesh.patel/execution/25_9_2026_PRD_work/OCT2017_Test/test/CNV/CNV-954024-1.jpeg,CNV,0,0.9625427,0.012427947,0.01267008,0.012359251
/home/yogesh.patel/execution/25_9_2026_PRD_work/OCT2017_Test/test/CNV/CNV-987193-1.jpeg,CNV,0,0.8866884,0.04679362,0.06458157,0.0019364181
/home/yogesh.patel/execution/25_9_2026_PRD_work/OCT2017_Test/test/CNV/CNV-987193-2.jpeg,CNV,0,0.9684468,0.02655311,0.003832303,0.001167816
/home/yogesh.patel/execution/25_9_2026_PRD_work/OCT2017_Test/test/CNV/CNV-995513-1.jpeg,CNV,0,0.9747932,0.0073743807,0.010202026,0.007630457
/home/yogesh.patel/execution/25_9_2026_PRD_work/OCT2017_Test/test/DME/DME-1081406-1.jpeg,DME,1,0.017961213,0.9740007,0.0049751895,0.003062905
/home/yogesh.patel/execution/25_9_2026_PRD_work/OCT2017_Test/test/DME/DME-1102486-1.jpeg,DME,1,0.018842477,0.9766441,0.0014680794,0.0030453461
/home/yogesh.patel/execution/25_9_2026_PRD_work/OCT2017_Test/test/DME/DME-1102486-2.jpeg,DME,1,0.011205423,0.9840505,0.0022035947,0.0025404638
/home/yogesh.patel/execution/25_9_2026_PRD_work/OCT2017_Test/test/DME/DME-1102486-3.jpeg,DME,1,0.001053432,0.99160266,0.002689061,0.0046548718
/home/yogesh.patel/execution/25_9_2026_PRD_work/OCT2017_Test/test/DME/DME-1102486-4.jpeg,DME,1,0.0076781493,0.98880786,0.0012909614,0.002223001
/home/yogesh.patel/execution/25_9_2026_PRD_work/OCT2017_Test/test/DME/DME-11053-1.jpeg,DME,1,0.0070489207,0.9830741,0.0033445577,0.0065324144
/home/yogesh.patel/execution/25_9_2026_PRD_work/OCT2017_Test/test/DME/DME-119840-1.jpeg,DME,1,0.008673412,0.9855384,0.0033507424,0.002437403
/home/yogesh.patel/execution/25_9_2026_PRD_work/OCT2017_Test/test/DME/DME-1274315-1.jpeg,DME,1,0.00876809,0.9851955,0.002516886,0.0035195258
/home/yogesh.patel/execution/25_9_2026_PRD_work/OCT2017_Test/test/DME/DME-1274315-2.jpeg,DME,1,0.011812505,0.9846463,0.0009540648,0.002587125
/home/yogesh.patel/execution/25_9_2026_PRD_work/OCT2017_Test/test/DME/DME-138971-1.jpeg,DME,1,0.001334366,0.9927157,0.002220003,0.0037299471
/home/yogesh.patel/execution/25_9_2026_PRD_work/OCT2017_Test/test/DME/DME-138971-2.jpeg,DME,1,0.0054664635,0.9874196,0.003490011,0.0036238718
/home/yogesh.patel/execution/25_9_2026_PRD_work/OCT2017_Test/test/DME/DME-1430899-1.jpeg,DME,1,0.028488012,0.9668079,0.0031802198,0.0015238203
/home/yogesh.patel/execution/25_9_2026_PRD_work/OCT2017_Test/test/DME/DME-1479682-1.jpeg,DME,1,0.011881631,0.97606903,0.005351792,0.0066975597
/home/yogesh.patel/execution/25_9_2026_PRD_work/OCT2017_Test/test/DME/DME-15208-1.jpeg,DME,1,0.0019842903,0.99560237,0.0004093551,0.0020039894
/home/yogesh.patel/execution/25_9_2026_PRD_work/OCT2017_Test/test/DME/DME-15208-2.jpeg,DME,1,0.06260854,0.9307203,0.0027654169,0.003905667
/home/yogesh.patel/execution/25_9_2026_PRD_work/OCT2017_Test/test/DME/DME-2091157-1.jpeg,DME,1,0.04579804,0.91914755,0.030133978,0.0049204943
/home/yogesh.patel/execution/25_9_2026_PRD_work/OCT2017_Test/test/DME/DME-2105194-1.jpeg,DME,1,0.0016413596,0.99162215,0.0019128703,0.0048236563
/home/yogesh.patel/execution/25_9_2026_PRD_work/OCT2017_Test/test/DME/DME-2126962-1.jpeg,DME,1,0.00596778,0.98672897,0.0045069125,0.0027963796
/home/yogesh.patel/execution/25_9_2026_PRD_work/OCT2017_Test/test/DME/DME-2261889-1.jpeg,DME,1,0.05496974,0.9359969,0.004434505,0.004598894
/home/yogesh.patel/execution/25_9_2026_PRD_work/OCT2017_Test/test/DME/DME-2556938-1.jpeg,DME,1,0.0037508318,0.9894211,0.0031133185,0.0037147955
/home/yogesh.patel/execution/25_9_2026_PRD_work/OCT2017_Test/test/DME/DME-2630113-1.jpeg,DME,1,0.0037391882,0.98954976,0.002354568,0.004356492
/home/yogesh.patel/execution/25_9_2026_PRD_work/OCT2017_Test/test/DME/DME-2630665-1.jpeg,DME,1,0.087461114,0.8996503,0.0049197385,0.007968928
/home/yogesh.patel/execution/25_9_2026_PRD_work/OCT2017_Test/test/DME/DME-269181-1.jpeg,DME,1,0.005617586,0.9888107,0.002312488,0.0032591722
/home/yogesh.patel/execution/25_9_2026_PRD_work/OCT2017_Test/test/DME/DME-269181-2.jpeg,DME,1,0.0019111874,0.9879522,0.0042831195,0.005853534
/home/yogesh.patel/execution/25_9_2026_PRD_work/OCT2017_Test/test/DME/DME-269181-3.jpeg,DME,1,0.0070302384,0.975244,0.0063001015,0.011425676
/home/yogesh.patel/execution/25_9_2026_PRD_work/OCT2017_Test/test/DME/DME-2716523-1.jpeg,DME,1,0.0040605892,0.9927722,0.0012424863,0.0019246857
/home/yogesh.patel/execution/25_9_2026_PRD_work/OCT2017_Test/test/DME/DME-2763635-1.jpeg,DME,1,0.016483922,0.94891804,0.031231452,0.0033665765
/home/yogesh.patel/execution/25_9_2026_PRD_work/OCT2017_Test/test/DME/DME-30521-1.jpeg,DME,1,0.00842266,0.9863465,0.002740626,0.0024902497
/home/yogesh.patel/execution/25_9_2026_PRD_work/OCT2017_Test/test/DME/DME-30521-10.jpeg,DME,1,0.0011201898,0.9923215,0.0034956255,0.0030626622
/home/yogesh.patel/execution/25_9_2026_PRD_work/OCT2017_Test/test/DME/DME-30521-11.jpeg,DME,1,0.0049184305,0.99029154,0.0022877986,0.0025022363
/home/yogesh.patel/execution/25_9_2026_PRD_work/OCT2017_Test/test/DME/DME-30521-12.jpeg,DME,1,0.006037603,0.9860189,0.0042107305,0.0037327635
/home/yogesh.patel/execution/25_9_2026_PRD_work/OCT2017_Test/test/DME/DME-30521-13.jpeg,DME,1,0.012086598,0.9824827,0.0030582768,0.0023723939
/home/yogesh.patel/execution/25_9_2026_PRD_work/OCT2017_Test/test/DME/DME-30521-2.jpeg,DME,1,0.003005547,0.98943055,0.0037265439,0.0038373696
/home/yogesh.patel/execution/25_9_2026_PRD_work/OCT2017_Test/test/DME/DME-30521-3.jpeg,DME,1,0.0025036659,0.9912645,0.0031282513,0.0031035785
/home/yogesh.patel/execution/25_9_2026_PRD_work/OCT2017_Test/test/DME/DME-30521-4.jpeg,DME,1,0.00379492,0.9924905,0.0017416057,0.0019730255
/home/yogesh.patel/execution/25_9_2026_PRD_work/OCT2017_Test/test/DME/DME-30521-5.jpeg,DME,1,0.0036275224,0.9906868,0.00311723,0.0025684622
/home/yogesh.patel/execution/25_9_2026_PRD_work/OCT2017_Test/test/DME/DME-30521-6.jpeg,DME,1,0.010348853,0.98329014,0.003619627,0.0027413026
/home/yogesh.patel/execution/25_9_2026_PRD_work/OCT2017_Test/test/DME/DME-30521-7.jpeg,DME,1,0.0051924926,0.9871129,0.0039627217,0.0037318997
/home/yogesh.patel/execution/25_9_2026_PRD_work/OCT2017_Test/test/DME/DME-30521-8.jpeg,DME,1,0.006540798,0.9830745,0.005232411,0.005152315
/home/yogesh.patel/execution/25_9_2026_PRD_work/OCT2017_Test/test/DME/DME-30521-9.jpeg,DME,1,0.004114807,0.99097836,0.0026805555,0.0022262495
/home/yogesh.patel/execution/25_9_2026_PRD_work/OCT2017_Test/test/DME/DME-306172-1.jpeg,DME,1,0.0019643707,0.984845,0.0019203003,0.011270346
/home/yogesh.patel/execution/25_9_2026_PRD_work/OCT2017_Test/test/DME/DME-3064922-1.jpeg,DME,1,0.0044331513,0.99183697,0.0015460289,0.0021838588
/home/yogesh.patel/execution/25_9_2026_PRD_work/OCT2017_Test/test/DME/DME-3157783-1.jpeg,DME,1,0.001803234,0.991889,0.0027603258,0.0035473988
/home/yogesh.patel/execution/25_9_2026_PRD_work/OCT2017_Test/test/DME/DME-323904-1.jpeg,DME,1,0.0054772445,0.9890367,0.002462259,0.003023832
/home/yogesh.patel/execution/25_9_2026_PRD_work/OCT2017_Test/test/DME/DME-323904-2.jpeg,DME,1,0.0034886082,0.9892354,0.0046470193,0.0026289886
/home/yogesh.patel/execution/25_9_2026_PRD_work/OCT2017_Test/test/DME/DME-3288089-1.jpeg,DME,1,0.5689022,0.42121845,0.002138535,0.007740819
/home/yogesh.patel/execution/25_9_2026_PRD_work/OCT2017_Test/test/DME/DME-3475211-1.jpeg,DME,1,0.17901613,0.81579226,0.0021938027,0.0029978366
/home/yogesh.patel/execution/25_9_2026_PRD_work/OCT2017_Test/test/DME/DME-3722280-1.jpeg,DME,1,0.21259387,0.77485174,0.0049282196,0.0076262383
/home/yogesh.patel/execution/25_9_2026_PRD_work/OCT2017_Test/test/DME/DME-3731953-1.jpeg,DME,1,0.0054803668,0.98566765,0.005825983,0.0030259974
/home/yogesh.patel/execution/25_9_2026_PRD_work/OCT2017_Test/test/DME/DME-37503-1.jpeg,DME,1,0.0029066799,0.98479056,0.007307821,0.004994908
/home/yogesh.patel/execution/25_9_2026_PRD_work/OCT2017_Test/test/DME/DME-3791742-1.jpeg,DME,1,0.023536643,0.96658856,0.0065887547,0.0032859903
/home/yogesh.patel/execution/25_9_2026_PRD_work/OCT2017_Test/test/DME/DME-3810791-1.jpeg,DME,1,0.009153439,0.9855732,0.002679442,0.0025939106
/home/yogesh.patel/execution/25_9_2026_PRD_work/OCT2017_Test/test/DME/DME-3921035-1.jpeg,DME,1,0.006976708,0.98985124,0.0014720523,0.001699976
/home/yogesh.patel/execution/25_9_2026_PRD_work/OCT2017_Test/test/DME/DME-4079773-1.jpeg,DME,1,0.016489098,0.9737047,0.0040447307,0.0057614846
/home/yogesh.patel/execution/25_9_2026_PRD_work/OCT2017_Test/test/DME/DME-4117019-1.jpeg,DME,1,0.014461168,0.98184603,0.0019974974,0.0016952751
/home/yogesh.patel/execution/25_9_2026_PRD_work/OCT2017_Test/test/DME/DME-4146088-1.jpeg,DME,1,0.021021947,0.9759935,0.0015236691,0.0014608953
/home/yogesh.patel/execution/25_9_2026_PRD_work/OCT2017_Test/test/DME/DME-4240465-1.jpeg,DME,1,0.011463342,0.98244166,0.0031946641,0.0029003415
/home/yogesh.patel/execution/25_9_2026_PRD_work/OCT2017_Test/test/DME/DME-4240465-2.jpeg,DME,1,0.003173286,0.99041057,0.001969237,0.004446909
/home/yogesh.patel/execution/25_9_2026_PRD_work/OCT2017_Test/test/DME/DME-4244491-1.jpeg,DME,1,0.0011820276,0.99250597,0.001969632,0.0043423763
/home/yogesh.patel/execution/25_9_2026_PRD_work/OCT2017_Test/test/DME/DME-4298019-1.jpeg,DME,1,0.00511982,0.98465264,0.006606888,0.0036206713
/home/yogesh.patel/execution/25_9_2026_PRD_work/OCT2017_Test/test/DME/DME-4336607-1.jpeg,DME,1,0.010957492,0.9765555,0.008437045,0.0040499247
/home/yogesh.patel/execution/25_9_2026_PRD_work/OCT2017_Test/test/DME/DME-4478609-1.jpeg,DME,1,0.0119832605,0.9806913,0.0029666396,0.004358773
/home/yogesh.patel/execution/25_9_2026_PRD_work/OCT2017_Test/test/DME/DME-4616882-1.jpeg,DME,1,0.004561895,0.98821664,0.0026089614,0.004612466
/home/yogesh.patel/execution/25_9_2026_PRD_work/OCT2017_Test/test/DME/DME-462675-1.jpeg,DME,1,0.014739534,0.9465617,0.03413723,0.0045615565
/home/yogesh.patel/execution/25_9_2026_PRD_work/OCT2017_Test/test/DME/DME-4634094-1.jpeg,DME,1,0.0030275532,0.9933836,0.00089118065,0.002697649
/home/yogesh.patel/execution/25_9_2026_PRD_work/OCT2017_Test/test/DME/DME-4634094-2.jpeg,DME,1,0.0027144796,0.99367994,0.0014656003,0.0021400054
/home/yogesh.patel/execution/25_9_2026_PRD_work/OCT2017_Test/test/DME/DME-4658666-1.jpeg,DME,1,0.012201668,0.97123194,0.0041309884,0.012435427
/home/yogesh.patel/execution/25_9_2026_PRD_work/OCT2017_Test/test/DME/DME-4732091-1.jpeg,DME,1,0.0022505391,0.9840655,0.010326814,0.0033571753
/home/yogesh.patel/execution/25_9_2026_PRD_work/OCT2017_Test/test/DME/DME-4732091-2.jpeg,DME,1,0.44922066,0.52760684,0.020459225,0.0027132647
/home/yogesh.patel/execution/25_9_2026_PRD_work/OCT2017_Test/test/DME/DME-4804900-1.jpeg,DME,1,0.00610655,0.98859763,0.0022257152,0.003070111
/home/yogesh.patel/execution/25_9_2026_PRD_work/OCT2017_Test/test/DME/DME-4897748-1.jpeg,DME,1,0.0024031145,0.99215734,0.0013041816,0.004135319
/home/yogesh.patel/execution/25_9_2026_PRD_work/OCT2017_Test/test/DME/DME-4940184-1.jpeg,DME,1,0.0018471983,0.99454165,0.00065759575,0.0029535943
/home/yogesh.patel/execution/25_9_2026_PRD_work/OCT2017_Test/test/DME/DME-4989358-1.jpeg,DME,1,0.0036069253,0.9931521,0.00185242,0.0013885918
/home/yogesh.patel/execution/25_9_2026_PRD_work/OCT2017_Test/test/DME/DME-5014129-1.jpeg,DME,1,0.0015245174,0.9914163,0.0027341214,0.0043251095
/home/yogesh.patel/execution/25_9_2026_PRD_work/OCT2017_Test/test/DME/DME-5014129-2.jpeg,DME,1,0.008589242,0.9806647,0.008134796,0.0026112604
/home/yogesh.patel/execution/25_9_2026_PRD_work/OCT2017_Test/test/DME/DME-5071032-1.jpeg,DME,1,0.0031809206,0.9915652,0.0035726263,0.0016812705
/home/yogesh.patel/execution/25_9_2026_PRD_work/OCT2017_Test/test/DME/DME-5072525-1.jpeg,DME,1,0.006035638,0.98499453,0.002809438,0.006160377
/home/yogesh.patel/execution/25_9_2026_PRD_work/OCT2017_Test/test/DME/DME-5434248-1.jpeg,DME,1,0.023836028,0.9658753,0.0022282603,0.008060383
/home/yogesh.patel/execution/25_9_2026_PRD_work/OCT2017_Test/test/DME/DME-5465575-1.jpeg,DME,1,0.019403111,0.9742133,0.0026065514,0.0037770204
/home/yogesh.patel/execution/25_9_2026_PRD_work/OCT2017_Test/test/DME/DME-5497895-1.jpeg,DME,1,0.029364288,0.9649998,0.0037686985,0.0018671975
/home/yogesh.patel/execution/25_9_2026_PRD_work/OCT2017_Test/test/DME/DME-563695-1.jpeg,DME,1,0.016138097,0.97603846,0.0010014229,0.0068219607
/home/yogesh.patel/execution/25_9_2026_PRD_work/OCT2017_Test/test/DME/DME-563695-2.jpeg,DME,1,0.0028955145,0.9937185,0.001492804,0.0018931503
/home/yogesh.patel/execution/25_9_2026_PRD_work/OCT2017_Test/test/DME/DME-5656004-1.jpeg,DME,1,0.0023787743,0.9895524,0.003693667,0.0043752063
/home/yogesh.patel/execution/25_9_2026_PRD_work/OCT2017_Test/test/DME/DME-5713682-1.jpeg,DME,1,0.1547974,0.83513314,0.0068359044,0.0032335534
/home/yogesh.patel/execution/25_9_2026_PRD_work/OCT2017_Test/test/DME/DME-57603-1.jpeg,DME,1,0.0014441563,0.9909203,0.003116269,0.004519322
/home/yogesh.patel/execution/25_9_2026_PRD_work/OCT2017_Test/test/DME/DME-5760454-1.jpeg,DME,1,0.10107887,0.8599055,0.028328503,0.010687193
/home/yogesh.patel/execution/25_9_2026_PRD_work/OCT2017_Test/test/DME/DME-5768195-1.jpeg,DME,1,0.01742649,0.9775767,0.0030764965,0.0019203468
/home/yogesh.patel/execution/25_9_2026_PRD_work/OCT2017_Test/test/DME/DME-5796574-1.jpeg,DME,1,0.0021067527,0.99027133,0.0042870934,0.0033348408
/home/yogesh.patel/execution/25_9_2026_PRD_work/OCT2017_Test/test/DME/DME-5796574-2.jpeg,DME,1,0.004596669,0.9897589,0.0026228526,0.003021523
/home/yogesh.patel/execution/25_9_2026_PRD_work/OCT2017_Test/test/DME/DME-5802218-1.jpeg,DME,1,0.881218,0.08113257,0.032726128,0.0049232836
/home/yogesh.patel/execution/25_9_2026_PRD_work/OCT2017_Test/test/DME/DME-5834001-1.jpeg,DME,1,0.048118636,0.9451125,0.0028392132,0.0039296197
/home/yogesh.patel/execution/25_9_2026_PRD_work/OCT2017_Test/test/DME/DME-5843591-1.jpeg,DME,1,0.002781417,0.992118,0.0019270941,0.0031735268
/home/yogesh.patel/execution/25_9_2026_PRD_work/OCT2017_Test/test/DME/DME-5864085-1.jpeg,DME,1,0.004235607,0.9919776,0.0019250298,0.0018618221
/home/yogesh.patel/execution/25_9_2026_PRD_work/OCT2017_Test/test/DME/DME-5912153-1.jpeg,DME,1,0.058085468,0.9332497,0.003241362,0.0054234597
/home/yogesh.patel/execution/25_9_2026_PRD_work/OCT2017_Test/test/DME/DME-5975636-1.jpeg,DME,1,0.011191971,0.98451227,0.0021595517,0.0021362083
/home/yogesh.patel/execution/25_9_2026_PRD_work/OCT2017_Test/test/DME/DME-5981434-1.jpeg,DME,1,0.0599224,0.6546676,0.04215166,0.24325834
/home/yogesh.patel/execution/25_9_2026_PRD_work/OCT2017_Test/test/DME/DME-6090983-1.jpeg,DME,1,0.0082794195,0.97618985,0.0030802703,0.012450438
/home/yogesh.patel/execution/25_9_2026_PRD_work/OCT2017_Test/test/DME/DME-6151003-1.jpeg,DME,1,0.022919882,0.17158952,0.010841391,0.7946492
/home/yogesh.patel/execution/25_9_2026_PRD_work/OCT2017_Test/test/DME/DME-6296605-1.jpeg,DME,1,0.011100924,0.9848511,0.001673791,0.002374103
/home/yogesh.patel/execution/25_9_2026_PRD_work/OCT2017_Test/test/DME/DME-6314020-1.jpeg,DME,1,0.004366638,0.9929476,0.0012459608,0.0014398787
/home/yogesh.patel/execution/25_9_2026_PRD_work/OCT2017_Test/test/DME/DME-633268-1.jpeg,DME,1,0.010940094,0.9730887,0.013110608,0.0028606066
/home/yogesh.patel/execution/25_9_2026_PRD_work/OCT2017_Test/test/DME/DME-6383847-1.jpeg,DME,1,0.0046974747,0.9906611,0.0023169834,0.0023244903
/home/yogesh.patel/execution/25_9_2026_PRD_work/OCT2017_Test/test/DME/DME-6434323-1.jpeg,DME,1,0.0048772525,0.99249226,0.0012335079,0.0013970052
/home/yogesh.patel/execution/25_9_2026_PRD_work/OCT2017_Test/test/DME/DME-671384-1.jpeg,DME,1,0.0035061094,0.98927706,0.0045823283,0.002634537
/home/yogesh.patel/execution/25_9_2026_PRD_work/OCT2017_Test/test/DME/DME-6716735-1.jpeg,DME,1,0.012320862,0.98150605,0.0037952878,0.0023777944
/home/yogesh.patel/execution/25_9_2026_PRD_work/OCT2017_Test/test/DME/DME-6716735-2.jpeg,DME,1,0.0047090277,0.98417175,0.005753291,0.0053659873
/home/yogesh.patel/execution/25_9_2026_PRD_work/OCT2017_Test/test/DME/DME-70266-1.jpeg,DME,1,0.030852647,0.965636,0.0009007986,0.0026105198
/home/yogesh.patel/execution/25_9_2026_PRD_work/OCT2017_Test/test/DME/DME-70266-2.jpeg,DME,1,0.011386327,0.98463154,0.0011599802,0.0028221547
/home/yogesh.patel/execution/25_9_2026_PRD_work/OCT2017_Test/test/DME/DME-70266-3.jpeg,DME,1,0.0069704684,0.98493373,0.004053515,0.0040422757
/home/yogesh.patel/execution/25_9_2026_PRD_work/OCT2017_Test/test/DME/DME-7027665-1.jpeg,DME,1,0.003545946,0.9873957,0.0054343343,0.0036240178
/home/yogesh.patel/execution/25_9_2026_PRD_work/OCT2017_Test/test/DME/DME-7194085-1.jpeg,DME,1,0.024176752,0.9547211,0.0028956071,0.018206533
/home/yogesh.patel/execution/25_9_2026_PRD_work/OCT2017_Test/test/DME/DME-7239304-1.jpeg,DME,1,0.034216784,0.96092486,0.0021067136,0.0027516494
/home/yogesh.patel/execution/25_9_2026_PRD_work/OCT2017_Test/test/DME/DME-7248535-1.jpeg,DME,1,0.007739842,0.9851147,0.00452552,0.0026199305
/home/yogesh.patel/execution/25_9_2026_PRD_work/OCT2017_Test/test/DME/DME-7432714-1.jpeg,DME,1,0.0071566976,0.9888769,0.001107605,0.0028588148
/home/yogesh.patel/execution/25_9_2026_PRD_work/OCT2017_Test/test/DME/DME-7434518-1.jpeg,DME,1,0.0048687686,0.9873409,0.003105051,0.0046853046
/home/yogesh.patel/execution/25_9_2026_PRD_work/OCT2017_Test/test/DME/DME-7469235-1.jpeg,DME,1,0.012953384,0.96489775,0.012772046,0.0093767615
/home/yogesh.patel/execution/25_9_2026_PRD_work/OCT2017_Test/test/DME/DME-7503514-1.jpeg,DME,1,0.0033810902,0.99075705,0.0033266414,0.0025352747
/home/yogesh.patel/execution/25_9_2026_PRD_work/OCT2017_Test/test/DME/DME-7558688-1.jpeg,DME,1,0.0017818301,0.9947145,0.00112858,0.002375045
/home/yogesh.patel/execution/25_9_2026_PRD_work/OCT2017_Test/test/DME/DME-7573590-1.jpeg,DME,1,0.0073989336,0.98929626,0.0017520115,0.0015527698
/home/yogesh.patel/execution/25_9_2026_PRD_work/OCT2017_Test/test/DME/DME-7578162-1.jpeg,DME,1,0.0078074434,0.98518544,0.0038762786,0.0031308245
/home/yogesh.patel/execution/25_9_2026_PRD_work/OCT2017_Test/test/DME/DME-7585263-1.jpeg,DME,1,0.01610293,0.9136192,0.062382206,0.0078956345
/home/yogesh.patel/execution/25_9_2026_PRD_work/OCT2017_Test/test/DME/DME-7585263-2.jpeg,DME,1,0.07180859,0.87419116,0.048981607,0.0050186305
/home/yogesh.patel/execution/25_9_2026_PRD_work/OCT2017_Test/test/DME/DME-7585263-3.jpeg,DME,1,0.073731855,0.6274677,0.29254976,0.0062506557
/home/yogesh.patel/execution/25_9_2026_PRD_work/OCT2017_Test/test/DME/DME-7591008-1.jpeg,DME,1,0.0056529813,0.9833992,0.0052455505,0.005702281
/home/yogesh.patel/execution/25_9_2026_PRD_work/OCT2017_Test/test/DME/DME-7614088-1.jpeg,DME,1,0.007972238,0.9859988,0.0033359546,0.0026930908
/home/yogesh.patel/execution/25_9_2026_PRD_work/OCT2017_Test/test/DME/DME-7650134-1.jpeg,DME,1,0.0041704644,0.9898687,0.0041846437,0.0017761607
/home/yogesh.patel/execution/25_9_2026_PRD_work/OCT2017_Test/test/DME/DME-7650134-2.jpeg,DME,1,0.0035665168,0.9921799,0.0023949624,0.0018586783
/home/yogesh.patel/execution/25_9_2026_PRD_work/OCT2017_Test/test/DME/DME-7706610-1.jpeg,DME,1,0.006017085,0.9829388,0.008089565,0.002954501
/home/yogesh.patel/execution/25_9_2026_PRD_work/OCT2017_Test/test/DME/DME-7706610-2.jpeg,DME,1,0.0102625135,0.98043007,0.004489453,0.004817991
/home/yogesh.patel/execution/25_9_2026_PRD_work/OCT2017_Test/test/DME/DME-7706610-3.jpeg,DME,1,0.014089258,0.97780657,0.0037256132,0.004378588
/home/yogesh.patel/execution/25_9_2026_PRD_work/OCT2017_Test/test/DME/DME-7756213-1.jpeg,DME,1,0.13153021,0.8531442,0.004585686,0.010739834
/home/yogesh.patel/execution/25_9_2026_PRD_work/OCT2017_Test/test/DME/DME-7757895-1.jpeg,DME,1,0.006443489,0.9889514,0.0027488612,0.0018562116
/home/yogesh.patel/execution/25_9_2026_PRD_work/OCT2017_Test/test/DME/DME-7763916-1.jpeg,DME,1,0.008053758,0.9879338,0.00029105297,0.0037214304
/home/yogesh.patel/execution/25_9_2026_PRD_work/OCT2017_Test/test/DME/DME-7780589-1.jpeg,DME,1,0.0052591506,0.98745394,0.004262744,0.0030241841
/home/yogesh.patel/execution/25_9_2026_PRD_work/OCT2017_Test/test/DME/DME-778975-1.jpeg,DME,1,0.004508314,0.98823345,0.0051523307,0.002105863
/home/yogesh.patel/execution/25_9_2026_PRD_work/OCT2017_Test/test/DME/DME-778975-2.jpeg,DME,1,0.0039196163,0.9896893,0.00229008,0.0041009663
/home/yogesh.patel/execution/25_9_2026_PRD_work/OCT2017_Test/test/DME/DME-7793366-1.jpeg,DME,1,0.01820818,0.9732697,0.004030839,0.004491257
/home/yogesh.patel/execution/25_9_2026_PRD_work/OCT2017_Test/test/DME/DME-7837305-1.jpeg,DME,1,0.017771354,0.97342503,0.0030675298,0.00573613
/home/yogesh.patel/execution/25_9_2026_PRD_work/OCT2017_Test/test/DME/DME-7837305-2.jpeg,DME,1,0.03476061,0.9533715,0.003563845,0.008304022
/home/yogesh.patel/execution/25_9_2026_PRD_work/OCT2017_Test/test/DME/DME-7837305-3.jpeg,DME,1,0.0022102296,0.9770763,0.0065441085,0.014169449
/home/yogesh.patel/execution/25_9_2026_PRD_work/OCT2017_Test/test/DME/DME-7837305-4.jpeg,DME,1,0.004079513,0.9862391,0.0028691792,0.0068122535
/home/yogesh.patel/execution/25_9_2026_PRD_work/OCT2017_Test/test/DME/DME-7837305-5.jpeg,DME,1,0.0009806664,0.9923062,0.0018416189,0.004871551
/home/yogesh.patel/execution/25_9_2026_PRD_work/OCT2017_Test/test/DME/DME-7843891-1.jpeg,DME,1,0.5872263,0.38217556,0.011613162,0.018984955
/home/yogesh.patel/execution/25_9_2026_PRD_work/OCT2017_Test/test/DME/DME-7846574-1.jpeg,DME,1,0.011394167,0.98467344,0.0027077254,0.0012247103
/home/yogesh.patel/execution/25_9_2026_PRD_work/OCT2017_Test/test/DME/DME-7870558-1.jpeg,DME,1,0.002395732,0.9908858,0.0037471696,0.0029712967
/home/yogesh.patel/execution/25_9_2026_PRD_work/OCT2017_Test/test/DME/DME-7870558-2.jpeg,DME,1,0.0026620678,0.9943835,0.0007110416,0.0022433528
/home/yogesh.patel/execution/25_9_2026_PRD_work/OCT2017_Test/test/DME/DME-7870558-3.jpeg,DME,1,0.0054980577,0.9892211,0.0026148355,0.0026660224
/home/yogesh.patel/execution/25_9_2026_PRD_work/OCT2017_Test/test/DME/DME-7870558-4.jpeg,DME,1,0.0040921057,0.99224174,0.0014362175,0.0022298864
/home/yogesh.patel/execution/25_9_2026_PRD_work/OCT2017_Test/test/DME/DME-7907461-1.jpeg,DME,1,0.0034477268,0.9753758,0.0021745942,0.019001944
/home/yogesh.patel/execution/25_9_2026_PRD_work/OCT2017_Test/test/DME/DME-7918201-1.jpeg,DME,1,0.0024196194,0.9126047,0.0062580463,0.078717634
/home/yogesh.patel/execution/25_9_2026_PRD_work/OCT2017_Test/test/DME/DME-7918201-2.jpeg,DME,1,0.006792628,0.98648214,0.0043009184,0.0024243584
/home/yogesh.patel/execution/25_9_2026_PRD_work/OCT2017_Test/test/DME/DME-7928636-1.jpeg,DME,1,0.08525635,0.9002466,0.0069659865,0.0075309966
/home/yogesh.patel/execution/25_9_2026_PRD_work/OCT2017_Test/test/DME/DME-7928636-2.jpeg,DME,1,0.06268945,0.92978996,0.003106043,0.004414577
/home/yogesh.patel/execution/25_9_2026_PRD_work/OCT2017_Test/test/DME/DME-7934335-1.jpeg,DME,1,0.005015799,0.9899445,0.0013347615,0.0037049477
/home/yogesh.patel/execution/25_9_2026_PRD_work/OCT2017_Test/test/DME/DME-7939555-1.jpeg,DME,1,0.0034053032,0.9895629,0.0035863577,0.0034454043
/home/yogesh.patel/execution/25_9_2026_PRD_work/OCT2017_Test/test/DME/DME-7939555-2.jpeg,DME,1,0.0073391977,0.9857612,0.003570277,0.00332932
/home/yogesh.patel/execution/25_9_2026_PRD_work/OCT2017_Test/test/DME/DME-7939555-3.jpeg,DME,1,0.0029645325,0.9916777,0.0026070117,0.002750772
/home/yogesh.patel/execution/25_9_2026_PRD_work/OCT2017_Test/test/DME/DME-7939555-4.jpeg,DME,1,0.0027591633,0.99357224,0.0018579604,0.0018106082
/home/yogesh.patel/execution/25_9_2026_PRD_work/OCT2017_Test/test/DME/DME-7939555-5.jpeg,DME,1,0.010889656,0.9790335,0.0022224071,0.007854415
/home/yogesh.patel/execution/25_9_2026_PRD_work/OCT2017_Test/test/DME/DME-7972888-1.jpeg,DME,1,0.0034495853,0.9922502,0.0017580607,0.0025421267
/home/yogesh.patel/execution/25_9_2026_PRD_work/OCT2017_Test/test/DME/DME-7983936-1.jpeg,DME,1,0.12927672,0.8633596,0.0016281212,0.005735576
/home/yogesh.patel/execution/25_9_2026_PRD_work/OCT2017_Test/test/DME/DME-7990001-1.jpeg,DME,1,0.040013082,0.9215552,0.03025453,0.008177194
/home/yogesh.patel/execution/25_9_2026_PRD_work/OCT2017_Test/test/DME/DME-8000885-1.jpeg,DME,1,0.003207882,0.9926681,0.002402244,0.0017218067
/home/yogesh.patel/execution/25_9_2026_PRD_work/OCT2017_Test/test/DME/DME-8019418-1.jpeg,DME,1,0.007483953,0.98771656,0.0023556277,0.0024438838
/home/yogesh.patel/execution/25_9_2026_PRD_work/OCT2017_Test/test/DME/DME-8019418-2.jpeg,DME,1,0.0032221687,0.99183977,0.0023468675,0.00259119
/home/yogesh.patel/execution/25_9_2026_PRD_work/OCT2017_Test/test/DME/DME-8019418-3.jpeg,DME,1,0.0041123494,0.9888877,0.0033775782,0.0036223324
/home/yogesh.patel/execution/25_9_2026_PRD_work/OCT2017_Test/test/DME/DME-8019418-4.jpeg,DME,1,0.011149671,0.9840367,0.0019542798,0.002859371
/home/yogesh.patel/execution/25_9_2026_PRD_work/OCT2017_Test/test/DME/DME-8021831-1.jpeg,DME,1,0.030406756,0.9643597,0.00076697714,0.004466508
/home/yogesh.patel/execution/25_9_2026_PRD_work/OCT2017_Test/test/DME/DME-8056259-1.jpeg,DME,1,0.013536412,0.97421086,0.0027409885,0.009511737
/home/yogesh.patel/execution/25_9_2026_PRD_work/OCT2017_Test/test/DME/DME-8080050-1.jpeg,DME,1,0.03738194,0.9577368,0.0011899242,0.0036914232
/home/yogesh.patel/execution/25_9_2026_PRD_work/OCT2017_Test/test/DME/DME-8130267-1.jpeg,DME,1,0.0053109503,0.9846459,0.006790046,0.0032530657
/home/yogesh.patel/execution/25_9_2026_PRD_work/OCT2017_Test/test/DME/DME-8136649-1.jpeg,DME,1,0.0043639885,0.9881595,0.0036454247,0.0038310296
/home/yogesh.patel/execution/25_9_2026_PRD_work/OCT2017_Test/test/DME/DME-8167779-1.jpeg,DME,1,0.005373594,0.98687094,0.0025254136,0.0052300747
/home/yogesh.patel/execution/25_9_2026_PRD_work/OCT2017_Test/test/DME/DME-8177380-1.jpeg,DME,1,0.006213289,0.989293,0.0015024522,0.0029912402
/home/yogesh.patel/execution/25_9_2026_PRD_work/OCT2017_Test/test/DME/DME-8177380-2.jpeg,DME,1,0.00873147,0.9850368,0.0029131852,0.0033184825
/home/yogesh.patel/execution/25_9_2026_PRD_work/OCT2017_Test/test/DME/DME-8177380-3.jpeg,DME,1,0.0029628724,0.99320596,0.0015934254,0.002237798
/home/yogesh.patel/execution/25_9_2026_PRD_work/OCT2017_Test/test/DME/DME-8200056-1.jpeg,DME,1,0.009239516,0.9683669,0.012197412,0.010196189
/home/yogesh.patel/execution/25_9_2026_PRD_work/OCT2017_Test/test/DME/DME-8200056-2.jpeg,DME,1,0.04317761,0.94919026,0.002584471,0.0050476487
/home/yogesh.patel/execution/25_9_2026_PRD_work/OCT2017_Test/test/DME/DME-8200056-3.jpeg,DME,1,0.008254847,0.9453092,0.017716406,0.028719572
/home/yogesh.patel/execution/25_9_2026_PRD_work/OCT2017_Test/test/DME/DME-8218042-1.jpeg,DME,1,0.0102615,0.98587376,0.0025231072,0.001341588
/home/yogesh.patel/execution/25_9_2026_PRD_work/OCT2017_Test/test/DME/DME-8231523-1.jpeg,DME,1,0.009531247,0.98746866,0.0012673683,0.0017327142
/home/yogesh.patel/execution/25_9_2026_PRD_work/OCT2017_Test/test/DME/DME-82328-1.jpeg,DME,1,0.0038974162,0.9896734,0.002867531,0.003561703
/home/yogesh.patel/execution/25_9_2026_PRD_work/OCT2017_Test/test/DME/DME-8366524-1.jpeg,DME,1,0.011470441,0.83763146,0.01017617,0.14072192
/home/yogesh.patel/execution/25_9_2026_PRD_work/OCT2017_Test/test/DME/DME-8366524-2.jpeg,DME,1,0.005367128,0.9756861,0.004849131,0.014097668
/home/yogesh.patel/execution/25_9_2026_PRD_work/OCT2017_Test/test/DME/DME-8426419-1.jpeg,DME,1,0.011251188,0.9815468,0.0047521708,0.0024497926
/home/yogesh.patel/execution/25_9_2026_PRD_work/OCT2017_Test/test/DME/DME-8426419-2.jpeg,DME,1,0.01435544,0.97987133,0.0036045646,0.0021687024
/home/yogesh.patel/execution/25_9_2026_PRD_work/OCT2017_Test/test/DME/DME-8457431-1.jpeg,DME,1,0.012152729,0.9805156,0.0028168808,0.00451474
/home/yogesh.patel/execution/25_9_2026_PRD_work/OCT2017_Test/test/DME/DME-8469406-1.jpeg,DME,1,0.0053340327,0.97839916,0.00092164834,0.015345111
/home/yogesh.patel/execution/25_9_2026_PRD_work/OCT2017_Test/test/DME/DME-8472707-1.jpeg,DME,1,0.0038628313,0.99061644,0.0023550438,0.0031657002
/home/yogesh.patel/execution/25_9_2026_PRD_work/OCT2017_Test/test/DME/DME-8477096-1.jpeg,DME,1,0.061858773,0.9325387,0.0024351608,0.003167435
/home/yogesh.patel/execution/25_9_2026_PRD_work/OCT2017_Test/test/DME/DME-8525575-1.jpeg,DME,1,0.014488683,0.98015374,0.0021304723,0.0032270264
/home/yogesh.patel/execution/25_9_2026_PRD_work/OCT2017_Test/test/DME/DME-8525575-2.jpeg,DME,1,0.017552659,0.97289,0.0031645503,0.0063928086
/home/yogesh.patel/execution/25_9_2026_PRD_work/OCT2017_Test/test/DME/DME-8525575-3.jpeg,DME,1,0.011319207,0.98186713,0.0022624007,0.004551279
/home/yogesh.patel/execution/25_9_2026_PRD_work/OCT2017_Test/test/DME/DME-8525575-4.jpeg,DME,1,0.0033856614,0.9900182,0.002409337,0.004186819
/home/yogesh.patel/execution/25_9_2026_PRD_work/OCT2017_Test/test/DME/DME-8525575-5.jpeg,DME,1,0.05034189,0.9449728,0.0020723327,0.0026129382
/home/yogesh.patel/execution/25_9_2026_PRD_work/OCT2017_Test/test/DME/DME-8525575-6.jpeg,DME,1,0.0140255205,0.9806849,0.003244437,0.0020451422
/home/yogesh.patel/execution/25_9_2026_PRD_work/OCT2017_Test/test/DME/DME-8525575-7.jpeg,DME,1,0.051763102,0.9417754,0.0024340726,0.0040274234
/home/yogesh.patel/execution/25_9_2026_PRD_work/OCT2017_Test/test/DME/DME-8525575-8.jpeg,DME,1,0.006152717,0.98771346,0.0030284256,0.0031054139
/home/yogesh.patel/execution/25_9_2026_PRD_work/OCT2017_Test/test/DME/DME-8589279-1.jpeg,DME,1,0.07060005,0.8979999,0.025077334,0.006322751
/home/yogesh.patel/execution/25_9_2026_PRD_work/OCT2017_Test/test/DME/DME-8602716-1.jpeg,DME,1,0.004495061,0.9907538,0.0022559108,0.0024952053
/home/yogesh.patel/execution/25_9_2026_PRD_work/OCT2017_Test/test/DME/DME-8602716-2.jpeg,DME,1,0.028530188,0.9665324,0.0018377295,0.0030996876
/home/yogesh.patel/execution/25_9_2026_PRD_work/OCT2017_Test/test/DME/DME-8602716-3.jpeg,DME,1,0.007287376,0.9855956,0.003885046,0.0032319375
/home/yogesh.patel/execution/25_9_2026_PRD_work/OCT2017_Test/test/DME/DME-8602716-4.jpeg,DME,1,0.024907826,0.9639179,0.007990618,0.003183671
/home/yogesh.patel/execution/25_9_2026_PRD_work/OCT2017_Test/test/DME/DME-8615417-1.jpeg,DME,1,0.010594457,0.97981036,0.0071563483,0.0024388686
/home/yogesh.patel/execution/25_9_2026_PRD_work/OCT2017_Test/test/DME/DME-8615417-2.jpeg,DME,1,0.025959535,0.96592855,0.004659044,0.0034528722
/home/yogesh.patel/execution/25_9_2026_PRD_work/OCT2017_Test/test/DME/DME-8635355-1.jpeg,DME,1,0.0070074694,0.98442554,0.0059919227,0.0025750422
/home/yogesh.patel/execution/25_9_2026_PRD_work/OCT2017_Test/test/DME/DME-8635355-2.jpeg,DME,1,0.015672343,0.9788001,0.0024955699,0.0030319497
/home/yogesh.patel/execution/25_9_2026_PRD_work/OCT2017_Test/test/DME/DME-8729675-1.jpeg,DME,1,0.0016457485,0.9886053,0.0029214143,0.006827536
/home/yogesh.patel/execution/25_9_2026_PRD_work/OCT2017_Test/test/DME/DME-8729675-2.jpeg,DME,1,0.15614271,0.46991718,0.17306226,0.20087785
/home/yogesh.patel/execution/25_9_2026_PRD_work/OCT2017_Test/test/DME/DME-8732456-1.jpeg,DME,1,0.070640035,0.78368056,0.14058983,0.0050896266
/home/yogesh.patel/execution/25_9_2026_PRD_work/OCT2017_Test/test/DME/DME-8766603-1.jpeg,DME,1,0.007342449,0.9870259,0.002994214,0.0026373933
/home/yogesh.patel/execution/25_9_2026_PRD_work/OCT2017_Test/test/DME/DME-8807486-1.jpeg,DME,1,0.019958364,0.9767342,0.0015017058,0.0018057103
/home/yogesh.patel/execution/25_9_2026_PRD_work/OCT2017_Test/test/DME/DME-8847144-1.jpeg,DME,1,0.010982487,0.9663105,0.016511163,0.00619578
/home/yogesh.patel/execution/25_9_2026_PRD_work/OCT2017_Test/test/DME/DME-8851193-1.jpeg,DME,1,0.0051895306,0.98996913,0.0028529519,0.0019884277
/home/yogesh.patel/execution/25_9_2026_PRD_work/OCT2017_Test/test/DME/DME-8861620-1.jpeg,DME,1,0.017522054,0.9769988,0.0027922587,0.0026868978
/home/yogesh.patel/execution/25_9_2026_PRD_work/OCT2017_Test/test/DME/DME-8861620-2.jpeg,DME,1,0.0011389172,0.98597986,0.008056359,0.0048248577
/home/yogesh.patel/execution/25_9_2026_PRD_work/OCT2017_Test/test/DME/DME-8861620-3.jpeg,DME,1,0.0044573634,0.9899283,0.0025859678,0.0030283583
/home/yogesh.patel/execution/25_9_2026_PRD_work/OCT2017_Test/test/DME/DME-8889771-1.jpeg,DME,1,0.0011277122,0.9929905,0.003177248,0.0027045412
/home/yogesh.patel/execution/25_9_2026_PRD_work/OCT2017_Test/test/DME/DME-8889771-2.jpeg,DME,1,0.00855959,0.9821259,0.0030552046,0.0062594097
/home/yogesh.patel/execution/25_9_2026_PRD_work/OCT2017_Test/test/DME/DME-8889771-3.jpeg,DME,1,0.213465,0.7735964,0.006785656,0.00615291
/home/yogesh.patel/execution/25_9_2026_PRD_work/OCT2017_Test/test/DME/DME-8889771-4.jpeg,DME,1,0.017757101,0.96894324,0.0035448873,0.009754723
/home/yogesh.patel/execution/25_9_2026_PRD_work/OCT2017_Test/test/DME/DME-8908847-1.jpeg,DME,1,0.0016508492,0.9948896,0.0014118368,0.0020476417
/home/yogesh.patel/execution/25_9_2026_PRD_work/OCT2017_Test/test/DME/DME-8989419-1.jpeg,DME,1,0.0037290533,0.9914532,0.0030553034,0.0017624631
/home/yogesh.patel/execution/25_9_2026_PRD_work/OCT2017_Test/test/DME/DME-9066695-1.jpeg,DME,1,0.003690325,0.9872074,0.0043726442,0.0047296355
/home/yogesh.patel/execution/25_9_2026_PRD_work/OCT2017_Test/test/DME/DME-9109143-1.jpeg,DME,1,0.020970767,0.97204345,0.0018470776,0.005138751
/home/yogesh.patel/execution/25_9_2026_PRD_work/OCT2017_Test/test/DME/DME-910956-1.jpeg,DME,1,0.0043731555,0.9879629,0.003134598,0.0045294003
/home/yogesh.patel/execution/25_9_2026_PRD_work/OCT2017_Test/test/DME/DME-9211360-1.jpeg,DME,1,0.04056289,0.9483946,0.0038121867,0.0072303726
/home/yogesh.patel/execution/25_9_2026_PRD_work/OCT2017_Test/test/DME/DME-9211360-2.jpeg,DME,1,0.12005287,0.87336975,0.0010266788,0.0055507184
/home/yogesh.patel/execution/25_9_2026_PRD_work/OCT2017_Test/test/DME/DME-9241179-1.jpeg,DME,1,0.0019046972,0.98691535,0.0032858234,0.007894094
/home/yogesh.patel/execution/25_9_2026_PRD_work/OCT2017_Test/test/DME/DME-9333524-1.jpeg,DME,1,0.11020911,0.61042476,0.27453735,0.0048286985
/home/yogesh.patel/execution/25_9_2026_PRD_work/OCT2017_Test/test/DME/DME-9361825-1.jpeg,DME,1,0.011279474,0.9827527,0.002942418,0.0030254547
/home/yogesh.patel/execution/25_9_2026_PRD_work/OCT2017_Test/test/DME/DME-9378346-1.jpeg,DME,1,0.024397068,0.9699341,0.0027247665,0.0029440587
/home/yogesh.patel/execution/25_9_2026_PRD_work/OCT2017_Test/test/DME/DME-9378346-2.jpeg,DME,1,0.016236728,0.97547275,0.0014272638,0.0068632453
/home/yogesh.patel/execution/25_9_2026_PRD_work/OCT2017_Test/test/DME/DME-9378346-3.jpeg,DME,1,0.0077572362,0.9841436,0.005599961,0.0024992253
/home/yogesh.patel/execution/25_9_2026_PRD_work/OCT2017_Test/test/DME/DME-9428363-1.jpeg,DME,1,0.0040507168,0.97459346,0.004502232,0.0168536
/home/yogesh.patel/execution/25_9_2026_PRD_work/OCT2017_Test/test/DME/DME-9488073-1.jpeg,DME,1,0.0008226373,0.99648786,0.00063992676,0.0020496103
/home/yogesh.patel/execution/25_9_2026_PRD_work/OCT2017_Test/test/DME/DME-9488073-2.jpeg,DME,1,0.0031317885,0.993904,0.0011650467,0.001799181
/home/yogesh.patel/execution/25_9_2026_PRD_work/OCT2017_Test/test/DME/DME-9504297-1.jpeg,DME,1,0.049014837,0.93843246,0.0056271376,0.0069255875
/home/yogesh.patel/execution/25_9_2026_PRD_work/OCT2017_Test/test/DME/DME-9557298-1.jpeg,DME,1,0.0021566073,0.9890591,0.0019706287,0.0068136635
/home/yogesh.patel/execution/25_9_2026_PRD_work/OCT2017_Test/test/DME/DME-9579219-1.jpeg,DME,1,0.10119004,0.89356124,0.0023842403,0.002864483
/home/yogesh.patel/execution/25_9_2026_PRD_work/OCT2017_Test/test/DME/DME-98994-1.jpeg,DME,1,0.005031889,0.99098325,0.0010946386,0.0028902472
/home/yogesh.patel/execution/25_9_2026_PRD_work/OCT2017_Test/test/DME/DME-98994-2.jpeg,DME,1,0.0033175177,0.98725605,0.004698103,0.004728288
/home/yogesh.patel/execution/25_9_2026_PRD_work/OCT2017_Test/test/DRUSEN/DRUSEN-1083159-1.jpeg,DRUSEN,2,0.008252265,0.0069325883,0.9818264,0.002988758
/home/yogesh.patel/execution/25_9_2026_PRD_work/OCT2017_Test/test/DRUSEN/DRUSEN-1112835-1.jpeg,DRUSEN,2,0.09424073,0.0066983867,0.89492327,0.0041375626
/home/yogesh.patel/execution/25_9_2026_PRD_work/OCT2017_Test/test/DRUSEN/DRUSEN-1173253-1.jpeg,DRUSEN,2,0.05035919,0.0066061807,0.93895817,0.0040764604
/home/yogesh.patel/execution/25_9_2026_PRD_work/OCT2017_Test/test/DRUSEN/DRUSEN-1193659-1.jpeg,DRUSEN,2,0.014165518,0.0025018877,0.9810114,0.002321167
/home/yogesh.patel/execution/25_9_2026_PRD_work/OCT2017_Test/test/DRUSEN/DRUSEN-1219727-1.jpeg,DRUSEN,2,0.014073584,0.0051393555,0.9765203,0.00426677
/home/yogesh.patel/execution/25_9_2026_PRD_work/OCT2017_Test/test/DRUSEN/DRUSEN-1225603-1.jpeg,DRUSEN,2,0.005737476,0.0065414333,0.9844234,0.0032976912
/home/yogesh.patel/execution/25_9_2026_PRD_work/OCT2017_Test/test/DRUSEN/DRUSEN-1225603-2.jpeg,DRUSEN,2,0.0035063685,0.003146362,0.9897914,0.0035558704
/home/yogesh.patel/execution/25_9_2026_PRD_work/OCT2017_Test/test/DRUSEN/DRUSEN-1237848-1.jpeg,DRUSEN,2,0.003718903,0.0049090693,0.98664033,0.004731673
/home/yogesh.patel/execution/25_9_2026_PRD_work/OCT2017_Test/test/DRUSEN/DRUSEN-1237848-2.jpeg,DRUSEN,2,0.004807034,0.017013006,0.97354007,0.0046398644
/home/yogesh.patel/execution/25_9_2026_PRD_work/OCT2017_Test/test/DRUSEN/DRUSEN-1237848-3.jpeg,DRUSEN,2,0.0025789929,0.009295108,0.9815798,0.006546074
/home/yogesh.patel/execution/25_9_2026_PRD_work/OCT2017_Test/test/DRUSEN/DRUSEN-1246453-1.jpeg,DRUSEN,2,0.0331566,0.005502979,0.957196,0.004144422
/home/yogesh.patel/execution/25_9_2026_PRD_work/OCT2017_Test/test/DRUSEN/DRUSEN-1487749-1.jpeg,DRUSEN,2,0.0042069913,0.005375597,0.98590696,0.004510435
/home/yogesh.patel/execution/25_9_2026_PRD_work/OCT2017_Test/test/DRUSEN/DRUSEN-1487749-2.jpeg,DRUSEN,2,0.007147301,0.004652982,0.98392814,0.0042716516
/home/yogesh.patel/execution/25_9_2026_PRD_work/OCT2017_Test/test/DRUSEN/DRUSEN-1487749-3.jpeg,DRUSEN,2,0.005329732,0.005494193,0.98433244,0.004843642
/home/yogesh.patel/execution/25_9_2026_PRD_work/OCT2017_Test/test/DRUSEN/DRUSEN-1487749-4.jpeg,DRUSEN,2,0.004650849,0.0077435207,0.9815219,0.006083743
/home/yogesh.patel/execution/25_9_2026_PRD_work/OCT2017_Test/test/DRUSEN/DRUSEN-1530990-1.jpeg,DRUSEN,2,0.043587744,0.005719649,0.9483041,0.0023884657
/home/yogesh.patel/execution/25_9_2026_PRD_work/OCT2017_Test/test/DRUSEN/DRUSEN-1730592-1.jpeg,DRUSEN,2,0.013636743,0.005040711,0.97812814,0.0031944234
/home/yogesh.patel/execution/25_9_2026_PRD_work/OCT2017_Test/test/DRUSEN/DRUSEN-1786810-1.jpeg,DRUSEN,2,0.0071743685,0.00601165,0.9830193,0.003794741
/home/yogesh.patel/execution/25_9_2026_PRD_work/OCT2017_Test/test/DRUSEN/DRUSEN-1786810-2.jpeg,DRUSEN,2,0.020217804,0.0055512683,0.9702909,0.003940067
/home/yogesh.patel/execution/25_9_2026_PRD_work/OCT2017_Test/test/DRUSEN/DRUSEN-1786810-3.jpeg,DRUSEN,2,0.017530723,0.007665643,0.9703718,0.0044318605
/home/yogesh.patel/execution/25_9_2026_PRD_work/OCT2017_Test/test/DRUSEN/DRUSEN-1789270-1.jpeg,DRUSEN,2,0.0484646,0.008441566,0.9391735,0.003920307
/home/yogesh.patel/execution/25_9_2026_PRD_work/OCT2017_Test/test/DRUSEN/DRUSEN-1793499-1.jpeg,DRUSEN,2,0.031144897,0.008085283,0.95742136,0.0033484325
/home/yogesh.patel/execution/25_9_2026_PRD_work/OCT2017_Test/test/DRUSEN/DRUSEN-1912508-1.jpeg,DRUSEN,2,0.0076326886,0.0040961932,0.9854363,0.0028347916
/home/yogesh.patel/execution/25_9_2026_PRD_work/OCT2017_Test/test/DRUSEN/DRUSEN-1997439-1.jpeg,DRUSEN,2,0.011463438,0.009226412,0.9753616,0.0039485698
/home/yogesh.patel/execution/25_9_2026_PRD_work/OCT2017_Test/test/DRUSEN/DRUSEN-1997439-2.jpeg,DRUSEN,2,0.0104487855,0.0070261476,0.9789284,0.0035966358
/home/yogesh.patel/execution/25_9_2026_PRD_work/OCT2017_Test/test/DRUSEN/DRUSEN-1997439-3.jpeg,DRUSEN,2,0.012713606,0.008909316,0.9757453,0.0026317209
/home/yogesh.patel/execution/25_9_2026_PRD_work/OCT2017_Test/test/DRUSEN/DRUSEN-1997439-4.jpeg,DRUSEN,2,0.011202914,0.005441177,0.9795661,0.003789821
/home/yogesh.patel/execution/25_9_2026_PRD_work/OCT2017_Test/test/DRUSEN/DRUSEN-2108193-1.jpeg,DRUSEN,2,0.030951945,0.0032977876,0.9621409,0.0036093688
/home/yogesh.patel/execution/25_9_2026_PRD_work/OCT2017_Test/test/DRUSEN/DRUSEN-2108193-2.jpeg,DRUSEN,2,0.03340625,0.0065647312,0.95668715,0.0033418566
/home/yogesh.patel/execution/25_9_2026_PRD_work/OCT2017_Test/test/DRUSEN/DRUSEN-2128644-1.jpeg,DRUSEN,2,0.014095156,0.0046696733,0.97689486,0.0043403287
/home/yogesh.patel/execution/25_9_2026_PRD_work/OCT2017_Test/test/DRUSEN/DRUSEN-2128644-2.jpeg,DRUSEN,2,0.015422779,0.0046780687,0.97595894,0.0039401962
/home/yogesh.patel/execution/25_9_2026_PRD_work/OCT2017_Test/test/DRUSEN/DRUSEN-2128644-3.jpeg,DRUSEN,2,0.05806315,0.01270544,0.9252785,0.0039528916
/home/yogesh.patel/execution/25_9_2026_PRD_work/OCT2017_Test/test/DRUSEN/DRUSEN-2141150-1.jpeg,DRUSEN,2,0.004927799,0.005504691,0.9832105,0.0063570132
/home/yogesh.patel/execution/25_9_2026_PRD_work/OCT2017_Test/test/DRUSEN/DRUSEN-2156263-1.jpeg,DRUSEN,2,0.0110814115,0.0091419,0.9770279,0.002748807
/home/yogesh.patel/execution/25_9_2026_PRD_work/OCT2017_Test/test/DRUSEN/DRUSEN-2173657-1.jpeg,DRUSEN,2,0.0032191516,0.0048134564,0.9836307,0.00833664
/home/yogesh.patel/execution/25_9_2026_PRD_work/OCT2017_Test/test/DRUSEN/DRUSEN-2180220-1.jpeg,DRUSEN,2,0.0066843275,0.0066615576,0.98266417,0.00398994
/home/yogesh.patel/execution/25_9_2026_PRD_work/OCT2017_Test/test/DRUSEN/DRUSEN-2185112-1.jpeg,DRUSEN,2,0.008661901,0.004950798,0.98375416,0.0026331544
/home/yogesh.patel/execution/25_9_2026_PRD_work/OCT2017_Test/test/DRUSEN/DRUSEN-2185112-2.jpeg,DRUSEN,2,0.007167481,0.033617746,0.95460624,0.004608547
/home/yogesh.patel/execution/25_9_2026_PRD_work/OCT2017_Test/test/DRUSEN/DRUSEN-2232211-1.jpeg,DRUSEN,2,0.009826027,0.01165968,0.97577554,0.0027387463
/home/yogesh.patel/execution/25_9_2026_PRD_work/OCT2017_Test/test/DRUSEN/DRUSEN-2253582-1.jpeg,DRUSEN,2,0.04404931,0.016502399,0.935143,0.004305325
/home/yogesh.patel/execution/25_9_2026_PRD_work/OCT2017_Test/test/DRUSEN/DRUSEN-2257047-1.jpeg,DRUSEN,2,0.026063506,0.0056972466,0.9642583,0.003980922
/home/yogesh.patel/execution/25_9_2026_PRD_work/OCT2017_Test/test/DRUSEN/DRUSEN-2257047-2.jpeg,DRUSEN,2,0.0110396845,0.004041379,0.98285913,0.002059818
/home/yogesh.patel/execution/25_9_2026_PRD_work/OCT2017_Test/test/DRUSEN/DRUSEN-2257047-3.jpeg,DRUSEN,2,0.008306216,0.0061017573,0.95965296,0.025939044
/home/yogesh.patel/execution/25_9_2026_PRD_work/OCT2017_Test/test/DRUSEN/DRUSEN-2257047-4.jpeg,DRUSEN,2,0.027920086,0.005412264,0.96117973,0.005487896
/home/yogesh.patel/execution/25_9_2026_PRD_work/OCT2017_Test/test/DRUSEN/DRUSEN-2257047-5.jpeg,DRUSEN,2,0.008407244,0.005542427,0.9805294,0.0055209408
/home/yogesh.patel/execution/25_9_2026_PRD_work/OCT2017_Test/test/DRUSEN/DRUSEN-2257047-6.jpeg,DRUSEN,2,0.031552937,0.006330883,0.95767814,0.0044380734
/home/yogesh.patel/execution/25_9_2026_PRD_work/OCT2017_Test/test/DRUSEN/DRUSEN-2257047-7.jpeg,DRUSEN,2,0.007504372,0.007088023,0.9834024,0.0020051843
/home/yogesh.patel/execution/25_9_2026_PRD_work/OCT2017_Test/test/DRUSEN/DRUSEN-2257047-8.jpeg,DRUSEN,2,0.013412964,0.0032931159,0.97879034,0.004503612
/home/yogesh.patel/execution/25_9_2026_PRD_work/OCT2017_Test/test/DRUSEN/DRUSEN-228939-1.jpeg,DRUSEN,2,0.007310899,0.0060786265,0.98402137,0.002589078
/home/yogesh.patel/execution/25_9_2026_PRD_work/OCT2017_Test/test/DRUSEN/DRUSEN-228939-2.jpeg,DRUSEN,2,0.0058956677,0.00771084,0.982781,0.0036124813
/home/yogesh.patel/execution/25_9_2026_PRD_work/OCT2017_Test/test/DRUSEN/DRUSEN-2308158-1.jpeg,DRUSEN,2,0.009231518,0.0032748196,0.9842671,0.0032265368
/home/yogesh.patel/execution/25_9_2026_PRD_work/OCT2017_Test/test/DRUSEN/DRUSEN-2403178-1.jpeg,DRUSEN,2,0.026420332,0.0055472204,0.9639909,0.00404152
/home/yogesh.patel/execution/25_9_2026_PRD_work/OCT2017_Test/test/DRUSEN/DRUSEN-2403178-2.jpeg,DRUSEN,2,0.48446196,0.0076382537,0.50339097,0.004508823
/home/yogesh.patel/execution/25_9_2026_PRD_work/OCT2017_Test/test/DRUSEN/DRUSEN-2403178-3.jpeg,DRUSEN,2,0.004828444,0.005525195,0.98662907,0.0030172698
/home/yogesh.patel/execution/25_9_2026_PRD_work/OCT2017_Test/test/DRUSEN/DRUSEN-2403178-4.jpeg,DRUSEN,2,0.019819707,0.0052327323,0.9699097,0.005037815
/home/yogesh.patel/execution/25_9_2026_PRD_work/OCT2017_Test/test/DRUSEN/DRUSEN-2403178-5.jpeg,DRUSEN,2,0.004706299,0.004030196,0.98783696,0.0034265905
/home/yogesh.patel/execution/25_9_2026_PRD_work/OCT2017_Test/test/DRUSEN/DRUSEN-2403178-6.jpeg,DRUSEN,2,0.013763126,0.004285443,0.97891796,0.0030334285
/home/yogesh.patel/execution/25_9_2026_PRD_work/OCT2017_Test/test/DRUSEN/DRUSEN-2443068-1.jpeg,DRUSEN,2,0.008107867,0.006539771,0.9817051,0.0036471898
/home/yogesh.patel/execution/25_9_2026_PRD_work/OCT2017_Test/test/DRUSEN/DRUSEN-2489093-1.jpeg,DRUSEN,2,0.010581726,0.003085696,0.98171014,0.0046224277
/home/yogesh.patel/execution/25_9_2026_PRD_work/OCT2017_Test/test/DRUSEN/DRUSEN-2489093-2.jpeg,DRUSEN,2,0.00336865,0.0068086865,0.98567617,0.0041464553
/home/yogesh.patel/execution/25_9_2026_PRD_work/OCT2017_Test/test/DRUSEN/DRUSEN-2510299-1.jpeg,DRUSEN,2,0.07244732,0.009371569,0.91153663,0.006644446
/home/yogesh.patel/execution/25_9_2026_PRD_work/OCT2017_Test/test/DRUSEN/DRUSEN-2510299-2.jpeg,DRUSEN,2,0.016121352,0.004620039,0.9775905,0.0016681019
/home/yogesh.patel/execution/25_9_2026_PRD_work/OCT2017_Test/test/DRUSEN/DRUSEN-2541184-1.jpeg,DRUSEN,2,0.0053032334,0.004824276,0.9856481,0.0042243437
/home/yogesh.patel/execution/25_9_2026_PRD_work/OCT2017_Test/test/DRUSEN/DRUSEN-2785977-1.jpeg,DRUSEN,2,0.01006278,0.0051183486,0.98058796,0.004230869
/home/yogesh.patel/execution/25_9_2026_PRD_work/OCT2017_Test/test/DRUSEN/DRUSEN-2951435-1.jpeg,DRUSEN,2,0.044379428,0.0060783178,0.9471621,0.0023801841
/home/yogesh.patel/execution/25_9_2026_PRD_work/OCT2017_Test/test/DRUSEN/DRUSEN-3017923-1.jpeg,DRUSEN,2,0.06478463,0.004650713,0.9272771,0.0032875515
/home/yogesh.patel/execution/25_9_2026_PRD_work/OCT2017_Test/test/DRUSEN/DRUSEN-303435-1.jpeg,DRUSEN,2,0.0026232498,0.0074322037,0.98426163,0.0056829196
/home/yogesh.patel/execution/25_9_2026_PRD_work/OCT2017_Test/test/DRUSEN/DRUSEN-3214955-1.jpeg,DRUSEN,2,0.010765533,0.004001481,0.9784907,0.006742262
/home/yogesh.patel/execution/25_9_2026_PRD_work/OCT2017_Test/test/DRUSEN/DRUSEN-3241692-1.jpeg,DRUSEN,2,0.010061764,0.0057484014,0.98173124,0.0024585964
/home/yogesh.patel/execution/25_9_2026_PRD_work/OCT2017_Test/test/DRUSEN/DRUSEN-3276918-1.jpeg,DRUSEN,2,0.006737,0.0062159817,0.98302865,0.004018326
/home/yogesh.patel/execution/25_9_2026_PRD_work/OCT2017_Test/test/DRUSEN/DRUSEN-3276918-2.jpeg,DRUSEN,2,0.005807551,0.0064910557,0.98233706,0.0053643496
/home/yogesh.patel/execution/25_9_2026_PRD_work/OCT2017_Test/test/DRUSEN/DRUSEN-3317878-1.jpeg,DRUSEN,2,0.00442389,0.0061095366,0.9869056,0.0025609538
/home/yogesh.patel/execution/25_9_2026_PRD_work/OCT2017_Test/test/DRUSEN/DRUSEN-3424668-1.jpeg,DRUSEN,2,0.015046214,0.009299889,0.97216004,0.0034938997
/home/yogesh.patel/execution/25_9_2026_PRD_work/OCT2017_Test/test/DRUSEN/DRUSEN-3424668-2.jpeg,DRUSEN,2,0.028248671,0.0057381783,0.96303344,0.0029797328
/home/yogesh.patel/execution/25_9_2026_PRD_work/OCT2017_Test/test/DRUSEN/DRUSEN-3424668-3.jpeg,DRUSEN,2,0.028268648,0.0069832155,0.96292347,0.0018246564
/home/yogesh.patel/execution/25_9_2026_PRD_work/OCT2017_Test/test/DRUSEN/DRUSEN-3424668-4.jpeg,DRUSEN,2,0.029170865,0.016473977,0.9491033,0.005251831
/home/yogesh.patel/execution/25_9_2026_PRD_work/OCT2017_Test/test/DRUSEN/DRUSEN-3439251-1.jpeg,DRUSEN,2,0.0075597255,0.005250333,0.9836773,0.0035126414
/home/yogesh.patel/execution/25_9_2026_PRD_work/OCT2017_Test/test/DRUSEN/DRUSEN-3439251-2.jpeg,DRUSEN,2,0.009921865,0.005411642,0.9805173,0.0041491394
/home/yogesh.patel/execution/25_9_2026_PRD_work/OCT2017_Test/test/DRUSEN/DRUSEN-3482415-1.jpeg,DRUSEN,2,0.008297213,0.0040465314,0.98581576,0.0018405162
/home/yogesh.patel/execution/25_9_2026_PRD_work/OCT2017_Test/test/DRUSEN/DRUSEN-349021-1.jpeg,DRUSEN,2,0.016163817,0.004019103,0.97412175,0.005695355
/home/yogesh.patel/execution/25_9_2026_PRD_work/OCT2017_Test/test/DRUSEN/DRUSEN-349021-2.jpeg,DRUSEN,2,0.086978786,0.0063545858,0.9016065,0.0050600963
/home/yogesh.patel/execution/25_9_2026_PRD_work/OCT2017_Test/test/DRUSEN/DRUSEN-3571629-1.jpeg,DRUSEN,2,0.008738676,0.006722443,0.98099774,0.0035411764
/home/yogesh.patel/execution/25_9_2026_PRD_work/OCT2017_Test/test/DRUSEN/DRUSEN-364469-1.jpeg,DRUSEN,2,0.009608656,0.0041504526,0.982361,0.0038799287
/home/yogesh.patel/execution/25_9_2026_PRD_work/OCT2017_Test/test/DRUSEN/DRUSEN-364469-2.jpeg,DRUSEN,2,0.0061627016,0.0067324913,0.98102367,0.006081133
/home/yogesh.patel/execution/25_9_2026_PRD_work/OCT2017_Test/test/DRUSEN/DRUSEN-364469-3.jpeg,DRUSEN,2,0.0065107425,0.010674709,0.98028046,0.0025341287
/home/yogesh.patel/execution/25_9_2026_PRD_work/OCT2017_Test/test/DRUSEN/DRUSEN-364469-4.jpeg,DRUSEN,2,0.008476669,0.0076982323,0.97780573,0.006019332
/home/yogesh.patel/execution/25_9_2026_PRD_work/OCT2017_Test/test/DRUSEN/DRUSEN-4240777-1.jpeg,DRUSEN,2,0.007401267,0.010708301,0.9788592,0.0030312233
/home/yogesh.patel/execution/25_9_2026_PRD_work/OCT2017_Test/test/DRUSEN/DRUSEN-4291972-1.jpeg,DRUSEN,2,0.02101836,0.006169981,0.96982306,0.0029885857
/home/yogesh.patel/execution/25_9_2026_PRD_work/OCT2017_Test/test/DRUSEN/DRUSEN-4293095-1.jpeg,DRUSEN,2,0.036907006,0.004122618,0.95360756,0.0053628706
/home/yogesh.patel/execution/25_9_2026_PRD_work/OCT2017_Test/test/DRUSEN/DRUSEN-4293095-2.jpeg,DRUSEN,2,0.0067494935,0.0063669877,0.98038644,0.0064970707
/home/yogesh.patel/execution/25_9_2026_PRD_work/OCT2017_Test/test/DRUSEN/DRUSEN-4304015-1.jpeg,DRUSEN,2,0.015538392,0.0071957754,0.97481805,0.0024477735
/home/yogesh.patel/execution/25_9_2026_PRD_work/OCT2017_Test/test/DRUSEN/DRUSEN-4314625-1.jpeg,DRUSEN,2,0.018990772,0.008508626,0.9700139,0.0024866632
/home/yogesh.patel/execution/25_9_2026_PRD_work/OCT2017_Test/test/DRUSEN/DRUSEN-4343867-1.jpeg,DRUSEN,2,0.040905215,0.005211676,0.9475318,0.0063512614
/home/yogesh.patel/execution/25_9_2026_PRD_work/OCT2017_Test/test/DRUSEN/DRUSEN-4343867-2.jpeg,DRUSEN,2,0.03208429,0.006553158,0.95893264,0.0024299638
/home/yogesh.patel/execution/25_9_2026_PRD_work/OCT2017_Test/test/DRUSEN/DRUSEN-4379246-1.jpeg,DRUSEN,2,0.016310845,0.006797816,0.97362196,0.003269384
/home/yogesh.patel/execution/25_9_2026_PRD_work/OCT2017_Test/test/DRUSEN/DRUSEN-4379246-2.jpeg,DRUSEN,2,0.012691041,0.0058373613,0.9791388,0.002332793
/home/yogesh.patel/execution/25_9_2026_PRD_work/OCT2017_Test/test/DRUSEN/DRUSEN-457907-1.jpeg,DRUSEN,2,0.07402611,0.025483299,0.8975822,0.0029083893
/home/yogesh.patel/execution/25_9_2026_PRD_work/OCT2017_Test/test/DRUSEN/DRUSEN-4666680-1.jpeg,DRUSEN,2,0.00602449,0.0042388877,0.9841382,0.005598412
/home/yogesh.patel/execution/25_9_2026_PRD_work/OCT2017_Test/test/DRUSEN/DRUSEN-4666680-2.jpeg,DRUSEN,2,0.0043922504,0.0049464,0.98496383,0.00569753
/home/yogesh.patel/execution/25_9_2026_PRD_work/OCT2017_Test/test/DRUSEN/DRUSEN-4696998-1.jpeg,DRUSEN,2,0.004037203,0.008450119,0.9842998,0.0032128934
/home/yogesh.patel/execution/25_9_2026_PRD_work/OCT2017_Test/test/DRUSEN/DRUSEN-4878077-1.jpeg,DRUSEN,2,0.02655939,0.0033626892,0.9684028,0.0016751442
/home/yogesh.patel/execution/25_9_2026_PRD_work/OCT2017_Test/test/DRUSEN/DRUSEN-4878077-2.jpeg,DRUSEN,2,0.0026919171,0.0061909608,0.9869587,0.0041584247
/home/yogesh.patel/execution/25_9_2026_PRD_work/OCT2017_Test/test/DRUSEN/DRUSEN-4878077-3.jpeg,DRUSEN,2,0.0026789573,0.01981985,0.9615351,0.015966099
/home/yogesh.patel/execution/25_9_2026_PRD_work/OCT2017_Test/test/DRUSEN/DRUSEN-4878077-4.jpeg,DRUSEN,2,0.0054163625,0.0060725124,0.9843918,0.004119341
/home/yogesh.patel/execution/25_9_2026_PRD_work/OCT2017_Test/test/DRUSEN/DRUSEN-4878077-5.jpeg,DRUSEN,2,0.005607071,0.009318558,0.9813899,0.0036844593
/home/yogesh.patel/execution/25_9_2026_PRD_work/OCT2017_Test/test/DRUSEN/DRUSEN-4878077-6.jpeg,DRUSEN,2,0.011550537,0.008294222,0.976292,0.003863225
/home/yogesh.patel/execution/25_9_2026_PRD_work/OCT2017_Test/test/DRUSEN/DRUSEN-4904794-1.jpeg,DRUSEN,2,0.012278172,0.0077710235,0.9747512,0.0051996293
/home/yogesh.patel/execution/25_9_2026_PRD_work/OCT2017_Test/test/DRUSEN/DRUSEN-4951152-1.jpeg,DRUSEN,2,0.019622631,0.0040243506,0.97403646,0.0023165415
/home/yogesh.patel/execution/25_9_2026_PRD_work/OCT2017_Test/test/DRUSEN/DRUSEN-4973287-1.jpeg,DRUSEN,2,0.016153207,0.0040341215,0.9743308,0.0054818857
/home/yogesh.patel/execution/25_9_2026_PRD_work/OCT2017_Test/test/DRUSEN/DRUSEN-5094722-1.jpeg,DRUSEN,2,0.01600692,0.004001965,0.9770838,0.0029073611
/home/yogesh.patel/execution/25_9_2026_PRD_work/OCT2017_Test/test/DRUSEN/DRUSEN-525301-1.jpeg,DRUSEN,2,0.0060555646,0.0057257367,0.9848566,0.0033621306
/home/yogesh.patel/execution/25_9_2026_PRD_work/OCT2017_Test/test/DRUSEN/DRUSEN-5331157-1.jpeg,DRUSEN,2,0.025940083,0.011663571,0.9586774,0.003718947
/home/yogesh.patel/execution/25_9_2026_PRD_work/OCT2017_Test/test/DRUSEN/DRUSEN-538779-1.jpeg,DRUSEN,2,0.005838488,0.005992911,0.98373383,0.004434706
/home/yogesh.patel/execution/25_9_2026_PRD_work/OCT2017_Test/test/DRUSEN/DRUSEN-5443411-1.jpeg,DRUSEN,2,0.011835322,0.0061984807,0.97899556,0.002970622
/home/yogesh.patel/execution/25_9_2026_PRD_work/OCT2017_Test/test/DRUSEN/DRUSEN-5477211-1.jpeg,DRUSEN,2,0.045916148,0.008267176,0.9377017,0.0081149805
/home/yogesh.patel/execution/25_9_2026_PRD_work/OCT2017_Test/test/DRUSEN/DRUSEN-5477211-2.jpeg,DRUSEN,2,0.021757875,0.006271292,0.968261,0.0037098178
/home/yogesh.patel/execution/25_9_2026_PRD_work/OCT2017_Test/test/DRUSEN/DRUSEN-5710007-1.jpeg,DRUSEN,2,0.002995335,0.008066637,0.98469245,0.004245595
/home/yogesh.patel/execution/25_9_2026_PRD_work/OCT2017_Test/test/DRUSEN/DRUSEN-5710007-2.jpeg,DRUSEN,2,0.0050161947,0.0046836543,0.98196596,0.008334158
/home/yogesh.patel/execution/25_9_2026_PRD_work/OCT2017_Test/test/DRUSEN/DRUSEN-5753467-1.jpeg,DRUSEN,2,0.0052937325,0.0058735977,0.98280007,0.0060325842
/home/yogesh.patel/execution/25_9_2026_PRD_work/OCT2017_Test/test/DRUSEN/DRUSEN-5801431-1.jpeg,DRUSEN,2,0.08043609,0.035096534,0.8747945,0.0096729025
/home/yogesh.patel/execution/25_9_2026_PRD_work/OCT2017_Test/test/DRUSEN/DRUSEN-584218-1.jpeg,DRUSEN,2,0.024641143,0.004281511,0.96529204,0.005785285
/home/yogesh.patel/execution/25_9_2026_PRD_work/OCT2017_Test/test/DRUSEN/DRUSEN-5864720-1.jpeg,DRUSEN,2,0.020015895,0.005212688,0.9714508,0.003320646
/home/yogesh.patel/execution/25_9_2026_PRD_work/OCT2017_Test/test/DRUSEN/DRUSEN-5864720-2.jpeg,DRUSEN,2,0.009531723,0.013132521,0.9747536,0.0025821282
/home/yogesh.patel/execution/25_9_2026_PRD_work/OCT2017_Test/test/DRUSEN/DRUSEN-5929729-1.jpeg,DRUSEN,2,0.023570469,0.0041791783,0.96402514,0.008225198
/home/yogesh.patel/execution/25_9_2026_PRD_work/OCT2017_Test/test/DRUSEN/DRUSEN-609387-1.jpeg,DRUSEN,2,0.006802923,0.0047938507,0.9847607,0.0036425444
/home/yogesh.patel/execution/25_9_2026_PRD_work/OCT2017_Test/test/DRUSEN/DRUSEN-609387-2.jpeg,DRUSEN,2,0.008715896,0.0057502473,0.983028,0.0025058843
/home/yogesh.patel/execution/25_9_2026_PRD_work/OCT2017_Test/test/DRUSEN/DRUSEN-609387-3.jpeg,DRUSEN,2,0.04353116,0.0076965294,0.9441171,0.0046551777
/home/yogesh.patel/execution/25_9_2026_PRD_work/OCT2017_Test/test/DRUSEN/DRUSEN-6190971-1.jpeg,DRUSEN,2,0.023107413,0.007977912,0.9637454,0.005169219
/home/yogesh.patel/execution/25_9_2026_PRD_work/OCT2017_Test/test/DRUSEN/DRUSEN-6190971-2.jpeg,DRUSEN,2,0.009195947,0.005759887,0.98270905,0.0023351002
/home/yogesh.patel/execution/25_9_2026_PRD_work/OCT2017_Test/test/DRUSEN/DRUSEN-6193297-1.jpeg,DRUSEN,2,0.0067051444,0.009642474,0.97860223,0.005050193
/home/yogesh.patel/execution/25_9_2026_PRD_work/OCT2017_Test/test/DRUSEN/DRUSEN-6193297-2.jpeg,DRUSEN,2,0.0052971253,0.020374622,0.9697616,0.0045666574
/home/yogesh.patel/execution/25_9_2026_PRD_work/OCT2017_Test/test/DRUSEN/DRUSEN-6193297-3.jpeg,DRUSEN,2,0.0047381218,0.0074122446,0.9846163,0.0032334083
/home/yogesh.patel/execution/25_9_2026_PRD_work/OCT2017_Test/test/DRUSEN/DRUSEN-6193297-4.jpeg,DRUSEN,2,0.0111610545,0.0052942783,0.98152727,0.002017453
/home/yogesh.patel/execution/25_9_2026_PRD_work/OCT2017_Test/test/DRUSEN/DRUSEN-6193297-5.jpeg,DRUSEN,2,0.0048721503,0.011451454,0.9799111,0.0037652974
/home/yogesh.patel/execution/25_9_2026_PRD_work/OCT2017_Test/test/DRUSEN/DRUSEN-6264369-1.jpeg,DRUSEN,2,0.02171376,0.010501148,0.9609993,0.0067857564
/home/yogesh.patel/execution/25_9_2026_PRD_work/OCT2017_Test/test/DRUSEN/DRUSEN-7064008-1.jpeg,DRUSEN,2,0.02735831,0.007692427,0.9622056,0.0027436786
/home/yogesh.patel/execution/25_9_2026_PRD_work/OCT2017_Test/test/DRUSEN/DRUSEN-7199590-1.jpeg,DRUSEN,2,0.01320013,0.013252256,0.96870315,0.004844446
/home/yogesh.patel/execution/25_9_2026_PRD_work/OCT2017_Test/test/DRUSEN/DRUSEN-732516-1.jpeg,DRUSEN,2,0.010006943,0.004052938,0.9816884,0.0042518005
/home/yogesh.patel/execution/25_9_2026_PRD_work/OCT2017_Test/test/DRUSEN/DRUSEN-732516-2.jpeg,DRUSEN,2,0.020244412,0.0065171663,0.9711064,0.0021320092
/home/yogesh.patel/execution/25_9_2026_PRD_work/OCT2017_Test/test/DRUSEN/DRUSEN-732516-3.jpeg,DRUSEN,2,0.004493035,0.0043874597,0.9890406,0.0020789118
/home/yogesh.patel/execution/25_9_2026_PRD_work/OCT2017_Test/test/DRUSEN/DRUSEN-7345121-1.jpeg,DRUSEN,2,0.2408783,0.0055732387,0.7474708,0.0060776365
/home/yogesh.patel/execution/25_9_2026_PRD_work/OCT2017_Test/test/DRUSEN/DRUSEN-7350225-1.jpeg,DRUSEN,2,0.004427371,0.006601717,0.9842188,0.004752123
/home/yogesh.patel/execution/25_9_2026_PRD_work/OCT2017_Test/test/DRUSEN/DRUSEN-7373858-1.jpeg,DRUSEN,2,0.011920689,0.006626642,0.9744733,0.006979372
/home/yogesh.patel/execution/25_9_2026_PRD_work/OCT2017_Test/test/DRUSEN/DRUSEN-7393104-1.jpeg,DRUSEN,2,0.079205915,0.0043876464,0.90943366,0.006972743
/home/yogesh.patel/execution/25_9_2026_PRD_work/OCT2017_Test/test/DRUSEN/DRUSEN-7513011-1.jpeg,DRUSEN,2,0.019632515,0.010723964,0.96271145,0.00693209
/home/yogesh.patel/execution/25_9_2026_PRD_work/OCT2017_Test/test/DRUSEN/DRUSEN-7555604-1.jpeg,DRUSEN,2,0.004173777,0.005443268,0.9877554,0.0026275488
/home/yogesh.patel/execution/25_9_2026_PRD_work/OCT2017_Test/test/DRUSEN/DRUSEN-7555604-2.jpeg,DRUSEN,2,0.02587584,0.004925771,0.9669384,0.002259991
/home/yogesh.patel/execution/25_9_2026_PRD_work/OCT2017_Test/test/DRUSEN/DRUSEN-7557808-1.jpeg,DRUSEN,2,0.00906983,0.0034295921,0.98424107,0.0032594893
/home/yogesh.patel/execution/25_9_2026_PRD_work/OCT2017_Test/test/DRUSEN/DRUSEN-7563760-1.jpeg,DRUSEN,2,0.0025191284,0.004269516,0.99089277,0.0023185597
/home/yogesh.patel/execution/25_9_2026_PRD_work/OCT2017_Test/test/DRUSEN/DRUSEN-7675318-1.jpeg,DRUSEN,2,0.0081871,0.0051291077,0.9842334,0.0024504107
/home/yogesh.patel/execution/25_9_2026_PRD_work/OCT2017_Test/test/DRUSEN/DRUSEN-7675318-2.jpeg,DRUSEN,2,0.0077262046,0.00295562,0.9867459,0.0025722594
/home/yogesh.patel/execution/25_9_2026_PRD_work/OCT2017_Test/test/DRUSEN/DRUSEN-7710023-1.jpeg,DRUSEN,2,0.4758789,0.0034706346,0.5103381,0.010312355
/home/yogesh.patel/execution/25_9_2026_PRD_work/OCT2017_Test/test/DRUSEN/DRUSEN-7710023-2.jpeg,DRUSEN,2,0.08364323,0.0037767251,0.90878224,0.0037977835
/home/yogesh.patel/execution/25_9_2026_PRD_work/OCT2017_Test/test/DRUSEN/DRUSEN-7763772-1.jpeg,DRUSEN,2,0.003121631,0.0071894806,0.9872573,0.0024315505
/home/yogesh.patel/execution/25_9_2026_PRD_work/OCT2017_Test/test/DRUSEN/DRUSEN-781814-1.jpeg,DRUSEN,2,0.004087666,0.0037852353,0.98970133,0.0024257465
/home/yogesh.patel/execution/25_9_2026_PRD_work/OCT2017_Test/test/DRUSEN/DRUSEN-783692-1.jpeg,DRUSEN,2,0.0040674903,0.004249531,0.9865465,0.005136453
/home/yogesh.patel/execution/25_9_2026_PRD_work/OCT2017_Test/test/DRUSEN/DRUSEN-7915033-1.jpeg,DRUSEN,2,0.031214047,0.0072880457,0.9587049,0.0027930106
/home/yogesh.patel/execution/25_9_2026_PRD_work/OCT2017_Test/test/DRUSEN/DRUSEN-7915033-2.jpeg,DRUSEN,2,0.01184641,0.005550458,0.979793,0.0028101713
/home/yogesh.patel/execution/25_9_2026_PRD_work/OCT2017_Test/test/DRUSEN/DRUSEN-7915033-3.jpeg,DRUSEN,2,0.012092648,0.0074499073,0.9782946,0.0021627867
/home/yogesh.patel/execution/25_9_2026_PRD_work/OCT2017_Test/test/DRUSEN/DRUSEN-8023853-1.jpeg,DRUSEN,2,0.0077449856,0.013696825,0.9734583,0.0050998707
/home/yogesh.patel/execution/25_9_2026_PRD_work/OCT2017_Test/test/DRUSEN/DRUSEN-8039905-1.jpeg,DRUSEN,2,0.14104119,0.011180641,0.84236854,0.005409596
/home/yogesh.patel/execution/25_9_2026_PRD_work/OCT2017_Test/test/DRUSEN/DRUSEN-8074563-1.jpeg,DRUSEN,2,0.0050915373,0.005035527,0.9853467,0.004526197
/home/yogesh.patel/execution/25_9_2026_PRD_work/OCT2017_Test/test/DRUSEN/DRUSEN-8074563-2.jpeg,DRUSEN,2,0.0036001645,0.004676761,0.98731107,0.0044120275
/home/yogesh.patel/execution/25_9_2026_PRD_work/OCT2017_Test/test/DRUSEN/DRUSEN-8074563-3.jpeg,DRUSEN,2,0.0036240837,0.00721771,0.98415434,0.0050038476
/home/yogesh.patel/execution/25_9_2026_PRD_work/OCT2017_Test/test/DRUSEN/DRUSEN-8086850-1.jpeg,DRUSEN,2,0.0067247287,0.0057336157,0.9798038,0.0077378647
/home/yogesh.patel/execution/25_9_2026_PRD_work/OCT2017_Test/test/DRUSEN/DRUSEN-8086850-2.jpeg,DRUSEN,2,0.008512136,0.0057363925,0.979589,0.0061624893
/home/yogesh.patel/execution/25_9_2026_PRD_work/OCT2017_Test/test/DRUSEN/DRUSEN-8086850-3.jpeg,DRUSEN,2,0.012676304,0.0046169935,0.98010486,0.0026018743
/home/yogesh.patel/execution/25_9_2026_PRD_work/OCT2017_Test/test/DRUSEN/DRUSEN-8086850-4.jpeg,DRUSEN,2,0.0076540774,0.0062392815,0.9825336,0.0035730433
/home/yogesh.patel/execution/25_9_2026_PRD_work/OCT2017_Test/test/DRUSEN/DRUSEN-8086850-5.jpeg,DRUSEN,2,0.0057643126,0.0060735713,0.98607355,0.0020886078
/home/yogesh.patel/execution/25_9_2026_PRD_work/OCT2017_Test/test/DRUSEN/DRUSEN-8086850-6.jpeg,DRUSEN,2,0.009191919,0.008661136,0.979321,0.0028259757
/home/yogesh.patel/execution/25_9_2026_PRD_work/OCT2017_Test/test/DRUSEN/DRUSEN-8086850-7.jpeg,DRUSEN,2,0.0053823767,0.0055569373,0.9842456,0.00481506
/home/yogesh.patel/execution/25_9_2026_PRD_work/OCT2017_Test/test/DRUSEN/DRUSEN-8086850-8.jpeg,DRUSEN,2,0.0045644366,0.007133501,0.98133695,0.006965091
/home/yogesh.patel/execution/25_9_2026_PRD_work/OCT2017_Test/test/DRUSEN/DRUSEN-8117834-1.jpeg,DRUSEN,2,0.0032864439,0.004215821,0.98684436,0.005653426
/home/yogesh.patel/execution/25_9_2026_PRD_work/OCT2017_Test/test/DRUSEN/DRUSEN-8213975-1.jpeg,DRUSEN,2,0.021757886,0.0059045614,0.96713537,0.0052022445
/home/yogesh.patel/execution/25_9_2026_PRD_work/OCT2017_Test/test/DRUSEN/DRUSEN-8251771-1.jpeg,DRUSEN,2,0.012840443,0.010741332,0.9728309,0.0035873859
/home/yogesh.patel/execution/25_9_2026_PRD_work/OCT2017_Test/test/DRUSEN/DRUSEN-8261063-1.jpeg,DRUSEN,2,0.0043526515,0.0057210512,0.987225,0.0027013188
/home/yogesh.patel/execution/25_9_2026_PRD_work/OCT2017_Test/test/DRUSEN/DRUSEN-8261063-2.jpeg,DRUSEN,2,0.0033625215,0.0065069865,0.98502696,0.0051035434
/home/yogesh.patel/execution/25_9_2026_PRD_work/OCT2017_Test/test/DRUSEN/DRUSEN-8261063-3.jpeg,DRUSEN,2,0.003565962,0.0036478934,0.98613906,0.006647116
/home/yogesh.patel/execution/25_9_2026_PRD_work/OCT2017_Test/test/DRUSEN/DRUSEN-8261063-4.jpeg,DRUSEN,2,0.0034802821,0.0060939766,0.9867653,0.0036604204
/home/yogesh.patel/execution/25_9_2026_PRD_work/OCT2017_Test/test/DRUSEN/DRUSEN-8261063-5.jpeg,DRUSEN,2,0.0038649102,0.007274982,0.98001754,0.008842578
/home/yogesh.patel/execution/25_9_2026_PRD_work/OCT2017_Test/test/DRUSEN/DRUSEN-8261063-6.jpeg,DRUSEN,2,0.003832179,0.007507157,0.98464125,0.0040194285
/home/yogesh.patel/execution/25_9_2026_PRD_work/OCT2017_Test/test/DRUSEN/DRUSEN-8261063-7.jpeg,DRUSEN,2,0.0038202286,0.0053579034,0.98643035,0.0043915724
/home/yogesh.patel/execution/25_9_2026_PRD_work/OCT2017_Test/test/DRUSEN/DRUSEN-827677-1.jpeg,DRUSEN,2,0.0022500153,0.0059121274,0.9822445,0.009593429
/home/yogesh.patel/execution/25_9_2026_PRD_work/OCT2017_Test/test/DRUSEN/DRUSEN-8281517-1.jpeg,DRUSEN,2,0.008491377,0.0032394398,0.9837223,0.004546814
/home/yogesh.patel/execution/25_9_2026_PRD_work/OCT2017_Test/test/DRUSEN/DRUSEN-8292670-1.jpeg,DRUSEN,2,0.002883718,0.0038869746,0.99108726,0.0021420328
/home/yogesh.patel/execution/25_9_2026_PRD_work/OCT2017_Test/test/DRUSEN/DRUSEN-8319985-1.jpeg,DRUSEN,2,0.007610476,0.0025033902,0.9867266,0.0031595475
/home/yogesh.patel/execution/25_9_2026_PRD_work/OCT2017_Test/test/DRUSEN/DRUSEN-8339642-1.jpeg,DRUSEN,2,0.007576257,0.0037728974,0.9802059,0.008444956
/home/yogesh.patel/execution/25_9_2026_PRD_work/OCT2017_Test/test/DRUSEN/DRUSEN-8345703-1.jpeg,DRUSEN,2,0.0059771966,0.0027507404,0.9896548,0.0016173128
/home/yogesh.patel/execution/25_9_2026_PRD_work/OCT2017_Test/test/DRUSEN/DRUSEN-8345703-2.jpeg,DRUSEN,2,0.005272548,0.0036194036,0.9860097,0.0050982614
/home/yogesh.patel/execution/25_9_2026_PRD_work/OCT2017_Test/test/DRUSEN/DRUSEN-8351260-1.jpeg,DRUSEN,2,0.0036010214,0.006050563,0.98423266,0.0061157956
/home/yogesh.patel/execution/25_9_2026_PRD_work/OCT2017_Test/test/DRUSEN/DRUSEN-8351260-2.jpeg,DRUSEN,2,0.010698081,0.0069628977,0.97840476,0.0039342474
/home/yogesh.patel/execution/25_9_2026_PRD_work/OCT2017_Test/test/DRUSEN/DRUSEN-8389446-1.jpeg,DRUSEN,2,0.009978693,0.0069451635,0.980296,0.002780168
/home/yogesh.patel/execution/25_9_2026_PRD_work/OCT2017_Test/test/DRUSEN/DRUSEN-8389446-2.jpeg,DRUSEN,2,0.011279632,0.006959974,0.9759386,0.0058217933
/home/yogesh.patel/execution/25_9_2026_PRD_work/OCT2017_Test/test/DRUSEN/DRUSEN-8389446-3.jpeg,DRUSEN,2,0.00711433,0.004436934,0.98309904,0.0053497106
/home/yogesh.patel/execution/25_9_2026_PRD_work/OCT2017_Test/test/DRUSEN/DRUSEN-8440718-1.jpeg,DRUSEN,2,0.026429659,0.0051624514,0.96670187,0.0017060267
/home/yogesh.patel/execution/25_9_2026_PRD_work/OCT2017_Test/test/DRUSEN/DRUSEN-8440718-2.jpeg,DRUSEN,2,0.039955407,0.0062162057,0.95103866,0.0027897304
/home/yogesh.patel/execution/25_9_2026_PRD_work/OCT2017_Test/test/DRUSEN/DRUSEN-8440718-3.jpeg,DRUSEN,2,0.005049972,0.004707321,0.987919,0.0023237339
/home/yogesh.patel/execution/25_9_2026_PRD_work/OCT2017_Test/test/DRUSEN/DRUSEN-8440718-4.jpeg,DRUSEN,2,0.0395119,0.012214229,0.9431897,0.0050842366
/home/yogesh.patel/execution/25_9_2026_PRD_work/OCT2017_Test/test/DRUSEN/DRUSEN-8440718-5.jpeg,DRUSEN,2,0.0071584154,0.006366438,0.98359346,0.0028816615
/home/yogesh.patel/execution/25_9_2026_PRD_work/OCT2017_Test/test/DRUSEN/DRUSEN-8549730-1.jpeg,DRUSEN,2,0.019849433,0.007784142,0.9693917,0.0029747437
/home/yogesh.patel/execution/25_9_2026_PRD_work/OCT2017_Test/test/DRUSEN/DRUSEN-8549730-2.jpeg,DRUSEN,2,0.010206901,0.006489782,0.98103875,0.00226461
/home/yogesh.patel/execution/25_9_2026_PRD_work/OCT2017_Test/test/DRUSEN/DRUSEN-8549730-3.jpeg,DRUSEN,2,0.0059341467,0.007988554,0.9832014,0.002875885
/home/yogesh.patel/execution/25_9_2026_PRD_work/OCT2017_Test/test/DRUSEN/DRUSEN-8549730-4.jpeg,DRUSEN,2,0.02097369,0.011346198,0.9645924,0.0030876931
/home/yogesh.patel/execution/25_9_2026_PRD_work/OCT2017_Test/test/DRUSEN/DRUSEN-8549730-5.jpeg,DRUSEN,2,0.0013222535,0.005938152,0.9903935,0.0023461075
/home/yogesh.patel/execution/25_9_2026_PRD_work/OCT2017_Test/test/DRUSEN/DRUSEN-8549730-6.jpeg,DRUSEN,2,0.019499239,0.017133553,0.95981044,0.0035567945
/home/yogesh.patel/execution/25_9_2026_PRD_work/OCT2017_Test/test/DRUSEN/DRUSEN-8549730-7.jpeg,DRUSEN,2,0.059957355,0.057377208,0.8773387,0.0053267004
/home/yogesh.patel/execution/25_9_2026_PRD_work/OCT2017_Test/test/DRUSEN/DRUSEN-8577392-1.jpeg,DRUSEN,2,0.004428673,0.003996315,0.98940694,0.002168089
/home/yogesh.patel/execution/25_9_2026_PRD_work/OCT2017_Test/test/DRUSEN/DRUSEN-8605472-1.jpeg,DRUSEN,2,0.07603133,0.007093098,0.9127436,0.0041319854
/home/yogesh.patel/execution/25_9_2026_PRD_work/OCT2017_Test/test/DRUSEN/DRUSEN-8656509-1.jpeg,DRUSEN,2,0.023333052,0.004055804,0.96994275,0.0026684136
/home/yogesh.patel/execution/25_9_2026_PRD_work/OCT2017_Test/test/DRUSEN/DRUSEN-8708331-1.jpeg,DRUSEN,2,0.0077947658,0.00442691,0.9750727,0.012705708
/home/yogesh.patel/execution/25_9_2026_PRD_work/OCT2017_Test/test/DRUSEN/DRUSEN-8811857-1.jpeg,DRUSEN,2,0.0067256927,0.0037208463,0.98619556,0.0033578712
/home/yogesh.patel/execution/25_9_2026_PRD_work/OCT2017_Test/test/DRUSEN/DRUSEN-8811857-2.jpeg,DRUSEN,2,0.018880913,0.0016732668,0.97414386,0.005301892
/home/yogesh.patel/execution/25_9_2026_PRD_work/OCT2017_Test/test/DRUSEN/DRUSEN-8854406-1.jpeg,DRUSEN,2,0.008442462,0.0042616767,0.9837805,0.0035153725
/home/yogesh.patel/execution/25_9_2026_PRD_work/OCT2017_Test/test/DRUSEN/DRUSEN-8854406-2.jpeg,DRUSEN,2,0.0037777743,0.006153118,0.98791677,0.002152373
/home/yogesh.patel/execution/25_9_2026_PRD_work/OCT2017_Test/test/DRUSEN/DRUSEN-8870525-1.jpeg,DRUSEN,2,0.021990793,0.0037684233,0.96936303,0.0048777466
/home/yogesh.patel/execution/25_9_2026_PRD_work/OCT2017_Test/test/DRUSEN/DRUSEN-8870525-2.jpeg,DRUSEN,2,0.6575311,0.016401574,0.31391415,0.012153254
/home/yogesh.patel/execution/25_9_2026_PRD_work/OCT2017_Test/test/DRUSEN/DRUSEN-8870525-3.jpeg,DRUSEN,2,0.22705227,0.004621085,0.7641479,0.0041787378
/home/yogesh.patel/execution/25_9_2026_PRD_work/OCT2017_Test/test/DRUSEN/DRUSEN-9049813-1.jpeg,DRUSEN,2,0.009677394,0.0056438404,0.98184407,0.0028346782
/home/yogesh.patel/execution/25_9_2026_PRD_work/OCT2017_Test/test/DRUSEN/DRUSEN-9059831-1.jpeg,DRUSEN,2,0.07075584,0.0063865418,0.91825366,0.0046039815
/home/yogesh.patel/execution/25_9_2026_PRD_work/OCT2017_Test/test/DRUSEN/DRUSEN-9059831-2.jpeg,DRUSEN,2,0.021119267,0.0057746796,0.96874815,0.0043579075
/home/yogesh.patel/execution/25_9_2026_PRD_work/OCT2017_Test/test/DRUSEN/DRUSEN-907869-1.jpeg,DRUSEN,2,0.01648611,0.01187257,0.96341085,0.008230436
/home/yogesh.patel/execution/25_9_2026_PRD_work/OCT2017_Test/test/DRUSEN/DRUSEN-907869-2.jpeg,DRUSEN,2,0.005850906,0.005910789,0.97879124,0.009447053
/home/yogesh.patel/execution/25_9_2026_PRD_work/OCT2017_Test/test/DRUSEN/DRUSEN-9087597-1.jpeg,DRUSEN,2,0.06098342,0.005420173,0.9287347,0.0048617036
/home/yogesh.patel/execution/25_9_2026_PRD_work/OCT2017_Test/test/DRUSEN/DRUSEN-9087597-2.jpeg,DRUSEN,2,0.013257976,0.0089346785,0.97500694,0.0028003633
/home/yogesh.patel/execution/25_9_2026_PRD_work/OCT2017_Test/test/DRUSEN/DRUSEN-9155039-1.jpeg,DRUSEN,2,0.015091971,0.004184128,0.97345936,0.007264565
/home/yogesh.patel/execution/25_9_2026_PRD_work/OCT2017_Test/test/DRUSEN/DRUSEN-9201573-1.jpeg,DRUSEN,2,0.020309726,0.004860311,0.96636987,0.008460086
/home/yogesh.patel/execution/25_9_2026_PRD_work/OCT2017_Test/test/DRUSEN/DRUSEN-9225057-1.jpeg,DRUSEN,2,0.005326695,0.004171965,0.9846923,0.0058090053
/home/yogesh.patel/execution/25_9_2026_PRD_work/OCT2017_Test/test/DRUSEN/DRUSEN-9225057-2.jpeg,DRUSEN,2,0.0039176573,0.0048559816,0.9836215,0.007604915
/home/yogesh.patel/execution/25_9_2026_PRD_work/OCT2017_Test/test/DRUSEN/DRUSEN-9280370-1.jpeg,DRUSEN,2,0.010406454,0.0070229205,0.97900814,0.003562505
/home/yogesh.patel/execution/25_9_2026_PRD_work/OCT2017_Test/test/DRUSEN/DRUSEN-9442692-1.jpeg,DRUSEN,2,0.0046340674,0.006545805,0.9826249,0.006195263
/home/yogesh.patel/execution/25_9_2026_PRD_work/OCT2017_Test/test/DRUSEN/DRUSEN-9504181-1.jpeg,DRUSEN,2,0.00665864,0.0035390793,0.9869639,0.0028383266
/home/yogesh.patel/execution/25_9_2026_PRD_work/OCT2017_Test/test/DRUSEN/DRUSEN-9504181-2.jpeg,DRUSEN,2,0.0030042604,0.0060714874,0.98802316,0.0029010933
/home/yogesh.patel/execution/25_9_2026_PRD_work/OCT2017_Test/test/DRUSEN/DRUSEN-95633-1.jpeg,DRUSEN,2,0.005724645,0.008626119,0.9834821,0.002167078
/home/yogesh.patel/execution/25_9_2026_PRD_work/OCT2017_Test/test/DRUSEN/DRUSEN-956663-1.jpeg,DRUSEN,2,0.0032885869,0.005328027,0.988201,0.0031824159
/home/yogesh.patel/execution/25_9_2026_PRD_work/OCT2017_Test/test/DRUSEN/DRUSEN-9624303-1.jpeg,DRUSEN,2,0.024769058,0.0065445337,0.9668335,0.001852895
/home/yogesh.patel/execution/25_9_2026_PRD_work/OCT2017_Test/test/DRUSEN/DRUSEN-9624303-2.jpeg,DRUSEN,2,0.015429398,0.008121803,0.9738341,0.002614686
/home/yogesh.patel/execution/25_9_2026_PRD_work/OCT2017_Test/test/DRUSEN/DRUSEN-9642260-1.jpeg,DRUSEN,2,0.012630412,0.007851995,0.9776506,0.0018670178
/home/yogesh.patel/execution/25_9_2026_PRD_work/OCT2017_Test/test/DRUSEN/DRUSEN-9689334-1.jpeg,DRUSEN,2,0.0032819256,0.008217982,0.9845768,0.0039233193
/home/yogesh.patel/execution/25_9_2026_PRD_work/OCT2017_Test/test/DRUSEN/DRUSEN-9734808-1.jpeg,DRUSEN,2,0.009766435,0.0060303425,0.98135054,0.0028526317
/home/yogesh.patel/execution/25_9_2026_PRD_work/OCT2017_Test/test/DRUSEN/DRUSEN-9734808-2.jpeg,DRUSEN,2,0.34620202,0.011929836,0.6311913,0.01067686
/home/yogesh.patel/execution/25_9_2026_PRD_work/OCT2017_Test/test/DRUSEN/DRUSEN-9800172-1.jpeg,DRUSEN,2,0.021996643,0.0048315586,0.96416736,0.009004481
/home/yogesh.patel/execution/25_9_2026_PRD_work/OCT2017_Test/test/DRUSEN/DRUSEN-987193-1.jpeg,DRUSEN,2,0.014444183,0.0059319357,0.97693086,0.0026929753
/home/yogesh.patel/execution/25_9_2026_PRD_work/OCT2017_Test/test/NORMAL/NORMAL-1017237-1.jpeg,NORMAL,3,0.005594671,0.0043316125,0.00985492,0.98021877
/home/yogesh.patel/execution/25_9_2026_PRD_work/OCT2017_Test/test/NORMAL/NORMAL-101880-1.jpeg,NORMAL,3,0.0024894965,0.0047016176,0.004785971,0.9880229
/home/yogesh.patel/execution/25_9_2026_PRD_work/OCT2017_Test/test/NORMAL/NORMAL-1025847-1.jpeg,NORMAL,3,0.0049254177,0.0036839421,0.011368348,0.9800223
/home/yogesh.patel/execution/25_9_2026_PRD_work/OCT2017_Test/test/NORMAL/NORMAL-1038998-1.jpeg,NORMAL,3,0.006389833,0.033237215,0.012544491,0.9478285
/home/yogesh.patel/execution/25_9_2026_PRD_work/OCT2017_Test/test/NORMAL/NORMAL-1042462-1.jpeg,NORMAL,3,0.02211569,0.007642065,0.13583572,0.8344065
/home/yogesh.patel/execution/25_9_2026_PRD_work/OCT2017_Test/test/NORMAL/NORMAL-1058176-1.jpeg,NORMAL,3,0.0056528,0.0032321706,0.008218414,0.9828966
/home/yogesh.patel/execution/25_9_2026_PRD_work/OCT2017_Test/test/NORMAL/NORMAL-1063128-1.jpeg,NORMAL,3,0.0062640356,0.0070786807,0.010363627,0.9762936
/home/yogesh.patel/execution/25_9_2026_PRD_work/OCT2017_Test/test/NORMAL/NORMAL-1073137-1.jpeg,NORMAL,3,0.003606778,0.0041152574,0.005643303,0.9866347
/home/yogesh.patel/execution/25_9_2026_PRD_work/OCT2017_Test/test/NORMAL/NORMAL-1081406-1.jpeg,NORMAL,3,0.021395948,0.012408897,0.1219298,0.84426534
/home/yogesh.patel/execution/25_9_2026_PRD_work/OCT2017_Test/test/NORMAL/NORMAL-112928-1.jpeg,NORMAL,3,0.010074741,0.0066539403,0.015575435,0.9676959
/home/yogesh.patel/execution/25_9_2026_PRD_work/OCT2017_Test/test/NORMAL/NORMAL-119840-1.jpeg,NORMAL,3,0.005850944,0.019424649,0.009420261,0.9653042
/home/yogesh.patel/execution/25_9_2026_PRD_work/OCT2017_Test/test/NORMAL/NORMAL-12494-1.jpeg,NORMAL,3,0.0068320767,0.0043587917,0.0060590035,0.9827501
/home/yogesh.patel/execution/25_9_2026_PRD_work/OCT2017_Test/test/NORMAL/NORMAL-12494-2.jpeg,NORMAL,3,0.006944948,0.006811673,0.008290221,0.97795314
/home/yogesh.patel/execution/25_9_2026_PRD_work/OCT2017_Test/test/NORMAL/NORMAL-12494-3.jpeg,NORMAL,3,0.002966837,0.0054586027,0.0064307204,0.98514384
/home/yogesh.patel/execution/25_9_2026_PRD_work/OCT2017_Test/test/NORMAL/NORMAL-12494-4.jpeg,NORMAL,3,0.008276692,0.0086716,0.012629418,0.97042227
/home/yogesh.patel/execution/25_9_2026_PRD_work/OCT2017_Test/test/NORMAL/NORMAL-12494-5.jpeg,NORMAL,3,0.0063860826,0.006912586,0.006011337,0.98069
/home/yogesh.patel/execution/25_9_2026_PRD_work/OCT2017_Test/test/NORMAL/NORMAL-133321-1.jpeg,NORMAL,3,0.004194441,0.006939167,0.005386359,0.98348004
/home/yogesh.patel/execution/25_9_2026_PRD_work/OCT2017_Test/test/NORMAL/NORMAL-138971-1.jpeg,NORMAL,3,0.0069543393,0.00817991,0.0125796115,0.9722861
/home/yogesh.patel/execution/25_9_2026_PRD_work/OCT2017_Test/test/NORMAL/NORMAL-15208-1.jpeg,NORMAL,3,0.0058577685,0.003444381,0.0069410275,0.98375684
/home/yogesh.patel/execution/25_9_2026_PRD_work/OCT2017_Test/test/NORMAL/NORMAL-15307-1.jpeg,NORMAL,3,0.009363239,0.00422894,0.015192452,0.97121537
/home/yogesh.patel/execution/25_9_2026_PRD_work/OCT2017_Test/test/NORMAL/NORMAL-153950-1.jpeg,NORMAL,3,0.005157667,0.0038891109,0.008300791,0.9826524
/home/yogesh.patel/execution/25_9_2026_PRD_work/OCT2017_Test/test/NORMAL/NORMAL-1746717-1.jpeg,NORMAL,3,0.0035267314,0.005612077,0.00696091,0.98390025
/home/yogesh.patel/execution/25_9_2026_PRD_work/OCT2017_Test/test/NORMAL/NORMAL-1759350-1.jpeg,NORMAL,3,0.013103303,0.0077417935,0.020939209,0.95821565
/home/yogesh.patel/execution/25_9_2026_PRD_work/OCT2017_Test/test/NORMAL/NORMAL-1781140-1.jpeg,NORMAL,3,0.0060937023,0.004569131,0.0062351627,0.983102
/home/yogesh.patel/execution/25_9_2026_PRD_work/OCT2017_Test/test/NORMAL/NORMAL-1791409-1.jpeg,NORMAL,3,0.007490607,0.013343611,0.009823464,0.9693423
/home/yogesh.patel/execution/25_9_2026_PRD_work/OCT2017_Test/test/NORMAL/NORMAL-1831654-1.jpeg,NORMAL,3,0.0036626025,0.0064293095,0.00726265,0.9826454
/home/yogesh.patel/execution/25_9_2026_PRD_work/OCT2017_Test/test/NORMAL/NORMAL-1853526-1.jpeg,NORMAL,3,0.0051654084,0.0063290503,0.013473495,0.97503203
/home/yogesh.patel/execution/25_9_2026_PRD_work/OCT2017_Test/test/NORMAL/NORMAL-1860310-1.jpeg,NORMAL,3,0.0030378094,0.010874529,0.005170978,0.9809167
/home/yogesh.patel/execution/25_9_2026_PRD_work/OCT2017_Test/test/NORMAL/NORMAL-1897894-1.jpeg,NORMAL,3,0.008269236,0.0028748624,0.0047429428,0.984113
/home/yogesh.patel/execution/25_9_2026_PRD_work/OCT2017_Test/test/NORMAL/NORMAL-1907560-1.jpeg,NORMAL,3,0.0061077964,0.004280372,0.01022271,0.97938913
/home/yogesh.patel/execution/25_9_2026_PRD_work/OCT2017_Test/test/NORMAL/NORMAL-1908313-1.jpeg,NORMAL,3,0.004255787,0.0066447346,0.009338761,0.9797607
/home/yogesh.patel/execution/25_9_2026_PRD_work/OCT2017_Test/test/NORMAL/NORMAL-1951042-1.jpeg,NORMAL,3,0.0077427314,0.01265407,0.006703234,0.9729
/home/yogesh.patel/execution/25_9_2026_PRD_work/OCT2017_Test/test/NORMAL/NORMAL-1957379-1.jpeg,NORMAL,3,0.006048319,0.0031929035,0.006541467,0.98421735
/home/yogesh.patel/execution/25_9_2026_PRD_work/OCT2017_Test/test/NORMAL/NORMAL-197082-1.jpeg,NORMAL,3,0.0070135845,0.005751608,0.024261866,0.96297294
/home/yogesh.patel/execution/25_9_2026_PRD_work/OCT2017_Test/test/NORMAL/NORMAL-1983894-1.jpeg,NORMAL,3,0.005089469,0.005424641,0.0072602914,0.9822256
/home/yogesh.patel/execution/25_9_2026_PRD_work/OCT2017_Test/test/NORMAL/NORMAL-1988065-1.jpeg,NORMAL,3,0.0043121264,0.004762438,0.006950647,0.98397475
/home/yogesh.patel/execution/25_9_2026_PRD_work/OCT2017_Test/test/NORMAL/NORMAL-1989796-1.jpeg,NORMAL,3,0.0055031255,0.0025640158,0.0061204527,0.9858124
/home/yogesh.patel/execution/25_9_2026_PRD_work/OCT2017_Test/test/NORMAL/NORMAL-1998191-1.jpeg,NORMAL,3,0.0025320968,0.0046754978,0.0051656524,0.98762673
/home/yogesh.patel/execution/25_9_2026_PRD_work/OCT2017_Test/test/NORMAL/NORMAL-2010714-1.jpeg,NORMAL,3,0.0031792605,0.0072259195,0.0029397632,0.98665506
/home/yogesh.patel/execution/25_9_2026_PRD_work/OCT2017_Test/test/NORMAL/NORMAL-2011412-1.jpeg,NORMAL,3,0.006043046,0.005814423,0.0101730935,0.9779694
/home/yogesh.patel/execution/25_9_2026_PRD_work/OCT2017_Test/test/NORMAL/NORMAL-2019006-1.jpeg,NORMAL,3,0.004739026,0.0038742342,0.013262623,0.97812414
/home/yogesh.patel/execution/25_9_2026_PRD_work/OCT2017_Test/test/NORMAL/NORMAL-2019423-1.jpeg,NORMAL,3,0.008686314,0.007971048,0.010650889,0.9726918
/home/yogesh.patel/execution/25_9_2026_PRD_work/OCT2017_Test/test/NORMAL/NORMAL-2055634-1.jpeg,NORMAL,3,0.003974371,0.005181316,0.007497797,0.9833465
/home/yogesh.patel/execution/25_9_2026_PRD_work/OCT2017_Test/test/NORMAL/NORMAL-2059629-1.jpeg,NORMAL,3,0.0069615077,0.013593722,0.009429728,0.97001505
/home/yogesh.patel/execution/25_9_2026_PRD_work/OCT2017_Test/test/NORMAL/NORMAL-2075832-1.jpeg,NORMAL,3,0.0058098016,0.010935984,0.009840673,0.9734135
/home/yogesh.patel/execution/25_9_2026_PRD_work/OCT2017_Test/test/NORMAL/NORMAL-2082689-1.jpeg,NORMAL,3,0.004366434,0.011126754,0.011203782,0.9733031
/home/yogesh.patel/execution/25_9_2026_PRD_work/OCT2017_Test/test/NORMAL/NORMAL-2095710-1.jpeg,NORMAL,3,0.002436192,0.008076543,0.0042314264,0.98525584
/home/yogesh.patel/execution/25_9_2026_PRD_work/OCT2017_Test/test/NORMAL/NORMAL-2113822-1.jpeg,NORMAL,3,0.011857308,0.008076544,0.0059896642,0.97407645
/home/yogesh.patel/execution/25_9_2026_PRD_work/OCT2017_Test/test/NORMAL/NORMAL-2120559-1.jpeg,NORMAL,3,0.0034445294,0.0052645686,0.005226624,0.98606426
/home/yogesh.patel/execution/25_9_2026_PRD_work/OCT2017_Test/test/NORMAL/NORMAL-2120559-2.jpeg,NORMAL,3,0.004136161,0.006983723,0.0042247977,0.9846553
/home/yogesh.patel/execution/25_9_2026_PRD_work/OCT2017_Test/test/NORMAL/NORMAL-2120559-3.jpeg,NORMAL,3,0.005727776,0.0058790967,0.008992067,0.97940105
/home/yogesh.patel/execution/25_9_2026_PRD_work/OCT2017_Test/test/NORMAL/NORMAL-2126186-1.jpeg,NORMAL,3,0.010630142,0.0032358433,0.010649817,0.9754842
/home/yogesh.patel/execution/25_9_2026_PRD_work/OCT2017_Test/test/NORMAL/NORMAL-2131138-1.jpeg,NORMAL,3,0.0059019923,0.004508099,0.010596273,0.97899365
/home/yogesh.patel/execution/25_9_2026_PRD_work/OCT2017_Test/test/NORMAL/NORMAL-2158556-1.jpeg,NORMAL,3,0.0075863646,0.0036315538,0.009379299,0.9794028
/home/yogesh.patel/execution/25_9_2026_PRD_work/OCT2017_Test/test/NORMAL/NORMAL-2167295-1.jpeg,NORMAL,3,0.004739808,0.017424867,0.007068208,0.97076714
/home/yogesh.patel/execution/25_9_2026_PRD_work/OCT2017_Test/test/NORMAL/NORMAL-2181272-1.jpeg,NORMAL,3,0.0027964662,0.021477606,0.004034034,0.97169185
/home/yogesh.patel/execution/25_9_2026_PRD_work/OCT2017_Test/test/NORMAL/NORMAL-2182640-1.jpeg,NORMAL,3,0.015205464,0.006555562,0.5732168,0.40502217
/home/yogesh.patel/execution/25_9_2026_PRD_work/OCT2017_Test/test/NORMAL/NORMAL-2192790-1.jpeg,NORMAL,3,0.0067779734,0.004795443,0.0073169097,0.9811097
/home/yogesh.patel/execution/25_9_2026_PRD_work/OCT2017_Test/test/NORMAL/NORMAL-2197972-1.jpeg,NORMAL,3,0.006019381,0.0065753832,0.009117522,0.9782877
/home/yogesh.patel/execution/25_9_2026_PRD_work/OCT2017_Test/test/NORMAL/NORMAL-2226488-1.jpeg,NORMAL,3,0.0039740293,0.010090273,0.0027097415,0.98322594
/home/yogesh.patel/execution/25_9_2026_PRD_work/OCT2017_Test/test/NORMAL/NORMAL-2231056-1.jpeg,NORMAL,3,0.005339177,0.025692327,0.02215552,0.946813
/home/yogesh.patel/execution/25_9_2026_PRD_work/OCT2017_Test/test/NORMAL/NORMAL-223814-1.jpeg,NORMAL,3,0.0032174531,0.02174379,0.006893203,0.9681456
/home/yogesh.patel/execution/25_9_2026_PRD_work/OCT2017_Test/test/NORMAL/NORMAL-2244950-1.jpeg,NORMAL,3,0.0037025593,0.004854719,0.0030411289,0.9884016
/home/yogesh.patel/execution/25_9_2026_PRD_work/OCT2017_Test/test/NORMAL/NORMAL-2287992-1.jpeg,NORMAL,3,0.0056750835,0.011475092,0.009130654,0.9737192
/home/yogesh.patel/execution/25_9_2026_PRD_work/OCT2017_Test/test/NORMAL/NORMAL-2305502-1.jpeg,NORMAL,3,0.008359351,0.0090211965,0.00967967,0.9729398
/home/yogesh.patel/execution/25_9_2026_PRD_work/OCT2017_Test/test/NORMAL/NORMAL-2312921-1.jpeg,NORMAL,3,0.008541284,0.01009661,0.0058414107,0.9755207
/home/yogesh.patel/execution/25_9_2026_PRD_work/OCT2017_Test/test/NORMAL/NORMAL-2316423-1.jpeg,NORMAL,3,0.011178242,0.0057679103,0.008415177,0.97463864
/home/yogesh.patel/execution/25_9_2026_PRD_work/OCT2017_Test/test/NORMAL/NORMAL-2335256-1.jpeg,NORMAL,3,0.007596738,0.0073978202,0.007307792,0.9776977
/home/yogesh.patel/execution/25_9_2026_PRD_work/OCT2017_Test/test/NORMAL/NORMAL-2342517-1.jpeg,NORMAL,3,0.007551875,0.007141828,0.009063215,0.9762431
/home/yogesh.patel/execution/25_9_2026_PRD_work/OCT2017_Test/test/NORMAL/NORMAL-2350851-1.jpeg,NORMAL,3,0.0027300578,0.0047015324,0.00848088,0.9840875
/home/yogesh.patel/execution/25_9_2026_PRD_work/OCT2017_Test/test/NORMAL/NORMAL-2351012-1.jpeg,NORMAL,3,0.003923746,0.0068296185,0.007617581,0.9816291
/home/yogesh.patel/execution/25_9_2026_PRD_work/OCT2017_Test/test/NORMAL/NORMAL-2362579-1.jpeg,NORMAL,3,0.0053068046,0.00550729,0.012629008,0.9765569
/home/yogesh.patel/execution/25_9_2026_PRD_work/OCT2017_Test/test/NORMAL/NORMAL-2366700-1.jpeg,NORMAL,3,0.0066380887,0.006174708,0.008673397,0.9785138
/home/yogesh.patel/execution/25_9_2026_PRD_work/OCT2017_Test/test/NORMAL/NORMAL-2373878-1.jpeg,NORMAL,3,0.008347581,0.006380473,0.006398461,0.97887343
/home/yogesh.patel/execution/25_9_2026_PRD_work/OCT2017_Test/test/NORMAL/NORMAL-2377429-1.jpeg,NORMAL,3,0.005856003,0.011392059,0.014274522,0.9684774
/home/yogesh.patel/execution/25_9_2026_PRD_work/OCT2017_Test/test/NORMAL/NORMAL-2392366-1.jpeg,NORMAL,3,0.010543186,0.0054554045,0.009087035,0.9749144
/home/yogesh.patel/execution/25_9_2026_PRD_work/OCT2017_Test/test/NORMAL/NORMAL-2397754-1.jpeg,NORMAL,3,0.008594824,0.011053034,0.031399492,0.9489526
/home/yogesh.patel/execution/25_9_2026_PRD_work/OCT2017_Test/test/NORMAL/NORMAL-2403175-1.jpeg,NORMAL,3,0.008422247,0.009037765,0.020030243,0.9625097
/home/yogesh.patel/execution/25_9_2026_PRD_work/OCT2017_Test/test/NORMAL/NORMAL-2416187-1.jpeg,NORMAL,3,0.0042894,0.011203244,0.0062506227,0.9782567
/home/yogesh.patel/execution/25_9_2026_PRD_work/OCT2017_Test/test/NORMAL/NORMAL-2421067-1.jpeg,NORMAL,3,0.002479691,0.01411475,0.008348062,0.9750575
/home/yogesh.patel/execution/25_9_2026_PRD_work/OCT2017_Test/test/NORMAL/NORMAL-2424949-1.jpeg,NORMAL,3,0.0018007117,0.006872271,0.010832226,0.9804948
/home/yogesh.patel/execution/25_9_2026_PRD_work/OCT2017_Test/test/NORMAL/NORMAL-2434258-1.jpeg,NORMAL,3,0.0035985166,0.009676732,0.0058252425,0.9808995
/home/yogesh.patel/execution/25_9_2026_PRD_work/OCT2017_Test/test/NORMAL/NORMAL-2436365-1.jpeg,NORMAL,3,0.0048416615,0.0057185027,0.010752059,0.9786878
/home/yogesh.patel/execution/25_9_2026_PRD_work/OCT2017_Test/test/NORMAL/NORMAL-2448954-1.jpeg,NORMAL,3,0.004219274,0.0063093714,0.008788516,0.98068285
/home/yogesh.patel/execution/25_9_2026_PRD_work/OCT2017_Test/test/NORMAL/NORMAL-2459401-1.jpeg,NORMAL,3,0.004244715,0.006274874,0.005109852,0.9843705
/home/yogesh.patel/execution/25_9_2026_PRD_work/OCT2017_Test/test/NORMAL/NORMAL-2460548-1.jpeg,NORMAL,3,0.003458534,0.0042167087,0.009391162,0.9829336
/home/yogesh.patel/execution/25_9_2026_PRD_work/OCT2017_Test/test/NORMAL/NORMAL-2476896-1.jpeg,NORMAL,3,0.010433892,0.016456814,0.008566808,0.9645425
/home/yogesh.patel/execution/25_9_2026_PRD_work/OCT2017_Test/test/NORMAL/NORMAL-2493975-1.jpeg,NORMAL,3,0.0057051503,0.0065491786,0.00479195,0.9829537
/home/yogesh.patel/execution/25_9_2026_PRD_work/OCT2017_Test/test/NORMAL/NORMAL-2504667-1.jpeg,NORMAL,3,0.005241021,0.010919336,0.012624599,0.97121507
/home/yogesh.patel/execution/25_9_2026_PRD_work/OCT2017_Test/test/NORMAL/NORMAL-2509453-1.jpeg,NORMAL,3,0.0027187264,0.004210402,0.0022495268,0.99082136
/home/yogesh.patel/execution/25_9_2026_PRD_work/OCT2017_Test/test/NORMAL/NORMAL-2517546-1.jpeg,NORMAL,3,0.0029806313,0.011034951,0.0035505872,0.98243386
/home/yogesh.patel/execution/25_9_2026_PRD_work/OCT2017_Test/test/NORMAL/NORMAL-2549549-1.jpeg,NORMAL,3,0.0048167366,0.004457173,0.006401052,0.98432505
/home/yogesh.patel/execution/25_9_2026_PRD_work/OCT2017_Test/test/NORMAL/NORMAL-2551333-1.jpeg,NORMAL,3,0.0052214097,0.0066151423,0.0066795973,0.9814838
/home/yogesh.patel/execution/25_9_2026_PRD_work/OCT2017_Test/test/NORMAL/NORMAL-2569106-1.jpeg,NORMAL,3,0.0054399204,0.008860048,0.008936451,0.9767636
/home/yogesh.patel/execution/25_9_2026_PRD_work/OCT2017_Test/test/NORMAL/NORMAL-2570020-1.jpeg,NORMAL,3,0.010763485,0.014119308,0.010654372,0.9644628
/home/yogesh.patel/execution/25_9_2026_PRD_work/OCT2017_Test/test/NORMAL/NORMAL-2579419-1.jpeg,NORMAL,3,0.006028867,0.0027330914,0.0045733512,0.9866647
/home/yogesh.patel/execution/25_9_2026_PRD_work/OCT2017_Test/test/NORMAL/NORMAL-2598368-1.jpeg,NORMAL,3,0.003102425,0.0042135557,0.006232109,0.98645186
/home/yogesh.patel/execution/25_9_2026_PRD_work/OCT2017_Test/test/NORMAL/NORMAL-2602596-1.jpeg,NORMAL,3,0.003848024,0.013789853,0.00561484,0.9767473
/home/yogesh.patel/execution/25_9_2026_PRD_work/OCT2017_Test/test/NORMAL/NORMAL-2627129-1.jpeg,NORMAL,3,0.0039846865,0.010523997,0.0070219813,0.9784694
/home/yogesh.patel/execution/25_9_2026_PRD_work/OCT2017_Test/test/NORMAL/NORMAL-2633503-1.jpeg,NORMAL,3,0.003160831,0.00598681,0.0062461416,0.98460627
/home/yogesh.patel/execution/25_9_2026_PRD_work/OCT2017_Test/test/NORMAL/NORMAL-2636641-1.jpeg,NORMAL,3,0.0032301992,0.003226443,0.0037960073,0.98974735
/home/yogesh.patel/execution/25_9_2026_PRD_work/OCT2017_Test/test/NORMAL/NORMAL-2665491-1.jpeg,NORMAL,3,0.004280238,0.013362548,0.0108482335,0.971509
/home/yogesh.patel/execution/25_9_2026_PRD_work/OCT2017_Test/test/NORMAL/NORMAL-269181-1.jpeg,NORMAL,3,0.0068067773,0.009462607,0.0030319612,0.98069865
/home/yogesh.patel/execution/25_9_2026_PRD_work/OCT2017_Test/test/NORMAL/NORMAL-2705520-1.jpeg,NORMAL,3,0.004565792,0.0042050174,0.0070343865,0.9841948
/home/yogesh.patel/execution/25_9_2026_PRD_work/OCT2017_Test/test/NORMAL/NORMAL-2709055-1.jpeg,NORMAL,3,0.0060712453,0.0075033493,0.0074899304,0.9789354
/home/yogesh.patel/execution/25_9_2026_PRD_work/OCT2017_Test/test/NORMAL/NORMAL-2733663-1.jpeg,NORMAL,3,0.010830094,0.009782834,0.010954646,0.9684324
/home/yogesh.patel/execution/25_9_2026_PRD_work/OCT2017_Test/test/NORMAL/NORMAL-2739821-1.jpeg,NORMAL,3,0.0031641952,0.010239486,0.005682728,0.9809136
/home/yogesh.patel/execution/25_9_2026_PRD_work/OCT2017_Test/test/NORMAL/NORMAL-2769622-1.jpeg,NORMAL,3,0.0025918477,0.0031751753,0.0076642344,0.98656875
/home/yogesh.patel/execution/25_9_2026_PRD_work/OCT2017_Test/test/NORMAL/NORMAL-2769622-2.jpeg,NORMAL,3,0.0022147452,0.0068704183,0.009759871,0.9811549
/home/yogesh.patel/execution/25_9_2026_PRD_work/OCT2017_Test/test/NORMAL/NORMAL-279206-1.jpeg,NORMAL,3,0.012390499,0.00982946,0.010836966,0.9669431
/home/yogesh.patel/execution/25_9_2026_PRD_work/OCT2017_Test/test/NORMAL/NORMAL-283376-1.jpeg,NORMAL,3,0.0072545987,0.006935375,0.008700004,0.97711
/home/yogesh.patel/execution/25_9_2026_PRD_work/OCT2017_Test/test/NORMAL/NORMAL-285896-1.jpeg,NORMAL,3,0.007422375,0.0136355655,0.009800143,0.96914196
/home/yogesh.patel/execution/25_9_2026_PRD_work/OCT2017_Test/test/NORMAL/NORMAL-2973935-1.jpeg,NORMAL,3,0.0027963447,0.005469437,0.0036923068,0.98804194
/home/yogesh.patel/execution/25_9_2026_PRD_work/OCT2017_Test/test/NORMAL/NORMAL-3059523-1.jpeg,NORMAL,3,0.005322177,0.009066807,0.007553608,0.9780574
/home/yogesh.patel/execution/25_9_2026_PRD_work/OCT2017_Test/test/NORMAL/NORMAL-307151-1.jpeg,NORMAL,3,0.0076189195,0.006507513,0.008337509,0.977536
/home/yogesh.patel/execution/25_9_2026_PRD_work/OCT2017_Test/test/NORMAL/NORMAL-307151-2.jpeg,NORMAL,3,0.0033802488,0.0073384396,0.009513983,0.9797673
/home/yogesh.patel/execution/25_9_2026_PRD_work/OCT2017_Test/test/NORMAL/NORMAL-3077276-1.jpeg,NORMAL,3,0.0055865976,0.006593547,0.030462272,0.95735765
/home/yogesh.patel/execution/25_9_2026_PRD_work/OCT2017_Test/test/NORMAL/NORMAL-3100637-1.jpeg,NORMAL,3,0.0042834543,0.0115838,0.014476257,0.96965647
/home/yogesh.patel/execution/25_9_2026_PRD_work/OCT2017_Test/test/NORMAL/NORMAL-3103940-1.jpeg,NORMAL,3,0.0040926347,0.010638827,0.006528605,0.9787399
/home/yogesh.patel/execution/25_9_2026_PRD_work/OCT2017_Test/test/NORMAL/NORMAL-3108564-1.jpeg,NORMAL,3,0.007475701,0.0042939396,0.006549018,0.98168135
/home/yogesh.patel/execution/25_9_2026_PRD_work/OCT2017_Test/test/NORMAL/NORMAL-3134896-1.jpeg,NORMAL,3,0.005058115,0.005894787,0.004685644,0.98436147
/home/yogesh.patel/execution/25_9_2026_PRD_work/OCT2017_Test/test/NORMAL/NORMAL-3166591-1.jpeg,NORMAL,3,0.008785433,0.0057208017,0.009165975,0.97632784
/home/yogesh.patel/execution/25_9_2026_PRD_work/OCT2017_Test/test/NORMAL/NORMAL-3220509-1.jpeg,NORMAL,3,0.0061767083,0.0076980228,0.011372504,0.9747528
/home/yogesh.patel/execution/25_9_2026_PRD_work/OCT2017_Test/test/NORMAL/NORMAL-3244919-1.jpeg,NORMAL,3,0.0051304367,0.007673668,0.015329944,0.97186595
/home/yogesh.patel/execution/25_9_2026_PRD_work/OCT2017_Test/test/NORMAL/NORMAL-3256489-1.jpeg,NORMAL,3,0.009666917,0.008373287,0.004963282,0.9769965
/home/yogesh.patel/execution/25_9_2026_PRD_work/OCT2017_Test/test/NORMAL/NORMAL-3277704-1.jpeg,NORMAL,3,0.0038388944,0.014502654,0.0076033813,0.97405505
/home/yogesh.patel/execution/25_9_2026_PRD_work/OCT2017_Test/test/NORMAL/NORMAL-3300015-1.jpeg,NORMAL,3,0.0068209493,0.006563112,0.010327047,0.97628886
/home/yogesh.patel/execution/25_9_2026_PRD_work/OCT2017_Test/test/NORMAL/NORMAL-3307598-1.jpeg,NORMAL,3,0.007151246,0.009617969,0.015616376,0.9676144
/home/yogesh.patel/execution/25_9_2026_PRD_work/OCT2017_Test/test/NORMAL/NORMAL-3307598-2.jpeg,NORMAL,3,0.0038788943,0.014065592,0.021101123,0.9609544
/home/yogesh.patel/execution/25_9_2026_PRD_work/OCT2017_Test/test/NORMAL/NORMAL-3308307-1.jpeg,NORMAL,3,0.015349255,0.006438594,0.0178497,0.9603625
/home/yogesh.patel/execution/25_9_2026_PRD_work/OCT2017_Test/test/NORMAL/NORMAL-330905-1.jpeg,NORMAL,3,0.004756004,0.0043105334,0.006888252,0.9840452
/home/yogesh.patel/execution/25_9_2026_PRD_work/OCT2017_Test/test/NORMAL/NORMAL-3320960-1.jpeg,NORMAL,3,0.00425826,0.010966145,0.010160593,0.97461504
/home/yogesh.patel/execution/25_9_2026_PRD_work/OCT2017_Test/test/NORMAL/NORMAL-3326661-1.jpeg,NORMAL,3,0.0072621284,0.015992811,0.008654734,0.96809036
/home/yogesh.patel/execution/25_9_2026_PRD_work/OCT2017_Test/test/NORMAL/NORMAL-3330006-1.jpeg,NORMAL,3,0.007525963,0.0042615957,0.00618669,0.98202574
/home/yogesh.patel/execution/25_9_2026_PRD_work/OCT2017_Test/test/NORMAL/NORMAL-3332063-1.jpeg,NORMAL,3,0.009156178,0.009208953,0.010844311,0.97079057
/home/yogesh.patel/execution/25_9_2026_PRD_work/OCT2017_Test/test/NORMAL/NORMAL-33350-1.jpeg,NORMAL,3,0.0030716765,0.0066250456,0.009135961,0.9811673
/home/yogesh.patel/execution/25_9_2026_PRD_work/OCT2017_Test/test/NORMAL/NORMAL-33350-2.jpeg,NORMAL,3,0.003224035,0.012167033,0.014735019,0.9698739
/home/yogesh.patel/execution/25_9_2026_PRD_work/OCT2017_Test/test/NORMAL/NORMAL-33350-3.jpeg,NORMAL,3,0.017047258,0.05164263,0.010293796,0.92101634
/home/yogesh.patel/execution/25_9_2026_PRD_work/OCT2017_Test/test/NORMAL/NORMAL-3340309-1.jpeg,NORMAL,3,0.0047207405,0.005428616,0.003963623,0.985887
/home/yogesh.patel/execution/25_9_2026_PRD_work/OCT2017_Test/test/NORMAL/NORMAL-3346049-1.jpeg,NORMAL,3,0.0026744474,0.0051701656,0.00656494,0.9855904
/home/yogesh.patel/execution/25_9_2026_PRD_work/OCT2017_Test/test/NORMAL/NORMAL-3347645-1.jpeg,NORMAL,3,0.0038147713,0.0033490066,0.006828188,0.98600805
/home/yogesh.patel/execution/25_9_2026_PRD_work/OCT2017_Test/test/NORMAL/NORMAL-3354044-1.jpeg,NORMAL,3,0.003899827,0.0043187966,0.007375168,0.98440623
/home/yogesh.patel/execution/25_9_2026_PRD_work/OCT2017_Test/test/NORMAL/NORMAL-3361560-1.jpeg,NORMAL,3,0.0056009204,0.00632697,0.0051812096,0.9828909
/home/yogesh.patel/execution/25_9_2026_PRD_work/OCT2017_Test/test/NORMAL/NORMAL-3361750-1.jpeg,NORMAL,3,0.0036858863,0.016429914,0.008645365,0.9712388
/home/yogesh.patel/execution/25_9_2026_PRD_work/OCT2017_Test/test/NORMAL/NORMAL-33637-1.jpeg,NORMAL,3,0.0035686446,0.010673891,0.006612995,0.9791445
/home/yogesh.patel/execution/25_9_2026_PRD_work/OCT2017_Test/test/NORMAL/NORMAL-3373954-1.jpeg,NORMAL,3,0.0053037093,0.0123083135,0.023845764,0.9585422
/home/yogesh.patel/execution/25_9_2026_PRD_work/OCT2017_Test/test/NORMAL/NORMAL-3380901-1.jpeg,NORMAL,3,0.003895763,0.006855618,0.004660886,0.9845877
/home/yogesh.patel/execution/25_9_2026_PRD_work/OCT2017_Test/test/NORMAL/NORMAL-338568-1.jpeg,NORMAL,3,0.00662573,0.0058156233,0.009939007,0.97761965
/home/yogesh.patel/execution/25_9_2026_PRD_work/OCT2017_Test/test/NORMAL/NORMAL-3390782-1.jpeg,NORMAL,3,0.0048034824,0.008977703,0.004566869,0.98165196
/home/yogesh.patel/execution/25_9_2026_PRD_work/OCT2017_Test/test/NORMAL/NORMAL-3398969-1.jpeg,NORMAL,3,0.0065361853,0.007805973,0.010678107,0.9749797
/home/yogesh.patel/execution/25_9_2026_PRD_work/OCT2017_Test/test/NORMAL/NORMAL-3399839-1.jpeg,NORMAL,3,0.013429876,0.008941266,0.011542835,0.96608603
/home/yogesh.patel/execution/25_9_2026_PRD_work/OCT2017_Test/test/NORMAL/NORMAL-3416330-1.jpeg,NORMAL,3,0.0008469159,0.006329175,0.0023984474,0.99042547
/home/yogesh.patel/execution/25_9_2026_PRD_work/OCT2017_Test/test/NORMAL/NORMAL-3431386-1.jpeg,NORMAL,3,0.004878916,0.008455698,0.0034836214,0.9831818
/home/yogesh.patel/execution/25_9_2026_PRD_work/OCT2017_Test/test/NORMAL/NORMAL-3451887-1.jpeg,NORMAL,3,0.0055867443,0.006971732,0.0044675055,0.982974
/home/yogesh.patel/execution/25_9_2026_PRD_work/OCT2017_Test/test/NORMAL/NORMAL-3465750-1.jpeg,NORMAL,3,0.0035418272,0.0037666042,0.008001947,0.9846896
/home/yogesh.patel/execution/25_9_2026_PRD_work/OCT2017_Test/test/NORMAL/NORMAL-3466714-1.jpeg,NORMAL,3,0.005494343,0.006899749,0.006337271,0.98126864
/home/yogesh.patel/execution/25_9_2026_PRD_work/OCT2017_Test/test/NORMAL/NORMAL-3475211-1.jpeg,NORMAL,3,0.0048136073,0.0066143908,0.0064953747,0.98207664
/home/yogesh.patel/execution/25_9_2026_PRD_work/OCT2017_Test/test/NORMAL/NORMAL-348347-1.jpeg,NORMAL,3,0.0033366196,0.0052553476,0.0058652945,0.9855428
/home/yogesh.patel/execution/25_9_2026_PRD_work/OCT2017_Test/test/NORMAL/NORMAL-349021-1.jpeg,NORMAL,3,0.009181981,0.0046238448,0.011461371,0.9747328
/home/yogesh.patel/execution/25_9_2026_PRD_work/OCT2017_Test/test/NORMAL/NORMAL-351109-1.jpeg,NORMAL,3,0.0035205605,0.003680071,0.0050476487,0.9877517
/home/yogesh.patel/execution/25_9_2026_PRD_work/OCT2017_Test/test/NORMAL/NORMAL-351109-2.jpeg,NORMAL,3,0.004773825,0.007925893,0.005207334,0.9820929
/home/yogesh.patel/execution/25_9_2026_PRD_work/OCT2017_Test/test/NORMAL/NORMAL-3531215-1.jpeg,NORMAL,3,0.0065404046,0.0046389364,0.00703725,0.98178345
/home/yogesh.patel/execution/25_9_2026_PRD_work/OCT2017_Test/test/NORMAL/NORMAL-3538316-1.jpeg,NORMAL,3,0.0024158615,0.0035287864,0.0071587595,0.98689663
/home/yogesh.patel/execution/25_9_2026_PRD_work/OCT2017_Test/test/NORMAL/NORMAL-3561306-1.jpeg,NORMAL,3,0.005174709,0.005119621,0.0064632124,0.98324245
/home/yogesh.patel/execution/25_9_2026_PRD_work/OCT2017_Test/test/NORMAL/NORMAL-3561306-2.jpeg,NORMAL,3,0.0041664056,0.005364773,0.005510578,0.98495823
/home/yogesh.patel/execution/25_9_2026_PRD_work/OCT2017_Test/test/NORMAL/NORMAL-366503-1.jpeg,NORMAL,3,0.0037155626,0.017669374,0.011598446,0.9670166
/home/yogesh.patel/execution/25_9_2026_PRD_work/OCT2017_Test/test/NORMAL/NORMAL-366503-2.jpeg,NORMAL,3,0.014016347,0.03560922,0.21400516,0.73636925
/home/yogesh.patel/execution/25_9_2026_PRD_work/OCT2017_Test/test/NORMAL/NORMAL-36734-1.jpeg,NORMAL,3,0.0028856823,0.012340326,0.005715247,0.9790588
/home/yogesh.patel/execution/25_9_2026_PRD_work/OCT2017_Test/test/NORMAL/NORMAL-37818-1.jpeg,NORMAL,3,0.0060627135,0.011129763,0.012955541,0.969852
/home/yogesh.patel/execution/25_9_2026_PRD_work/OCT2017_Test/test/NORMAL/NORMAL-395557-1.jpeg,NORMAL,3,0.006896776,0.004503933,0.005799294,0.9828
/home/yogesh.patel/execution/25_9_2026_PRD_work/OCT2017_Test/test/NORMAL/NORMAL-402066-1.jpeg,NORMAL,3,0.006827977,0.0070694196,0.009697972,0.97640467
/home/yogesh.patel/execution/25_9_2026_PRD_work/OCT2017_Test/test/NORMAL/NORMAL-402066-2.jpeg,NORMAL,3,0.017379194,0.0060842633,0.01952097,0.9570156
/home/yogesh.patel/execution/25_9_2026_PRD_work/OCT2017_Test/test/NORMAL/NORMAL-402066-3.jpeg,NORMAL,3,0.006525525,0.004651589,0.0032386759,0.9855842
/home/yogesh.patel/execution/25_9_2026_PRD_work/OCT2017_Test/test/NORMAL/NORMAL-402066-4.jpeg,NORMAL,3,0.0048046936,0.005175905,0.008593626,0.98142576
/home/yogesh.patel/execution/25_9_2026_PRD_work/OCT2017_Test/test/NORMAL/NORMAL-402066-5.jpeg,NORMAL,3,0.00849468,0.011544351,0.008054956,0.971906
/home/yogesh.patel/execution/25_9_2026_PRD_work/OCT2017_Test/test/NORMAL/NORMAL-438684-1.jpeg,NORMAL,3,0.0054882667,0.003453035,0.007434404,0.9836243
/home/yogesh.patel/execution/25_9_2026_PRD_work/OCT2017_Test/test/NORMAL/NORMAL-438684-2.jpeg,NORMAL,3,0.0041168123,0.0050087324,0.003882328,0.9869921
/home/yogesh.patel/execution/25_9_2026_PRD_work/OCT2017_Test/test/NORMAL/NORMAL-438684-3.jpeg,NORMAL,3,0.0029568817,0.003444642,0.0034508843,0.9901476
/home/yogesh.patel/execution/25_9_2026_PRD_work/OCT2017_Test/test/NORMAL/NORMAL-443980-1.jpeg,NORMAL,3,0.0034635093,0.017296394,0.0048046983,0.9744354
/home/yogesh.patel/execution/25_9_2026_PRD_work/OCT2017_Test/test/NORMAL/NORMAL-446851-1.jpeg,NORMAL,3,0.008135221,0.008333303,0.0057134614,0.977818
/home/yogesh.patel/execution/25_9_2026_PRD_work/OCT2017_Test/test/NORMAL/NORMAL-446851-2.jpeg,NORMAL,3,0.0074720467,0.014538722,0.010722656,0.96726656
/home/yogesh.patel/execution/25_9_2026_PRD_work/OCT2017_Test/test/NORMAL/NORMAL-447690-1.jpeg,NORMAL,3,0.004022488,0.0063685467,0.0037486432,0.98586035
/home/yogesh.patel/execution/25_9_2026_PRD_work/OCT2017_Test/test/NORMAL/NORMAL-447690-2.jpeg,NORMAL,3,0.005869277,0.00467644,0.0050799106,0.9843744
/home/yogesh.patel/execution/25_9_2026_PRD_work/OCT2017_Test/test/NORMAL/NORMAL-450532-1.jpeg,NORMAL,3,0.0071547544,0.011257179,0.008990113,0.97259796
/home/yogesh.patel/execution/25_9_2026_PRD_work/OCT2017_Test/test/NORMAL/NORMAL-450923-1.jpeg,NORMAL,3,0.008166186,0.010804377,0.010667584,0.9703619
/home/yogesh.patel/execution/25_9_2026_PRD_work/OCT2017_Test/test/NORMAL/NORMAL-450923-2.jpeg,NORMAL,3,0.007256379,0.008215638,0.0099523105,0.97457564
/home/yogesh.patel/execution/25_9_2026_PRD_work/OCT2017_Test/test/NORMAL/NORMAL-460711-1.jpeg,NORMAL,3,0.012491549,0.009774125,0.015561292,0.962173
/home/yogesh.patel/execution/25_9_2026_PRD_work/OCT2017_Test/test/NORMAL/NORMAL-460844-1.jpeg,NORMAL,3,0.0039183837,0.007573526,0.009574614,0.97893345
/home/yogesh.patel/execution/25_9_2026_PRD_work/OCT2017_Test/test/NORMAL/NORMAL-466978-1.jpeg,NORMAL,3,0.0024818338,0.0036573778,0.0042012674,0.9896595
/home/yogesh.patel/execution/25_9_2026_PRD_work/OCT2017_Test/test/NORMAL/NORMAL-469935-1.jpeg,NORMAL,3,0.012378263,0.0145185515,0.015239149,0.95786405
/home/yogesh.patel/execution/25_9_2026_PRD_work/OCT2017_Test/test/NORMAL/NORMAL-4761187-1.jpeg,NORMAL,3,0.010459431,0.01723229,0.031443074,0.94086516
/home/yogesh.patel/execution/25_9_2026_PRD_work/OCT2017_Test/test/NORMAL/NORMAL-4790999-1.jpeg,NORMAL,3,0.0045072874,0.009544497,0.009288092,0.97666013
/home/yogesh.patel/execution/25_9_2026_PRD_work/OCT2017_Test/test/NORMAL/NORMAL-48053-1.jpeg,NORMAL,3,0.0057263295,0.007289645,0.003591992,0.983392
/home/yogesh.patel/execution/25_9_2026_PRD_work/OCT2017_Test/test/NORMAL/NORMAL-4839633-1.jpeg,NORMAL,3,0.0059761484,0.02139536,0.011884844,0.96074367
/home/yogesh.patel/execution/25_9_2026_PRD_work/OCT2017_Test/test/NORMAL/NORMAL-486271-1.jpeg,NORMAL,3,0.0041394876,0.00914801,0.008570685,0.9781418
/home/yogesh.patel/execution/25_9_2026_PRD_work/OCT2017_Test/test/NORMAL/NORMAL-508852-1.jpeg,NORMAL,3,0.0014617264,0.007019634,0.006196424,0.98532224
/home/yogesh.patel/execution/25_9_2026_PRD_work/OCT2017_Test/test/NORMAL/NORMAL-508852-2.jpeg,NORMAL,3,0.004687492,0.0033402569,0.0046912036,0.9872811
/home/yogesh.patel/execution/25_9_2026_PRD_work/OCT2017_Test/test/NORMAL/NORMAL-519372-1.jpeg,NORMAL,3,0.0065294676,0.019996062,0.01016341,0.9633111
/home/yogesh.patel/execution/25_9_2026_PRD_work/OCT2017_Test/test/NORMAL/NORMAL-524640-1.jpeg,NORMAL,3,0.00511725,0.0034553977,0.0062492294,0.9851782
/home/yogesh.patel/execution/25_9_2026_PRD_work/OCT2017_Test/test/NORMAL/NORMAL-544457-1.jpeg,NORMAL,3,0.0028977105,0.007944537,0.00685431,0.98230344
/home/yogesh.patel/execution/25_9_2026_PRD_work/OCT2017_Test/test/NORMAL/NORMAL-544711-1.jpeg,NORMAL,3,0.005957046,0.0151461875,0.011540163,0.9673566
/home/yogesh.patel/execution/25_9_2026_PRD_work/OCT2017_Test/test/NORMAL/NORMAL-547422-1.jpeg,NORMAL,3,0.0046296683,0.0014028255,0.0023485275,0.991619
/home/yogesh.patel/execution/25_9_2026_PRD_work/OCT2017_Test/test/NORMAL/NORMAL-547422-2.jpeg,NORMAL,3,0.0060663032,0.0038311705,0.0059793633,0.9841232
/home/yogesh.patel/execution/25_9_2026_PRD_work/OCT2017_Test/test/NORMAL/NORMAL-549356-1.jpeg,NORMAL,3,0.0030715975,0.0060379314,0.007241629,0.98364884
/home/yogesh.patel/execution/25_9_2026_PRD_work/OCT2017_Test/test/NORMAL/NORMAL-549356-2.jpeg,NORMAL,3,0.0039501525,0.0030410662,0.005222752,0.98778605
/home/yogesh.patel/execution/25_9_2026_PRD_work/OCT2017_Test/test/NORMAL/NORMAL-549356-3.jpeg,NORMAL,3,0.009183691,0.02881261,0.024716364,0.93728733
/home/yogesh.patel/execution/25_9_2026_PRD_work/OCT2017_Test/test/NORMAL/NORMAL-552739-1.jpeg,NORMAL,3,0.0021320996,0.012340072,0.006197026,0.9793308
/home/yogesh.patel/execution/25_9_2026_PRD_work/OCT2017_Test/test/NORMAL/NORMAL-557437-1.jpeg,NORMAL,3,0.004145693,0.0054819975,0.005483694,0.9848887
/home/yogesh.patel/execution/25_9_2026_PRD_work/OCT2017_Test/test/NORMAL/NORMAL-557437-2.jpeg,NORMAL,3,0.007393121,0.007675446,0.007643375,0.97728807
/home/yogesh.patel/execution/25_9_2026_PRD_work/OCT2017_Test/test/NORMAL/NORMAL-565818-1.jpeg,NORMAL,3,0.003481829,0.004107111,0.0051572444,0.9872538
/home/yogesh.patel/execution/25_9_2026_PRD_work/OCT2017_Test/test/NORMAL/NORMAL-566040-1.jpeg,NORMAL,3,0.007157581,0.009363867,0.008844091,0.97463447
/home/yogesh.patel/execution/25_9_2026_PRD_work/OCT2017_Test/test/NORMAL/NORMAL-568518-1.jpeg,NORMAL,3,0.005532008,0.0061378335,0.008536386,0.9797937
/home/yogesh.patel/execution/25_9_2026_PRD_work/OCT2017_Test/test/NORMAL/NORMAL-568518-2.jpeg,NORMAL,3,0.0024619247,0.007864523,0.0070885066,0.9825851
/home/yogesh.patel/execution/25_9_2026_PRD_work/OCT2017_Test/test/NORMAL/NORMAL-571157-1.jpeg,NORMAL,3,0.0030305355,0.010754541,0.0071564848,0.97905844
/home/yogesh.patel/execution/25_9_2026_PRD_work/OCT2017_Test/test/NORMAL/NORMAL-571484-1.jpeg,NORMAL,3,0.0041031265,0.010689156,0.0034737987,0.9817339
/home/yogesh.patel/execution/25_9_2026_PRD_work/OCT2017_Test/test/NORMAL/NORMAL-572972-1.jpeg,NORMAL,3,0.0066430643,0.011301683,0.0073886723,0.9746666
/home/yogesh.patel/execution/25_9_2026_PRD_work/OCT2017_Test/test/NORMAL/NORMAL-574089-1.jpeg,NORMAL,3,0.006545123,0.01036449,0.01015171,0.97293866
/home/yogesh.patel/execution/25_9_2026_PRD_work/OCT2017_Test/test/NORMAL/NORMAL-582215-1.jpeg,NORMAL,3,0.006789916,0.0056375056,0.025004232,0.96256834
/home/yogesh.patel/execution/25_9_2026_PRD_work/OCT2017_Test/test/NORMAL/NORMAL-588227-1.jpeg,NORMAL,3,0.004414322,0.005098577,0.007161592,0.9833255
/home/yogesh.patel/execution/25_9_2026_PRD_work/OCT2017_Test/test/NORMAL/NORMAL-60471-1.jpeg,NORMAL,3,0.0043590674,0.012830084,0.008472355,0.9743385
/home/yogesh.patel/execution/25_9_2026_PRD_work/OCT2017_Test/test/NORMAL/NORMAL-605310-1.jpeg,NORMAL,3,0.0073922183,0.016547997,0.0159488,0.960111
/home/yogesh.patel/execution/25_9_2026_PRD_work/OCT2017_Test/test/NORMAL/NORMAL-626127-1.jpeg,NORMAL,3,0.002608623,0.0058423686,0.00863121,0.9829178
/home/yogesh.patel/execution/25_9_2026_PRD_work/OCT2017_Test/test/NORMAL/NORMAL-628048-1.jpeg,NORMAL,3,0.0070745246,0.012908775,0.0051886975,0.97482795
/home/yogesh.patel/execution/25_9_2026_PRD_work/OCT2017_Test/test/NORMAL/NORMAL-629493-1.jpeg,NORMAL,3,0.0054907063,0.009428375,0.007084863,0.97799605
/home/yogesh.patel/execution/25_9_2026_PRD_work/OCT2017_Test/test/NORMAL/NORMAL-651257-1.jpeg,NORMAL,3,0.009223931,0.009840108,0.008304742,0.9726312
/home/yogesh.patel/execution/25_9_2026_PRD_work/OCT2017_Test/test/NORMAL/NORMAL-655117-1.jpeg,NORMAL,3,0.0031120495,0.0059230896,0.006451924,0.9845129
/home/yogesh.patel/execution/25_9_2026_PRD_work/OCT2017_Test/test/NORMAL/NORMAL-655447-1.jpeg,NORMAL,3,0.0031258625,0.018366568,0.0044583185,0.9740492
/home/yogesh.patel/execution/25_9_2026_PRD_work/OCT2017_Test/test/NORMAL/NORMAL-664536-1.jpeg,NORMAL,3,0.012267306,0.007289317,0.013114941,0.9673284
/home/yogesh.patel/execution/25_9_2026_PRD_work/OCT2017_Test/test/NORMAL/NORMAL-66515-1.jpeg,NORMAL,3,0.009634503,0.008875556,0.006464704,0.97502524
/home/yogesh.patel/execution/25_9_2026_PRD_work/OCT2017_Test/test/NORMAL/NORMAL-672619-1.jpeg,NORMAL,3,0.00854268,0.010153312,0.013739605,0.9675644
/home/yogesh.patel/execution/25_9_2026_PRD_work/OCT2017_Test/test/NORMAL/NORMAL-692554-1.jpeg,NORMAL,3,0.005850654,0.012056825,0.007822294,0.9742702
/home/yogesh.patel/execution/25_9_2026_PRD_work/OCT2017_Test/test/NORMAL/NORMAL-693575-1.jpeg,NORMAL,3,0.008396799,0.004523924,0.008188278,0.97889096
/home/yogesh.patel/execution/25_9_2026_PRD_work/OCT2017_Test/test/NORMAL/NORMAL-697826-1.jpeg,NORMAL,3,0.004427033,0.010336948,0.0071562817,0.97807974
/home/yogesh.patel/execution/25_9_2026_PRD_work/OCT2017_Test/test/NORMAL/NORMAL-744709-1.jpeg,NORMAL,3,0.0026716453,0.008751145,0.0021499614,0.98642725
/home/yogesh.patel/execution/25_9_2026_PRD_work/OCT2017_Test/test/NORMAL/NORMAL-755659-1.jpeg,NORMAL,3,0.0033608412,0.0107646035,0.0061928704,0.9796817
/home/yogesh.patel/execution/25_9_2026_PRD_work/OCT2017_Test/test/NORMAL/NORMAL-758272-1.jpeg,NORMAL,3,0.0029805792,0.006825561,0.007979209,0.9822146
/home/yogesh.patel/execution/25_9_2026_PRD_work/OCT2017_Test/test/NORMAL/NORMAL-76914-1.jpeg,NORMAL,3,0.0065608276,0.013861372,0.013377625,0.9662002
/home/yogesh.patel/execution/25_9_2026_PRD_work/OCT2017_Test/test/NORMAL/NORMAL-772481-1.jpeg,NORMAL,3,0.0044044475,0.0055461,0.0085362205,0.98151326
/home/yogesh.patel/execution/25_9_2026_PRD_work/OCT2017_Test/test/NORMAL/NORMAL-84466-1.jpeg,NORMAL,3,0.0040861736,0.0058636037,0.0059424276,0.9841078
/home/yogesh.patel/execution/25_9_2026_PRD_work/OCT2017_Test/test/NORMAL/NORMAL-85367-1.jpeg,NORMAL,3,0.005502494,0.015545686,0.004410119,0.9745417
/home/yogesh.patel/execution/25_9_2026_PRD_work/OCT2017_Test/test/NORMAL/NORMAL-9251-1.jpeg,NORMAL,3,0.004958925,0.013835558,0.008728125,0.97247744
/home/yogesh.patel/execution/25_9_2026_PRD_work/OCT2017_Test/test/NORMAL/NORMAL-98720-1.jpeg,NORMAL,3,0.0020362425,0.005643357,0.004954721,0.98736566
