path,label,class,predicted_8class,predicted_external_class,correct,prob_AMD,prob_CNV,prob_CSR,prob_DME,prob_DR,prob_DRUSEN,prob_MH,prob_NORMAL
/home/yogesh.patel/execution/25_9_2026_PRD_work/OCT2017_Test/test/CNV/CNV-1016042-1.jpeg,0,CNV,CNV,CNV,True,0.011388909,0.94588566,0.015203941,0.010863897,0.006555883,0.0026561143,0.0026270803,0.004818467
/home/yogesh.patel/execution/25_9_2026_PRD_work/OCT2017_Test/test/CNV/CNV-1016042-2.jpeg,0,CNV,CNV,CNV,True,0.014492341,0.9018973,0.013297556,0.04166072,0.008905032,0.002289224,0.011683155,0.0057746912
/home/yogesh.patel/execution/25_9_2026_PRD_work/OCT2017_Test/test/CNV/CNV-1016042-3.jpeg,0,CNV,CNV,CNV,True,0.0110439155,0.92745525,0.016019678,0.017924253,0.014257271,0.00429809,0.005117939,0.003883569
/home/yogesh.patel/execution/25_9_2026_PRD_work/OCT2017_Test/test/CNV/CNV-1016042-4.jpeg,0,CNV,CNV,CNV,True,0.008164173,0.960777,0.0073716124,0.007875162,0.0067719473,0.0031102358,0.0029791766,0.002950655
/home/yogesh.patel/execution/25_9_2026_PRD_work/OCT2017_Test/test/CNV/CNV-103044-1.jpeg,0,CNV,CNV,CNV,True,0.010457351,0.9566891,0.0068905065,0.00989035,0.007740699,0.0030155005,0.0032457255,0.0020707163
/home/yogesh.patel/execution/25_9_2026_PRD_work/OCT2017_Test/test/CNV/CNV-103044-10.jpeg,0,CNV,CNV,CNV,True,0.011841135,0.94780266,0.007964343,0.008052823,0.0070963786,0.010463815,0.0033174667,0.0034614548
/home/yogesh.patel/execution/25_9_2026_PRD_work/OCT2017_Test/test/CNV/CNV-103044-11.jpeg,0,CNV,CNV,CNV,True,0.008783805,0.9608418,0.008943426,0.0071477275,0.0070661013,0.0026861145,0.0020525448,0.0024784782
/home/yogesh.patel/execution/25_9_2026_PRD_work/OCT2017_Test/test/CNV/CNV-103044-12.jpeg,0,CNV,CNV,CNV,True,0.00634795,0.9721881,0.0055870144,0.0017756941,0.005281291,0.0026995374,0.0024995182,0.0036208115
/home/yogesh.patel/execution/25_9_2026_PRD_work/OCT2017_Test/test/CNV/CNV-103044-2.jpeg,0,CNV,CNV,CNV,True,0.006200132,0.9623741,0.007139436,0.0076313196,0.0055406266,0.004495352,0.00223883,0.0043802215
/home/yogesh.patel/execution/25_9_2026_PRD_work/OCT2017_Test/test/CNV/CNV-103044-3.jpeg,0,CNV,CNV,CNV,True,0.0070039537,0.8931962,0.0069686654,0.006543478,0.005798295,0.07359934,0.0030420192,0.0038479948
/home/yogesh.patel/execution/25_9_2026_PRD_work/OCT2017_Test/test/CNV/CNV-103044-4.jpeg,0,CNV,CNV,CNV,True,0.008719078,0.9665823,0.007598293,0.004691369,0.0057305824,0.001330733,0.002594118,0.0027535418
/home/yogesh.patel/execution/25_9_2026_PRD_work/OCT2017_Test/test/CNV/CNV-103044-5.jpeg,0,CNV,CNV,CNV,True,0.0050664083,0.95622736,0.0057866545,0.0031765983,0.005248701,0.019099794,0.002899252,0.0024951652
/home/yogesh.patel/execution/25_9_2026_PRD_work/OCT2017_Test/test/CNV/CNV-103044-6.jpeg,0,CNV,CNV,CNV,True,0.0070431056,0.95664406,0.008062306,0.002285002,0.0043670954,0.015843753,0.0026135365,0.003141181
/home/yogesh.patel/execution/25_9_2026_PRD_work/OCT2017_Test/test/CNV/CNV-103044-7.jpeg,0,CNV,CNV,CNV,True,0.006823451,0.9607263,0.0055370377,0.003229636,0.0032548052,0.01320634,0.0023488754,0.004873558
/home/yogesh.patel/execution/25_9_2026_PRD_work/OCT2017_Test/test/CNV/CNV-103044-8.jpeg,0,CNV,CNV,CNV,True,0.005575544,0.9560038,0.0066056037,0.001989203,0.0050369306,0.017816959,0.0032011885,0.003770638
/home/yogesh.patel/execution/25_9_2026_PRD_work/OCT2017_Test/test/CNV/CNV-103044-9.jpeg,0,CNV,CNV,CNV,True,0.008869144,0.9687873,0.0065477667,0.0018307902,0.0054784003,0.001902962,0.0031233118,0.003460257
/home/yogesh.patel/execution/25_9_2026_PRD_work/OCT2017_Test/test/CNV/CNV-1083927-1.jpeg,0,CNV,CNV,CNV,True,0.0147150485,0.9358366,0.008054654,0.024650808,0.0055361465,0.004756156,0.0043780305,0.002072515
/home/yogesh.patel/execution/25_9_2026_PRD_work/OCT2017_Test/test/CNV/CNV-1112835-1.jpeg,0,CNV,CNV,CNV,True,0.011153611,0.9487855,0.01440645,0.0057584653,0.008614466,0.00151363,0.0034822624,0.006285674
/home/yogesh.patel/execution/25_9_2026_PRD_work/OCT2017_Test/test/CNV/CNV-1112835-2.jpeg,0,CNV,CNV,CNV,True,0.012725849,0.94327325,0.01555601,0.0073698317,0.008785555,0.0022657919,0.0038125184,0.006211272
/home/yogesh.patel/execution/25_9_2026_PRD_work/OCT2017_Test/test/CNV/CNV-1130960-1.jpeg,0,CNV,CNV,CNV,True,0.01434692,0.9433779,0.01276086,0.008521177,0.009839222,0.0013595002,0.0062896563,0.0035047762
/home/yogesh.patel/execution/25_9_2026_PRD_work/OCT2017_Test/test/CNV/CNV-1131664-1.jpeg,0,CNV,CNV,CNV,True,0.016622843,0.9430307,0.011164951,0.008276804,0.005784241,0.006630441,0.0033395193,0.005150518
/home/yogesh.patel/execution/25_9_2026_PRD_work/OCT2017_Test/test/CNV/CNV-1136126-1.jpeg,0,CNV,CNV,CNV,True,0.0089716995,0.95038927,0.0070352247,0.007490719,0.00636481,0.010432863,0.005598432,0.0037169429
/home/yogesh.patel/execution/25_9_2026_PRD_work/OCT2017_Test/test/CNV/CNV-1177084-1.jpeg,0,CNV,CNV,CNV,True,0.005287031,0.9503574,0.008348192,0.016665077,0.009184828,0.0020121627,0.006197873,0.0019474011
/home/yogesh.patel/execution/25_9_2026_PRD_work/OCT2017_Test/test/CNV/CNV-1188386-1.jpeg,0,CNV,CNV,CNV,True,0.014018536,0.94799083,0.0075870985,0.013153092,0.004495349,0.0041975584,0.0062011317,0.0023563579
/home/yogesh.patel/execution/25_9_2026_PRD_work/OCT2017_Test/test/CNV/CNV-1188386-2.jpeg,0,CNV,CNV,CNV,True,0.01120206,0.9327931,0.012955088,0.015995918,0.008109415,0.015642125,0.0020336052,0.0012687375
/home/yogesh.patel/execution/25_9_2026_PRD_work/OCT2017_Test/test/CNV/CNV-1188386-3.jpeg,0,CNV,CNV,CNV,True,0.0129611585,0.95015234,0.009811771,0.008635219,0.007667008,0.0025463721,0.0054173185,0.0028088053
/home/yogesh.patel/execution/25_9_2026_PRD_work/OCT2017_Test/test/CNV/CNV-1188386-4.jpeg,0,CNV,CNV,CNV,True,0.014133454,0.93792963,0.010380389,0.018900972,0.0045694257,0.005747652,0.004074716,0.0042638346
/home/yogesh.patel/execution/25_9_2026_PRD_work/OCT2017_Test/test/CNV/CNV-1260317-1.jpeg,0,CNV,CNV,CNV,True,0.012432006,0.9600765,0.010351461,0.004132903,0.003978001,0.0034904592,0.0023324708,0.0032061795
/home/yogesh.patel/execution/25_9_2026_PRD_work/OCT2017_Test/test/CNV/CNV-1290410-1.jpeg,0,CNV,CNV,CNV,True,0.010177223,0.9612088,0.009977209,0.003703308,0.005565607,0.00412234,0.0019736786,0.0032718221
/home/yogesh.patel/execution/25_9_2026_PRD_work/OCT2017_Test/test/CNV/CNV-1290410-2.jpeg,0,CNV,CNV,CNV,True,0.0037361325,0.9530237,0.01172479,0.0040112506,0.009355477,0.006106783,0.00452736,0.007514489
/home/yogesh.patel/execution/25_9_2026_PRD_work/OCT2017_Test/test/CNV/CNV-1290410-3.jpeg,0,CNV,CNV,CNV,True,0.008175607,0.9533738,0.0073373676,0.008096886,0.0076726153,0.0065666134,0.005495676,0.0032815023
/home/yogesh.patel/execution/25_9_2026_PRD_work/OCT2017_Test/test/CNV/CNV-1305450-1.jpeg,0,CNV,CNV,CNV,True,0.008280251,0.9628377,0.008739919,0.0018407983,0.00868653,0.0030073388,0.0031530198,0.003454418
/home/yogesh.patel/execution/25_9_2026_PRD_work/OCT2017_Test/test/CNV/CNV-1305450-2.jpeg,0,CNV,CNV,CNV,True,0.005633621,0.95850646,0.00912698,0.0069034873,0.0055569615,0.0077709905,0.003535,0.0029664529
/home/yogesh.patel/execution/25_9_2026_PRD_work/OCT2017_Test/test/CNV/CNV-1305450-3.jpeg,0,CNV,CNV,CNV,True,0.0077377255,0.90769535,0.011166525,0.044011354,0.009204242,0.004134614,0.008256978,0.007793257
/home/yogesh.patel/execution/25_9_2026_PRD_work/OCT2017_Test/test/CNV/CNV-1305450-4.jpeg,0,CNV,CNV,CNV,True,0.008181371,0.9498615,0.013201262,0.0075152335,0.010814286,0.002602948,0.0032483772,0.0045749517
/home/yogesh.patel/execution/25_9_2026_PRD_work/OCT2017_Test/test/CNV/CNV-137351-1.jpeg,0,CNV,CNV,CNV,True,0.009898303,0.94066936,0.013631999,0.016332187,0.0053595393,0.007111831,0.0037172658,0.0032794874
/home/yogesh.patel/execution/25_9_2026_PRD_work/OCT2017_Test/test/CNV/CNV-1415351-1.jpeg,0,CNV,CNV,CNV,True,0.008171795,0.8235959,0.010498619,0.13178505,0.004593999,0.008600672,0.006641209,0.0061127706
/home/yogesh.patel/execution/25_9_2026_PRD_work/OCT2017_Test/test/CNV/CNV-154835-1.jpeg,0,CNV,CNV,CNV,True,0.009374718,0.9544546,0.010041077,0.00670859,0.0043786154,0.0045125852,0.0040780716,0.006451831
/home/yogesh.patel/execution/25_9_2026_PRD_work/OCT2017_Test/test/CNV/CNV-154835-2.jpeg,0,CNV,CNV,CNV,True,0.010889613,0.9505003,0.011112818,0.004874434,0.0040300195,0.007279122,0.0036970342,0.007616648
/home/yogesh.patel/execution/25_9_2026_PRD_work/OCT2017_Test/test/CNV/CNV-163081-1.jpeg,0,CNV,CNV,CNV,True,0.01568941,0.94434905,0.0127639305,0.005671811,0.008854306,0.0052941283,0.0030914557,0.0042859833
/home/yogesh.patel/execution/25_9_2026_PRD_work/OCT2017_Test/test/CNV/CNV-163081-10.jpeg,0,CNV,CNV,CNV,True,0.012676754,0.94015235,0.017996654,0.0076300814,0.01182362,0.0024344577,0.004681638,0.0026044692
/home/yogesh.patel/execution/25_9_2026_PRD_work/OCT2017_Test/test/CNV/CNV-163081-2.jpeg,0,CNV,CNV,CNV,True,0.015962549,0.95138144,0.009495599,0.0071276175,0.0073512145,0.0024727592,0.0030516016,0.0031572527
/home/yogesh.patel/execution/25_9_2026_PRD_work/OCT2017_Test/test/CNV/CNV-163081-3.jpeg,0,CNV,CNV,CNV,True,0.0073710172,0.9663679,0.0074105933,0.0040544034,0.0034954809,0.0050562806,0.0022748925,0.0039693196
/home/yogesh.patel/execution/25_9_2026_PRD_work/OCT2017_Test/test/CNV/CNV-163081-4.jpeg,0,CNV,CNV,CNV,True,0.014202057,0.9464942,0.0091384025,0.009981376,0.008359261,0.005745214,0.0026886566,0.0033909047
/home/yogesh.patel/execution/25_9_2026_PRD_work/OCT2017_Test/test/CNV/CNV-163081-5.jpeg,0,CNV,CNV,CNV,True,0.009363741,0.9664129,0.0072136307,0.0047222143,0.004770746,0.0027561132,0.0023635582,0.0023970043
/home/yogesh.patel/execution/25_9_2026_PRD_work/OCT2017_Test/test/CNV/CNV-163081-6.jpeg,0,CNV,CNV,CNV,True,0.016778525,0.9410577,0.010050895,0.013074459,0.009191533,0.0021085506,0.004590475,0.003147926
/home/yogesh.patel/execution/25_9_2026_PRD_work/OCT2017_Test/test/CNV/CNV-163081-7.jpeg,0,CNV,CNV,CNV,True,0.013922052,0.93579555,0.01602961,0.007812108,0.0082580475,0.010984494,0.001816113,0.005381971
/home/yogesh.patel/execution/25_9_2026_PRD_work/OCT2017_Test/test/CNV/CNV-163081-8.jpeg,0,CNV,CNV,CNV,True,0.0066253664,0.95524496,0.011389441,0.0040288023,0.008404729,0.0032604386,0.005339083,0.0057071405
/home/yogesh.patel/execution/25_9_2026_PRD_work/OCT2017_Test/test/CNV/CNV-163081-9.jpeg,0,CNV,CNV,CNV,True,0.017353352,0.94237536,0.00847955,0.012197669,0.007889268,0.0040565687,0.0032911128,0.004357185
/home/yogesh.patel/execution/25_9_2026_PRD_work/OCT2017_Test/test/CNV/CNV-1632795-1.jpeg,0,CNV,CNV,CNV,True,0.011795245,0.93447447,0.00991716,0.019929025,0.0054008183,0.004067152,0.004797553,0.009618602
/home/yogesh.patel/execution/25_9_2026_PRD_work/OCT2017_Test/test/CNV/CNV-1641792-1.jpeg,0,CNV,CNV,CNV,True,0.00879086,0.9453265,0.0075464295,0.01413018,0.009266607,0.007123015,0.0036822022,0.004134229
/home/yogesh.patel/execution/25_9_2026_PRD_work/OCT2017_Test/test/CNV/CNV-1641792-2.jpeg,0,CNV,CNV,CNV,True,0.016863234,0.9483295,0.009289899,0.009023902,0.0061553163,0.0035518631,0.0041009933,0.0026851697
/home/yogesh.patel/execution/25_9_2026_PRD_work/OCT2017_Test/test/CNV/CNV-1699976-1.jpeg,0,CNV,CNV,CNV,True,0.0059478446,0.9649643,0.0061715664,0.0027333233,0.0063982625,0.0011643004,0.004172611,0.008447773
/home/yogesh.patel/execution/25_9_2026_PRD_work/OCT2017_Test/test/CNV/CNV-1699976-2.jpeg,0,CNV,CNV,CNV,True,0.010220251,0.9463625,0.009412719,0.010884897,0.005480689,0.002108939,0.0067170146,0.008813041
/home/yogesh.patel/execution/25_9_2026_PRD_work/OCT2017_Test/test/CNV/CNV-1699976-3.jpeg,0,CNV,CNV,CNV,True,0.012929981,0.94186556,0.0098699415,0.013648559,0.0074871494,0.00090328284,0.0077684866,0.00552706
/home/yogesh.patel/execution/25_9_2026_PRD_work/OCT2017_Test/test/CNV/CNV-1699976-4.jpeg,0,CNV,CNV,CNV,True,0.010939778,0.95451933,0.010288502,0.0049053514,0.007834805,0.00069758936,0.005122361,0.005692326
/home/yogesh.patel/execution/25_9_2026_PRD_work/OCT2017_Test/test/CNV/CNV-1699976-5.jpeg,0,CNV,CNV,CNV,True,0.009072177,0.95678383,0.00889808,0.004568336,0.0066697174,0.0008476274,0.005635748,0.007524543
/home/yogesh.patel/execution/25_9_2026_PRD_work/OCT2017_Test/test/CNV/CNV-1704482-1.jpeg,0,CNV,CNV,CNV,True,0.005523647,0.9561088,0.0072475215,0.013202708,0.008035012,0.0023827965,0.0042543174,0.003245172
/home/yogesh.patel/execution/25_9_2026_PRD_work/OCT2017_Test/test/CNV/CNV-172472-1.jpeg,0,CNV,CNV,CNV,True,0.0059802067,0.9636872,0.006995945,0.003649935,0.006468998,0.0043224897,0.0028142645,0.0060809595
/home/yogesh.patel/execution/25_9_2026_PRD_work/OCT2017_Test/test/CNV/CNV-172472-10.jpeg,0,CNV,CNV,CNV,True,0.008024344,0.9561657,0.012235605,0.0066948947,0.004738815,0.0023187988,0.0028332802,0.006988466
/home/yogesh.patel/execution/25_9_2026_PRD_work/OCT2017_Test/test/CNV/CNV-172472-11.jpeg,0,CNV,CNV,CNV,True,0.011119809,0.95571667,0.009328624,0.003111315,0.00962542,0.0023738076,0.005011416,0.0037129426
/home/yogesh.patel/execution/25_9_2026_PRD_work/OCT2017_Test/test/CNV/CNV-172472-2.jpeg,0,CNV,CNV,CNV,True,0.0060651083,0.965895,0.008322046,0.005811331,0.0040632007,0.0025539713,0.0023848484,0.0049044914
/home/yogesh.patel/execution/25_9_2026_PRD_work/OCT2017_Test/test/CNV/CNV-172472-3.jpeg,0,CNV,CNV,CNV,True,0.0074720094,0.95739645,0.01304566,0.0033383432,0.0088742,0.0018976651,0.0039697117,0.004005993
/home/yogesh.patel/execution/25_9_2026_PRD_work/OCT2017_Test/test/CNV/CNV-172472-4.jpeg,0,CNV,CNV,CNV,True,0.008925178,0.9564354,0.009013483,0.0025680023,0.008929402,0.0021845354,0.004489942,0.007454084
/home/yogesh.patel/execution/25_9_2026_PRD_work/OCT2017_Test/test/CNV/CNV-172472-5.jpeg,0,CNV,CNV,CNV,True,0.008834512,0.94072634,0.007703406,0.025542544,0.00745354,0.0027102232,0.004311401,0.002718132
/home/yogesh.patel/execution/25_9_2026_PRD_work/OCT2017_Test/test/CNV/CNV-172472-6.jpeg,0,CNV,CNV,CNV,True,0.010557872,0.91500264,0.011426919,0.03470966,0.010525541,0.011059597,0.0045940625,0.002123736
/home/yogesh.patel/execution/25_9_2026_PRD_work/OCT2017_Test/test/CNV/CNV-172472-7.jpeg,0,CNV,CNV,CNV,True,0.0111578265,0.96025443,0.008322821,0.0057325764,0.0058104815,0.0023510444,0.0036777414,0.002693114
/home/yogesh.patel/execution/25_9_2026_PRD_work/OCT2017_Test/test/CNV/CNV-172472-8.jpeg,0,CNV,CNV,CNV,True,0.009661013,0.96536636,0.007484321,0.003941046,0.005709573,0.0017970663,0.003118763,0.0029219368
/home/yogesh.patel/execution/25_9_2026_PRD_work/OCT2017_Test/test/CNV/CNV-172472-9.jpeg,0,CNV,CNV,CNV,True,0.023145571,0.93668634,0.012580341,0.0043655233,0.010763893,0.0010771106,0.006464155,0.0049169906
/home/yogesh.patel/execution/25_9_2026_PRD_work/OCT2017_Test/test/CNV/CNV-1730592-1.jpeg,0,CNV,CNV,CNV,True,0.0064611114,0.9706218,0.00711547,0.0035162577,0.004378358,0.0014184045,0.0028540962,0.0036345106
/home/yogesh.patel/execution/25_9_2026_PRD_work/OCT2017_Test/test/CNV/CNV-1730592-2.jpeg,0,CNV,CNV,CNV,True,0.0038616138,0.9635755,0.011702475,0.0037993225,0.0061225924,0.0017535517,0.0034724907,0.0057124807
/home/yogesh.patel/execution/25_9_2026_PRD_work/OCT2017_Test/test/CNV/CNV-1731375-1.jpeg,0,CNV,CNV,CNV,True,0.008296554,0.9449853,0.011745865,0.009047299,0.0148490425,0.0017204315,0.0037782304,0.0055773943
/home/yogesh.patel/execution/25_9_2026_PRD_work/OCT2017_Test/test/CNV/CNV-1731375-2.jpeg,0,CNV,CNV,CNV,True,0.0062070116,0.96161246,0.007640752,0.0032080673,0.011010798,0.005402976,0.0023507888,0.0025671513
/home/yogesh.patel/execution/25_9_2026_PRD_work/OCT2017_Test/test/CNV/CNV-1731375-3.jpeg,0,CNV,CNV,CNV,True,0.009178445,0.9357765,0.0070353514,0.0020627035,0.009111552,0.032046597,0.0023179238,0.0024709587
/home/yogesh.patel/execution/25_9_2026_PRD_work/OCT2017_Test/test/CNV/CNV-1784116-1.jpeg,0,CNV,CNV,CNV,True,0.0071409754,0.94292355,0.005929699,0.026545838,0.0066213817,0.0050843703,0.0035944735,0.0021597352
/home/yogesh.patel/execution/25_9_2026_PRD_work/OCT2017_Test/test/CNV/CNV-1894770-1.jpeg,0,CNV,CNV,CNV,True,0.0068368358,0.8972744,0.009160374,0.061009444,0.0049334182,0.003983761,0.00826536,0.008536405
/home/yogesh.patel/execution/25_9_2026_PRD_work/OCT2017_Test/test/CNV/CNV-1894770-2.jpeg,0,CNV,CNV,CNV,True,0.0039315023,0.923026,0.0068605957,0.008840112,0.009672011,0.036843278,0.0053352523,0.0054912125
/home/yogesh.patel/execution/25_9_2026_PRD_work/OCT2017_Test/test/CNV/CNV-1980926-1.jpeg,0,CNV,CNV,CNV,True,0.011734163,0.9264662,0.01717203,0.014177974,0.012627138,0.004620297,0.005791742,0.007410436
/home/yogesh.patel/execution/25_9_2026_PRD_work/OCT2017_Test/test/CNV/CNV-198660-1.jpeg,0,CNV,CNV,CNV,True,0.0063083568,0.9644425,0.0073923375,0.00560282,0.004202005,0.004027359,0.0022695707,0.005755183
/home/yogesh.patel/execution/25_9_2026_PRD_work/OCT2017_Test/test/CNV/CNV-1997439-1.jpeg,0,CNV,CNV,CNV,True,0.011596645,0.9235456,0.011662597,0.023346819,0.008213639,0.011797585,0.005348332,0.0044887844
/home/yogesh.patel/execution/25_9_2026_PRD_work/OCT2017_Test/test/CNV/CNV-1997439-2.jpeg,0,CNV,CNV,CNV,True,0.010363675,0.8550456,0.016353909,0.0846766,0.01836167,0.0027056744,0.004824594,0.0076682637
/home/yogesh.patel/execution/25_9_2026_PRD_work/OCT2017_Test/test/CNV/CNV-1997439-3.jpeg,0,CNV,CNV,CNV,True,0.014303938,0.94744223,0.008727784,0.006687333,0.009356766,0.001677618,0.0066028684,0.0052014687
/home/yogesh.patel/execution/25_9_2026_PRD_work/OCT2017_Test/test/CNV/CNV-1997439-4.jpeg,0,CNV,CNV,CNV,True,0.015278468,0.93756074,0.019073604,0.0063880105,0.012157052,0.00086359907,0.0053359955,0.0033425214
/home/yogesh.patel/execution/25_9_2026_PRD_work/OCT2017_Test/test/CNV/CNV-1997439-5.jpeg,0,CNV,CNV,CNV,True,0.016598757,0.9351081,0.015762968,0.0075821257,0.013075347,0.0013318734,0.0064518573,0.0040888796
/home/yogesh.patel/execution/25_9_2026_PRD_work/OCT2017_Test/test/CNV/CNV-1997439-6.jpeg,0,CNV,CNV,CNV,True,0.011860296,0.95018417,0.01062998,0.007796274,0.009262265,0.0018242716,0.0039191544,0.0045236517
/home/yogesh.patel/execution/25_9_2026_PRD_work/OCT2017_Test/test/CNV/CNV-1997439-7.jpeg,0,CNV,CNV,CNV,True,0.010948015,0.954247,0.0074831736,0.005205512,0.00918364,0.0017766011,0.006251832,0.0049041715
/home/yogesh.patel/execution/25_9_2026_PRD_work/OCT2017_Test/test/CNV/CNV-2025105-1.jpeg,0,CNV,CNV,CNV,True,0.0050197174,0.952978,0.004933472,0.008488629,0.0103917355,0.01248734,0.004238743,0.0014624115
/home/yogesh.patel/execution/25_9_2026_PRD_work/OCT2017_Test/test/CNV/CNV-204397-1.jpeg,0,CNV,CNV,CNV,True,0.0066456376,0.94966733,0.018512057,0.0052368264,0.008666041,0.0017721412,0.0038361098,0.0056638364
/home/yogesh.patel/execution/25_9_2026_PRD_work/OCT2017_Test/test/CNV/CNV-2116022-1.jpeg,0,CNV,CNV,CNV,True,0.009149011,0.96056867,0.00813467,0.0043161595,0.0077764066,0.003200938,0.0041299695,0.0027240883
/home/yogesh.patel/execution/25_9_2026_PRD_work/OCT2017_Test/test/CNV/CNV-2141150-1.jpeg,0,CNV,CNV,CNV,True,0.009994545,0.93949765,0.013547627,0.016452301,0.006819926,0.0051853983,0.0019445439,0.0065579745
/home/yogesh.patel/execution/25_9_2026_PRD_work/OCT2017_Test/test/CNV/CNV-2141150-2.jpeg,0,CNV,CNV,CNV,True,0.007505345,0.9638617,0.0075707305,0.008484054,0.0057404744,0.002597376,0.0020769348,0.0021633967
/home/yogesh.patel/execution/25_9_2026_PRD_work/OCT2017_Test/test/CNV/CNV-2158821-1.jpeg,0,CNV,CNV,CNV,True,0.0050287712,0.9636107,0.007006072,0.00323371,0.0043412508,0.0046814084,0.003613256,0.008484951
/home/yogesh.patel/execution/25_9_2026_PRD_work/OCT2017_Test/test/CNV/CNV-2158821-2.jpeg,0,CNV,CNV,CNV,True,0.007334992,0.96092254,0.008775944,0.00663772,0.0036399863,0.002868715,0.0031249379,0.0066951606
/home/yogesh.patel/execution/25_9_2026_PRD_work/OCT2017_Test/test/CNV/CNV-2168793-1.jpeg,0,CNV,CNV,CNV,True,0.009291193,0.9610821,0.007901771,0.0033820926,0.007025799,0.0019960657,0.004957948,0.0043630465
/home/yogesh.patel/execution/25_9_2026_PRD_work/OCT2017_Test/test/CNV/CNV-2177326-1.jpeg,0,CNV,CNV,CNV,True,0.011135562,0.9542085,0.013103672,0.004934792,0.0070149107,0.001884156,0.0027595968,0.004958764
/home/yogesh.patel/execution/25_9_2026_PRD_work/OCT2017_Test/test/CNV/CNV-218676-1.jpeg,0,CNV,CNV,CNV,True,0.010448928,0.9532558,0.010966446,0.0056860736,0.0057413913,0.0019927279,0.0037300386,0.008178713
/home/yogesh.patel/execution/25_9_2026_PRD_work/OCT2017_Test/test/CNV/CNV-2192440-1.jpeg,0,CNV,CNV,CNV,True,0.0064651556,0.95141727,0.013890647,0.006837317,0.011887102,0.0021090456,0.0040180753,0.0033752935
/home/yogesh.patel/execution/25_9_2026_PRD_work/OCT2017_Test/test/CNV/CNV-2192440-2.jpeg,0,CNV,CNV,CNV,True,0.009585287,0.95436805,0.010673028,0.005932495,0.005307569,0.0013903445,0.0059769545,0.0067661433
/home/yogesh.patel/execution/25_9_2026_PRD_work/OCT2017_Test/test/CNV/CNV-2350851-1.jpeg,0,CNV,CNV,CNV,True,0.004361805,0.965247,0.006064338,0.004471387,0.00742569,0.0052557723,0.0036218825,0.0035521202
/home/yogesh.patel/execution/25_9_2026_PRD_work/OCT2017_Test/test/CNV/CNV-2438783-1.jpeg,0,CNV,CNV,CNV,True,0.00660061,0.9571715,0.010782941,0.0056383866,0.011515182,0.0022115558,0.0037435768,0.0023362471
/home/yogesh.patel/execution/25_9_2026_PRD_work/OCT2017_Test/test/CNV/CNV-2438783-2.jpeg,0,CNV,CNV,CNV,True,0.007085542,0.95630205,0.010078998,0.0048193038,0.008065194,0.002460272,0.0043707183,0.0068178633
/home/yogesh.patel/execution/25_9_2026_PRD_work/OCT2017_Test/test/CNV/CNV-2541184-1.jpeg,0,CNV,CNV,CNV,True,0.00749183,0.96330035,0.005807331,0.0036172091,0.005164681,0.010067552,0.0019590482,0.0025920745
/home/yogesh.patel/execution/25_9_2026_PRD_work/OCT2017_Test/test/CNV/CNV-2632189-1.jpeg,0,CNV,CNV,CNV,True,0.014175623,0.9420828,0.010974608,0.006131626,0.012320171,0.0027457331,0.0078099696,0.0037595564
/home/yogesh.patel/execution/25_9_2026_PRD_work/OCT2017_Test/test/CNV/CNV-2692822-1.jpeg,0,CNV,CNV,CNV,True,0.00733266,0.95305187,0.00902423,0.009361011,0.004972696,0.004777276,0.004046883,0.007433362
/home/yogesh.patel/execution/25_9_2026_PRD_work/OCT2017_Test/test/CNV/CNV-2725524-1.jpeg,0,CNV,CNV,CNV,True,0.0073926216,0.9466726,0.013944857,0.0066467924,0.01033343,0.0033943057,0.007017701,0.004597694
/home/yogesh.patel/execution/25_9_2026_PRD_work/OCT2017_Test/test/CNV/CNV-2725524-2.jpeg,0,CNV,CNV,CNV,True,0.005908538,0.93768954,0.00934748,0.021120783,0.008408139,0.008000717,0.003625445,0.005899358
/home/yogesh.patel/execution/25_9_2026_PRD_work/OCT2017_Test/test/CNV/CNV-2760476-1.jpeg,0,CNV,CNV,CNV,True,0.0069508944,0.9412828,0.010862627,0.016007118,0.012834162,0.0027397908,0.0058072354,0.0035153432
/home/yogesh.patel/execution/25_9_2026_PRD_work/OCT2017_Test/test/CNV/CNV-2959614-1.jpeg,0,CNV,CNV,CNV,True,0.0073204115,0.95410633,0.01063307,0.008663087,0.006768605,0.0023373612,0.0043717795,0.0057993643
/home/yogesh.patel/execution/25_9_2026_PRD_work/OCT2017_Test/test/CNV/CNV-2959614-2.jpeg,0,CNV,CNV,CNV,True,0.010939406,0.95087814,0.010122223,0.008144934,0.008745592,0.004176945,0.0030846624,0.0039081387
/home/yogesh.patel/execution/25_9_2026_PRD_work/OCT2017_Test/test/CNV/CNV-2959614-3.jpeg,0,CNV,CNV,CNV,True,0.0046850196,0.96159065,0.007781641,0.009288985,0.005369368,0.0031472817,0.005315003,0.0028219654
/home/yogesh.patel/execution/25_9_2026_PRD_work/OCT2017_Test/test/CNV/CNV-2959614-4.jpeg,0,CNV,CNV,CNV,True,0.00528135,0.96033525,0.008126611,0.0071497187,0.006527113,0.0035393133,0.0046844264,0.0043562497
/home/yogesh.patel/execution/25_9_2026_PRD_work/OCT2017_Test/test/CNV/CNV-3030629-1.jpeg,0,CNV,CNV,CNV,True,0.0063048457,0.95929796,0.008441681,0.009012561,0.005125769,0.0013568044,0.0057683988,0.0046919654
/home/yogesh.patel/execution/25_9_2026_PRD_work/OCT2017_Test/test/CNV/CNV-3080163-1.jpeg,0,CNV,CNV,CNV,True,0.0079812985,0.9529567,0.008187875,0.011192337,0.0070806276,0.002055049,0.004826202,0.0057198475
/home/yogesh.patel/execution/25_9_2026_PRD_work/OCT2017_Test/test/CNV/CNV-3080163-2.jpeg,0,CNV,CNV,CNV,True,0.013741786,0.9450953,0.012064199,0.010317545,0.0051037576,0.002533168,0.0051113074,0.006032962
/home/yogesh.patel/execution/25_9_2026_PRD_work/OCT2017_Test/test/CNV/CNV-3119854-1.jpeg,0,CNV,CNV,CNV,True,0.01406381,0.9524408,0.011626181,0.0041502602,0.006819031,0.0014388738,0.0051255575,0.004335451
/home/yogesh.patel/execution/25_9_2026_PRD_work/OCT2017_Test/test/CNV/CNV-3163547-1.jpeg,0,CNV,CNV,CNV,True,0.010006897,0.94960904,0.010864549,0.010383429,0.007782739,0.0010020381,0.005813674,0.004537673
/home/yogesh.patel/execution/25_9_2026_PRD_work/OCT2017_Test/test/CNV/CNV-3200277-1.jpeg,0,CNV,CNV,CNV,True,0.007283525,0.9393009,0.014198441,0.020585282,0.005738174,0.0052723703,0.0038928872,0.003728375
/home/yogesh.patel/execution/25_9_2026_PRD_work/OCT2017_Test/test/CNV/CNV-3200277-2.jpeg,0,CNV,CNV,CNV,True,0.010955498,0.945115,0.013506403,0.0111504905,0.006597915,0.005148603,0.0043888697,0.0031372586
/home/yogesh.patel/execution/25_9_2026_PRD_work/OCT2017_Test/test/CNV/CNV-3213586-1.jpeg,0,CNV,CNV,CNV,True,0.008853539,0.96658576,0.008823764,0.003909292,0.005211406,0.0011564875,0.0028574206,0.0026023763
/home/yogesh.patel/execution/25_9_2026_PRD_work/OCT2017_Test/test/CNV/CNV-3241692-1.jpeg,0,CNV,CNV,CNV,True,0.01040539,0.9243869,0.008374759,0.0057901405,0.0063925674,0.038621254,0.0025397062,0.00348921
/home/yogesh.patel/execution/25_9_2026_PRD_work/OCT2017_Test/test/CNV/CNV-3241692-2.jpeg,0,CNV,CNV,CNV,True,0.008172852,0.9436011,0.022077208,0.006394279,0.006802222,0.0056991824,0.0035721045,0.0036810273
/home/yogesh.patel/execution/25_9_2026_PRD_work/OCT2017_Test/test/CNV/CNV-328435-1.jpeg,0,CNV,CNV,CNV,True,0.0025464501,0.9700043,0.006575202,0.0071718087,0.0020364432,0.003251595,0.0045579444,0.003856225
/home/yogesh.patel/execution/25_9_2026_PRD_work/OCT2017_Test/test/CNV/CNV-3300060-1.jpeg,0,CNV,CNV,CNV,True,0.0030010517,0.96621686,0.007895122,0.0065098894,0.0044823517,0.0013514524,0.0024893393,0.008053918
/home/yogesh.patel/execution/25_9_2026_PRD_work/OCT2017_Test/test/CNV/CNV-338282-1.jpeg,0,CNV,CNV,CNV,True,0.007024851,0.9485807,0.010613341,0.009370828,0.009624569,0.006746234,0.004637994,0.0034015216
/home/yogesh.patel/execution/25_9_2026_PRD_work/OCT2017_Test/test/CNV/CNV-3424668-1.jpeg,0,CNV,CNV,CNV,True,0.012494925,0.91239244,0.008813691,0.051814184,0.004801051,0.0019234951,0.004794243,0.0029660857
/home/yogesh.patel/execution/25_9_2026_PRD_work/OCT2017_Test/test/CNV/CNV-3432812-1.jpeg,0,CNV,CNV,CNV,True,0.0068960935,0.9319845,0.00554303,0.0044192006,0.003366564,0.040370114,0.003396761,0.0040237852
/home/yogesh.patel/execution/25_9_2026_PRD_work/OCT2017_Test/test/CNV/CNV-3459091-1.jpeg,0,CNV,CNV,CNV,True,0.017236589,0.94851214,0.0090068,0.009701487,0.006947306,0.0017028897,0.0029399258,0.0039528892
/home/yogesh.patel/execution/25_9_2026_PRD_work/OCT2017_Test/test/CNV/CNV-3541867-1.jpeg,0,CNV,CNV,CNV,True,0.011679573,0.9584139,0.008460433,0.00453746,0.006552619,0.0041545695,0.0033605203,0.0028408484
/home/yogesh.patel/execution/25_9_2026_PRD_work/OCT2017_Test/test/CNV/CNV-3616460-1.jpeg,0,CNV,CNV,CNV,True,0.009409716,0.9548269,0.011354275,0.0076228483,0.004495247,0.0034012608,0.0035903032,0.0052994057
/home/yogesh.patel/execution/25_9_2026_PRD_work/OCT2017_Test/test/CNV/CNV-3618489-1.jpeg,0,CNV,CNV,CNV,True,0.00756108,0.9133813,0.014430408,0.035503186,0.0051794434,0.007877797,0.0059148027,0.010152006
/home/yogesh.patel/execution/25_9_2026_PRD_work/OCT2017_Test/test/CNV/CNV-3618489-2.jpeg,0,CNV,CNV,CNV,True,0.01052629,0.93110996,0.0153954495,0.023254674,0.0060251765,0.008911168,0.0019572016,0.0028200494
/home/yogesh.patel/execution/25_9_2026_PRD_work/OCT2017_Test/test/CNV/CNV-364469-1.jpeg,0,CNV,CNV,CNV,True,0.0065938258,0.96605474,0.0064289044,0.0047876704,0.0055289124,0.005907601,0.002874337,0.0018238511
/home/yogesh.patel/execution/25_9_2026_PRD_work/OCT2017_Test/test/CNV/CNV-364469-2.jpeg,0,CNV,CNV,CNV,True,0.006834286,0.9299239,0.01003649,0.025228785,0.005550645,0.01614716,0.003590349,0.0026884316
/home/yogesh.patel/execution/25_9_2026_PRD_work/OCT2017_Test/test/CNV/CNV-364469-3.jpeg,0,CNV,CNV,CNV,True,0.0055286884,0.9675245,0.0056890524,0.0033805417,0.00557679,0.007656913,0.0030017076,0.0016417145
/home/yogesh.patel/execution/25_9_2026_PRD_work/OCT2017_Test/test/CNV/CNV-3734032-1.jpeg,0,CNV,CNV,CNV,True,0.010751937,0.9522009,0.010711689,0.0068548126,0.0070814756,0.0014995164,0.004835133,0.006064569
/home/yogesh.patel/execution/25_9_2026_PRD_work/OCT2017_Test/test/CNV/CNV-375851-1.jpeg,0,CNV,CNV,CNV,True,0.009941928,0.9517061,0.015905295,0.0027146754,0.0033140928,0.0052910415,0.0027325707,0.00839426
/home/yogesh.patel/execution/25_9_2026_PRD_work/OCT2017_Test/test/CNV/CNV-3847391-1.jpeg,0,CNV,CNV,CNV,True,0.008484481,0.9439054,0.007435097,0.011449632,0.009245947,0.010034758,0.0055956626,0.0038489709
/home/yogesh.patel/execution/25_9_2026_PRD_work/OCT2017_Test/test/CNV/CNV-412653-1.jpeg,0,CNV,CNV,CNV,True,0.007855975,0.96377105,0.011132556,0.0027065596,0.0067080013,0.0024801602,0.0031906061,0.00215512
/home/yogesh.patel/execution/25_9_2026_PRD_work/OCT2017_Test/test/CNV/CNV-417468-1.jpeg,0,CNV,CNV,CNV,True,0.004361565,0.8865618,0.009501868,0.08081609,0.0042999345,0.006862592,0.004323958,0.0032721893
/home/yogesh.patel/execution/25_9_2026_PRD_work/OCT2017_Test/test/CNV/CNV-4244160-1.jpeg,0,CNV,CNV,CNV,True,0.0047047623,0.95712805,0.010215749,0.0050905184,0.006559263,0.0031947757,0.0058913347,0.0072154994
/home/yogesh.patel/execution/25_9_2026_PRD_work/OCT2017_Test/test/CNV/CNV-4244160-2.jpeg,0,CNV,CNV,CNV,True,0.005436997,0.93855083,0.0106276665,0.0101705305,0.0063755657,0.0047784015,0.008387132,0.015672857
/home/yogesh.patel/execution/25_9_2026_PRD_work/OCT2017_Test/test/CNV/CNV-4244160-3.jpeg,0,CNV,CNV,CNV,True,0.014284749,0.942362,0.012885039,0.0057517625,0.009176384,0.0027046802,0.0037562617,0.009079159
/home/yogesh.patel/execution/25_9_2026_PRD_work/OCT2017_Test/test/CNV/CNV-4274486-1.jpeg,0,CNV,CNV,CNV,True,0.010372519,0.87910664,0.0074444916,0.05112422,0.007000382,0.04126699,0.0019362639,0.0017484048
/home/yogesh.patel/execution/25_9_2026_PRD_work/OCT2017_Test/test/CNV/CNV-4283050-1.jpeg,0,CNV,CNV,CNV,True,0.013123723,0.6353707,0.021780372,0.29371977,0.017795319,0.005251908,0.010111494,0.0028466932
/home/yogesh.patel/execution/25_9_2026_PRD_work/OCT2017_Test/test/CNV/CNV-4283050-2.jpeg,0,CNV,CNV,CNV,True,0.010373941,0.90731597,0.017006176,0.047650255,0.0050631533,0.0037264235,0.003618043,0.005246149
/home/yogesh.patel/execution/25_9_2026_PRD_work/OCT2017_Test/test/CNV/CNV-4464785-1.jpeg,0,CNV,CNV,CNV,True,0.013816889,0.9509772,0.009431182,0.009584751,0.0063707186,0.0032367683,0.003936946,0.0026456434
/home/yogesh.patel/execution/25_9_2026_PRD_work/OCT2017_Test/test/CNV/CNV-451136-1.jpeg,0,CNV,CNV,CNV,True,0.013943027,0.943355,0.0143894395,0.004759437,0.0058053215,0.0022453873,0.0073641893,0.008138101
/home/yogesh.patel/execution/25_9_2026_PRD_work/OCT2017_Test/test/CNV/CNV-451136-2.jpeg,0,CNV,CNV,CNV,True,0.007241243,0.9604385,0.00893767,0.004158978,0.0043681446,0.0030605944,0.0043609515,0.0074339756
/home/yogesh.patel/execution/25_9_2026_PRD_work/OCT2017_Test/test/CNV/CNV-451136-3.jpeg,0,CNV,CNV,CNV,True,0.017254282,0.90813714,0.014559835,0.02861562,0.005033866,0.017624758,0.0033755433,0.005398925
/home/yogesh.patel/execution/25_9_2026_PRD_work/OCT2017_Test/test/CNV/CNV-451136-4.jpeg,0,CNV,CNV,CNV,True,0.013132912,0.955416,0.009303539,0.005823133,0.0055273715,0.0024823933,0.0037105007,0.004604165
/home/yogesh.patel/execution/25_9_2026_PRD_work/OCT2017_Test/test/CNV/CNV-451136-5.jpeg,0,CNV,CNV,CNV,True,0.009568202,0.952811,0.008740579,0.008213188,0.0076983697,0.00475658,0.0035137837,0.0046983203
/home/yogesh.patel/execution/25_9_2026_PRD_work/OCT2017_Test/test/CNV/CNV-451136-6.jpeg,0,CNV,CNV,CNV,True,0.009147636,0.95859045,0.0084312735,0.006164146,0.00284185,0.0019887313,0.0044477973,0.008388088
/home/yogesh.patel/execution/25_9_2026_PRD_work/OCT2017_Test/test/CNV/CNV-451136-7.jpeg,0,CNV,CNV,CNV,True,0.008036766,0.93988144,0.01546812,0.010856161,0.0060875043,0.012404223,0.0026852605,0.004580476
/home/yogesh.patel/execution/25_9_2026_PRD_work/OCT2017_Test/test/CNV/CNV-457527-1.jpeg,0,CNV,CNV,CNV,True,0.0124856625,0.90108526,0.013968171,0.05119551,0.0077026687,0.0018347205,0.00717877,0.004549262
/home/yogesh.patel/execution/25_9_2026_PRD_work/OCT2017_Test/test/CNV/CNV-457907-1.jpeg,0,CNV,CNV,CNV,True,0.0070139593,0.93690103,0.005491293,0.025337476,0.008035158,0.00401566,0.0047182865,0.008487058
/home/yogesh.patel/execution/25_9_2026_PRD_work/OCT2017_Test/test/CNV/CNV-460403-1.jpeg,0,CNV,CNV,CNV,True,0.009844342,0.93525344,0.007469689,0.026116392,0.0076490673,0.007760325,0.003904645,0.0020021233
/home/yogesh.patel/execution/25_9_2026_PRD_work/OCT2017_Test/test/CNV/CNV-4643364-1.jpeg,0,CNV,CNV,CNV,True,0.008875286,0.96423686,0.008706067,0.0017915672,0.008472452,0.0026719375,0.0028340078,0.0024117175
/home/yogesh.patel/execution/25_9_2026_PRD_work/OCT2017_Test/test/CNV/CNV-4674526-1.jpeg,0,CNV,CNV,CNV,True,0.007048059,0.9537574,0.0059088664,0.0055873855,0.008163374,0.007569356,0.0066054314,0.0053602033
/home/yogesh.patel/execution/25_9_2026_PRD_work/OCT2017_Test/test/CNV/CNV-4740418-1.jpeg,0,CNV,CNV,CNV,True,0.006460396,0.94385016,0.00958231,0.016671753,0.0076125413,0.0031632043,0.004578052,0.0080815395
/home/yogesh.patel/execution/25_9_2026_PRD_work/OCT2017_Test/test/CNV/CNV-4775389-1.jpeg,0,CNV,CNV,CNV,True,0.007182162,0.9471115,0.010649203,0.0059379637,0.012259397,0.0043003224,0.0074486,0.0051108254
/home/yogesh.patel/execution/25_9_2026_PRD_work/OCT2017_Test/test/CNV/CNV-4884091-1.jpeg,0,CNV,CNV,CNV,True,0.008721401,0.9230195,0.007966849,0.035616346,0.007104541,0.0088561205,0.0067074546,0.002007766
/home/yogesh.patel/execution/25_9_2026_PRD_work/OCT2017_Test/test/CNV/CNV-4907724-1.jpeg,0,CNV,CNV,CNV,True,0.011330665,0.88280934,0.01610211,0.04444958,0.009465098,0.031724162,0.002761468,0.001357553
/home/yogesh.patel/execution/25_9_2026_PRD_work/OCT2017_Test/test/CNV/CNV-4974377-1.jpeg,0,CNV,CNV,CNV,True,0.0074760523,0.9608945,0.008089151,0.007362906,0.0073650866,0.0024821293,0.0040320936,0.0022980717
/home/yogesh.patel/execution/25_9_2026_PRD_work/OCT2017_Test/test/CNV/CNV-5054419-1.jpeg,0,CNV,CNV,CNV,True,0.006558232,0.9510475,0.008675831,0.010254415,0.010051028,0.0032090186,0.006691298,0.0035126796
/home/yogesh.patel/execution/25_9_2026_PRD_work/OCT2017_Test/test/CNV/CNV-5054419-2.jpeg,0,CNV,CNV,CNV,True,0.007536308,0.9626513,0.006332553,0.006495142,0.004867498,0.0035453362,0.004554901,0.0040170243
/home/yogesh.patel/execution/25_9_2026_PRD_work/OCT2017_Test/test/CNV/CNV-53018-1.jpeg,0,CNV,CNV,CNV,True,0.0038167855,0.9247693,0.0062034815,0.018513208,0.00545592,0.032981765,0.0056683053,0.0025913012
/home/yogesh.patel/execution/25_9_2026_PRD_work/OCT2017_Test/test/CNV/CNV-53018-2.jpeg,0,CNV,CNV,CNV,True,0.009276646,0.94774187,0.010835619,0.0054600365,0.0063965344,0.014461973,0.0025305804,0.0032968028
/home/yogesh.patel/execution/25_9_2026_PRD_work/OCT2017_Test/test/CNV/CNV-538779-1.jpeg,0,CNV,CNV,CNV,True,0.009189077,0.94876796,0.016356332,0.0051307566,0.0055578942,0.0022881338,0.003380303,0.009329516
/home/yogesh.patel/execution/25_9_2026_PRD_work/OCT2017_Test/test/CNV/CNV-538779-2.jpeg,0,CNV,CNV,CNV,True,0.011074338,0.9536166,0.013744643,0.0050392533,0.007480826,0.001396222,0.0024599454,0.005188082
/home/yogesh.patel/execution/25_9_2026_PRD_work/OCT2017_Test/test/CNV/CNV-5409617-1.jpeg,0,CNV,CNV,CNV,True,0.0091852695,0.95667535,0.007924959,0.010917669,0.005614599,0.0050175944,0.0017852596,0.0028791877
/home/yogesh.patel/execution/25_9_2026_PRD_work/OCT2017_Test/test/CNV/CNV-5429703-1.jpeg,0,CNV,CNV,CNV,True,0.007903486,0.95669585,0.011107512,0.0055808495,0.008359181,0.0016236003,0.0043487414,0.0043807267
/home/yogesh.patel/execution/25_9_2026_PRD_work/OCT2017_Test/test/CNV/CNV-5429703-2.jpeg,0,CNV,CNV,CNV,True,0.012458231,0.9537412,0.011660856,0.005866763,0.008266443,0.0028375525,0.0030160064,0.0021529167
/home/yogesh.patel/execution/25_9_2026_PRD_work/OCT2017_Test/test/CNV/CNV-5431636-1.jpeg,0,CNV,CNV,CNV,True,0.011634275,0.84694165,0.00841511,0.019952811,0.009027778,0.093508676,0.0059545836,0.004565055
/home/yogesh.patel/execution/25_9_2026_PRD_work/OCT2017_Test/test/CNV/CNV-5431636-2.jpeg,0,CNV,CNV,CNV,True,0.012056265,0.94650483,0.010169705,0.011663378,0.0042124623,0.0033513315,0.0050776945,0.0069643147
/home/yogesh.patel/execution/25_9_2026_PRD_work/OCT2017_Test/test/CNV/CNV-5457415-1.jpeg,0,CNV,CNV,CNV,True,0.013809211,0.9493562,0.011835808,0.008647886,0.0051505696,0.0022287997,0.0033831438,0.005588311
/home/yogesh.patel/execution/25_9_2026_PRD_work/OCT2017_Test/test/CNV/CNV-5536678-1.jpeg,0,CNV,CNV,CNV,True,0.0072444603,0.9623655,0.009246376,0.006509989,0.004435508,0.0023129613,0.0027377368,0.005147451
/home/yogesh.patel/execution/25_9_2026_PRD_work/OCT2017_Test/test/CNV/CNV-5536678-2.jpeg,0,CNV,CNV,CNV,True,0.006180677,0.9557049,0.00845105,0.008532751,0.0050459104,0.002247104,0.0039620874,0.009875535
/home/yogesh.patel/execution/25_9_2026_PRD_work/OCT2017_Test/test/CNV/CNV-5557306-1.jpeg,0,CNV,CNV,CNV,True,0.00947081,0.960036,0.011437829,0.0042775106,0.0052369013,0.0026237413,0.0023379384,0.0045792805
/home/yogesh.patel/execution/25_9_2026_PRD_work/OCT2017_Test/test/CNV/CNV-5594757-1.jpeg,0,CNV,CNV,CNV,True,0.0075339093,0.95774555,0.014732612,0.0045853476,0.0074859844,0.0013192872,0.003557033,0.0030403275
/home/yogesh.patel/execution/25_9_2026_PRD_work/OCT2017_Test/test/CNV/CNV-5594757-2.jpeg,0,CNV,CNV,CNV,True,0.014633808,0.95140225,0.010765163,0.007761842,0.008182565,0.0020500293,0.0022181403,0.0029862463
/home/yogesh.patel/execution/25_9_2026_PRD_work/OCT2017_Test/test/CNV/CNV-5603164-1.jpeg,0,CNV,CNV,CNV,True,0.009317549,0.9485913,0.0052261283,0.016238583,0.007880449,0.0037068448,0.006097006,0.0029422552
/home/yogesh.patel/execution/25_9_2026_PRD_work/OCT2017_Test/test/CNV/CNV-564246-1.jpeg,0,CNV,CNV,CNV,True,0.009790417,0.8422319,0.023534924,0.094722405,0.0056510163,0.0078124152,0.004490055,0.01176685
/home/yogesh.patel/execution/25_9_2026_PRD_work/OCT2017_Test/test/CNV/CNV-5674369-1.jpeg,0,CNV,CNV,CNV,True,0.0056676106,0.9511206,0.010501857,0.011302444,0.0073837214,0.0060671675,0.0038414418,0.004115068
/home/yogesh.patel/execution/25_9_2026_PRD_work/OCT2017_Test/test/CNV/CNV-5674369-2.jpeg,0,CNV,CNV,CNV,True,0.013000891,0.93465877,0.014310687,0.014981175,0.008711225,0.006425068,0.004321301,0.0035909035
/home/yogesh.patel/execution/25_9_2026_PRD_work/OCT2017_Test/test/CNV/CNV-5674369-3.jpeg,0,CNV,CNV,CNV,True,0.013689419,0.94688195,0.011753417,0.011413649,0.003640417,0.0042151925,0.0041026506,0.0043034046
/home/yogesh.patel/execution/25_9_2026_PRD_work/OCT2017_Test/test/CNV/CNV-5674369-4.jpeg,0,CNV,CNV,CNV,True,0.009102275,0.9494051,0.007129323,0.007940784,0.008731294,0.010117179,0.0026965174,0.0048776176
/home/yogesh.patel/execution/25_9_2026_PRD_work/OCT2017_Test/test/CNV/CNV-5674369-5.jpeg,0,CNV,CNV,CNV,True,0.010136813,0.94952595,0.009882579,0.007306117,0.0083640795,0.0039498187,0.006253772,0.004580791
/home/yogesh.patel/execution/25_9_2026_PRD_work/OCT2017_Test/test/CNV/CNV-5760454-1.jpeg,0,CNV,CNV,CNV,True,0.0047668223,0.96126217,0.0059502097,0.0051096594,0.0046443674,0.012918607,0.0033289546,0.002019242
/home/yogesh.patel/execution/25_9_2026_PRD_work/OCT2017_Test/test/CNV/CNV-5813701-1.jpeg,0,CNV,CNV,CNV,True,0.009535906,0.95796037,0.009768408,0.005529944,0.011566078,0.0017873533,0.0021234476,0.0017285384
/home/yogesh.patel/execution/25_9_2026_PRD_work/OCT2017_Test/test/CNV/CNV-5813701-2.jpeg,0,CNV,CNV,CNV,True,0.010857715,0.92054427,0.009039755,0.036184173,0.012499872,0.0025966081,0.0061351648,0.0021424482
/home/yogesh.patel/execution/25_9_2026_PRD_work/OCT2017_Test/test/CNV/CNV-5813701-3.jpeg,0,CNV,CNV,CNV,True,0.011498523,0.8733461,0.02432506,0.062322497,0.008108079,0.008912229,0.0053047757,0.0061827125
/home/yogesh.patel/execution/25_9_2026_PRD_work/OCT2017_Test/test/CNV/CNV-5824631-1.jpeg,0,CNV,CNV,CNV,True,0.009441223,0.9486242,0.012714639,0.012999529,0.0051278416,0.0048725624,0.0029168618,0.0033031213
/home/yogesh.patel/execution/25_9_2026_PRD_work/OCT2017_Test/test/CNV/CNV-5861916-1.jpeg,0,CNV,CNV,CNV,True,0.0063158604,0.9027325,0.012354651,0.047622878,0.016753647,0.0038541476,0.0041928883,0.006173403
/home/yogesh.patel/execution/25_9_2026_PRD_work/OCT2017_Test/test/CNV/CNV-5861916-2.jpeg,0,CNV,CNV,CNV,True,0.011772172,0.9438026,0.011190967,0.011291325,0.009335803,0.0026735053,0.0037924263,0.006141212
/home/yogesh.patel/execution/25_9_2026_PRD_work/OCT2017_Test/test/CNV/CNV-5861916-3.jpeg,0,CNV,CNV,CNV,True,0.0090272045,0.94952565,0.01568085,0.009058073,0.008409202,0.0013787671,0.0036697919,0.0032504601
/home/yogesh.patel/execution/25_9_2026_PRD_work/OCT2017_Test/test/CNV/CNV-5861916-4.jpeg,0,CNV,CNV,CNV,True,0.01543499,0.93931806,0.009563529,0.012157423,0.0077612633,0.0026974094,0.006012592,0.007054657
/home/yogesh.patel/execution/25_9_2026_PRD_work/OCT2017_Test/test/CNV/CNV-5861916-5.jpeg,0,CNV,CNV,CNV,True,0.006177979,0.9478875,0.011211327,0.012035158,0.008925638,0.0026768488,0.004504211,0.0065813214
/home/yogesh.patel/execution/25_9_2026_PRD_work/OCT2017_Test/test/CNV/CNV-5904584-1.jpeg,0,CNV,CNV,CNV,True,0.009140746,0.8844206,0.013030308,0.068395905,0.011020093,0.005644841,0.0072419494,0.0011055336
/home/yogesh.patel/execution/25_9_2026_PRD_work/OCT2017_Test/test/CNV/CNV-5904584-2.jpeg,0,CNV,CNV,CNV,True,0.011151401,0.9551079,0.01019256,0.0052626384,0.0091424305,0.0022232034,0.0035652677,0.003354506
/home/yogesh.patel/execution/25_9_2026_PRD_work/OCT2017_Test/test/CNV/CNV-5904584-3.jpeg,0,CNV,CNV,CNV,True,0.005468649,0.96145934,0.008830342,0.010584811,0.0057005878,0.0017346138,0.00331165,0.0029099972
/home/yogesh.patel/execution/25_9_2026_PRD_work/OCT2017_Test/test/CNV/CNV-5969175-1.jpeg,0,CNV,CNV,CNV,True,0.006695404,0.9560721,0.010067182,0.00626877,0.005483175,0.009868176,0.002314297,0.0032309247
/home/yogesh.patel/execution/25_9_2026_PRD_work/OCT2017_Test/test/CNV/CNV-5969175-2.jpeg,0,CNV,CNV,CNV,True,0.004471045,0.9520254,0.011163514,0.012076123,0.008638395,0.0048969695,0.0040831533,0.002645371
/home/yogesh.patel/execution/25_9_2026_PRD_work/OCT2017_Test/test/CNV/CNV-6053140-1.jpeg,0,CNV,CNV,CNV,True,0.008030741,0.9306952,0.008379912,0.0027084062,0.005462831,0.040238846,0.0017437076,0.0027403778
/home/yogesh.patel/execution/25_9_2026_PRD_work/OCT2017_Test/test/CNV/CNV-6190971-1.jpeg,0,CNV,CNV,CNV,True,0.012562406,0.8839094,0.024825297,0.058602653,0.004861117,0.006842612,0.005475538,0.0029209151
/home/yogesh.patel/execution/25_9_2026_PRD_work/OCT2017_Test/test/CNV/CNV-6215140-1.jpeg,0,CNV,CNV,CNV,True,0.010662235,0.9535043,0.011518367,0.0053431634,0.007674771,0.0034755033,0.003103077,0.0047184853
/home/yogesh.patel/execution/25_9_2026_PRD_work/OCT2017_Test/test/CNV/CNV-6215140-2.jpeg,0,CNV,CNV,CNV,True,0.008702724,0.9489623,0.01309782,0.008105239,0.009616708,0.0028376975,0.0038661591,0.0048114294
/home/yogesh.patel/execution/25_9_2026_PRD_work/OCT2017_Test/test/CNV/CNV-624911-1.jpeg,0,CNV,CNV,CNV,True,0.01679338,0.7675387,0.016573196,0.16441065,0.013273444,0.011206126,0.0052160956,0.0049884235
/home/yogesh.patel/execution/25_9_2026_PRD_work/OCT2017_Test/test/CNV/CNV-624911-2.jpeg,0,CNV,CNV,CNV,True,0.010715627,0.940279,0.010253276,0.0125669185,0.010460644,0.0097221155,0.0029130247,0.0030894238
/home/yogesh.patel/execution/25_9_2026_PRD_work/OCT2017_Test/test/CNV/CNV-624911-3.jpeg,0,CNV,CNV,CNV,True,0.015394442,0.9308785,0.012244642,0.024681138,0.006991586,0.004044275,0.004248211,0.0015171586
/home/yogesh.patel/execution/25_9_2026_PRD_work/OCT2017_Test/test/CNV/CNV-6256161-1.jpeg,0,CNV,CNV,CNV,True,0.007161663,0.891976,0.009688693,0.002139632,0.005885562,0.07806167,0.0036099697,0.0014768114
/home/yogesh.patel/execution/25_9_2026_PRD_work/OCT2017_Test/test/CNV/CNV-732516-1.jpeg,0,CNV,CNV,CNV,True,0.010952924,0.95822495,0.007877912,0.0064686537,0.005405572,0.0038722896,0.0038717794,0.003326023
/home/yogesh.patel/execution/25_9_2026_PRD_work/OCT2017_Test/test/CNV/CNV-732516-2.jpeg,0,CNV,CNV,CNV,True,0.006100401,0.9655366,0.010085777,0.002536714,0.007148273,0.0029887345,0.0029970973,0.0026063619
/home/yogesh.patel/execution/25_9_2026_PRD_work/OCT2017_Test/test/CNV/CNV-732516-3.jpeg,0,CNV,CNV,CNV,True,0.010642404,0.959075,0.009045318,0.0044701854,0.005863101,0.002153557,0.003110654,0.0056398856
/home/yogesh.patel/execution/25_9_2026_PRD_work/OCT2017_Test/test/CNV/CNV-732516-4.jpeg,0,CNV,CNV,CNV,True,0.0059564584,0.95309657,0.01311797,0.0062359306,0.008351982,0.0030748614,0.004150667,0.006015578
/home/yogesh.patel/execution/25_9_2026_PRD_work/OCT2017_Test/test/CNV/CNV-743852-1.jpeg,0,CNV,CNV,CNV,True,0.009768786,0.93570006,0.022546947,0.016468154,0.0029901876,0.007807564,0.0022517843,0.002466531
/home/yogesh.patel/execution/25_9_2026_PRD_work/OCT2017_Test/test/CNV/CNV-776149-1.jpeg,0,CNV,CNV,CNV,True,0.0089599285,0.9589604,0.014724196,0.003990105,0.0042701913,0.0016328738,0.0035489523,0.0039134067
/home/yogesh.patel/execution/25_9_2026_PRD_work/OCT2017_Test/test/CNV/CNV-779442-1.jpeg,0,CNV,CNV,CNV,True,0.0070390743,0.95769495,0.008879033,0.003789059,0.003766364,0.008988919,0.003992243,0.005850389
/home/yogesh.patel/execution/25_9_2026_PRD_work/OCT2017_Test/test/CNV/CNV-779442-2.jpeg,0,CNV,CNV,CNV,True,0.005248593,0.93627745,0.008527651,0.015767049,0.0053923326,0.01695694,0.00558116,0.006248836
/home/yogesh.patel/execution/25_9_2026_PRD_work/OCT2017_Test/test/CNV/CNV-779442-3.jpeg,0,CNV,CNV,CNV,True,0.0072393273,0.9239831,0.011128284,0.010689409,0.008732567,0.027389439,0.006034272,0.0048036515
/home/yogesh.patel/execution/25_9_2026_PRD_work/OCT2017_Test/test/CNV/CNV-781814-1.jpeg,0,CNV,CNV,CNV,True,0.010043067,0.94430107,0.008880748,0.0045045656,0.0063320003,0.009203627,0.008327215,0.008407683
/home/yogesh.patel/execution/25_9_2026_PRD_work/OCT2017_Test/test/CNV/CNV-794538-1.jpeg,0,CNV,CNV,CNV,True,0.0063298205,0.963805,0.0070684287,0.003302994,0.004412216,0.0048825233,0.004698899,0.005500191
/home/yogesh.patel/execution/25_9_2026_PRD_work/OCT2017_Test/test/CNV/CNV-794538-2.jpeg,0,CNV,CNV,CNV,True,0.008204635,0.9570941,0.012790122,0.005911772,0.006996075,0.004389464,0.0017464062,0.002867365
/home/yogesh.patel/execution/25_9_2026_PRD_work/OCT2017_Test/test/CNV/CNV-81630-1.jpeg,0,CNV,CNV,CNV,True,0.0103276875,0.9512453,0.010821709,0.0064999554,0.0065661995,0.0020572592,0.0039780214,0.008503929
/home/yogesh.patel/execution/25_9_2026_PRD_work/OCT2017_Test/test/CNV/CNV-81630-2.jpeg,0,CNV,CNV,CNV,True,0.010663157,0.9480956,0.008754505,0.006115457,0.004482249,0.00642913,0.0045680106,0.0108918445
/home/yogesh.patel/execution/25_9_2026_PRD_work/OCT2017_Test/test/CNV/CNV-81630-3.jpeg,0,CNV,CNV,CNV,True,0.0057766074,0.9524861,0.008633045,0.0055541433,0.0057504987,0.004535945,0.004464059,0.012799651
/home/yogesh.patel/execution/25_9_2026_PRD_work/OCT2017_Test/test/CNV/CNV-81630-4.jpeg,0,CNV,CNV,CNV,True,0.00616666,0.9561746,0.006940702,0.004678246,0.005473288,0.003966756,0.0051508723,0.011448845
/home/yogesh.patel/execution/25_9_2026_PRD_work/OCT2017_Test/test/CNV/CNV-827677-1.jpeg,0,CNV,CNV,CNV,True,0.005228111,0.9620568,0.012463512,0.0034378218,0.009512475,0.0034641293,0.0020048507,0.0018323223
/home/yogesh.patel/execution/25_9_2026_PRD_work/OCT2017_Test/test/CNV/CNV-830921-1.jpeg,0,CNV,CNV,CNV,True,0.009728387,0.79474425,0.01663743,0.011234416,0.0110811945,0.14851692,0.004817178,0.0032403148
/home/yogesh.patel/execution/25_9_2026_PRD_work/OCT2017_Test/test/CNV/CNV-865813-1.jpeg,0,CNV,CNV,CNV,True,0.010812084,0.960398,0.009026527,0.0035077352,0.004845825,0.0026172644,0.002760004,0.006032495
/home/yogesh.patel/execution/25_9_2026_PRD_work/OCT2017_Test/test/CNV/CNV-904464-1.jpeg,0,CNV,CNV,CNV,True,0.011673041,0.95698434,0.011718962,0.0032491602,0.007343589,0.0029805324,0.00350072,0.0025496166
/home/yogesh.patel/execution/25_9_2026_PRD_work/OCT2017_Test/test/CNV/CNV-904464-2.jpeg,0,CNV,CNV,CNV,True,0.011198696,0.95552355,0.010633167,0.005546916,0.006387969,0.0027701815,0.0030265427,0.0049130158
/home/yogesh.patel/execution/25_9_2026_PRD_work/OCT2017_Test/test/CNV/CNV-904464-3.jpeg,0,CNV,CNV,CNV,True,0.017260853,0.9321656,0.011514425,0.018445082,0.008831644,0.0033571466,0.005326872,0.0030984108
/home/yogesh.patel/execution/25_9_2026_PRD_work/OCT2017_Test/test/CNV/CNV-904464-4.jpeg,0,CNV,CNV,CNV,True,0.013771852,0.9404211,0.010851601,0.010849082,0.008263249,0.0047902027,0.0045576566,0.006495235
/home/yogesh.patel/execution/25_9_2026_PRD_work/OCT2017_Test/test/CNV/CNV-909994-1.jpeg,0,CNV,CNV,CNV,True,0.011690663,0.9052723,0.0099166185,0.054353647,0.005973464,0.006273254,0.0037797294,0.002740387
/home/yogesh.patel/execution/25_9_2026_PRD_work/OCT2017_Test/test/CNV/CNV-933576-1.jpeg,0,CNV,CNV,CNV,True,0.0054339953,0.9594335,0.007904095,0.008040707,0.006933466,0.0038197162,0.005150218,0.003284288
/home/yogesh.patel/execution/25_9_2026_PRD_work/OCT2017_Test/test/CNV/CNV-933576-2.jpeg,0,CNV,CNV,CNV,True,0.010929505,0.9611271,0.007906558,0.005901657,0.0041603683,0.0025777537,0.0031236692,0.004273371
/home/yogesh.patel/execution/25_9_2026_PRD_work/OCT2017_Test/test/CNV/CNV-933576-3.jpeg,0,CNV,CNV,CNV,True,0.010858284,0.9603426,0.009204279,0.006167927,0.00585913,0.001893255,0.0034632157,0.0022113402
/home/yogesh.patel/execution/25_9_2026_PRD_work/OCT2017_Test/test/CNV/CNV-933576-4.jpeg,0,CNV,CNV,CNV,True,0.01633886,0.9171334,0.011478427,0.036248244,0.009568467,0.0043393387,0.0039112233,0.0009821226
/home/yogesh.patel/execution/25_9_2026_PRD_work/OCT2017_Test/test/CNV/CNV-954024-1.jpeg,0,CNV,CNV,CNV,True,0.0066467854,0.9502123,0.006643053,0.0126992,0.0038759673,0.0090121385,0.0043983213,0.0065122475
/home/yogesh.patel/execution/25_9_2026_PRD_work/OCT2017_Test/test/CNV/CNV-987193-1.jpeg,0,CNV,CNV,CNV,True,0.011771887,0.8718801,0.0191262,0.06398063,0.007545867,0.021409884,0.0023854293,0.0018999157
/home/yogesh.patel/execution/25_9_2026_PRD_work/OCT2017_Test/test/CNV/CNV-987193-2.jpeg,0,CNV,CNV,CNV,True,0.010131109,0.9191334,0.013392986,0.037646767,0.008291966,0.0066492013,0.002468237,0.002286377
/home/yogesh.patel/execution/25_9_2026_PRD_work/OCT2017_Test/test/CNV/CNV-995513-1.jpeg,0,CNV,CNV,CNV,True,0.009974781,0.9554308,0.008815752,0.005782755,0.0041459375,0.005220852,0.0030746078,0.0075544585
/home/yogesh.patel/execution/25_9_2026_PRD_work/OCT2017_Test/test/DME/DME-1081406-1.jpeg,1,DME,DME,DME,True,0.0050532613,0.0053436332,0.006283169,0.9644333,0.00445791,0.0057344977,0.0061878497,0.002506392
/home/yogesh.patel/execution/25_9_2026_PRD_work/OCT2017_Test/test/DME/DME-1102486-1.jpeg,1,DME,DME,DME,True,0.0043616723,0.004688971,0.0065636816,0.96920455,0.0035295377,0.0030514435,0.0051816837,0.0034183755
/home/yogesh.patel/execution/25_9_2026_PRD_work/OCT2017_Test/test/DME/DME-1102486-2.jpeg,1,DME,DME,DME,True,0.004433672,0.0023306503,0.0068007866,0.97394526,0.004026077,0.0032287226,0.003089009,0.0021459104
/home/yogesh.patel/execution/25_9_2026_PRD_work/OCT2017_Test/test/DME/DME-1102486-3.jpeg,1,DME,DME,DME,True,0.0034727517,0.0018354761,0.006601822,0.9721914,0.0033375283,0.003014241,0.005489862,0.0040570255
/home/yogesh.patel/execution/25_9_2026_PRD_work/OCT2017_Test/test/DME/DME-1102486-4.jpeg,1,DME,DME,DME,True,0.0038538035,0.0014069041,0.0047823726,0.97434264,0.0026305255,0.002305356,0.0051396224,0.005538741
/home/yogesh.patel/execution/25_9_2026_PRD_work/OCT2017_Test/test/DME/DME-11053-1.jpeg,1,DME,DME,DME,True,0.002970138,0.0071203373,0.004040368,0.9746718,0.0020603195,0.0009948071,0.0035412062,0.0046009836
/home/yogesh.patel/execution/25_9_2026_PRD_work/OCT2017_Test/test/DME/DME-119840-1.jpeg,1,DME,DME,DME,True,0.0043968614,0.0068026963,0.0072610993,0.9671071,0.005691326,0.0026355153,0.003082439,0.0030229085
/home/yogesh.patel/execution/25_9_2026_PRD_work/OCT2017_Test/test/DME/DME-1274315-1.jpeg,1,DME,DME,DME,True,0.006533974,0.010762627,0.013052771,0.94826275,0.009550349,0.004866276,0.005501473,0.0014697326
/home/yogesh.patel/execution/25_9_2026_PRD_work/OCT2017_Test/test/DME/DME-1274315-2.jpeg,1,DME,DME,DME,True,0.0029968135,0.006671705,0.0068560787,0.9714149,0.0045309,0.0023242983,0.0036362698,0.0015690399
/home/yogesh.patel/execution/25_9_2026_PRD_work/OCT2017_Test/test/DME/DME-138971-1.jpeg,1,DME,DME,DME,True,0.0069965087,0.0020477863,0.007723976,0.96766603,0.0048672734,0.0023675894,0.005124949,0.0032058954
/home/yogesh.patel/execution/25_9_2026_PRD_work/OCT2017_Test/test/DME/DME-138971-2.jpeg,1,DME,DME,DME,True,0.005284159,0.0048319576,0.008173463,0.9640374,0.0085640075,0.0050165458,0.0024658076,0.0016266144
/home/yogesh.patel/execution/25_9_2026_PRD_work/OCT2017_Test/test/DME/DME-1430899-1.jpeg,1,DME,DME,DME,True,0.0057957466,0.011002843,0.0047110147,0.9568575,0.008948054,0.0056972625,0.004545584,0.0024420465
/home/yogesh.patel/execution/25_9_2026_PRD_work/OCT2017_Test/test/DME/DME-1479682-1.jpeg,1,DME,DME,DME,True,0.0053002913,0.00607516,0.004851339,0.9568559,0.0068851477,0.00912669,0.0066009695,0.0043045147
/home/yogesh.patel/execution/25_9_2026_PRD_work/OCT2017_Test/test/DME/DME-15208-1.jpeg,1,DME,DME,DME,True,0.0021293901,0.0013328064,0.002154046,0.9867337,0.0015518701,0.0007243407,0.0012588155,0.0041150837
/home/yogesh.patel/execution/25_9_2026_PRD_work/OCT2017_Test/test/DME/DME-15208-2.jpeg,1,DME,DME,DME,True,0.002332845,0.0062630423,0.003140977,0.98067874,0.0014961016,0.0012415899,0.002607827,0.0022388767
/home/yogesh.patel/execution/25_9_2026_PRD_work/OCT2017_Test/test/DME/DME-2091157-1.jpeg,1,DME,DME,DME,True,0.0033643257,0.007132749,0.0041073994,0.9577586,0.0057981126,0.0140518425,0.0051239533,0.0026631097
/home/yogesh.patel/execution/25_9_2026_PRD_work/OCT2017_Test/test/DME/DME-2105194-1.jpeg,1,DME,DME,DME,True,0.0030505122,0.0038037424,0.0037948128,0.97896683,0.0019794435,0.0010283551,0.0029890416,0.0043873093
/home/yogesh.patel/execution/25_9_2026_PRD_work/OCT2017_Test/test/DME/DME-2126962-1.jpeg,1,DME,DME,DME,True,0.0063698343,0.0017082419,0.0062638586,0.96952033,0.0056406353,0.0032704244,0.0043859924,0.0028406652
/home/yogesh.patel/execution/25_9_2026_PRD_work/OCT2017_Test/test/DME/DME-2261889-1.jpeg,1,DME,DME,DME,True,0.0039456612,0.01558267,0.005824882,0.95953906,0.0049306,0.004072489,0.0036737856,0.002430833
/home/yogesh.patel/execution/25_9_2026_PRD_work/OCT2017_Test/test/DME/DME-2556938-1.jpeg,1,DME,DME,DME,True,0.0034616182,0.0027880839,0.0048576724,0.97319216,0.0025837144,0.0023454374,0.005146417,0.0056249155
/home/yogesh.patel/execution/25_9_2026_PRD_work/OCT2017_Test/test/DME/DME-2630113-1.jpeg,1,DME,DME,DME,True,0.0035138053,0.0026224463,0.005216964,0.972684,0.005295103,0.0024327678,0.004845566,0.0033893976
/home/yogesh.patel/execution/25_9_2026_PRD_work/OCT2017_Test/test/DME/DME-2630665-1.jpeg,1,DME,DME,DME,True,0.005762335,0.028136257,0.011227825,0.9360756,0.0043059085,0.0059503308,0.005865056,0.0026766227
/home/yogesh.patel/execution/25_9_2026_PRD_work/OCT2017_Test/test/DME/DME-269181-1.jpeg,1,DME,DME,DME,True,0.0037113964,0.0025885554,0.0036740587,0.9781684,0.002637673,0.0023972944,0.0028270665,0.003995582
/home/yogesh.patel/execution/25_9_2026_PRD_work/OCT2017_Test/test/DME/DME-269181-2.jpeg,1,DME,DME,DME,True,0.0032046982,0.0025668927,0.0029907774,0.98373574,0.0019689025,0.0005427332,0.0015107903,0.003479518
/home/yogesh.patel/execution/25_9_2026_PRD_work/OCT2017_Test/test/DME/DME-269181-3.jpeg,1,DME,DME,DME,True,0.0031710763,0.002033443,0.0043201637,0.97804385,0.001647696,0.0036844448,0.0024708973,0.0046283086
/home/yogesh.patel/execution/25_9_2026_PRD_work/OCT2017_Test/test/DME/DME-2716523-1.jpeg,1,DME,DME,DME,True,0.004987773,0.005649942,0.0062909494,0.97126544,0.0038204563,0.0021808636,0.0042944304,0.0015100604
/home/yogesh.patel/execution/25_9_2026_PRD_work/OCT2017_Test/test/DME/DME-2763635-1.jpeg,1,DME,DME,DME,True,0.004750374,0.0034260834,0.0053388244,0.9701984,0.0052231196,0.0060121575,0.0028967452,0.0021542409
/home/yogesh.patel/execution/25_9_2026_PRD_work/OCT2017_Test/test/DME/DME-30521-1.jpeg,1,DME,DME,DME,True,0.005537665,0.0046154405,0.0075909724,0.96518695,0.006023479,0.004061301,0.004644547,0.0023397086
/home/yogesh.patel/execution/25_9_2026_PRD_work/OCT2017_Test/test/DME/DME-30521-10.jpeg,1,DME,DME,DME,True,0.0032487493,0.0014727853,0.003859531,0.9783466,0.0026145843,0.0017475194,0.0038326837,0.004877483
/home/yogesh.patel/execution/25_9_2026_PRD_work/OCT2017_Test/test/DME/DME-30521-11.jpeg,1,DME,DME,DME,True,0.0047252034,0.0022626643,0.0055573536,0.97282064,0.005248454,0.003386292,0.0037271702,0.0022722632
/home/yogesh.patel/execution/25_9_2026_PRD_work/OCT2017_Test/test/DME/DME-30521-12.jpeg,1,DME,DME,DME,True,0.0051998673,0.0042011333,0.0067143682,0.96806115,0.005466917,0.0044898884,0.00386444,0.002002365
/home/yogesh.patel/execution/25_9_2026_PRD_work/OCT2017_Test/test/DME/DME-30521-13.jpeg,1,DME,DME,DME,True,0.005034443,0.0041190227,0.006791259,0.96876884,0.0063904785,0.0029423211,0.0037130467,0.002240621
/home/yogesh.patel/execution/25_9_2026_PRD_work/OCT2017_Test/test/DME/DME-30521-2.jpeg,1,DME,DME,DME,True,0.0031748498,0.002063752,0.004073529,0.9726795,0.0032556115,0.004410441,0.0052009663,0.005141312
/home/yogesh.patel/execution/25_9_2026_PRD_work/OCT2017_Test/test/DME/DME-30521-3.jpeg,1,DME,DME,DME,True,0.004246099,0.001259846,0.0049780835,0.9722978,0.0031941538,0.0036999178,0.005424461,0.004899648
/home/yogesh.patel/execution/25_9_2026_PRD_work/OCT2017_Test/test/DME/DME-30521-4.jpeg,1,DME,DME,DME,True,0.006508302,0.0032895552,0.0090691205,0.96230656,0.0058666067,0.0040518306,0.0069234413,0.0019846228
/home/yogesh.patel/execution/25_9_2026_PRD_work/OCT2017_Test/test/DME/DME-30521-5.jpeg,1,DME,DME,DME,True,0.006154733,0.0027917929,0.0072371797,0.97029567,0.004454651,0.0028620283,0.004467092,0.0017369254
/home/yogesh.patel/execution/25_9_2026_PRD_work/OCT2017_Test/test/DME/DME-30521-6.jpeg,1,DME,DME,DME,True,0.005896942,0.005045825,0.009100189,0.96056914,0.0056677363,0.005219267,0.006233826,0.0022669807
/home/yogesh.patel/execution/25_9_2026_PRD_work/OCT2017_Test/test/DME/DME-30521-7.jpeg,1,DME,DME,DME,True,0.0065665445,0.003144729,0.008681451,0.962613,0.0051774546,0.004962141,0.006267005,0.0025876928
/home/yogesh.patel/execution/25_9_2026_PRD_work/OCT2017_Test/test/DME/DME-30521-8.jpeg,1,DME,DME,DME,True,0.0041586636,0.0034923258,0.0042535258,0.9784,0.0025029022,0.0011870051,0.0025350114,0.0034705042
/home/yogesh.patel/execution/25_9_2026_PRD_work/OCT2017_Test/test/DME/DME-30521-9.jpeg,1,DME,DME,DME,True,0.005254121,0.0033149766,0.006028833,0.9739077,0.0040700254,0.0024742952,0.0029292796,0.0020207241
/home/yogesh.patel/execution/25_9_2026_PRD_work/OCT2017_Test/test/DME/DME-306172-1.jpeg,1,DME,DME,DME,True,0.0071959454,0.0038344846,0.0028642402,0.953734,0.018219404,0.002343799,0.0013741374,0.010433906
/home/yogesh.patel/execution/25_9_2026_PRD_work/OCT2017_Test/test/DME/DME-3064922-1.jpeg,1,DME,DME,DME,True,0.0042340243,0.004323976,0.0033402278,0.97312057,0.0043470077,0.0037869741,0.004117413,0.0027297568
/home/yogesh.patel/execution/25_9_2026_PRD_work/OCT2017_Test/test/DME/DME-3157783-1.jpeg,1,DME,DME,DME,True,0.0048670187,0.0018308475,0.005582002,0.9702018,0.006523271,0.0032763942,0.003555646,0.004163135
/home/yogesh.patel/execution/25_9_2026_PRD_work/OCT2017_Test/test/DME/DME-323904-1.jpeg,1,DME,DME,DME,True,0.003914311,0.0025363984,0.005321501,0.97612596,0.0028606183,0.0023931537,0.0035605503,0.0032874653
/home/yogesh.patel/execution/25_9_2026_PRD_work/OCT2017_Test/test/DME/DME-323904-2.jpeg,1,DME,DME,DME,True,0.005450884,0.0068388763,0.0071268305,0.97062576,0.0027759436,0.0027261088,0.0027363882,0.0017192622
/home/yogesh.patel/execution/25_9_2026_PRD_work/OCT2017_Test/test/DME/DME-3288089-1.jpeg,1,DME,CNV,CNV,False,0.0078417165,0.5303909,0.012392708,0.42195702,0.0035281614,0.0042860787,0.01192966,0.007673718
/home/yogesh.patel/execution/25_9_2026_PRD_work/OCT2017_Test/test/DME/DME-3475211-1.jpeg,1,DME,DME,DME,True,0.010227854,0.16491891,0.02177056,0.77064973,0.014106416,0.0039417883,0.012215266,0.0021694305
/home/yogesh.patel/execution/25_9_2026_PRD_work/OCT2017_Test/test/DME/DME-3722280-1.jpeg,1,DME,DME,DME,True,0.0027247176,0.02087759,0.0074078143,0.9571064,0.002701498,0.0011172305,0.0046971757,0.0033675688
/home/yogesh.patel/execution/25_9_2026_PRD_work/OCT2017_Test/test/DME/DME-3731953-1.jpeg,1,DME,DME,DME,True,0.0048475573,0.0013318582,0.0058274707,0.9692109,0.0064596343,0.0057706763,0.004228731,0.0023231807
/home/yogesh.patel/execution/25_9_2026_PRD_work/OCT2017_Test/test/DME/DME-37503-1.jpeg,1,DME,DME,DME,True,0.0025241063,0.0027111843,0.0045764633,0.9786016,0.0019235967,0.0023488228,0.004051113,0.0032630644
/home/yogesh.patel/execution/25_9_2026_PRD_work/OCT2017_Test/test/DME/DME-3791742-1.jpeg,1,DME,DME,DME,True,0.0040275804,0.007763846,0.006284033,0.96708965,0.004163518,0.003266582,0.004714585,0.0026901746
/home/yogesh.patel/execution/25_9_2026_PRD_work/OCT2017_Test/test/DME/DME-3810791-1.jpeg,1,DME,DME,DME,True,0.004616864,0.011161411,0.0075390195,0.966505,0.003170175,0.0020014334,0.0031642625,0.0018417935
/home/yogesh.patel/execution/25_9_2026_PRD_work/OCT2017_Test/test/DME/DME-3921035-1.jpeg,1,DME,DME,DME,True,0.003370288,0.005654663,0.0045152092,0.977451,0.0021497174,0.0016179233,0.0032429567,0.0019982632
/home/yogesh.patel/execution/25_9_2026_PRD_work/OCT2017_Test/test/DME/DME-4079773-1.jpeg,1,DME,DME,DME,True,0.0033232127,0.005867312,0.003954488,0.9784989,0.0020024884,0.0007467426,0.0037468127,0.0018600138
/home/yogesh.patel/execution/25_9_2026_PRD_work/OCT2017_Test/test/DME/DME-4117019-1.jpeg,1,DME,DME,DME,True,0.0071123266,0.017986957,0.011364251,0.9441515,0.0076693925,0.0034147908,0.0068868957,0.0014139418
/home/yogesh.patel/execution/25_9_2026_PRD_work/OCT2017_Test/test/DME/DME-4146088-1.jpeg,1,DME,DME,DME,True,0.0051692463,0.05696886,0.0076680128,0.9164496,0.003077181,0.0019635782,0.0065897615,0.0021138426
/home/yogesh.patel/execution/25_9_2026_PRD_work/OCT2017_Test/test/DME/DME-4240465-1.jpeg,1,DME,DME,DME,True,0.0037901646,0.0041282102,0.0060189734,0.97484505,0.0024376926,0.0022181994,0.003812758,0.0027489357
/home/yogesh.patel/execution/25_9_2026_PRD_work/OCT2017_Test/test/DME/DME-4240465-2.jpeg,1,DME,DME,DME,True,0.0026908831,0.0022142369,0.0036969753,0.9795038,0.002370995,0.00081026834,0.003325912,0.005386988
/home/yogesh.patel/execution/25_9_2026_PRD_work/OCT2017_Test/test/DME/DME-4244491-1.jpeg,1,DME,DME,DME,True,0.003256123,0.0015211686,0.004466079,0.97701865,0.0032411963,0.004260175,0.002931959,0.0033047749
/home/yogesh.patel/execution/25_9_2026_PRD_work/OCT2017_Test/test/DME/DME-4298019-1.jpeg,1,DME,DME,DME,True,0.005062328,0.014397161,0.01034087,0.94680524,0.009370381,0.0069497735,0.0054003024,0.0016740633
/home/yogesh.patel/execution/25_9_2026_PRD_work/OCT2017_Test/test/DME/DME-4336607-1.jpeg,1,DME,DME,DME,True,0.0032923578,0.016276948,0.0068634297,0.9592059,0.0023018043,0.0019441108,0.0050558434,0.005059512
/home/yogesh.patel/execution/25_9_2026_PRD_work/OCT2017_Test/test/DME/DME-4478609-1.jpeg,1,DME,DME,DME,True,0.0034241092,0.0050744982,0.004047987,0.97153735,0.0041734977,0.0030092888,0.0046427688,0.004090547
/home/yogesh.patel/execution/25_9_2026_PRD_work/OCT2017_Test/test/DME/DME-4616882-1.jpeg,1,DME,DME,DME,True,0.0034853774,0.005172507,0.005007825,0.97297084,0.0019045128,0.0013529066,0.0050638705,0.0050421343
/home/yogesh.patel/execution/25_9_2026_PRD_work/OCT2017_Test/test/DME/DME-462675-1.jpeg,1,DME,DME,DME,True,0.00707659,0.009304003,0.009765116,0.9482044,0.008124507,0.0119929155,0.0037200288,0.0018125478
/home/yogesh.patel/execution/25_9_2026_PRD_work/OCT2017_Test/test/DME/DME-4634094-1.jpeg,1,DME,DME,DME,True,0.005053012,0.0025759793,0.0053809863,0.9749257,0.0043383036,0.0018823367,0.0035836415,0.0022600149
/home/yogesh.patel/execution/25_9_2026_PRD_work/OCT2017_Test/test/DME/DME-4634094-2.jpeg,1,DME,DME,DME,True,0.0075898767,0.0026336112,0.005751176,0.9695878,0.0064910273,0.0021944556,0.003821272,0.0019306586
/home/yogesh.patel/execution/25_9_2026_PRD_work/OCT2017_Test/test/DME/DME-4658666-1.jpeg,1,DME,DME,DME,True,0.0026464958,0.0044991653,0.003983626,0.9544888,0.004458651,0.0014878755,0.0035704651,0.024864966
/home/yogesh.patel/execution/25_9_2026_PRD_work/OCT2017_Test/test/DME/DME-4732091-1.jpeg,1,DME,DME,DME,True,0.0071815196,0.0026907276,0.008538723,0.9561121,0.0060371887,0.010372718,0.005829463,0.0032375222
/home/yogesh.patel/execution/25_9_2026_PRD_work/OCT2017_Test/test/DME/DME-4732091-2.jpeg,1,DME,DME,DME,True,0.009072878,0.21590862,0.019405663,0.7140671,0.009455644,0.017686157,0.012309236,0.0020947133
/home/yogesh.patel/execution/25_9_2026_PRD_work/OCT2017_Test/test/DME/DME-4804900-1.jpeg,1,DME,DME,DME,True,0.0042287135,0.0071607083,0.004278842,0.97004527,0.0028673087,0.0022699588,0.006783907,0.0023652604
/home/yogesh.patel/execution/25_9_2026_PRD_work/OCT2017_Test/test/DME/DME-4897748-1.jpeg,1,DME,DME,DME,True,0.0032493044,0.0029431784,0.0047338502,0.9754773,0.0033645811,0.0043304376,0.0029785149,0.0029228851
/home/yogesh.patel/execution/25_9_2026_PRD_work/OCT2017_Test/test/DME/DME-4940184-1.jpeg,1,DME,DME,DME,True,0.0012260055,0.0013727337,0.0013728405,0.98745024,0.0024739695,0.0009914477,0.0013883801,0.0037242675
/home/yogesh.patel/execution/25_9_2026_PRD_work/OCT2017_Test/test/DME/DME-4989358-1.jpeg,1,DME,DME,DME,True,0.0063714436,0.0026142232,0.006229271,0.9708665,0.006147111,0.0036044174,0.0026322603,0.0015347486
/home/yogesh.patel/execution/25_9_2026_PRD_work/OCT2017_Test/test/DME/DME-5014129-1.jpeg,1,DME,DME,DME,True,0.0032796462,0.0018057968,0.0031699599,0.9784233,0.0024702437,0.002933058,0.0036299152,0.0042879884
/home/yogesh.patel/execution/25_9_2026_PRD_work/OCT2017_Test/test/DME/DME-5014129-2.jpeg,1,DME,DME,DME,True,0.005899882,0.00624036,0.0077365623,0.9550761,0.008700321,0.010427783,0.0038873043,0.0020317063
/home/yogesh.patel/execution/25_9_2026_PRD_work/OCT2017_Test/test/DME/DME-5071032-1.jpeg,1,DME,DME,DME,True,0.0042330134,0.008354207,0.005091246,0.968352,0.0044518434,0.004094362,0.003063088,0.0023603176
/home/yogesh.patel/execution/25_9_2026_PRD_work/OCT2017_Test/test/DME/DME-5072525-1.jpeg,1,DME,DME,DME,True,0.0042708595,0.003367774,0.0036780527,0.9700466,0.010525006,0.0030393098,0.0028211852,0.0022512546
/home/yogesh.patel/execution/25_9_2026_PRD_work/OCT2017_Test/test/DME/DME-5434248-1.jpeg,1,DME,DME,DME,True,0.0064954413,0.040039722,0.007386623,0.9311783,0.006240368,0.0020187271,0.004019919,0.0026210314
/home/yogesh.patel/execution/25_9_2026_PRD_work/OCT2017_Test/test/DME/DME-5465575-1.jpeg,1,DME,DME,DME,True,0.0045325398,0.0060008643,0.0054680244,0.96886784,0.0046075825,0.0039796927,0.00414754,0.0023958392
/home/yogesh.patel/execution/25_9_2026_PRD_work/OCT2017_Test/test/DME/DME-5497895-1.jpeg,1,DME,DME,DME,True,0.00937659,0.007093525,0.008004252,0.9566265,0.007844613,0.0050326493,0.0041206228,0.0019011556
/home/yogesh.patel/execution/25_9_2026_PRD_work/OCT2017_Test/test/DME/DME-563695-1.jpeg,1,DME,DME,DME,True,0.0045184135,0.006353865,0.0038497818,0.97142035,0.0061715585,0.002101976,0.0023440148,0.0032399949
/home/yogesh.patel/execution/25_9_2026_PRD_work/OCT2017_Test/test/DME/DME-563695-2.jpeg,1,DME,DME,DME,True,0.0058605107,0.0027095317,0.005314791,0.9680704,0.0066705155,0.0039263163,0.0045680543,0.0028798329
/home/yogesh.patel/execution/25_9_2026_PRD_work/OCT2017_Test/test/DME/DME-5656004-1.jpeg,1,DME,DME,DME,True,0.0026697717,0.006361759,0.0021020027,0.9613466,0.0056357277,0.013412428,0.0046581924,0.0038134165
/home/yogesh.patel/execution/25_9_2026_PRD_work/OCT2017_Test/test/DME/DME-5713682-1.jpeg,1,DME,DME,DME,True,0.0063351737,0.019616688,0.00948218,0.937065,0.015935633,0.005540982,0.0042582424,0.0017661435
/home/yogesh.patel/execution/25_9_2026_PRD_work/OCT2017_Test/test/DME/DME-57603-1.jpeg,1,DME,DME,DME,True,0.0060880426,0.0032865745,0.005211803,0.97177696,0.003827824,0.002081222,0.004292842,0.0034346222
/home/yogesh.patel/execution/25_9_2026_PRD_work/OCT2017_Test/test/DME/DME-5760454-1.jpeg,1,DME,DME,DME,True,0.0074188295,0.010430809,0.008447059,0.9611788,0.00422266,0.0022503717,0.0029334372,0.003118066
/home/yogesh.patel/execution/25_9_2026_PRD_work/OCT2017_Test/test/DME/DME-5768195-1.jpeg,1,DME,DME,DME,True,0.005365691,0.006250478,0.0059358245,0.9700009,0.005639407,0.0026975903,0.0024230718,0.0016870636
/home/yogesh.patel/execution/25_9_2026_PRD_work/OCT2017_Test/test/DME/DME-5796574-1.jpeg,1,DME,DME,DME,True,0.0052095917,0.0021854609,0.0062299864,0.9728707,0.0037862672,0.0042962986,0.0032078258,0.0022139256
/home/yogesh.patel/execution/25_9_2026_PRD_work/OCT2017_Test/test/DME/DME-5796574-2.jpeg,1,DME,DME,DME,True,0.0064367983,0.004430793,0.0065026907,0.9652906,0.0061713583,0.0047960435,0.004437714,0.0019340427
/home/yogesh.patel/execution/25_9_2026_PRD_work/OCT2017_Test/test/DME/DME-5802218-1.jpeg,1,DME,CNV,CNV,False,0.00599904,0.89191294,0.007986586,0.065365724,0.0035325915,0.006695413,0.013357741,0.0051500145
/home/yogesh.patel/execution/25_9_2026_PRD_work/OCT2017_Test/test/DME/DME-5834001-1.jpeg,1,DME,DME,DME,True,0.0044315923,0.015685279,0.007135144,0.959562,0.0045370217,0.0028819658,0.003264686,0.0025023136
/home/yogesh.patel/execution/25_9_2026_PRD_work/OCT2017_Test/test/DME/DME-5843591-1.jpeg,1,DME,DME,DME,True,0.0038746959,0.002661642,0.004553144,0.97107804,0.0034128784,0.0037646585,0.0059132343,0.004741755
/home/yogesh.patel/execution/25_9_2026_PRD_work/OCT2017_Test/test/DME/DME-5864085-1.jpeg,1,DME,DME,DME,True,0.005507653,0.0016484736,0.0058425576,0.97213453,0.0056992904,0.00317623,0.003846188,0.0021450084
/home/yogesh.patel/execution/25_9_2026_PRD_work/OCT2017_Test/test/DME/DME-5912153-1.jpeg,1,DME,DME,DME,True,0.008252038,0.07337929,0.012302069,0.88674587,0.0071553583,0.0021572094,0.0071484665,0.0028597154
/home/yogesh.patel/execution/25_9_2026_PRD_work/OCT2017_Test/test/DME/DME-5975636-1.jpeg,1,DME,DME,DME,True,0.0048586456,0.0036039134,0.0078029493,0.97049606,0.0041785575,0.0026254058,0.0039311745,0.0025033206
/home/yogesh.patel/execution/25_9_2026_PRD_work/OCT2017_Test/test/DME/DME-5981434-1.jpeg,1,DME,DME,DME,True,0.007856827,0.0072401646,0.0114803715,0.93104774,0.006772725,0.0048190956,0.00580988,0.024973145
/home/yogesh.patel/execution/25_9_2026_PRD_work/OCT2017_Test/test/DME/DME-6090983-1.jpeg,1,DME,DME,DME,True,0.00427789,0.010747591,0.006292392,0.96861345,0.0024406537,0.0014272177,0.0034788302,0.0027219856
/home/yogesh.patel/execution/25_9_2026_PRD_work/OCT2017_Test/test/DME/DME-6151003-1.jpeg,1,DME,NORMAL,NORMAL,False,0.011046868,0.0106124235,0.013554928,0.046991717,0.008156892,0.007816262,0.0036213167,0.89819956
/home/yogesh.patel/execution/25_9_2026_PRD_work/OCT2017_Test/test/DME/DME-6296605-1.jpeg,1,DME,DME,DME,True,0.0071219825,0.005690299,0.007711863,0.9660624,0.004590457,0.003033502,0.003582912,0.0022066387
/home/yogesh.patel/execution/25_9_2026_PRD_work/OCT2017_Test/test/DME/DME-6314020-1.jpeg,1,DME,DME,DME,True,0.006382415,0.0122723235,0.008500458,0.95108503,0.009062041,0.0061112307,0.0048349714,0.001751524
/home/yogesh.patel/execution/25_9_2026_PRD_work/OCT2017_Test/test/DME/DME-633268-1.jpeg,1,DME,DME,DME,True,0.0042874836,0.0031746617,0.00592361,0.9733902,0.0043710857,0.0041223406,0.0027493017,0.001981366
/home/yogesh.patel/execution/25_9_2026_PRD_work/OCT2017_Test/test/DME/DME-6383847-1.jpeg,1,DME,DME,DME,True,0.0023247749,0.00089960446,0.0024770724,0.98818433,0.0008633811,0.00081682607,0.002417531,0.0020164372
/home/yogesh.patel/execution/25_9_2026_PRD_work/OCT2017_Test/test/DME/DME-6434323-1.jpeg,1,DME,DME,DME,True,0.004777253,0.0073628747,0.0072593954,0.9687773,0.004362176,0.0021876637,0.004075409,0.0011979174
/home/yogesh.patel/execution/25_9_2026_PRD_work/OCT2017_Test/test/DME/DME-671384-1.jpeg,1,DME,DME,DME,True,0.0048903767,0.0021754592,0.007118734,0.96944684,0.0053487667,0.0038519916,0.004370235,0.0027976064
/home/yogesh.patel/execution/25_9_2026_PRD_work/OCT2017_Test/test/DME/DME-6716735-1.jpeg,1,DME,DME,DME,True,0.0052295914,0.0058932416,0.005792123,0.9674492,0.004732215,0.0034308753,0.0048604663,0.0026123258
/home/yogesh.patel/execution/25_9_2026_PRD_work/OCT2017_Test/test/DME/DME-6716735-2.jpeg,1,DME,DME,DME,True,0.0030067612,0.0018316068,0.004017052,0.9748087,0.0026093847,0.0012457698,0.0055584307,0.00692237
/home/yogesh.patel/execution/25_9_2026_PRD_work/OCT2017_Test/test/DME/DME-70266-1.jpeg,1,DME,DME,DME,True,0.005519366,0.015343049,0.011160294,0.95365286,0.0072226203,0.0024969734,0.0035021317,0.0011026874
/home/yogesh.patel/execution/25_9_2026_PRD_work/OCT2017_Test/test/DME/DME-70266-2.jpeg,1,DME,DME,DME,True,0.0060503036,0.011143059,0.010058608,0.9576432,0.0069098677,0.00314777,0.0035253519,0.0015217506
/home/yogesh.patel/execution/25_9_2026_PRD_work/OCT2017_Test/test/DME/DME-70266-3.jpeg,1,DME,DME,DME,True,0.005713391,0.0050258813,0.0077208504,0.967775,0.003819354,0.0031806696,0.003920847,0.0028440512
/home/yogesh.patel/execution/25_9_2026_PRD_work/OCT2017_Test/test/DME/DME-7027665-1.jpeg,1,DME,DME,DME,True,0.007062112,0.004371522,0.006865954,0.96743417,0.005171496,0.00260595,0.0035604509,0.0029282623
/home/yogesh.patel/execution/25_9_2026_PRD_work/OCT2017_Test/test/DME/DME-7194085-1.jpeg,1,DME,DME,DME,True,0.0035635016,0.011940888,0.0067005656,0.96331435,0.0019675642,0.0012074034,0.005918972,0.005386776
/home/yogesh.patel/execution/25_9_2026_PRD_work/OCT2017_Test/test/DME/DME-7239304-1.jpeg,1,DME,DME,DME,True,0.006201372,0.040249784,0.011538726,0.9238555,0.0057153394,0.0034990534,0.0070121465,0.0019280553
/home/yogesh.patel/execution/25_9_2026_PRD_work/OCT2017_Test/test/DME/DME-7248535-1.jpeg,1,DME,DME,DME,True,0.004648648,0.008690531,0.0065538855,0.96057355,0.0048336107,0.00560541,0.0067383535,0.0023559371
/home/yogesh.patel/execution/25_9_2026_PRD_work/OCT2017_Test/test/DME/DME-7432714-1.jpeg,1,DME,DME,DME,True,0.0026497375,0.0028034835,0.0047211573,0.9816366,0.001986893,0.0011995297,0.0028409713,0.0021615836
/home/yogesh.patel/execution/25_9_2026_PRD_work/OCT2017_Test/test/DME/DME-7434518-1.jpeg,1,DME,DME,DME,True,0.0039086463,0.004163757,0.0036327275,0.9782894,0.0020161439,0.001731805,0.0027255695,0.0035319373
/home/yogesh.patel/execution/25_9_2026_PRD_work/OCT2017_Test/test/DME/DME-7469235-1.jpeg,1,DME,DME,DME,True,0.0041124052,0.027507344,0.0059236027,0.9520438,0.0036435367,0.0012264103,0.0026856035,0.0028572865
/home/yogesh.patel/execution/25_9_2026_PRD_work/OCT2017_Test/test/DME/DME-7503514-1.jpeg,1,DME,DME,DME,True,0.004660361,0.0029399244,0.0055353343,0.9767768,0.003392115,0.0025764967,0.0021083974,0.002010516
/home/yogesh.patel/execution/25_9_2026_PRD_work/OCT2017_Test/test/DME/DME-7558688-1.jpeg,1,DME,DME,DME,True,0.0030010485,0.0010644573,0.0026899814,0.98105717,0.0021692852,0.0013826952,0.0034542533,0.0051811845
/home/yogesh.patel/execution/25_9_2026_PRD_work/OCT2017_Test/test/DME/DME-7573590-1.jpeg,1,DME,DME,DME,True,0.0046836305,0.003470918,0.0049207625,0.97373,0.0064552915,0.00243491,0.002566827,0.0017376641
/home/yogesh.patel/execution/25_9_2026_PRD_work/OCT2017_Test/test/DME/DME-7578162-1.jpeg,1,DME,DME,DME,True,0.0048766057,0.004016108,0.006142064,0.96857595,0.0041220514,0.0037022878,0.005917915,0.0026469103
/home/yogesh.patel/execution/25_9_2026_PRD_work/OCT2017_Test/test/DME/DME-7585263-1.jpeg,1,DME,DME,DME,True,0.0054709385,0.010550127,0.008623838,0.8863086,0.0036442622,0.06518829,0.014416712,0.0057971743
/home/yogesh.patel/execution/25_9_2026_PRD_work/OCT2017_Test/test/DME/DME-7585263-2.jpeg,1,DME,DME,DME,True,0.01525103,0.09226666,0.017909328,0.806403,0.01705632,0.03870077,0.010411538,0.0020013414
/home/yogesh.patel/execution/25_9_2026_PRD_work/OCT2017_Test/test/DME/DME-7585263-3.jpeg,1,DME,DME,DME,True,0.0065547028,0.064398706,0.017721234,0.7041653,0.0035107203,0.18216187,0.01452103,0.0069664707
/home/yogesh.patel/execution/25_9_2026_PRD_work/OCT2017_Test/test/DME/DME-7591008-1.jpeg,1,DME,DME,DME,True,0.0049543697,0.0023116276,0.0074300454,0.96562153,0.00649906,0.005685944,0.0044305734,0.0030668266
/home/yogesh.patel/execution/25_9_2026_PRD_work/OCT2017_Test/test/DME/DME-7614088-1.jpeg,1,DME,DME,DME,True,0.0067605763,0.00443313,0.0072622695,0.96521217,0.0061059184,0.0049170754,0.0032229922,0.0020858673
/home/yogesh.patel/execution/25_9_2026_PRD_work/OCT2017_Test/test/DME/DME-7650134-1.jpeg,1,DME,DME,DME,True,0.004051341,0.011954547,0.0059930105,0.9674517,0.0039793747,0.0017511362,0.0033728804,0.0014460657
/home/yogesh.patel/execution/25_9_2026_PRD_work/OCT2017_Test/test/DME/DME-7650134-2.jpeg,1,DME,DME,DME,True,0.005875275,0.004046695,0.00722961,0.9667859,0.004697421,0.0040376764,0.0055019674,0.0018254553
/home/yogesh.patel/execution/25_9_2026_PRD_work/OCT2017_Test/test/DME/DME-7706610-1.jpeg,1,DME,DME,DME,True,0.0022728615,0.0072618523,0.006570834,0.97812986,0.0015861207,0.0012354117,0.0017610913,0.0011819686
/home/yogesh.patel/execution/25_9_2026_PRD_work/OCT2017_Test/test/DME/DME-7706610-2.jpeg,1,DME,DME,DME,True,0.0045542563,0.0068099643,0.00637982,0.9670981,0.0024522033,0.0021226888,0.007856702,0.0027262364
/home/yogesh.patel/execution/25_9_2026_PRD_work/OCT2017_Test/test/DME/DME-7706610-3.jpeg,1,DME,DME,DME,True,0.003165522,0.0030738134,0.0041523525,0.9743518,0.0022090087,0.0028881961,0.003828907,0.0063303853
/home/yogesh.patel/execution/25_9_2026_PRD_work/OCT2017_Test/test/DME/DME-7756213-1.jpeg,1,DME,DME,DME,True,0.0025796543,0.004819824,0.0025761928,0.9789154,0.0023338986,0.0010539703,0.0033483275,0.0043728314
/home/yogesh.patel/execution/25_9_2026_PRD_work/OCT2017_Test/test/DME/DME-7757895-1.jpeg,1,DME,DME,DME,True,0.004886285,0.0025761118,0.005385316,0.9748252,0.0045343894,0.0021484331,0.0026221878,0.0030220312
/home/yogesh.patel/execution/25_9_2026_PRD_work/OCT2017_Test/test/DME/DME-7763916-1.jpeg,1,DME,DME,DME,True,0.0030643654,0.009901977,0.005143981,0.9634049,0.005398239,0.0014250895,0.0049412814,0.0067201615
/home/yogesh.patel/execution/25_9_2026_PRD_work/OCT2017_Test/test/DME/DME-7780589-1.jpeg,1,DME,DME,DME,True,0.0065486794,0.003611375,0.010130635,0.9569083,0.010357253,0.003933729,0.0062957346,0.002214332
/home/yogesh.patel/execution/25_9_2026_PRD_work/OCT2017_Test/test/DME/DME-778975-1.jpeg,1,DME,DME,DME,True,0.0035488144,0.010608513,0.004122822,0.9653286,0.0065428554,0.0058212066,0.0020126505,0.002014539
/home/yogesh.patel/execution/25_9_2026_PRD_work/OCT2017_Test/test/DME/DME-778975-2.jpeg,1,DME,DME,DME,True,0.0049209082,0.003354773,0.0056530056,0.9743808,0.0044736145,0.003263306,0.0024191882,0.0015343633
/home/yogesh.patel/execution/25_9_2026_PRD_work/OCT2017_Test/test/DME/DME-7793366-1.jpeg,1,DME,DME,DME,True,0.003965399,0.004230911,0.0075820833,0.9634574,0.0042040464,0.009683127,0.003961347,0.00291565
/home/yogesh.patel/execution/25_9_2026_PRD_work/OCT2017_Test/test/DME/DME-7837305-1.jpeg,1,DME,DME,DME,True,0.0028263815,0.005921517,0.0043828757,0.9771688,0.0023978315,0.001166274,0.0032999911,0.0028364442
/home/yogesh.patel/execution/25_9_2026_PRD_work/OCT2017_Test/test/DME/DME-7837305-2.jpeg,1,DME,DME,DME,True,0.0034850761,0.02939028,0.005219534,0.9433734,0.0029523154,0.0023150293,0.0053529367,0.007911475
/home/yogesh.patel/execution/25_9_2026_PRD_work/OCT2017_Test/test/DME/DME-7837305-3.jpeg,1,DME,DME,DME,True,0.0055539203,0.0024806426,0.004924179,0.9598855,0.0056622275,0.003861475,0.005343601,0.012288607
/home/yogesh.patel/execution/25_9_2026_PRD_work/OCT2017_Test/test/DME/DME-7837305-4.jpeg,1,DME,DME,DME,True,0.003801238,0.002965226,0.0045051384,0.9728915,0.0026498442,0.0016555234,0.0036891876,0.007842305
/home/yogesh.patel/execution/25_9_2026_PRD_work/OCT2017_Test/test/DME/DME-7837305-5.jpeg,1,DME,DME,DME,True,0.0032867852,0.0030721244,0.0038819995,0.97987217,0.0028155437,0.0012473493,0.0024337943,0.0033903606
/home/yogesh.patel/execution/25_9_2026_PRD_work/OCT2017_Test/test/DME/DME-7843891-1.jpeg,1,DME,CNV,CNV,False,0.006802221,0.5987656,0.017098226,0.33215082,0.020026105,0.0039634323,0.00303057,0.018163044
/home/yogesh.patel/execution/25_9_2026_PRD_work/OCT2017_Test/test/DME/DME-7846574-1.jpeg,1,DME,DME,DME,True,0.0068437974,0.0060033,0.011570852,0.9588248,0.0063010124,0.0049074152,0.0043108864,0.0012379045
/home/yogesh.patel/execution/25_9_2026_PRD_work/OCT2017_Test/test/DME/DME-7870558-1.jpeg,1,DME,DME,DME,True,0.002703984,0.00193183,0.004179773,0.97710073,0.0036273152,0.0028206538,0.0041492116,0.0034866005
/home/yogesh.patel/execution/25_9_2026_PRD_work/OCT2017_Test/test/DME/DME-7870558-2.jpeg,1,DME,DME,DME,True,0.0056740986,0.0031560583,0.006022601,0.9738594,0.0038344832,0.0018862443,0.0032247608,0.0023424115
/home/yogesh.patel/execution/25_9_2026_PRD_work/OCT2017_Test/test/DME/DME-7870558-3.jpeg,1,DME,DME,DME,True,0.0055218255,0.0067519853,0.007844913,0.9664424,0.0041684783,0.0032601976,0.0041190754,0.0018910854
/home/yogesh.patel/execution/25_9_2026_PRD_work/OCT2017_Test/test/DME/DME-7870558-4.jpeg,1,DME,DME,DME,True,0.0051425486,0.0030751505,0.0060464437,0.97395045,0.0033734986,0.0026192642,0.0034508945,0.0023417391
/home/yogesh.patel/execution/25_9_2026_PRD_work/OCT2017_Test/test/DME/DME-7907461-1.jpeg,1,DME,DME,DME,True,0.0027660083,0.0019083499,0.0022777412,0.981093,0.002093698,0.001002587,0.0031001435,0.0057584625
/home/yogesh.patel/execution/25_9_2026_PRD_work/OCT2017_Test/test/DME/DME-7918201-1.jpeg,1,DME,DME,DME,True,0.004139607,0.0012460798,0.0025251436,0.97764814,0.002001676,0.00088596344,0.0023655093,0.009187912
/home/yogesh.patel/execution/25_9_2026_PRD_work/OCT2017_Test/test/DME/DME-7918201-2.jpeg,1,DME,DME,DME,True,0.0055551636,0.0013854402,0.005720252,0.9723307,0.004158059,0.0038186472,0.0043938886,0.002637852
/home/yogesh.patel/execution/25_9_2026_PRD_work/OCT2017_Test/test/DME/DME-7928636-1.jpeg,1,DME,DME,DME,True,0.0021148634,0.006168303,0.003904789,0.97957283,0.0016754775,0.0012698398,0.0030057752,0.0022881262
/home/yogesh.patel/execution/25_9_2026_PRD_work/OCT2017_Test/test/DME/DME-7928636-2.jpeg,1,DME,DME,DME,True,0.0031403638,0.011680064,0.005584426,0.9716451,0.0019315749,0.0017573517,0.0027086737,0.0015523416
/home/yogesh.patel/execution/25_9_2026_PRD_work/OCT2017_Test/test/DME/DME-7934335-1.jpeg,1,DME,DME,DME,True,0.0068351915,0.0173269,0.0068043857,0.95104307,0.0049130516,0.0042446316,0.0059917723,0.0028409096
/home/yogesh.patel/execution/25_9_2026_PRD_work/OCT2017_Test/test/DME/DME-7939555-1.jpeg,1,DME,DME,DME,True,0.004099692,0.0029479705,0.0066506,0.9681768,0.005078484,0.004229441,0.0050989874,0.0037180963
/home/yogesh.patel/execution/25_9_2026_PRD_work/OCT2017_Test/test/DME/DME-7939555-2.jpeg,1,DME,DME,DME,True,0.006507981,0.005110421,0.0070612915,0.96178335,0.0066861054,0.004243953,0.005367367,0.00323958
/home/yogesh.patel/execution/25_9_2026_PRD_work/OCT2017_Test/test/DME/DME-7939555-3.jpeg,1,DME,DME,DME,True,0.0044349255,0.0032466731,0.0060175746,0.9720167,0.0034318103,0.002319901,0.0051816986,0.00335082
/home/yogesh.patel/execution/25_9_2026_PRD_work/OCT2017_Test/test/DME/DME-7939555-4.jpeg,1,DME,DME,DME,True,0.0067059235,0.0022898284,0.0066531193,0.96382815,0.0063038273,0.0049429173,0.0046022045,0.0046740146
/home/yogesh.patel/execution/25_9_2026_PRD_work/OCT2017_Test/test/DME/DME-7939555-5.jpeg,1,DME,DME,DME,True,0.0050591487,0.0037875343,0.005729545,0.96169347,0.005483814,0.0038956513,0.007701633,0.00664933
/home/yogesh.patel/execution/25_9_2026_PRD_work/OCT2017_Test/test/DME/DME-7972888-1.jpeg,1,DME,DME,DME,True,0.005690253,0.0037008575,0.00527513,0.96899754,0.0053133764,0.003823652,0.004482007,0.0027171646
/home/yogesh.patel/execution/25_9_2026_PRD_work/OCT2017_Test/test/DME/DME-7983936-1.jpeg,1,DME,DME,DME,True,0.0024519605,0.014895689,0.0063739247,0.9663874,0.0022891453,0.0014865199,0.0038063803,0.0023089757
/home/yogesh.patel/execution/25_9_2026_PRD_work/OCT2017_Test/test/DME/DME-7990001-1.jpeg,1,DME,DME,DME,True,0.008927861,0.018685553,0.007977182,0.9378026,0.008343562,0.011809028,0.0040371674,0.0024169285
/home/yogesh.patel/execution/25_9_2026_PRD_work/OCT2017_Test/test/DME/DME-8000885-1.jpeg,1,DME,DME,DME,True,0.0042344485,0.0056608547,0.0048254966,0.96723473,0.005535718,0.0038068392,0.0054550054,0.0032470033
/home/yogesh.patel/execution/25_9_2026_PRD_work/OCT2017_Test/test/DME/DME-8019418-1.jpeg,1,DME,DME,DME,True,0.004877523,0.004371206,0.0064763143,0.97160566,0.0035971925,0.0027459573,0.004319229,0.0020069957
/home/yogesh.patel/execution/25_9_2026_PRD_work/OCT2017_Test/test/DME/DME-8019418-2.jpeg,1,DME,DME,DME,True,0.006057417,0.004332357,0.007802085,0.9664012,0.0054344772,0.003478933,0.0043960577,0.0020974178
/home/yogesh.patel/execution/25_9_2026_PRD_work/OCT2017_Test/test/DME/DME-8019418-3.jpeg,1,DME,DME,DME,True,0.0050230706,0.0031080327,0.0073172604,0.9723025,0.004988615,0.0030154497,0.0027189278,0.0015261675
/home/yogesh.patel/execution/25_9_2026_PRD_work/OCT2017_Test/test/DME/DME-8019418-4.jpeg,1,DME,DME,DME,True,0.0031307065,0.0033893792,0.004093924,0.97753394,0.0029747637,0.0029195505,0.0032559517,0.0027017486
/home/yogesh.patel/execution/25_9_2026_PRD_work/OCT2017_Test/test/DME/DME-8021831-1.jpeg,1,DME,DME,DME,True,0.004045768,0.0051754527,0.0065808827,0.9725214,0.0049675466,0.00153593,0.0029132809,0.0022597096
/home/yogesh.patel/execution/25_9_2026_PRD_work/OCT2017_Test/test/DME/DME-8056259-1.jpeg,1,DME,DME,DME,True,0.003718326,0.007819923,0.003619097,0.9488019,0.002468111,0.0067701065,0.019239297,0.0075632418
/home/yogesh.patel/execution/25_9_2026_PRD_work/OCT2017_Test/test/DME/DME-8080050-1.jpeg,1,DME,DME,DME,True,0.0060680322,0.20112023,0.012028811,0.7481581,0.009256143,0.0040549915,0.0073365625,0.011977158
/home/yogesh.patel/execution/25_9_2026_PRD_work/OCT2017_Test/test/DME/DME-8130267-1.jpeg,1,DME,DME,DME,True,0.00746131,0.005954842,0.009359351,0.95337236,0.0061891596,0.010791349,0.0049537555,0.0019178581
/home/yogesh.patel/execution/25_9_2026_PRD_work/OCT2017_Test/test/DME/DME-8136649-1.jpeg,1,DME,DME,DME,True,0.0031039543,0.0037918936,0.0044655246,0.9775804,0.0022739777,0.0018211784,0.003896297,0.0030666923
/home/yogesh.patel/execution/25_9_2026_PRD_work/OCT2017_Test/test/DME/DME-8167779-1.jpeg,1,DME,DME,DME,True,0.0041214586,0.004884645,0.004066215,0.9775878,0.0026791794,0.0017322242,0.002605371,0.0023230475
/home/yogesh.patel/execution/25_9_2026_PRD_work/OCT2017_Test/test/DME/DME-8177380-1.jpeg,1,DME,DME,DME,True,0.0043024193,0.0025298288,0.0048822314,0.97425485,0.0041644024,0.00131332,0.00552263,0.0030303565
/home/yogesh.patel/execution/25_9_2026_PRD_work/OCT2017_Test/test/DME/DME-8177380-2.jpeg,1,DME,DME,DME,True,0.004923074,0.0041168225,0.005873981,0.9731943,0.004501902,0.001774936,0.003504306,0.0021105672
/home/yogesh.patel/execution/25_9_2026_PRD_work/OCT2017_Test/test/DME/DME-8177380-3.jpeg,1,DME,DME,DME,True,0.0035805209,0.0024089704,0.0036308793,0.9812944,0.0031965866,0.0011531782,0.0024564336,0.0022789715
/home/yogesh.patel/execution/25_9_2026_PRD_work/OCT2017_Test/test/DME/DME-8200056-1.jpeg,1,DME,DME,DME,True,0.004616881,0.0024785085,0.0037294268,0.97842795,0.0024258147,0.0015720037,0.0027122623,0.004037197
/home/yogesh.patel/execution/25_9_2026_PRD_work/OCT2017_Test/test/DME/DME-8200056-2.jpeg,1,DME,DME,DME,True,0.0056544947,0.0053399764,0.005718508,0.9667614,0.0053914418,0.0038199646,0.0032162375,0.004097974
/home/yogesh.patel/execution/25_9_2026_PRD_work/OCT2017_Test/test/DME/DME-8200056-3.jpeg,1,DME,DME,DME,True,0.0050030905,0.0039104433,0.004879819,0.9732703,0.0025080869,0.0024320276,0.0027124498,0.00528378
/home/yogesh.patel/execution/25_9_2026_PRD_work/OCT2017_Test/test/DME/DME-8218042-1.jpeg,1,DME,DME,DME,True,0.0051582674,0.0053972057,0.0064048734,0.9701231,0.0049462,0.0024273484,0.004022734,0.0015201531
/home/yogesh.patel/execution/25_9_2026_PRD_work/OCT2017_Test/test/DME/DME-8231523-1.jpeg,1,DME,DME,DME,True,0.008127359,0.022445666,0.009285936,0.941034,0.007845989,0.0029297527,0.0064237085,0.0019075703
/home/yogesh.patel/execution/25_9_2026_PRD_work/OCT2017_Test/test/DME/DME-82328-1.jpeg,1,DME,DME,DME,True,0.0056290342,0.0036755553,0.0077452436,0.96877104,0.00505888,0.0027283675,0.003982196,0.002409603
/home/yogesh.patel/execution/25_9_2026_PRD_work/OCT2017_Test/test/DME/DME-8366524-1.jpeg,1,DME,DME,DME,True,0.003195545,0.008919234,0.0041413014,0.9483441,0.0030210842,0.0036944088,0.0042183627,0.024465976
/home/yogesh.patel/execution/25_9_2026_PRD_work/OCT2017_Test/test/DME/DME-8366524-2.jpeg,1,DME,DME,DME,True,0.0026697698,0.0032771481,0.0025042987,0.98371005,0.002568112,0.00067707413,0.0014342349,0.0031593966
/home/yogesh.patel/execution/25_9_2026_PRD_work/OCT2017_Test/test/DME/DME-8426419-1.jpeg,1,DME,DME,DME,True,0.0056715184,0.033910237,0.008364031,0.93441886,0.008187216,0.0045707626,0.003450737,0.001426701
/home/yogesh.patel/execution/25_9_2026_PRD_work/OCT2017_Test/test/DME/DME-8426419-2.jpeg,1,DME,DME,DME,True,0.0041232132,0.0076300516,0.0055699227,0.96998334,0.002805942,0.0042085364,0.0036571873,0.0020217276
/home/yogesh.patel/execution/25_9_2026_PRD_work/OCT2017_Test/test/DME/DME-8457431-1.jpeg,1,DME,DME,DME,True,0.008270358,0.0125923,0.008403276,0.95293826,0.008748168,0.0044758576,0.0028416156,0.001730087
/home/yogesh.patel/execution/25_9_2026_PRD_work/OCT2017_Test/test/DME/DME-8469406-1.jpeg,1,DME,DME,DME,True,0.0057611302,0.006161035,0.0041307826,0.97345126,0.0028447395,0.001054788,0.0018930604,0.0047031627
/home/yogesh.patel/execution/25_9_2026_PRD_work/OCT2017_Test/test/DME/DME-8472707-1.jpeg,1,DME,DME,DME,True,0.0065745413,0.004018473,0.0048529296,0.9767423,0.0023729599,0.0010732341,0.00204364,0.0023218454
/home/yogesh.patel/execution/25_9_2026_PRD_work/OCT2017_Test/test/DME/DME-8477096-1.jpeg,1,DME,DME,DME,True,0.011796831,0.021864722,0.010025442,0.9378899,0.007254553,0.0028472543,0.0067710434,0.0015502975
/home/yogesh.patel/execution/25_9_2026_PRD_work/OCT2017_Test/test/DME/DME-8525575-1.jpeg,1,DME,DME,DME,True,0.0048285327,0.009798221,0.007723556,0.96382916,0.0041056266,0.0018101395,0.00534254,0.0025622665
/home/yogesh.patel/execution/25_9_2026_PRD_work/OCT2017_Test/test/DME/DME-8525575-2.jpeg,1,DME,DME,DME,True,0.00533143,0.014440469,0.0068508056,0.9506814,0.0034723822,0.0017943139,0.0038260901,0.013603096
/home/yogesh.patel/execution/25_9_2026_PRD_work/OCT2017_Test/test/DME/DME-8525575-3.jpeg,1,DME,DME,DME,True,0.0033544176,0.002784312,0.0041230675,0.9775612,0.0023529797,0.0014311525,0.0058629457,0.0025300065
/home/yogesh.patel/execution/25_9_2026_PRD_work/OCT2017_Test/test/DME/DME-8525575-4.jpeg,1,DME,DME,DME,True,0.0035413248,0.0026311395,0.0050933887,0.97659177,0.0024817889,0.0027217495,0.0043633706,0.0025754964
/home/yogesh.patel/execution/25_9_2026_PRD_work/OCT2017_Test/test/DME/DME-8525575-5.jpeg,1,DME,DME,DME,True,0.004742026,0.013806032,0.006617602,0.95818007,0.0060372264,0.0035423988,0.0053655026,0.0017091786
/home/yogesh.patel/execution/25_9_2026_PRD_work/OCT2017_Test/test/DME/DME-8525575-6.jpeg,1,DME,DME,DME,True,0.002589075,0.004760182,0.0035626492,0.978624,0.0016783822,0.0023803578,0.0044825054,0.001922864
/home/yogesh.patel/execution/25_9_2026_PRD_work/OCT2017_Test/test/DME/DME-8525575-7.jpeg,1,DME,DME,DME,True,0.0035756717,0.019042961,0.005871437,0.9568734,0.006516578,0.0022456285,0.0040470925,0.0018272474
/home/yogesh.patel/execution/25_9_2026_PRD_work/OCT2017_Test/test/DME/DME-8525575-8.jpeg,1,DME,DME,DME,True,0.002776908,0.0031932888,0.0032878798,0.9802288,0.0024980532,0.0011385366,0.0026600375,0.004216472
/home/yogesh.patel/execution/25_9_2026_PRD_work/OCT2017_Test/test/DME/DME-8589279-1.jpeg,1,DME,DME,DME,True,0.008872125,0.026785957,0.009859314,0.93673927,0.005797481,0.00572121,0.0043673855,0.0018572748
/home/yogesh.patel/execution/25_9_2026_PRD_work/OCT2017_Test/test/DME/DME-8602716-1.jpeg,1,DME,DME,DME,True,0.0043368647,0.0037671647,0.00568206,0.9639767,0.009803722,0.0045079165,0.004066152,0.0038593868
/home/yogesh.patel/execution/25_9_2026_PRD_work/OCT2017_Test/test/DME/DME-8602716-2.jpeg,1,DME,DME,DME,True,0.004231092,0.03399546,0.007086844,0.9444725,0.003574711,0.0015215344,0.0037438967,0.0013739994
/home/yogesh.patel/execution/25_9_2026_PRD_work/OCT2017_Test/test/DME/DME-8602716-3.jpeg,1,DME,DME,DME,True,0.0036213745,0.004843726,0.0051775044,0.97525024,0.002691213,0.0027710013,0.0031081457,0.002536872
/home/yogesh.patel/execution/25_9_2026_PRD_work/OCT2017_Test/test/DME/DME-8602716-4.jpeg,1,DME,DME,DME,True,0.00667115,0.012485584,0.00847943,0.9583809,0.004306506,0.0031977938,0.0050202087,0.0014583713
/home/yogesh.patel/execution/25_9_2026_PRD_work/OCT2017_Test/test/DME/DME-8615417-1.jpeg,1,DME,DME,DME,True,0.010592972,0.0054688402,0.010183033,0.9507721,0.008051625,0.005840234,0.006721754,0.0023695643
/home/yogesh.patel/execution/25_9_2026_PRD_work/OCT2017_Test/test/DME/DME-8615417-2.jpeg,1,DME,DME,DME,True,0.004166299,0.013664803,0.0060072946,0.9586332,0.006096861,0.006121219,0.0032878194,0.002022553
/home/yogesh.patel/execution/25_9_2026_PRD_work/OCT2017_Test/test/DME/DME-8635355-1.jpeg,1,DME,DME,DME,True,0.006294258,0.009827034,0.00817472,0.95655835,0.006097477,0.006851506,0.0045051593,0.0016914941
/home/yogesh.patel/execution/25_9_2026_PRD_work/OCT2017_Test/test/DME/DME-8635355-2.jpeg,1,DME,DME,DME,True,0.0046083797,0.010968103,0.008281058,0.95951533,0.0071199522,0.004490971,0.0035137096,0.0015024883
/home/yogesh.patel/execution/25_9_2026_PRD_work/OCT2017_Test/test/DME/DME-8729675-1.jpeg,1,DME,DME,DME,True,0.0030727647,0.003392253,0.004168905,0.976947,0.0016956276,0.0017295687,0.004430811,0.0045631127
/home/yogesh.patel/execution/25_9_2026_PRD_work/OCT2017_Test/test/DME/DME-8729675-2.jpeg,1,DME,DME,DME,True,0.01904575,0.014389418,0.017822001,0.8133601,0.020835027,0.015141854,0.055792514,0.043613322
/home/yogesh.patel/execution/25_9_2026_PRD_work/OCT2017_Test/test/DME/DME-8732456-1.jpeg,1,DME,DME,DME,True,0.012718701,0.06485582,0.015412018,0.81371504,0.0118003795,0.067850195,0.011404046,0.002243718
/home/yogesh.patel/execution/25_9_2026_PRD_work/OCT2017_Test/test/DME/DME-8766603-1.jpeg,1,DME,DME,DME,True,0.005762963,0.008049851,0.0072404803,0.96495736,0.0054746084,0.0026189552,0.004010244,0.0018856181
/home/yogesh.patel/execution/25_9_2026_PRD_work/OCT2017_Test/test/DME/DME-8807486-1.jpeg,1,DME,DME,DME,True,0.0070581133,0.013821469,0.010136637,0.9544884,0.005226193,0.002460246,0.0053291055,0.0014798533
/home/yogesh.patel/execution/25_9_2026_PRD_work/OCT2017_Test/test/DME/DME-8847144-1.jpeg,1,DME,DME,DME,True,0.0035107746,0.0059613483,0.005377205,0.96541804,0.0039868923,0.004786016,0.006189656,0.0047700726
/home/yogesh.patel/execution/25_9_2026_PRD_work/OCT2017_Test/test/DME/DME-8851193-1.jpeg,1,DME,DME,DME,True,0.004740674,0.0059731174,0.007151251,0.96789753,0.0060795923,0.002527882,0.0037065528,0.0019233221
/home/yogesh.patel/execution/25_9_2026_PRD_work/OCT2017_Test/test/DME/DME-8861620-1.jpeg,1,DME,DME,DME,True,0.008784795,0.00593984,0.009568053,0.9558568,0.007849372,0.004865039,0.0053333393,0.0018027825
/home/yogesh.patel/execution/25_9_2026_PRD_work/OCT2017_Test/test/DME/DME-8861620-2.jpeg,1,DME,DME,DME,True,0.005716816,0.0015926227,0.007768029,0.9606224,0.005105039,0.008323032,0.0072459457,0.0036262462
/home/yogesh.patel/execution/25_9_2026_PRD_work/OCT2017_Test/test/DME/DME-8861620-3.jpeg,1,DME,DME,DME,True,0.0067429254,0.0026113489,0.0068677617,0.9656276,0.0052606813,0.005171102,0.0051386855,0.002579732
/home/yogesh.patel/execution/25_9_2026_PRD_work/OCT2017_Test/test/DME/DME-8889771-1.jpeg,1,DME,DME,DME,True,0.0045336853,0.0020503663,0.0060912906,0.9711481,0.0033163852,0.003063971,0.0060484745,0.0037476707
/home/yogesh.patel/execution/25_9_2026_PRD_work/OCT2017_Test/test/DME/DME-8889771-2.jpeg,1,DME,DME,DME,True,0.0041626655,0.00615007,0.0041932994,0.97354656,0.004832416,0.0017368051,0.0028343196,0.002543771
/home/yogesh.patel/execution/25_9_2026_PRD_work/OCT2017_Test/test/DME/DME-8889771-3.jpeg,1,DME,DME,DME,True,0.008891356,0.20336762,0.019447802,0.734296,0.013531213,0.007433318,0.011203331,0.0018292965
/home/yogesh.patel/execution/25_9_2026_PRD_work/OCT2017_Test/test/DME/DME-8889771-4.jpeg,1,DME,DME,DME,True,0.0043083117,0.003944041,0.005380166,0.9742484,0.0054727914,0.0015984658,0.002822356,0.0022253983
/home/yogesh.patel/execution/25_9_2026_PRD_work/OCT2017_Test/test/DME/DME-8908847-1.jpeg,1,DME,DME,DME,True,0.005517983,0.0031804973,0.005889119,0.9735868,0.0032861955,0.0019310596,0.0039420696,0.0026662135
/home/yogesh.patel/execution/25_9_2026_PRD_work/OCT2017_Test/test/DME/DME-8989419-1.jpeg,1,DME,DME,DME,True,0.006450912,0.0027499252,0.0075071664,0.9649791,0.007416786,0.0066494048,0.0025080678,0.0017386435
/home/yogesh.patel/execution/25_9_2026_PRD_work/OCT2017_Test/test/DME/DME-9066695-1.jpeg,1,DME,DME,DME,True,0.005076983,0.0024813742,0.0067145405,0.96973395,0.0055659926,0.0034857455,0.0045479434,0.0023933807
/home/yogesh.patel/execution/25_9_2026_PRD_work/OCT2017_Test/test/DME/DME-9109143-1.jpeg,1,DME,DME,DME,True,0.009611491,0.011560446,0.009635148,0.9554415,0.0051368633,0.0026101337,0.0042690593,0.0017353903
/home/yogesh.patel/execution/25_9_2026_PRD_work/OCT2017_Test/test/DME/DME-910956-1.jpeg,1,DME,DME,DME,True,0.005929445,0.002720376,0.0062409975,0.9703621,0.004143002,0.0030567464,0.004477797,0.0030695312
/home/yogesh.patel/execution/25_9_2026_PRD_work/OCT2017_Test/test/DME/DME-9211360-1.jpeg,1,DME,DME,DME,True,0.00438075,0.011374,0.006976965,0.95918643,0.0035606043,0.0034145848,0.006360786,0.0047459356
/home/yogesh.patel/execution/25_9_2026_PRD_work/OCT2017_Test/test/DME/DME-9211360-2.jpeg,1,DME,DME,DME,True,0.006972056,0.11471224,0.011976933,0.84338,0.013404327,0.0035598914,0.0035103066,0.0024841786
/home/yogesh.patel/execution/25_9_2026_PRD_work/OCT2017_Test/test/DME/DME-9241179-1.jpeg,1,DME,DME,DME,True,0.0020793674,0.00288276,0.0030616561,0.98161685,0.0011144995,0.0012242678,0.0030909132,0.004929665
/home/yogesh.patel/execution/25_9_2026_PRD_work/OCT2017_Test/test/DME/DME-9333524-1.jpeg,1,DME,DME,DME,True,0.011189151,0.02351288,0.013659017,0.82226384,0.009529171,0.10842462,0.0076017096,0.0038196575
/home/yogesh.patel/execution/25_9_2026_PRD_work/OCT2017_Test/test/DME/DME-9361825-1.jpeg,1,DME,DME,DME,True,0.0041842484,0.004181761,0.0037517892,0.97669137,0.0033113593,0.0020583272,0.0017722553,0.004048887
/home/yogesh.patel/execution/25_9_2026_PRD_work/OCT2017_Test/test/DME/DME-9378346-1.jpeg,1,DME,DME,DME,True,0.010381688,0.03045589,0.0072021633,0.9081971,0.033315785,0.0057595717,0.0031677522,0.0015200715
/home/yogesh.patel/execution/25_9_2026_PRD_work/OCT2017_Test/test/DME/DME-9378346-2.jpeg,1,DME,DME,DME,True,0.011936881,0.036101475,0.005139034,0.8789508,0.058134865,0.004122849,0.002750871,0.002863204
/home/yogesh.patel/execution/25_9_2026_PRD_work/OCT2017_Test/test/DME/DME-9378346-3.jpeg,1,DME,DME,DME,True,0.006226348,0.0066155144,0.0071020415,0.94606787,0.024533587,0.004741167,0.002476818,0.002236701
/home/yogesh.patel/execution/25_9_2026_PRD_work/OCT2017_Test/test/DME/DME-9428363-1.jpeg,1,DME,DME,DME,True,0.0042331684,0.006510567,0.004218962,0.9576766,0.0030605225,0.0036953317,0.0059863976,0.014618478
/home/yogesh.patel/execution/25_9_2026_PRD_work/OCT2017_Test/test/DME/DME-9488073-1.jpeg,1,DME,DME,DME,True,0.002715784,0.0016649952,0.002815303,0.9764801,0.0032986312,0.0023559374,0.005968653,0.0047005066
/home/yogesh.patel/execution/25_9_2026_PRD_work/OCT2017_Test/test/DME/DME-9488073-2.jpeg,1,DME,DME,DME,True,0.0045977575,0.0027035538,0.0059497813,0.9738834,0.004966824,0.002220003,0.003829249,0.0018494377
/home/yogesh.patel/execution/25_9_2026_PRD_work/OCT2017_Test/test/DME/DME-9504297-1.jpeg,1,DME,DME,DME,True,0.0047236527,0.0106921615,0.0071113594,0.95784795,0.008271715,0.0048426585,0.004625756,0.001884738
/home/yogesh.patel/execution/25_9_2026_PRD_work/OCT2017_Test/test/DME/DME-9557298-1.jpeg,1,DME,DME,DME,True,0.0011243154,0.0026948892,0.0016917294,0.9825434,0.0015358581,0.0021745386,0.0024833053,0.0057519786
/home/yogesh.patel/execution/25_9_2026_PRD_work/OCT2017_Test/test/DME/DME-9579219-1.jpeg,1,DME,DME,DME,True,0.014598384,0.14252587,0.02530162,0.78273284,0.019160517,0.006370325,0.008029175,0.0012813003
/home/yogesh.patel/execution/25_9_2026_PRD_work/OCT2017_Test/test/DME/DME-98994-1.jpeg,1,DME,DME,DME,True,0.00651714,0.004438797,0.007134636,0.9665599,0.0049075144,0.0041304748,0.0033092997,0.0030022403
/home/yogesh.patel/execution/25_9_2026_PRD_work/OCT2017_Test/test/DME/DME-98994-2.jpeg,1,DME,DME,DME,True,0.0024036863,0.0014264348,0.0035743935,0.9827062,0.0021006262,0.0024177947,0.0033236956,0.0020470887
/home/yogesh.patel/execution/25_9_2026_PRD_work/OCT2017_Test/test/DRUSEN/DRUSEN-1083159-1.jpeg,2,DRUSEN,DRUSEN,DRUSEN,True,0.0081417905,0.004392504,0.008819977,0.013560578,0.0073261904,0.95324636,0.0026830744,0.0018295547
/home/yogesh.patel/execution/25_9_2026_PRD_work/OCT2017_Test/test/DRUSEN/DRUSEN-1112835-1.jpeg,2,DRUSEN,DRUSEN,DRUSEN,True,0.015951343,0.074652515,0.020531861,0.011731615,0.0068767876,0.8603805,0.0049672346,0.0049081543
/home/yogesh.patel/execution/25_9_2026_PRD_work/OCT2017_Test/test/DRUSEN/DRUSEN-1173253-1.jpeg,2,DRUSEN,DRUSEN,DRUSEN,True,0.010324796,0.05802178,0.009842766,0.009916545,0.010966073,0.8943572,0.0024898173,0.0040809857
/home/yogesh.patel/execution/25_9_2026_PRD_work/OCT2017_Test/test/DRUSEN/DRUSEN-1193659-1.jpeg,2,DRUSEN,DRUSEN,DRUSEN,True,0.0071582114,0.04858973,0.0081065595,0.004754141,0.0051182704,0.91946524,0.0041467524,0.0026610137
/home/yogesh.patel/execution/25_9_2026_PRD_work/OCT2017_Test/test/DRUSEN/DRUSEN-1219727-1.jpeg,2,DRUSEN,DRUSEN,DRUSEN,True,0.008070185,0.006454861,0.009723942,0.012310826,0.009676956,0.948833,0.002246633,0.002683571
/home/yogesh.patel/execution/25_9_2026_PRD_work/OCT2017_Test/test/DRUSEN/DRUSEN-1225603-1.jpeg,2,DRUSEN,DRUSEN,DRUSEN,True,0.013623878,0.00355291,0.009099683,0.009510447,0.005564193,0.9521792,0.0032451644,0.0032246166
/home/yogesh.patel/execution/25_9_2026_PRD_work/OCT2017_Test/test/DRUSEN/DRUSEN-1225603-2.jpeg,2,DRUSEN,DRUSEN,DRUSEN,True,0.009250081,0.002905553,0.006662708,0.0053188954,0.0058676326,0.964631,0.0023831022,0.002980992
/home/yogesh.patel/execution/25_9_2026_PRD_work/OCT2017_Test/test/DRUSEN/DRUSEN-1237848-1.jpeg,2,DRUSEN,DRUSEN,DRUSEN,True,0.0074619125,0.0037539054,0.008949082,0.0075666197,0.008000378,0.9587227,0.0019158031,0.0036294286
/home/yogesh.patel/execution/25_9_2026_PRD_work/OCT2017_Test/test/DRUSEN/DRUSEN-1237848-2.jpeg,2,DRUSEN,DRUSEN,DRUSEN,True,0.009129856,0.0020734826,0.0071522603,0.012668095,0.0061455364,0.9575621,0.0026768516,0.002591825
/home/yogesh.patel/execution/25_9_2026_PRD_work/OCT2017_Test/test/DRUSEN/DRUSEN-1237848-3.jpeg,2,DRUSEN,DRUSEN,DRUSEN,True,0.009430412,0.001678949,0.009346652,0.008776838,0.0056328136,0.95911604,0.0021052614,0.0039129956
/home/yogesh.patel/execution/25_9_2026_PRD_work/OCT2017_Test/test/DRUSEN/DRUSEN-1246453-1.jpeg,2,DRUSEN,DRUSEN,DRUSEN,True,0.01321192,0.0636721,0.011846951,0.009684907,0.00612514,0.88418466,0.006813783,0.0044605285
/home/yogesh.patel/execution/25_9_2026_PRD_work/OCT2017_Test/test/DRUSEN/DRUSEN-1487749-1.jpeg,2,DRUSEN,DRUSEN,DRUSEN,True,0.009078066,0.0029752464,0.007806327,0.009336287,0.0061420873,0.9602789,0.0018189648,0.002564001
/home/yogesh.patel/execution/25_9_2026_PRD_work/OCT2017_Test/test/DRUSEN/DRUSEN-1487749-2.jpeg,2,DRUSEN,DRUSEN,DRUSEN,True,0.012279196,0.0068753967,0.012062578,0.012630688,0.0075963726,0.9426839,0.003845295,0.0020267474
/home/yogesh.patel/execution/25_9_2026_PRD_work/OCT2017_Test/test/DRUSEN/DRUSEN-1487749-3.jpeg,2,DRUSEN,DRUSEN,DRUSEN,True,0.010761777,0.0070375483,0.011122469,0.009167928,0.0076370304,0.9485704,0.0030453645,0.0026575178
/home/yogesh.patel/execution/25_9_2026_PRD_work/OCT2017_Test/test/DRUSEN/DRUSEN-1487749-4.jpeg,2,DRUSEN,DRUSEN,DRUSEN,True,0.011123258,0.004822125,0.009512504,0.015934212,0.0082091205,0.9455626,0.0025877238,0.0022483778
/home/yogesh.patel/execution/25_9_2026_PRD_work/OCT2017_Test/test/DRUSEN/DRUSEN-1530990-1.jpeg,2,DRUSEN,DRUSEN,DRUSEN,True,0.017791856,0.024475051,0.013458441,0.021469934,0.0054178974,0.90861773,0.004957091,0.0038119468
/home/yogesh.patel/execution/25_9_2026_PRD_work/OCT2017_Test/test/DRUSEN/DRUSEN-1730592-1.jpeg,2,DRUSEN,DRUSEN,DRUSEN,True,0.009927506,0.011293969,0.010214491,0.009612795,0.008200066,0.94514245,0.0033882423,0.002220479
/home/yogesh.patel/execution/25_9_2026_PRD_work/OCT2017_Test/test/DRUSEN/DRUSEN-1786810-1.jpeg,2,DRUSEN,DRUSEN,DRUSEN,True,0.004097851,0.017792018,0.005196651,0.0072263833,0.0069127106,0.95257,0.002898838,0.0033056098
/home/yogesh.patel/execution/25_9_2026_PRD_work/OCT2017_Test/test/DRUSEN/DRUSEN-1786810-2.jpeg,2,DRUSEN,DRUSEN,DRUSEN,True,0.010937573,0.031313207,0.012638354,0.012267241,0.009505524,0.915336,0.0024959946,0.005506165
/home/yogesh.patel/execution/25_9_2026_PRD_work/OCT2017_Test/test/DRUSEN/DRUSEN-1786810-3.jpeg,2,DRUSEN,DRUSEN,DRUSEN,True,0.012605117,0.037599355,0.011004066,0.014800536,0.010311802,0.90591764,0.0028805558,0.0048809876
/home/yogesh.patel/execution/25_9_2026_PRD_work/OCT2017_Test/test/DRUSEN/DRUSEN-1789270-1.jpeg,2,DRUSEN,DRUSEN,DRUSEN,True,0.00712931,0.008613294,0.006084638,0.00872158,0.0061490866,0.95927864,0.0016824506,0.0023410656
/home/yogesh.patel/execution/25_9_2026_PRD_work/OCT2017_Test/test/DRUSEN/DRUSEN-1793499-1.jpeg,2,DRUSEN,DRUSEN,DRUSEN,True,0.011017491,0.025124604,0.010756786,0.02065194,0.01088945,0.91496754,0.0043943133,0.0021977853
/home/yogesh.patel/execution/25_9_2026_PRD_work/OCT2017_Test/test/DRUSEN/DRUSEN-1912508-1.jpeg,2,DRUSEN,DRUSEN,DRUSEN,True,0.00818235,0.0037419323,0.008757312,0.008025191,0.005283217,0.9615372,0.0020298574,0.0024428482
/home/yogesh.patel/execution/25_9_2026_PRD_work/OCT2017_Test/test/DRUSEN/DRUSEN-1997439-1.jpeg,2,DRUSEN,DRUSEN,DRUSEN,True,0.011058306,0.0053017614,0.011037961,0.015588986,0.0076585063,0.9430218,0.0037836842,0.0025489319
/home/yogesh.patel/execution/25_9_2026_PRD_work/OCT2017_Test/test/DRUSEN/DRUSEN-1997439-2.jpeg,2,DRUSEN,DRUSEN,DRUSEN,True,0.009652131,0.0042243022,0.009185685,0.011253592,0.006983946,0.9539157,0.0024479406,0.0023366802
/home/yogesh.patel/execution/25_9_2026_PRD_work/OCT2017_Test/test/DRUSEN/DRUSEN-1997439-3.jpeg,2,DRUSEN,DRUSEN,DRUSEN,True,0.0069220345,0.007901579,0.008869817,0.011530477,0.0076083983,0.95199317,0.002984063,0.0021904656
/home/yogesh.patel/execution/25_9_2026_PRD_work/OCT2017_Test/test/DRUSEN/DRUSEN-1997439-4.jpeg,2,DRUSEN,DRUSEN,DRUSEN,True,0.00790304,0.0041403975,0.007539344,0.009382158,0.007564414,0.95884097,0.0020878178,0.0025418845
/home/yogesh.patel/execution/25_9_2026_PRD_work/OCT2017_Test/test/DRUSEN/DRUSEN-2108193-1.jpeg,2,DRUSEN,DRUSEN,DRUSEN,True,0.012880963,0.016095785,0.008298618,0.008285654,0.0074353614,0.93944913,0.0036393288,0.0039152056
/home/yogesh.patel/execution/25_9_2026_PRD_work/OCT2017_Test/test/DRUSEN/DRUSEN-2108193-2.jpeg,2,DRUSEN,DRUSEN,DRUSEN,True,0.011230311,0.2053174,0.01324286,0.010339421,0.011579714,0.7402399,0.00580675,0.0022436483
/home/yogesh.patel/execution/25_9_2026_PRD_work/OCT2017_Test/test/DRUSEN/DRUSEN-2128644-1.jpeg,2,DRUSEN,DRUSEN,DRUSEN,True,0.007868442,0.007055143,0.008626852,0.0079755355,0.005503584,0.95496374,0.0029117484,0.005094835
/home/yogesh.patel/execution/25_9_2026_PRD_work/OCT2017_Test/test/DRUSEN/DRUSEN-2128644-2.jpeg,2,DRUSEN,DRUSEN,DRUSEN,True,0.008917354,0.017476432,0.00964309,0.007099582,0.006865667,0.94208676,0.0020375063,0.005873592
/home/yogesh.patel/execution/25_9_2026_PRD_work/OCT2017_Test/test/DRUSEN/DRUSEN-2128644-3.jpeg,2,DRUSEN,DRUSEN,DRUSEN,True,0.01720875,0.21391153,0.013064979,0.015807865,0.01564194,0.7165152,0.0048662703,0.0029834404
/home/yogesh.patel/execution/25_9_2026_PRD_work/OCT2017_Test/test/DRUSEN/DRUSEN-2141150-1.jpeg,2,DRUSEN,DRUSEN,DRUSEN,True,0.013629345,0.0067820214,0.011463915,0.010295374,0.0060838307,0.94345254,0.0039073494,0.004385579
/home/yogesh.patel/execution/25_9_2026_PRD_work/OCT2017_Test/test/DRUSEN/DRUSEN-2156263-1.jpeg,2,DRUSEN,DRUSEN,DRUSEN,True,0.009022169,0.018462237,0.008951817,0.012655993,0.012332906,0.9350817,0.001619444,0.0018736784
/home/yogesh.patel/execution/25_9_2026_PRD_work/OCT2017_Test/test/DRUSEN/DRUSEN-2173657-1.jpeg,2,DRUSEN,DRUSEN,DRUSEN,True,0.007967902,0.002526372,0.007975203,0.010305932,0.0069680335,0.9590852,0.0019019981,0.0032693434
/home/yogesh.patel/execution/25_9_2026_PRD_work/OCT2017_Test/test/DRUSEN/DRUSEN-2180220-1.jpeg,2,DRUSEN,DRUSEN,DRUSEN,True,0.008034071,0.0034200854,0.0075254156,0.012142667,0.0062434752,0.95848125,0.0020136558,0.0021393409
/home/yogesh.patel/execution/25_9_2026_PRD_work/OCT2017_Test/test/DRUSEN/DRUSEN-2185112-1.jpeg,2,DRUSEN,DRUSEN,DRUSEN,True,0.008220421,0.0028757195,0.010805911,0.005958648,0.006732043,0.9585343,0.0015698939,0.0053031445
/home/yogesh.patel/execution/25_9_2026_PRD_work/OCT2017_Test/test/DRUSEN/DRUSEN-2185112-2.jpeg,2,DRUSEN,DRUSEN,DRUSEN,True,0.0031846778,0.002613066,0.01087689,0.0041994117,0.0076771462,0.954739,0.0011943204,0.015515428
/home/yogesh.patel/execution/25_9_2026_PRD_work/OCT2017_Test/test/DRUSEN/DRUSEN-2232211-1.jpeg,2,DRUSEN,DRUSEN,DRUSEN,True,0.008750871,0.007166491,0.007813939,0.01789121,0.0056541725,0.94666505,0.0032763495,0.002781936
/home/yogesh.patel/execution/25_9_2026_PRD_work/OCT2017_Test/test/DRUSEN/DRUSEN-2253582-1.jpeg,2,DRUSEN,DRUSEN,DRUSEN,True,0.020872224,0.085262805,0.020618891,0.01994893,0.017370032,0.8261654,0.0050646923,0.0046970407
/home/yogesh.patel/execution/25_9_2026_PRD_work/OCT2017_Test/test/DRUSEN/DRUSEN-2257047-1.jpeg,2,DRUSEN,DRUSEN,DRUSEN,True,0.009421306,0.014693322,0.011407096,0.008404685,0.006861752,0.9419519,0.002432619,0.0048273117
/home/yogesh.patel/execution/25_9_2026_PRD_work/OCT2017_Test/test/DRUSEN/DRUSEN-2257047-2.jpeg,2,DRUSEN,DRUSEN,DRUSEN,True,0.0066149975,0.029732654,0.013273952,0.0043643173,0.0061700237,0.9334641,0.0039207297,0.0024592953
/home/yogesh.patel/execution/25_9_2026_PRD_work/OCT2017_Test/test/DRUSEN/DRUSEN-2257047-3.jpeg,2,DRUSEN,DRUSEN,DRUSEN,True,0.010280706,0.0034720043,0.008786067,0.0058391015,0.006400407,0.9571644,0.001975534,0.0060818847
/home/yogesh.patel/execution/25_9_2026_PRD_work/OCT2017_Test/test/DRUSEN/DRUSEN-2257047-4.jpeg,2,DRUSEN,DRUSEN,DRUSEN,True,0.013277731,0.023796545,0.009904449,0.010514549,0.009444166,0.9264158,0.003519985,0.0031268129
/home/yogesh.patel/execution/25_9_2026_PRD_work/OCT2017_Test/test/DRUSEN/DRUSEN-2257047-5.jpeg,2,DRUSEN,DRUSEN,DRUSEN,True,0.011560221,0.0071528195,0.010500081,0.008786882,0.008212492,0.9484464,0.0031234473,0.002217707
/home/yogesh.patel/execution/25_9_2026_PRD_work/OCT2017_Test/test/DRUSEN/DRUSEN-2257047-6.jpeg,2,DRUSEN,DRUSEN,DRUSEN,True,0.015318655,0.013171685,0.012585536,0.013222304,0.007962671,0.9311792,0.0037119368,0.0028480645
/home/yogesh.patel/execution/25_9_2026_PRD_work/OCT2017_Test/test/DRUSEN/DRUSEN-2257047-7.jpeg,2,DRUSEN,DRUSEN,DRUSEN,True,0.0061244373,0.0070937816,0.012996203,0.014129206,0.005345496,0.94966805,0.003349975,0.0012928972
/home/yogesh.patel/execution/25_9_2026_PRD_work/OCT2017_Test/test/DRUSEN/DRUSEN-2257047-8.jpeg,2,DRUSEN,DRUSEN,DRUSEN,True,0.013145549,0.02529836,0.015415257,0.010787371,0.009309481,0.91504747,0.0034184444,0.0075780414
/home/yogesh.patel/execution/25_9_2026_PRD_work/OCT2017_Test/test/DRUSEN/DRUSEN-228939-1.jpeg,2,DRUSEN,DRUSEN,DRUSEN,True,0.012381888,0.0066078184,0.01018633,0.011925689,0.00745206,0.9452598,0.0025227137,0.0036636095
/home/yogesh.patel/execution/25_9_2026_PRD_work/OCT2017_Test/test/DRUSEN/DRUSEN-228939-2.jpeg,2,DRUSEN,DRUSEN,DRUSEN,True,0.010542776,0.0033172464,0.010236506,0.010085232,0.005745241,0.95519894,0.0020392244,0.0028348528
/home/yogesh.patel/execution/25_9_2026_PRD_work/OCT2017_Test/test/DRUSEN/DRUSEN-2308158-1.jpeg,2,DRUSEN,DRUSEN,DRUSEN,True,0.003311415,0.018907063,0.0070933234,0.002334058,0.0038463366,0.958677,0.0028829565,0.0029478527
/home/yogesh.patel/execution/25_9_2026_PRD_work/OCT2017_Test/test/DRUSEN/DRUSEN-2403178-1.jpeg,2,DRUSEN,DRUSEN,DRUSEN,True,0.016674634,0.042690776,0.011624496,0.009065431,0.0102888085,0.9017528,0.0047841216,0.003118934
/home/yogesh.patel/execution/25_9_2026_PRD_work/OCT2017_Test/test/DRUSEN/DRUSEN-2403178-2.jpeg,2,DRUSEN,DRUSEN,DRUSEN,True,0.013312789,0.29914513,0.018696124,0.0060008634,0.009654434,0.64258385,0.0067856014,0.003821162
/home/yogesh.patel/execution/25_9_2026_PRD_work/OCT2017_Test/test/DRUSEN/DRUSEN-2403178-3.jpeg,2,DRUSEN,DRUSEN,DRUSEN,True,0.00933434,0.008255916,0.0076599075,0.008145644,0.006679507,0.95400715,0.002514873,0.0034027041
/home/yogesh.patel/execution/25_9_2026_PRD_work/OCT2017_Test/test/DRUSEN/DRUSEN-2403178-4.jpeg,2,DRUSEN,DRUSEN,DRUSEN,True,0.012120212,0.01813795,0.009732166,0.006862077,0.010135257,0.93293726,0.003745749,0.006329267
/home/yogesh.patel/execution/25_9_2026_PRD_work/OCT2017_Test/test/DRUSEN/DRUSEN-2403178-5.jpeg,2,DRUSEN,DRUSEN,DRUSEN,True,0.006779627,0.0036862497,0.00448037,0.0059059295,0.00565133,0.9681532,0.0019102301,0.0034330408
/home/yogesh.patel/execution/25_9_2026_PRD_work/OCT2017_Test/test/DRUSEN/DRUSEN-2403178-6.jpeg,2,DRUSEN,DRUSEN,DRUSEN,True,0.012280552,0.0077231564,0.009607903,0.011754948,0.007275175,0.9455979,0.0025241578,0.003236161
/home/yogesh.patel/execution/25_9_2026_PRD_work/OCT2017_Test/test/DRUSEN/DRUSEN-2443068-1.jpeg,2,DRUSEN,DRUSEN,DRUSEN,True,0.008499904,0.0062508266,0.008734301,0.010778954,0.009582192,0.9512272,0.0022052422,0.00272137
/home/yogesh.patel/execution/25_9_2026_PRD_work/OCT2017_Test/test/DRUSEN/DRUSEN-2489093-1.jpeg,2,DRUSEN,DRUSEN,DRUSEN,True,0.005210613,0.0050674193,0.005090895,0.005470316,0.0058457195,0.96856326,0.0016808199,0.0030710269
/home/yogesh.patel/execution/25_9_2026_PRD_work/OCT2017_Test/test/DRUSEN/DRUSEN-2489093-2.jpeg,2,DRUSEN,DRUSEN,DRUSEN,True,0.010591739,0.0016457658,0.009111321,0.013608157,0.008540389,0.95157343,0.0016868617,0.0032422636
/home/yogesh.patel/execution/25_9_2026_PRD_work/OCT2017_Test/test/DRUSEN/DRUSEN-2510299-1.jpeg,2,DRUSEN,DRUSEN,DRUSEN,True,0.008892997,0.03563399,0.01415834,0.009734653,0.009109083,0.9128032,0.004977917,0.0046897745
/home/yogesh.patel/execution/25_9_2026_PRD_work/OCT2017_Test/test/DRUSEN/DRUSEN-2510299-2.jpeg,2,DRUSEN,DRUSEN,DRUSEN,True,0.008603746,0.019494299,0.007219361,0.008541963,0.007652097,0.94370705,0.0026627276,0.002118825
/home/yogesh.patel/execution/25_9_2026_PRD_work/OCT2017_Test/test/DRUSEN/DRUSEN-2541184-1.jpeg,2,DRUSEN,DRUSEN,DRUSEN,True,0.008766829,0.0033128436,0.008192965,0.0070561827,0.0058296984,0.96037006,0.002282687,0.004188701
/home/yogesh.patel/execution/25_9_2026_PRD_work/OCT2017_Test/test/DRUSEN/DRUSEN-2785977-1.jpeg,2,DRUSEN,DRUSEN,DRUSEN,True,0.009645381,0.006978041,0.008356725,0.010267259,0.0075443704,0.9519087,0.0026858677,0.0026137466
/home/yogesh.patel/execution/25_9_2026_PRD_work/OCT2017_Test/test/DRUSEN/DRUSEN-2951435-1.jpeg,2,DRUSEN,DRUSEN,DRUSEN,True,0.013117753,0.017313529,0.008969611,0.008078091,0.005808706,0.9397715,0.003334538,0.00360625
/home/yogesh.patel/execution/25_9_2026_PRD_work/OCT2017_Test/test/DRUSEN/DRUSEN-3017923-1.jpeg,2,DRUSEN,DRUSEN,DRUSEN,True,0.010506388,0.038377777,0.009003895,0.004002903,0.007510789,0.9248011,0.003506766,0.0022904703
/home/yogesh.patel/execution/25_9_2026_PRD_work/OCT2017_Test/test/DRUSEN/DRUSEN-303435-1.jpeg,2,DRUSEN,DRUSEN,DRUSEN,True,0.0075487047,0.0011168212,0.0074447608,0.0050899317,0.0075865043,0.9635633,0.00090247527,0.006747444
/home/yogesh.patel/execution/25_9_2026_PRD_work/OCT2017_Test/test/DRUSEN/DRUSEN-3214955-1.jpeg,2,DRUSEN,DRUSEN,DRUSEN,True,0.0066026053,0.0069852765,0.010422847,0.00631759,0.008584051,0.94759166,0.0020526191,0.011443393
/home/yogesh.patel/execution/25_9_2026_PRD_work/OCT2017_Test/test/DRUSEN/DRUSEN-3241692-1.jpeg,2,DRUSEN,DRUSEN,DRUSEN,True,0.0054816175,0.00175692,0.00623773,0.0037511673,0.0038422248,0.9739128,0.0014235605,0.0035940788
/home/yogesh.patel/execution/25_9_2026_PRD_work/OCT2017_Test/test/DRUSEN/DRUSEN-3276918-1.jpeg,2,DRUSEN,DRUSEN,DRUSEN,True,0.0084439805,0.0023917481,0.006986004,0.008040296,0.005789339,0.9634477,0.00223235,0.0026685642
/home/yogesh.patel/execution/25_9_2026_PRD_work/OCT2017_Test/test/DRUSEN/DRUSEN-3276918-2.jpeg,2,DRUSEN,DRUSEN,DRUSEN,True,0.012834169,0.0049035205,0.010003348,0.010113883,0.005555518,0.94879663,0.0042627677,0.0035301757
/home/yogesh.patel/execution/25_9_2026_PRD_work/OCT2017_Test/test/DRUSEN/DRUSEN-3317878-1.jpeg,2,DRUSEN,DRUSEN,DRUSEN,True,0.010519308,0.0051970286,0.011585467,0.008570429,0.00802893,0.94944483,0.0038995263,0.002754515
/home/yogesh.patel/execution/25_9_2026_PRD_work/OCT2017_Test/test/DRUSEN/DRUSEN-3424668-1.jpeg,2,DRUSEN,DRUSEN,DRUSEN,True,0.01220324,0.010800424,0.01201957,0.02078946,0.0076185996,0.9308062,0.0033263126,0.0024362525
/home/yogesh.patel/execution/25_9_2026_PRD_work/OCT2017_Test/test/DRUSEN/DRUSEN-3424668-2.jpeg,2,DRUSEN,DRUSEN,DRUSEN,True,0.01057878,0.025761705,0.014259266,0.009605734,0.005886835,0.9266072,0.0033778935,0.0039226897
/home/yogesh.patel/execution/25_9_2026_PRD_work/OCT2017_Test/test/DRUSEN/DRUSEN-3424668-3.jpeg,2,DRUSEN,DRUSEN,DRUSEN,True,0.0091502685,0.016288528,0.012327744,0.011057428,0.0048164916,0.9393128,0.0043047504,0.002742099
/home/yogesh.patel/execution/25_9_2026_PRD_work/OCT2017_Test/test/DRUSEN/DRUSEN-3424668-4.jpeg,2,DRUSEN,DRUSEN,DRUSEN,True,0.011539109,0.04703681,0.02289325,0.013963154,0.009360879,0.8823656,0.0074725836,0.005368597
/home/yogesh.patel/execution/25_9_2026_PRD_work/OCT2017_Test/test/DRUSEN/DRUSEN-3439251-1.jpeg,2,DRUSEN,DRUSEN,DRUSEN,True,0.0073147444,0.00791939,0.007924573,0.005421356,0.0050347396,0.96104676,0.0019128632,0.00342568
/home/yogesh.patel/execution/25_9_2026_PRD_work/OCT2017_Test/test/DRUSEN/DRUSEN-3439251-2.jpeg,2,DRUSEN,DRUSEN,DRUSEN,True,0.011738387,0.018691465,0.015552831,0.005310826,0.010424324,0.92995656,0.0036124913,0.0047132126
/home/yogesh.patel/execution/25_9_2026_PRD_work/OCT2017_Test/test/DRUSEN/DRUSEN-3482415-1.jpeg,2,DRUSEN,DRUSEN,DRUSEN,True,0.00746872,0.0040966156,0.004793775,0.009094748,0.0032052642,0.96709967,0.0019688176,0.0022724653
/home/yogesh.patel/execution/25_9_2026_PRD_work/OCT2017_Test/test/DRUSEN/DRUSEN-349021-1.jpeg,2,DRUSEN,DRUSEN,DRUSEN,True,0.017831657,0.048059348,0.012551607,0.009745898,0.0110424915,0.8934423,0.004328921,0.0029977853
/home/yogesh.patel/execution/25_9_2026_PRD_work/OCT2017_Test/test/DRUSEN/DRUSEN-349021-2.jpeg,2,DRUSEN,DRUSEN,DRUSEN,True,0.01794239,0.17654546,0.015198065,0.010790182,0.012229374,0.7598861,0.005096727,0.0023117403
/home/yogesh.patel/execution/25_9_2026_PRD_work/OCT2017_Test/test/DRUSEN/DRUSEN-3571629-1.jpeg,2,DRUSEN,DRUSEN,DRUSEN,True,0.011583779,0.01241523,0.010222439,0.010177605,0.005693335,0.9440372,0.003043085,0.0028273833
/home/yogesh.patel/execution/25_9_2026_PRD_work/OCT2017_Test/test/DRUSEN/DRUSEN-364469-1.jpeg,2,DRUSEN,DRUSEN,DRUSEN,True,0.008958114,0.009761184,0.007764858,0.007861776,0.006470036,0.95399153,0.0026907243,0.0025016647
/home/yogesh.patel/execution/25_9_2026_PRD_work/OCT2017_Test/test/DRUSEN/DRUSEN-364469-2.jpeg,2,DRUSEN,DRUSEN,DRUSEN,True,0.008122772,0.004110452,0.008305167,0.008870848,0.008503999,0.9567967,0.002241221,0.0030488586
/home/yogesh.patel/execution/25_9_2026_PRD_work/OCT2017_Test/test/DRUSEN/DRUSEN-364469-3.jpeg,2,DRUSEN,DRUSEN,DRUSEN,True,0.011969875,0.009471632,0.01417536,0.019879354,0.005540079,0.9304788,0.0056684297,0.002816457
/home/yogesh.patel/execution/25_9_2026_PRD_work/OCT2017_Test/test/DRUSEN/DRUSEN-364469-4.jpeg,2,DRUSEN,DRUSEN,DRUSEN,True,0.009435018,0.009560811,0.011238944,0.015567966,0.008213596,0.9377061,0.0046721688,0.0036054158
/home/yogesh.patel/execution/25_9_2026_PRD_work/OCT2017_Test/test/DRUSEN/DRUSEN-4240777-1.jpeg,2,DRUSEN,DRUSEN,DRUSEN,True,0.01372348,0.007539837,0.01205523,0.018439703,0.008161731,0.93232167,0.004927353,0.002831036
/home/yogesh.patel/execution/25_9_2026_PRD_work/OCT2017_Test/test/DRUSEN/DRUSEN-4291972-1.jpeg,2,DRUSEN,DRUSEN,DRUSEN,True,0.015329424,0.04293847,0.014132043,0.014194837,0.011154979,0.89550364,0.004130711,0.0026159645
/home/yogesh.patel/execution/25_9_2026_PRD_work/OCT2017_Test/test/DRUSEN/DRUSEN-4293095-1.jpeg,2,DRUSEN,DRUSEN,DRUSEN,True,0.009437549,0.019501202,0.008941625,0.0049274266,0.004001237,0.945033,0.0025924838,0.0055655073
/home/yogesh.patel/execution/25_9_2026_PRD_work/OCT2017_Test/test/DRUSEN/DRUSEN-4293095-2.jpeg,2,DRUSEN,DRUSEN,DRUSEN,True,0.0063524065,0.0069100433,0.00754753,0.0059968717,0.004682394,0.9623739,0.0015599631,0.0045770006
/home/yogesh.patel/execution/25_9_2026_PRD_work/OCT2017_Test/test/DRUSEN/DRUSEN-4304015-1.jpeg,2,DRUSEN,DRUSEN,DRUSEN,True,0.0088259475,0.01995716,0.011020031,0.0073385504,0.008002618,0.9397475,0.0033078226,0.0018003616
/home/yogesh.patel/execution/25_9_2026_PRD_work/OCT2017_Test/test/DRUSEN/DRUSEN-4314625-1.jpeg,2,DRUSEN,DRUSEN,DRUSEN,True,0.009818406,0.022482652,0.013580669,0.009330929,0.010137315,0.928331,0.004063568,0.0022554225
/home/yogesh.patel/execution/25_9_2026_PRD_work/OCT2017_Test/test/DRUSEN/DRUSEN-4343867-1.jpeg,2,DRUSEN,DRUSEN,DRUSEN,True,0.0132724475,0.046391916,0.01389392,0.005561353,0.009863968,0.90502673,0.0021117334,0.0038780095
/home/yogesh.patel/execution/25_9_2026_PRD_work/OCT2017_Test/test/DRUSEN/DRUSEN-4343867-2.jpeg,2,DRUSEN,DRUSEN,DRUSEN,True,0.013692275,0.009703106,0.013041831,0.016120285,0.009499989,0.9309223,0.003687725,0.0033325686
/home/yogesh.patel/execution/25_9_2026_PRD_work/OCT2017_Test/test/DRUSEN/DRUSEN-4379246-1.jpeg,2,DRUSEN,DRUSEN,DRUSEN,True,0.0077477684,0.0067578815,0.007838181,0.010412337,0.0058323066,0.95676506,0.0021682505,0.002478165
/home/yogesh.patel/execution/25_9_2026_PRD_work/OCT2017_Test/test/DRUSEN/DRUSEN-4379246-2.jpeg,2,DRUSEN,DRUSEN,DRUSEN,True,0.011277874,0.014954383,0.012030873,0.009837253,0.007927689,0.93805486,0.002888036,0.0030290831
/home/yogesh.patel/execution/25_9_2026_PRD_work/OCT2017_Test/test/DRUSEN/DRUSEN-457907-1.jpeg,2,DRUSEN,DRUSEN,DRUSEN,True,0.0082684485,0.03323287,0.0065578204,0.014283383,0.0066025103,0.92465675,0.0045626406,0.0018355256
/home/yogesh.patel/execution/25_9_2026_PRD_work/OCT2017_Test/test/DRUSEN/DRUSEN-4666680-1.jpeg,2,DRUSEN,DRUSEN,DRUSEN,True,0.008323201,0.004679604,0.00815883,0.005822437,0.00672124,0.9608012,0.0025401919,0.002953311
/home/yogesh.patel/execution/25_9_2026_PRD_work/OCT2017_Test/test/DRUSEN/DRUSEN-4666680-2.jpeg,2,DRUSEN,DRUSEN,DRUSEN,True,0.010277625,0.0017277395,0.0153337475,0.005190393,0.004419724,0.95482975,0.0013742816,0.0068468023
/home/yogesh.patel/execution/25_9_2026_PRD_work/OCT2017_Test/test/DRUSEN/DRUSEN-4696998-1.jpeg,2,DRUSEN,DRUSEN,DRUSEN,True,0.007882987,0.0051664473,0.011417746,0.011528419,0.008899721,0.95104295,0.0022893646,0.0017723422
/home/yogesh.patel/execution/25_9_2026_PRD_work/OCT2017_Test/test/DRUSEN/DRUSEN-4878077-1.jpeg,2,DRUSEN,DRUSEN,DRUSEN,True,0.009683603,0.03140907,0.01438963,0.005767999,0.0050095227,0.9292802,0.0022562675,0.002203669
/home/yogesh.patel/execution/25_9_2026_PRD_work/OCT2017_Test/test/DRUSEN/DRUSEN-4878077-2.jpeg,2,DRUSEN,DRUSEN,DRUSEN,True,0.007916856,0.0023784058,0.008411351,0.008724327,0.0070873243,0.960764,0.0013399217,0.00337781
/home/yogesh.patel/execution/25_9_2026_PRD_work/OCT2017_Test/test/DRUSEN/DRUSEN-4878077-3.jpeg,2,DRUSEN,DRUSEN,DRUSEN,True,0.0064408253,0.0010940165,0.0083385855,0.010227342,0.007950495,0.95906216,0.0010213092,0.0058653043
/home/yogesh.patel/execution/25_9_2026_PRD_work/OCT2017_Test/test/DRUSEN/DRUSEN-4878077-4.jpeg,2,DRUSEN,DRUSEN,DRUSEN,True,0.008420483,0.0033487373,0.00850817,0.0080109555,0.006059094,0.96068555,0.0018232389,0.0031438875
/home/yogesh.patel/execution/25_9_2026_PRD_work/OCT2017_Test/test/DRUSEN/DRUSEN-4878077-5.jpeg,2,DRUSEN,DRUSEN,DRUSEN,True,0.008927484,0.00385233,0.009070843,0.01133209,0.008133712,0.95351994,0.0016609372,0.0035026923
/home/yogesh.patel/execution/25_9_2026_PRD_work/OCT2017_Test/test/DRUSEN/DRUSEN-4878077-6.jpeg,2,DRUSEN,DRUSEN,DRUSEN,True,0.011081043,0.009625031,0.0097905,0.013210434,0.0094616,0.94242364,0.0021767176,0.0022310186
/home/yogesh.patel/execution/25_9_2026_PRD_work/OCT2017_Test/test/DRUSEN/DRUSEN-4904794-1.jpeg,2,DRUSEN,DRUSEN,DRUSEN,True,0.008660763,0.005669979,0.009568747,0.0074422793,0.006963065,0.9562818,0.0023291793,0.003084255
/home/yogesh.patel/execution/25_9_2026_PRD_work/OCT2017_Test/test/DRUSEN/DRUSEN-4951152-1.jpeg,2,DRUSEN,DRUSEN,DRUSEN,True,0.009903497,0.010059319,0.010354435,0.008665831,0.004893858,0.94920415,0.0030770788,0.0038417128
/home/yogesh.patel/execution/25_9_2026_PRD_work/OCT2017_Test/test/DRUSEN/DRUSEN-4973287-1.jpeg,2,DRUSEN,DRUSEN,DRUSEN,True,0.009518124,0.006258867,0.00938711,0.009715261,0.0061275605,0.95393795,0.00247958,0.0025755034
/home/yogesh.patel/execution/25_9_2026_PRD_work/OCT2017_Test/test/DRUSEN/DRUSEN-5094722-1.jpeg,2,DRUSEN,DRUSEN,DRUSEN,True,0.008031837,0.005977017,0.008747005,0.008116566,0.0051906426,0.96013343,0.0019410724,0.0018624789
/home/yogesh.patel/execution/25_9_2026_PRD_work/OCT2017_Test/test/DRUSEN/DRUSEN-525301-1.jpeg,2,DRUSEN,DRUSEN,DRUSEN,True,0.00691177,0.009283006,0.009429385,0.008214908,0.0121554155,0.9481751,0.003543598,0.002286887
/home/yogesh.patel/execution/25_9_2026_PRD_work/OCT2017_Test/test/DRUSEN/DRUSEN-5331157-1.jpeg,2,DRUSEN,DRUSEN,DRUSEN,True,0.022081628,0.025435861,0.01532176,0.02326334,0.012035217,0.894695,0.0045614014,0.0026057651
/home/yogesh.patel/execution/25_9_2026_PRD_work/OCT2017_Test/test/DRUSEN/DRUSEN-538779-1.jpeg,2,DRUSEN,DRUSEN,DRUSEN,True,0.010134502,0.004716329,0.013908182,0.011708676,0.006615506,0.9481057,0.001941122,0.0028700212
/home/yogesh.patel/execution/25_9_2026_PRD_work/OCT2017_Test/test/DRUSEN/DRUSEN-5443411-1.jpeg,2,DRUSEN,DRUSEN,DRUSEN,True,0.009328138,0.013105391,0.0084202215,0.007187969,0.0034957859,0.9508043,0.0027645372,0.004893651
/home/yogesh.patel/execution/25_9_2026_PRD_work/OCT2017_Test/test/DRUSEN/DRUSEN-5477211-1.jpeg,2,DRUSEN,DRUSEN,DRUSEN,True,0.010356885,0.013443239,0.009794926,0.0139827235,0.0074481764,0.9373355,0.0021881773,0.0054504573
/home/yogesh.patel/execution/25_9_2026_PRD_work/OCT2017_Test/test/DRUSEN/DRUSEN-5477211-2.jpeg,2,DRUSEN,DRUSEN,DRUSEN,True,0.013396814,0.0135268895,0.011653376,0.007856995,0.004755044,0.94243664,0.0026317986,0.0037423328
/home/yogesh.patel/execution/25_9_2026_PRD_work/OCT2017_Test/test/DRUSEN/DRUSEN-5710007-1.jpeg,2,DRUSEN,DRUSEN,DRUSEN,True,0.0052648797,0.002064324,0.009785996,0.007879401,0.0041909865,0.9632657,0.0008467013,0.006702052
/home/yogesh.patel/execution/25_9_2026_PRD_work/OCT2017_Test/test/DRUSEN/DRUSEN-5710007-2.jpeg,2,DRUSEN,DRUSEN,DRUSEN,True,0.0045668115,0.0013515048,0.0058321953,0.003656089,0.0047401087,0.96834004,0.0011119461,0.010401332
/home/yogesh.patel/execution/25_9_2026_PRD_work/OCT2017_Test/test/DRUSEN/DRUSEN-5753467-1.jpeg,2,DRUSEN,DRUSEN,DRUSEN,True,0.0100113535,0.0019507587,0.017740702,0.005516594,0.004493984,0.95434165,0.0018029003,0.004141928
/home/yogesh.patel/execution/25_9_2026_PRD_work/OCT2017_Test/test/DRUSEN/DRUSEN-5801431-1.jpeg,2,DRUSEN,DRUSEN,DRUSEN,True,0.0060727918,0.007671049,0.011402824,0.020519616,0.008916688,0.9363687,0.0045354944,0.0045126793
/home/yogesh.patel/execution/25_9_2026_PRD_work/OCT2017_Test/test/DRUSEN/DRUSEN-584218-1.jpeg,2,DRUSEN,DRUSEN,DRUSEN,True,0.01072303,0.0183136,0.008816143,0.00795673,0.00724587,0.94169384,0.0024134389,0.0028373543
/home/yogesh.patel/execution/25_9_2026_PRD_work/OCT2017_Test/test/DRUSEN/DRUSEN-5864720-1.jpeg,2,DRUSEN,DRUSEN,DRUSEN,True,0.0089115435,0.0105964355,0.007390671,0.01052573,0.0051766043,0.9516831,0.0028009638,0.002914998
/home/yogesh.patel/execution/25_9_2026_PRD_work/OCT2017_Test/test/DRUSEN/DRUSEN-5864720-2.jpeg,2,DRUSEN,DRUSEN,DRUSEN,True,0.007973762,0.0069126347,0.017956054,0.011614686,0.0049880403,0.94031066,0.0020486615,0.008195428
/home/yogesh.patel/execution/25_9_2026_PRD_work/OCT2017_Test/test/DRUSEN/DRUSEN-5929729-1.jpeg,2,DRUSEN,DRUSEN,DRUSEN,True,0.005829613,0.0128518585,0.0050212536,0.002447664,0.0047309184,0.96391064,0.0018421203,0.0033657632
/home/yogesh.patel/execution/25_9_2026_PRD_work/OCT2017_Test/test/DRUSEN/DRUSEN-609387-1.jpeg,2,DRUSEN,DRUSEN,DRUSEN,True,0.007579209,0.0060846223,0.010212614,0.009104883,0.009504558,0.9532013,0.001943671,0.0023692178
/home/yogesh.patel/execution/25_9_2026_PRD_work/OCT2017_Test/test/DRUSEN/DRUSEN-609387-2.jpeg,2,DRUSEN,DRUSEN,DRUSEN,True,0.0070915935,0.004545245,0.00862327,0.010205046,0.005953774,0.9576757,0.0022932838,0.003612085
/home/yogesh.patel/execution/25_9_2026_PRD_work/OCT2017_Test/test/DRUSEN/DRUSEN-609387-3.jpeg,2,DRUSEN,DRUSEN,DRUSEN,True,0.0139364675,0.04000753,0.013011523,0.013093055,0.009331426,0.9034238,0.0043379352,0.0028582823
/home/yogesh.patel/execution/25_9_2026_PRD_work/OCT2017_Test/test/DRUSEN/DRUSEN-6190971-1.jpeg,2,DRUSEN,DRUSEN,DRUSEN,True,0.00395775,0.007416812,0.0069376756,0.0048660263,0.009635238,0.9601996,0.0023171285,0.0046698106
/home/yogesh.patel/execution/25_9_2026_PRD_work/OCT2017_Test/test/DRUSEN/DRUSEN-6190971-2.jpeg,2,DRUSEN,DRUSEN,DRUSEN,True,0.0105467215,0.0060522775,0.010175657,0.010375084,0.008075228,0.9490869,0.0030582922,0.002629837
/home/yogesh.patel/execution/25_9_2026_PRD_work/OCT2017_Test/test/DRUSEN/DRUSEN-6193297-1.jpeg,2,DRUSEN,DRUSEN,DRUSEN,True,0.0040446976,0.007174784,0.007926183,0.009903303,0.0051883184,0.9586558,0.0023749652,0.004731922
/home/yogesh.patel/execution/25_9_2026_PRD_work/OCT2017_Test/test/DRUSEN/DRUSEN-6193297-2.jpeg,2,DRUSEN,DRUSEN,DRUSEN,True,0.0033697668,0.0039837547,0.008353014,0.009841392,0.0063739526,0.9626333,0.0017908358,0.0036538867
/home/yogesh.patel/execution/25_9_2026_PRD_work/OCT2017_Test/test/DRUSEN/DRUSEN-6193297-3.jpeg,2,DRUSEN,DRUSEN,DRUSEN,True,0.008266908,0.0026569688,0.0065159807,0.012386704,0.0054708994,0.95946115,0.0020890338,0.0031524058
/home/yogesh.patel/execution/25_9_2026_PRD_work/OCT2017_Test/test/DRUSEN/DRUSEN-6193297-4.jpeg,2,DRUSEN,DRUSEN,DRUSEN,True,0.006761231,0.007974681,0.0052770334,0.0051784148,0.005069091,0.964299,0.002352578,0.0030879572
/home/yogesh.patel/execution/25_9_2026_PRD_work/OCT2017_Test/test/DRUSEN/DRUSEN-6193297-5.jpeg,2,DRUSEN,DRUSEN,DRUSEN,True,0.003038075,0.0024446286,0.006536802,0.007079203,0.0051799,0.96917456,0.0018219465,0.004724979
/home/yogesh.patel/execution/25_9_2026_PRD_work/OCT2017_Test/test/DRUSEN/DRUSEN-6264369-1.jpeg,2,DRUSEN,DRUSEN,DRUSEN,True,0.009660097,0.007209861,0.009062389,0.007621482,0.0060146106,0.95466524,0.0018427995,0.0039235526
/home/yogesh.patel/execution/25_9_2026_PRD_work/OCT2017_Test/test/DRUSEN/DRUSEN-7064008-1.jpeg,2,DRUSEN,DRUSEN,DRUSEN,True,0.009886419,0.018078074,0.011796625,0.013651218,0.011429196,0.92961603,0.0038637691,0.0016785944
/home/yogesh.patel/execution/25_9_2026_PRD_work/OCT2017_Test/test/DRUSEN/DRUSEN-7199590-1.jpeg,2,DRUSEN,DRUSEN,DRUSEN,True,0.006005494,0.010332014,0.006767757,0.014021058,0.0075173522,0.950635,0.0015461136,0.003175054
/home/yogesh.patel/execution/25_9_2026_PRD_work/OCT2017_Test/test/DRUSEN/DRUSEN-732516-1.jpeg,2,DRUSEN,DRUSEN,DRUSEN,True,0.0108529115,0.011829229,0.008889937,0.0048465943,0.005012784,0.9522505,0.0019904498,0.0043275254
/home/yogesh.patel/execution/25_9_2026_PRD_work/OCT2017_Test/test/DRUSEN/DRUSEN-732516-2.jpeg,2,DRUSEN,DRUSEN,DRUSEN,True,0.0061465,0.034856316,0.005127897,0.0065440726,0.0068900357,0.93380296,0.0039377236,0.0026945279
/home/yogesh.patel/execution/25_9_2026_PRD_work/OCT2017_Test/test/DRUSEN/DRUSEN-732516-3.jpeg,2,DRUSEN,DRUSEN,DRUSEN,True,0.0069984,0.0032022607,0.0071966643,0.009798007,0.006288726,0.9626597,0.0019744998,0.0018816828
/home/yogesh.patel/execution/25_9_2026_PRD_work/OCT2017_Test/test/DRUSEN/DRUSEN-7345121-1.jpeg,2,DRUSEN,CNV,CNV,False,0.012268583,0.5321198,0.015750851,0.006236912,0.01583735,0.40783033,0.0056027304,0.004353481
/home/yogesh.patel/execution/25_9_2026_PRD_work/OCT2017_Test/test/DRUSEN/DRUSEN-7350225-1.jpeg,2,DRUSEN,DRUSEN,DRUSEN,True,0.013281519,0.003989435,0.0127432905,0.010518877,0.0059694946,0.94628376,0.002923948,0.0042896904
/home/yogesh.patel/execution/25_9_2026_PRD_work/OCT2017_Test/test/DRUSEN/DRUSEN-7373858-1.jpeg,2,DRUSEN,DRUSEN,DRUSEN,True,0.012101816,0.008447873,0.013403258,0.018801847,0.010601242,0.93179524,0.0024251044,0.0024235575
/home/yogesh.patel/execution/25_9_2026_PRD_work/OCT2017_Test/test/DRUSEN/DRUSEN-7393104-1.jpeg,2,DRUSEN,DRUSEN,DRUSEN,True,0.011293921,0.021915639,0.0069494243,0.0039595496,0.006735462,0.94370806,0.0028063555,0.0026316047
/home/yogesh.patel/execution/25_9_2026_PRD_work/OCT2017_Test/test/DRUSEN/DRUSEN-7513011-1.jpeg,2,DRUSEN,DRUSEN,DRUSEN,True,0.0128796855,0.0366392,0.012912512,0.018002957,0.00822257,0.9042662,0.002596175,0.0044807796
/home/yogesh.patel/execution/25_9_2026_PRD_work/OCT2017_Test/test/DRUSEN/DRUSEN-7555604-1.jpeg,2,DRUSEN,DRUSEN,DRUSEN,True,0.008450512,0.007033409,0.008919049,0.008197359,0.00797077,0.95438856,0.0021668794,0.0028734931
/home/yogesh.patel/execution/25_9_2026_PRD_work/OCT2017_Test/test/DRUSEN/DRUSEN-7555604-2.jpeg,2,DRUSEN,DRUSEN,DRUSEN,True,0.010760567,0.04129165,0.009706053,0.0055561746,0.006728193,0.91838735,0.0044678696,0.003102096
/home/yogesh.patel/execution/25_9_2026_PRD_work/OCT2017_Test/test/DRUSEN/DRUSEN-7557808-1.jpeg,2,DRUSEN,DRUSEN,DRUSEN,True,0.007186763,0.011126947,0.008271136,0.007548273,0.007925384,0.9529962,0.0029308794,0.002014386
/home/yogesh.patel/execution/25_9_2026_PRD_work/OCT2017_Test/test/DRUSEN/DRUSEN-7563760-1.jpeg,2,DRUSEN,DRUSEN,DRUSEN,True,0.0074607604,0.0080161635,0.006447016,0.005350205,0.005000284,0.96096635,0.0020453765,0.0047138957
/home/yogesh.patel/execution/25_9_2026_PRD_work/OCT2017_Test/test/DRUSEN/DRUSEN-7675318-1.jpeg,2,DRUSEN,DRUSEN,DRUSEN,True,0.010189399,0.007266066,0.00696175,0.010460197,0.005218226,0.9531546,0.0022756602,0.004474091
/home/yogesh.patel/execution/25_9_2026_PRD_work/OCT2017_Test/test/DRUSEN/DRUSEN-7675318-2.jpeg,2,DRUSEN,DRUSEN,DRUSEN,True,0.006535954,0.0051243077,0.0060446193,0.0049818987,0.005681945,0.9668223,0.0014280635,0.0033808968
/home/yogesh.patel/execution/25_9_2026_PRD_work/OCT2017_Test/test/DRUSEN/DRUSEN-7710023-1.jpeg,2,DRUSEN,DRUSEN,DRUSEN,True,0.017601276,0.30664912,0.022304066,0.011108727,0.020537354,0.61150587,0.0037604535,0.0065331473
/home/yogesh.patel/execution/25_9_2026_PRD_work/OCT2017_Test/test/DRUSEN/DRUSEN-7710023-2.jpeg,2,DRUSEN,DRUSEN,DRUSEN,True,0.01868916,0.10150362,0.015770962,0.007796473,0.013577328,0.8359953,0.003783361,0.002883701
/home/yogesh.patel/execution/25_9_2026_PRD_work/OCT2017_Test/test/DRUSEN/DRUSEN-7763772-1.jpeg,2,DRUSEN,DRUSEN,DRUSEN,True,0.006493701,0.002840678,0.0077358973,0.010363271,0.006116681,0.96202797,0.0020479867,0.0023736758
/home/yogesh.patel/execution/25_9_2026_PRD_work/OCT2017_Test/test/DRUSEN/DRUSEN-781814-1.jpeg,2,DRUSEN,DRUSEN,DRUSEN,True,0.0062838937,0.0060045053,0.006286099,0.005157613,0.0052138646,0.9673509,0.0018242965,0.0018787922
/home/yogesh.patel/execution/25_9_2026_PRD_work/OCT2017_Test/test/DRUSEN/DRUSEN-783692-1.jpeg,2,DRUSEN,DRUSEN,DRUSEN,True,0.006385833,0.0035950402,0.0058442988,0.006898144,0.00442775,0.9675432,0.0017980216,0.0035077299
/home/yogesh.patel/execution/25_9_2026_PRD_work/OCT2017_Test/test/DRUSEN/DRUSEN-7915033-1.jpeg,2,DRUSEN,DRUSEN,DRUSEN,True,0.009112637,0.020805154,0.006933423,0.005605393,0.007860222,0.9447166,0.0029237915,0.0020428004
/home/yogesh.patel/execution/25_9_2026_PRD_work/OCT2017_Test/test/DRUSEN/DRUSEN-7915033-2.jpeg,2,DRUSEN,DRUSEN,DRUSEN,True,0.003912752,0.0070034093,0.0067792363,0.0040519442,0.005108259,0.96867865,0.0022059104,0.0022597827
/home/yogesh.patel/execution/25_9_2026_PRD_work/OCT2017_Test/test/DRUSEN/DRUSEN-7915033-3.jpeg,2,DRUSEN,DRUSEN,DRUSEN,True,0.005694175,0.008164098,0.004193056,0.008132319,0.0051548956,0.9645716,0.0019679181,0.002121923
/home/yogesh.patel/execution/25_9_2026_PRD_work/OCT2017_Test/test/DRUSEN/DRUSEN-8023853-1.jpeg,2,DRUSEN,DRUSEN,DRUSEN,True,0.0041320105,0.007818765,0.00888533,0.009375287,0.007991426,0.9560709,0.0026075863,0.003118779
/home/yogesh.patel/execution/25_9_2026_PRD_work/OCT2017_Test/test/DRUSEN/DRUSEN-8039905-1.jpeg,2,DRUSEN,DRUSEN,DRUSEN,True,0.011202655,0.039578997,0.011071776,0.011959683,0.009455832,0.9110143,0.0026901166,0.003026618
/home/yogesh.patel/execution/25_9_2026_PRD_work/OCT2017_Test/test/DRUSEN/DRUSEN-8074563-1.jpeg,2,DRUSEN,DRUSEN,DRUSEN,True,0.007295273,0.0021771987,0.0058720326,0.0083041275,0.0059378375,0.9655961,0.0017662989,0.0030512405
/home/yogesh.patel/execution/25_9_2026_PRD_work/OCT2017_Test/test/DRUSEN/DRUSEN-8074563-2.jpeg,2,DRUSEN,DRUSEN,DRUSEN,True,0.005896775,0.0009731975,0.005611461,0.007791062,0.007787586,0.96791524,0.0010243303,0.0030004366
/home/yogesh.patel/execution/25_9_2026_PRD_work/OCT2017_Test/test/DRUSEN/DRUSEN-8074563-3.jpeg,2,DRUSEN,DRUSEN,DRUSEN,True,0.0058117257,0.0026319842,0.004847809,0.008209427,0.0062070265,0.96736366,0.0015447476,0.0033836449
/home/yogesh.patel/execution/25_9_2026_PRD_work/OCT2017_Test/test/DRUSEN/DRUSEN-8086850-1.jpeg,2,DRUSEN,DRUSEN,DRUSEN,True,0.008461289,0.0043656696,0.0068560173,0.0064865514,0.0047343518,0.96068287,0.0018150054,0.006598251
/home/yogesh.patel/execution/25_9_2026_PRD_work/OCT2017_Test/test/DRUSEN/DRUSEN-8086850-2.jpeg,2,DRUSEN,DRUSEN,DRUSEN,True,0.006925036,0.005533326,0.0062560253,0.0060535865,0.0042893514,0.9628716,0.0019688208,0.0061023133
/home/yogesh.patel/execution/25_9_2026_PRD_work/OCT2017_Test/test/DRUSEN/DRUSEN-8086850-3.jpeg,2,DRUSEN,DRUSEN,DRUSEN,True,0.005440881,0.0040641553,0.007151702,0.008655186,0.0065985518,0.9624686,0.0014958535,0.004124996
/home/yogesh.patel/execution/25_9_2026_PRD_work/OCT2017_Test/test/DRUSEN/DRUSEN-8086850-4.jpeg,2,DRUSEN,DRUSEN,DRUSEN,True,0.009894984,0.006714304,0.006707872,0.0071789883,0.0051637604,0.959332,0.0020461397,0.0029619471
/home/yogesh.patel/execution/25_9_2026_PRD_work/OCT2017_Test/test/DRUSEN/DRUSEN-8086850-5.jpeg,2,DRUSEN,DRUSEN,DRUSEN,True,0.008062094,0.0052238563,0.007634251,0.009564239,0.0070055886,0.95800674,0.0019340377,0.0025692768
/home/yogesh.patel/execution/25_9_2026_PRD_work/OCT2017_Test/test/DRUSEN/DRUSEN-8086850-6.jpeg,2,DRUSEN,DRUSEN,DRUSEN,True,0.008214667,0.010207177,0.008249281,0.009750984,0.0070984615,0.95008165,0.0019797152,0.0044180118
/home/yogesh.patel/execution/25_9_2026_PRD_work/OCT2017_Test/test/DRUSEN/DRUSEN-8086850-7.jpeg,2,DRUSEN,DRUSEN,DRUSEN,True,0.008326879,0.004376232,0.005376063,0.0062857815,0.0058466233,0.96428096,0.0018624938,0.0036448957
/home/yogesh.patel/execution/25_9_2026_PRD_work/OCT2017_Test/test/DRUSEN/DRUSEN-8086850-8.jpeg,2,DRUSEN,DRUSEN,DRUSEN,True,0.007512832,0.0019913753,0.005337139,0.009434875,0.0044669867,0.96359056,0.002031267,0.0056350133
/home/yogesh.patel/execution/25_9_2026_PRD_work/OCT2017_Test/test/DRUSEN/DRUSEN-8117834-1.jpeg,2,DRUSEN,DRUSEN,DRUSEN,True,0.011529119,0.0037292144,0.006492057,0.0066075367,0.0075649912,0.9602323,0.0014153286,0.0024294108
/home/yogesh.patel/execution/25_9_2026_PRD_work/OCT2017_Test/test/DRUSEN/DRUSEN-8213975-1.jpeg,2,DRUSEN,DRUSEN,DRUSEN,True,0.011908331,0.011570119,0.016623514,0.007988561,0.0071377787,0.937527,0.0021889866,0.0050557195
/home/yogesh.patel/execution/25_9_2026_PRD_work/OCT2017_Test/test/DRUSEN/DRUSEN-8251771-1.jpeg,2,DRUSEN,DRUSEN,DRUSEN,True,0.005888902,0.028260449,0.008059472,0.008940598,0.006107191,0.93585485,0.0035662395,0.0033223054
/home/yogesh.patel/execution/25_9_2026_PRD_work/OCT2017_Test/test/DRUSEN/DRUSEN-8261063-1.jpeg,2,DRUSEN,DRUSEN,DRUSEN,True,0.0068284795,0.00392097,0.0070522903,0.0071325563,0.006355399,0.96270514,0.0019865376,0.0040186513
/home/yogesh.patel/execution/25_9_2026_PRD_work/OCT2017_Test/test/DRUSEN/DRUSEN-8261063-2.jpeg,2,DRUSEN,DRUSEN,DRUSEN,True,0.0084069595,0.0020277281,0.008473708,0.0069157816,0.006301481,0.9613258,0.0028440729,0.0037045127
/home/yogesh.patel/execution/25_9_2026_PRD_work/OCT2017_Test/test/DRUSEN/DRUSEN-8261063-3.jpeg,2,DRUSEN,DRUSEN,DRUSEN,True,0.0035052241,0.0029592414,0.0045177145,0.0022501722,0.0035130854,0.9757338,0.0036315396,0.003889126
/home/yogesh.patel/execution/25_9_2026_PRD_work/OCT2017_Test/test/DRUSEN/DRUSEN-8261063-4.jpeg,2,DRUSEN,DRUSEN,DRUSEN,True,0.007761345,0.0017672706,0.006407269,0.0060052485,0.0048218155,0.9679224,0.002175159,0.003139523
/home/yogesh.patel/execution/25_9_2026_PRD_work/OCT2017_Test/test/DRUSEN/DRUSEN-8261063-5.jpeg,2,DRUSEN,DRUSEN,DRUSEN,True,0.008627782,0.0052567357,0.0072190943,0.005274266,0.008901631,0.9570708,0.0032812012,0.0043684333
/home/yogesh.patel/execution/25_9_2026_PRD_work/OCT2017_Test/test/DRUSEN/DRUSEN-8261063-6.jpeg,2,DRUSEN,DRUSEN,DRUSEN,True,0.010518382,0.0022691197,0.008841297,0.008201479,0.0048229713,0.9592361,0.0024032095,0.00370744
/home/yogesh.patel/execution/25_9_2026_PRD_work/OCT2017_Test/test/DRUSEN/DRUSEN-8261063-7.jpeg,2,DRUSEN,DRUSEN,DRUSEN,True,0.012898099,0.0035735215,0.011066211,0.008177615,0.0063361786,0.9509133,0.0034072043,0.0036278772
/home/yogesh.patel/execution/25_9_2026_PRD_work/OCT2017_Test/test/DRUSEN/DRUSEN-827677-1.jpeg,2,DRUSEN,DRUSEN,DRUSEN,True,0.011396209,0.0017073329,0.009071737,0.010836826,0.007711547,0.9541716,0.0013609183,0.003743918
/home/yogesh.patel/execution/25_9_2026_PRD_work/OCT2017_Test/test/DRUSEN/DRUSEN-8281517-1.jpeg,2,DRUSEN,DRUSEN,DRUSEN,True,0.0034302573,0.0010167453,0.0029742017,0.0031470926,0.0033238097,0.97993696,0.00183632,0.00433472
/home/yogesh.patel/execution/25_9_2026_PRD_work/OCT2017_Test/test/DRUSEN/DRUSEN-8292670-1.jpeg,2,DRUSEN,DRUSEN,DRUSEN,True,0.007223057,0.002274653,0.004376183,0.00743232,0.00455855,0.96931434,0.001491608,0.0033293623
/home/yogesh.patel/execution/25_9_2026_PRD_work/OCT2017_Test/test/DRUSEN/DRUSEN-8319985-1.jpeg,2,DRUSEN,DRUSEN,DRUSEN,True,0.0022962643,0.012388997,0.0057760053,0.008602666,0.002800797,0.9544558,0.0021738315,0.011505647
/home/yogesh.patel/execution/25_9_2026_PRD_work/OCT2017_Test/test/DRUSEN/DRUSEN-8339642-1.jpeg,2,DRUSEN,DRUSEN,DRUSEN,True,0.004685268,0.003510375,0.008472398,0.0036844697,0.0037061465,0.9681852,0.0022683889,0.0054878523
/home/yogesh.patel/execution/25_9_2026_PRD_work/OCT2017_Test/test/DRUSEN/DRUSEN-8345703-1.jpeg,2,DRUSEN,DRUSEN,DRUSEN,True,0.0049729086,0.009510249,0.009886518,0.004135364,0.0053218384,0.96025974,0.0033900358,0.0025234688
/home/yogesh.patel/execution/25_9_2026_PRD_work/OCT2017_Test/test/DRUSEN/DRUSEN-8345703-2.jpeg,2,DRUSEN,DRUSEN,DRUSEN,True,0.007623512,0.002528746,0.010124259,0.004840504,0.0055197557,0.9600116,0.0024943978,0.0068572494
/home/yogesh.patel/execution/25_9_2026_PRD_work/OCT2017_Test/test/DRUSEN/DRUSEN-8351260-1.jpeg,2,DRUSEN,DRUSEN,DRUSEN,True,0.006209133,0.0013729332,0.009357757,0.0062771766,0.005701011,0.9649314,0.00186633,0.004284271
/home/yogesh.patel/execution/25_9_2026_PRD_work/OCT2017_Test/test/DRUSEN/DRUSEN-8351260-2.jpeg,2,DRUSEN,DRUSEN,DRUSEN,True,0.008552824,0.004133009,0.009794234,0.008879398,0.0058805603,0.95726043,0.0024037366,0.0030959102
/home/yogesh.patel/execution/25_9_2026_PRD_work/OCT2017_Test/test/DRUSEN/DRUSEN-8389446-1.jpeg,2,DRUSEN,DRUSEN,DRUSEN,True,0.007308675,0.010388975,0.009144596,0.011546157,0.006848643,0.9484491,0.0035651329,0.0027487762
/home/yogesh.patel/execution/25_9_2026_PRD_work/OCT2017_Test/test/DRUSEN/DRUSEN-8389446-2.jpeg,2,DRUSEN,DRUSEN,DRUSEN,True,0.008597046,0.008780071,0.009568234,0.0065588043,0.008460953,0.9534063,0.002118526,0.00251012
/home/yogesh.patel/execution/25_9_2026_PRD_work/OCT2017_Test/test/DRUSEN/DRUSEN-8389446-3.jpeg,2,DRUSEN,DRUSEN,DRUSEN,True,0.0067034476,0.0025538285,0.011119578,0.0044817673,0.0066291164,0.9594607,0.001786513,0.00726503
/home/yogesh.patel/execution/25_9_2026_PRD_work/OCT2017_Test/test/DRUSEN/DRUSEN-8440718-1.jpeg,2,DRUSEN,DRUSEN,DRUSEN,True,0.011252927,0.038666893,0.010763301,0.009148726,0.0048057195,0.919175,0.0033588563,0.0028285794
/home/yogesh.patel/execution/25_9_2026_PRD_work/OCT2017_Test/test/DRUSEN/DRUSEN-8440718-2.jpeg,2,DRUSEN,DRUSEN,DRUSEN,True,0.015665721,0.09824826,0.012209906,0.006700585,0.009480825,0.8515536,0.003708591,0.0024324376
/home/yogesh.patel/execution/25_9_2026_PRD_work/OCT2017_Test/test/DRUSEN/DRUSEN-8440718-3.jpeg,2,DRUSEN,DRUSEN,DRUSEN,True,0.0059240027,0.0032787693,0.0044678273,0.005390667,0.0042683114,0.97219026,0.0021509605,0.0023292545
/home/yogesh.patel/execution/25_9_2026_PRD_work/OCT2017_Test/test/DRUSEN/DRUSEN-8440718-4.jpeg,2,DRUSEN,DRUSEN,DRUSEN,True,0.007989956,0.03155969,0.0117505025,0.01734891,0.013216052,0.9105189,0.0036562707,0.00395972
/home/yogesh.patel/execution/25_9_2026_PRD_work/OCT2017_Test/test/DRUSEN/DRUSEN-8440718-5.jpeg,2,DRUSEN,DRUSEN,DRUSEN,True,0.0066170543,0.0028535323,0.0052041598,0.0050401115,0.0033346098,0.9724256,0.001927213,0.00259771
/home/yogesh.patel/execution/25_9_2026_PRD_work/OCT2017_Test/test/DRUSEN/DRUSEN-8549730-1.jpeg,2,DRUSEN,DRUSEN,DRUSEN,True,0.013070392,0.04975155,0.011085755,0.0066105,0.013137689,0.90061855,0.0030470262,0.0026784732
/home/yogesh.patel/execution/25_9_2026_PRD_work/OCT2017_Test/test/DRUSEN/DRUSEN-8549730-2.jpeg,2,DRUSEN,DRUSEN,DRUSEN,True,0.009194175,0.016488776,0.006631239,0.0106224,0.010013708,0.94311947,0.0020596704,0.0018705945
/home/yogesh.patel/execution/25_9_2026_PRD_work/OCT2017_Test/test/DRUSEN/DRUSEN-8549730-3.jpeg,2,DRUSEN,DRUSEN,DRUSEN,True,0.0076276385,0.0030557455,0.0058756536,0.009121874,0.0071558985,0.96332234,0.0017255563,0.0021152422
/home/yogesh.patel/execution/25_9_2026_PRD_work/OCT2017_Test/test/DRUSEN/DRUSEN-8549730-4.jpeg,2,DRUSEN,DRUSEN,DRUSEN,True,0.011987353,0.050154965,0.016228093,0.0155465845,0.01811638,0.87946415,0.0047568916,0.0037455831
/home/yogesh.patel/execution/25_9_2026_PRD_work/OCT2017_Test/test/DRUSEN/DRUSEN-8549730-5.jpeg,2,DRUSEN,DRUSEN,DRUSEN,True,0.0054662903,0.002518716,0.004771868,0.011750858,0.007627045,0.9640942,0.00135715,0.0024139287
/home/yogesh.patel/execution/25_9_2026_PRD_work/OCT2017_Test/test/DRUSEN/DRUSEN-8549730-6.jpeg,2,DRUSEN,DRUSEN,DRUSEN,True,0.011700442,0.02332642,0.00649917,0.008876071,0.00922422,0.93482476,0.0025493696,0.0029995793
/home/yogesh.patel/execution/25_9_2026_PRD_work/OCT2017_Test/test/DRUSEN/DRUSEN-8549730-7.jpeg,2,DRUSEN,DRUSEN,DRUSEN,True,0.025228184,0.08314607,0.013837167,0.082226805,0.011948997,0.7751462,0.0051942253,0.0032723271
/home/yogesh.patel/execution/25_9_2026_PRD_work/OCT2017_Test/test/DRUSEN/DRUSEN-8577392-1.jpeg,2,DRUSEN,DRUSEN,DRUSEN,True,0.010427281,0.007240332,0.006928987,0.0042911973,0.005503119,0.96090627,0.0022668988,0.0024359373
/home/yogesh.patel/execution/25_9_2026_PRD_work/OCT2017_Test/test/DRUSEN/DRUSEN-8605472-1.jpeg,2,DRUSEN,DRUSEN,DRUSEN,True,0.01066603,0.05187637,0.015994888,0.009737061,0.017356819,0.8876808,0.004215659,0.0024723378
/home/yogesh.patel/execution/25_9_2026_PRD_work/OCT2017_Test/test/DRUSEN/DRUSEN-8656509-1.jpeg,2,DRUSEN,DRUSEN,DRUSEN,True,0.008529977,0.016911436,0.0067167757,0.00474743,0.0063244575,0.95074505,0.0029959187,0.0030290445
/home/yogesh.patel/execution/25_9_2026_PRD_work/OCT2017_Test/test/DRUSEN/DRUSEN-8708331-1.jpeg,2,DRUSEN,DRUSEN,DRUSEN,True,0.008156039,0.0117681,0.010200528,0.0076283365,0.00807494,0.9479844,0.0017821316,0.0044055274
/home/yogesh.patel/execution/25_9_2026_PRD_work/OCT2017_Test/test/DRUSEN/DRUSEN-8811857-1.jpeg,2,DRUSEN,DRUSEN,DRUSEN,True,0.0077831694,0.0029364468,0.0062161162,0.0063177194,0.0048075444,0.96499556,0.0021538245,0.004789701
/home/yogesh.patel/execution/25_9_2026_PRD_work/OCT2017_Test/test/DRUSEN/DRUSEN-8811857-2.jpeg,2,DRUSEN,DRUSEN,DRUSEN,True,0.007369378,0.012401162,0.005069493,0.002217595,0.004431691,0.96177995,0.0016490684,0.0050816303
/home/yogesh.patel/execution/25_9_2026_PRD_work/OCT2017_Test/test/DRUSEN/DRUSEN-8854406-1.jpeg,2,DRUSEN,DRUSEN,DRUSEN,True,0.006455225,0.0034596843,0.011410994,0.007893223,0.0047005597,0.9562517,0.0015429086,0.008285749
/home/yogesh.patel/execution/25_9_2026_PRD_work/OCT2017_Test/test/DRUSEN/DRUSEN-8854406-2.jpeg,2,DRUSEN,DRUSEN,DRUSEN,True,0.009524379,0.0024906201,0.010419324,0.018411567,0.0060089612,0.94897676,0.001675879,0.0024925175
/home/yogesh.patel/execution/25_9_2026_PRD_work/OCT2017_Test/test/DRUSEN/DRUSEN-8870525-1.jpeg,2,DRUSEN,DRUSEN,DRUSEN,True,0.007982706,0.012277414,0.008342202,0.007962501,0.010136356,0.948271,0.0024624872,0.0025654323
/home/yogesh.patel/execution/25_9_2026_PRD_work/OCT2017_Test/test/DRUSEN/DRUSEN-8870525-2.jpeg,2,DRUSEN,CNV,CNV,False,0.013134069,0.7237578,0.015358229,0.008670851,0.013524374,0.21393909,0.0047202003,0.0068953163
/home/yogesh.patel/execution/25_9_2026_PRD_work/OCT2017_Test/test/DRUSEN/DRUSEN-8870525-3.jpeg,2,DRUSEN,CNV,CNV,False,0.007221275,0.7272806,0.007420522,0.0032426578,0.010276367,0.23917252,0.0034424847,0.0019436057
/home/yogesh.patel/execution/25_9_2026_PRD_work/OCT2017_Test/test/DRUSEN/DRUSEN-9049813-1.jpeg,2,DRUSEN,DRUSEN,DRUSEN,True,0.009754327,0.0064694886,0.007861853,0.011425781,0.0064693373,0.95101494,0.0033948405,0.0036094128
/home/yogesh.patel/execution/25_9_2026_PRD_work/OCT2017_Test/test/DRUSEN/DRUSEN-9059831-1.jpeg,2,DRUSEN,DRUSEN,DRUSEN,True,0.016876113,0.022477452,0.031404752,0.006134938,0.005311506,0.9098371,0.0026575392,0.0053005633
/home/yogesh.patel/execution/25_9_2026_PRD_work/OCT2017_Test/test/DRUSEN/DRUSEN-9059831-2.jpeg,2,DRUSEN,DRUSEN,DRUSEN,True,0.004373844,0.011547377,0.010476592,0.003906854,0.009183835,0.95423996,0.0027045577,0.0035669822
/home/yogesh.patel/execution/25_9_2026_PRD_work/OCT2017_Test/test/DRUSEN/DRUSEN-907869-1.jpeg,2,DRUSEN,DRUSEN,DRUSEN,True,0.008954296,0.0014547348,0.012264689,0.0059079193,0.0054804627,0.95715743,0.0015052333,0.007275283
/home/yogesh.patel/execution/25_9_2026_PRD_work/OCT2017_Test/test/DRUSEN/DRUSEN-907869-2.jpeg,2,DRUSEN,DRUSEN,DRUSEN,True,0.0067575728,0.0020480168,0.008150958,0.0056409044,0.005482983,0.96667403,0.0012049725,0.0040405584
/home/yogesh.patel/execution/25_9_2026_PRD_work/OCT2017_Test/test/DRUSEN/DRUSEN-9087597-1.jpeg,2,DRUSEN,DRUSEN,DRUSEN,True,0.014210344,0.029553242,0.01397254,0.013030537,0.008088135,0.9146295,0.0033430383,0.0031726395
/home/yogesh.patel/execution/25_9_2026_PRD_work/OCT2017_Test/test/DRUSEN/DRUSEN-9087597-2.jpeg,2,DRUSEN,DRUSEN,DRUSEN,True,0.0072041345,0.021420494,0.011433779,0.011916675,0.008002877,0.9337904,0.0037709852,0.0024606183
/home/yogesh.patel/execution/25_9_2026_PRD_work/OCT2017_Test/test/DRUSEN/DRUSEN-9155039-1.jpeg,2,DRUSEN,DRUSEN,DRUSEN,True,0.009157798,0.018399633,0.011002864,0.007920079,0.00670907,0.93741465,0.0041957293,0.005200251
/home/yogesh.patel/execution/25_9_2026_PRD_work/OCT2017_Test/test/DRUSEN/DRUSEN-9201573-1.jpeg,2,DRUSEN,DRUSEN,DRUSEN,True,0.008377043,0.0034136227,0.0072952155,0.0071198912,0.0056027686,0.9626399,0.0020095354,0.0035420535
/home/yogesh.patel/execution/25_9_2026_PRD_work/OCT2017_Test/test/DRUSEN/DRUSEN-9225057-1.jpeg,2,DRUSEN,DRUSEN,DRUSEN,True,0.0046002213,0.0029368012,0.0072810785,0.0046124137,0.0032959913,0.96995586,0.001989324,0.0053282413
/home/yogesh.patel/execution/25_9_2026_PRD_work/OCT2017_Test/test/DRUSEN/DRUSEN-9225057-2.jpeg,2,DRUSEN,DRUSEN,DRUSEN,True,0.0054255254,0.0022168504,0.007405047,0.004129463,0.005042599,0.9698471,0.001681437,0.0042519416
/home/yogesh.patel/execution/25_9_2026_PRD_work/OCT2017_Test/test/DRUSEN/DRUSEN-9280370-1.jpeg,2,DRUSEN,DRUSEN,DRUSEN,True,0.019059338,0.014650006,0.010527147,0.009727217,0.007013799,0.92534095,0.0063561792,0.0073253666
/home/yogesh.patel/execution/25_9_2026_PRD_work/OCT2017_Test/test/DRUSEN/DRUSEN-9442692-1.jpeg,2,DRUSEN,DRUSEN,DRUSEN,True,0.007677807,0.004889288,0.009005676,0.010394955,0.008129048,0.95474887,0.0020377764,0.0031165823
/home/yogesh.patel/execution/25_9_2026_PRD_work/OCT2017_Test/test/DRUSEN/DRUSEN-9504181-1.jpeg,2,DRUSEN,DRUSEN,DRUSEN,True,0.005260462,0.0012926057,0.00529992,0.0049339808,0.0030860757,0.9729081,0.0018569522,0.005361834
/home/yogesh.patel/execution/25_9_2026_PRD_work/OCT2017_Test/test/DRUSEN/DRUSEN-9504181-2.jpeg,2,DRUSEN,DRUSEN,DRUSEN,True,0.009794051,0.008858724,0.01050402,0.017646885,0.008460925,0.9395843,0.0027098143,0.0024412891
/home/yogesh.patel/execution/25_9_2026_PRD_work/OCT2017_Test/test/DRUSEN/DRUSEN-95633-1.jpeg,2,DRUSEN,DRUSEN,DRUSEN,True,0.011065434,0.029958816,0.018508561,0.016691878,0.00882127,0.9066472,0.005141171,0.0031657016
/home/yogesh.patel/execution/25_9_2026_PRD_work/OCT2017_Test/test/DRUSEN/DRUSEN-956663-1.jpeg,2,DRUSEN,DRUSEN,DRUSEN,True,0.009639436,0.0031850012,0.00939085,0.008290487,0.00557323,0.9584017,0.002629377,0.0028899023
/home/yogesh.patel/execution/25_9_2026_PRD_work/OCT2017_Test/test/DRUSEN/DRUSEN-9624303-1.jpeg,2,DRUSEN,DRUSEN,DRUSEN,True,0.0059640007,0.010728887,0.005750736,0.00944011,0.0072005265,0.95692897,0.0018613657,0.0021253964
/home/yogesh.patel/execution/25_9_2026_PRD_work/OCT2017_Test/test/DRUSEN/DRUSEN-9624303-2.jpeg,2,DRUSEN,DRUSEN,DRUSEN,True,0.0048996457,0.010961046,0.0062154396,0.0094692875,0.0049359417,0.9588322,0.002766024,0.0019204104
/home/yogesh.patel/execution/25_9_2026_PRD_work/OCT2017_Test/test/DRUSEN/DRUSEN-9642260-1.jpeg,2,DRUSEN,DRUSEN,DRUSEN,True,0.0066761617,0.0065910956,0.008751787,0.010857297,0.0052977735,0.9566216,0.003068626,0.0021357164
/home/yogesh.patel/execution/25_9_2026_PRD_work/OCT2017_Test/test/DRUSEN/DRUSEN-9689334-1.jpeg,2,DRUSEN,DRUSEN,DRUSEN,True,0.010687246,0.003691336,0.010629654,0.016080711,0.007260001,0.94625306,0.0017883742,0.003609712
/home/yogesh.patel/execution/25_9_2026_PRD_work/OCT2017_Test/test/DRUSEN/DRUSEN-9734808-1.jpeg,2,DRUSEN,DRUSEN,DRUSEN,True,0.010217257,0.0036025315,0.008351509,0.014631226,0.0050586252,0.9525734,0.0022205529,0.003344772
/home/yogesh.patel/execution/25_9_2026_PRD_work/OCT2017_Test/test/DRUSEN/DRUSEN-9734808-2.jpeg,2,DRUSEN,DRUSEN,DRUSEN,True,0.014355027,0.2906203,0.015204537,0.015107547,0.009464301,0.64438677,0.0051402827,0.005721132
/home/yogesh.patel/execution/25_9_2026_PRD_work/OCT2017_Test/test/DRUSEN/DRUSEN-9800172-1.jpeg,2,DRUSEN,DRUSEN,DRUSEN,True,0.010469046,0.006759424,0.010414571,0.0074444376,0.0070090564,0.95133084,0.0027340122,0.0038386171
/home/yogesh.patel/execution/25_9_2026_PRD_work/OCT2017_Test/test/DRUSEN/DRUSEN-987193-1.jpeg,2,DRUSEN,DRUSEN,DRUSEN,True,0.0061736354,0.0029811657,0.008070981,0.0077386755,0.0062595485,0.9635182,0.0024045391,0.0028533344
/home/yogesh.patel/execution/25_9_2026_PRD_work/OCT2017_Test/test/NORMAL/NORMAL-1017237-1.jpeg,3,NORMAL,NORMAL,NORMAL,True,0.011800061,0.024512602,0.015143236,0.007554956,0.0069768443,0.007212572,0.0066199,0.9201797
/home/yogesh.patel/execution/25_9_2026_PRD_work/OCT2017_Test/test/NORMAL/NORMAL-101880-1.jpeg,3,NORMAL,NORMAL,NORMAL,True,0.006280818,0.008379578,0.010394744,0.01116355,0.0061090873,0.0048897923,0.008508095,0.9442744
/home/yogesh.patel/execution/25_9_2026_PRD_work/OCT2017_Test/test/NORMAL/NORMAL-1025847-1.jpeg,3,NORMAL,NORMAL,NORMAL,True,0.007853027,0.0032937306,0.0099806925,0.0028460152,0.005594986,0.0089184,0.002711856,0.9588014
/home/yogesh.patel/execution/25_9_2026_PRD_work/OCT2017_Test/test/NORMAL/NORMAL-1038998-1.jpeg,3,NORMAL,NORMAL,NORMAL,True,0.010216942,0.0038818193,0.008062025,0.01240939,0.005224745,0.0037858645,0.0022799082,0.95413923
/home/yogesh.patel/execution/25_9_2026_PRD_work/OCT2017_Test/test/NORMAL/NORMAL-1042462-1.jpeg,3,NORMAL,NORMAL,NORMAL,True,0.012025623,0.0049171145,0.009551107,0.007853855,0.008015739,0.017882837,0.0023689657,0.9373847
/home/yogesh.patel/execution/25_9_2026_PRD_work/OCT2017_Test/test/NORMAL/NORMAL-1058176-1.jpeg,3,NORMAL,NORMAL,NORMAL,True,0.0069426154,0.0044793296,0.008572998,0.0072380463,0.0042970553,0.009698595,0.001673934,0.9570975
/home/yogesh.patel/execution/25_9_2026_PRD_work/OCT2017_Test/test/NORMAL/NORMAL-1063128-1.jpeg,3,NORMAL,NORMAL,NORMAL,True,0.011348146,0.009911427,0.008898495,0.014863824,0.0060416493,0.009418671,0.00605239,0.9334655
/home/yogesh.patel/execution/25_9_2026_PRD_work/OCT2017_Test/test/NORMAL/NORMAL-1073137-1.jpeg,3,NORMAL,NORMAL,NORMAL,True,0.0114449,0.003884375,0.0093344115,0.008891838,0.005056321,0.004903693,0.0029705763,0.95351386
/home/yogesh.patel/execution/25_9_2026_PRD_work/OCT2017_Test/test/NORMAL/NORMAL-1081406-1.jpeg,3,NORMAL,NORMAL,NORMAL,True,0.011689445,0.00460125,0.010411412,0.028041434,0.0124936,0.024939276,0.0049616927,0.9028619
/home/yogesh.patel/execution/25_9_2026_PRD_work/OCT2017_Test/test/NORMAL/NORMAL-112928-1.jpeg,3,NORMAL,NORMAL,NORMAL,True,0.010966837,0.0101125995,0.008967708,0.004157418,0.004450238,0.0066441405,0.003116662,0.95158446
/home/yogesh.patel/execution/25_9_2026_PRD_work/OCT2017_Test/test/NORMAL/NORMAL-119840-1.jpeg,3,NORMAL,NORMAL,NORMAL,True,0.010795852,0.011914656,0.009622156,0.029406909,0.007314044,0.0051586223,0.0038666632,0.9219211
/home/yogesh.patel/execution/25_9_2026_PRD_work/OCT2017_Test/test/NORMAL/NORMAL-12494-1.jpeg,3,NORMAL,NORMAL,NORMAL,True,0.0069174855,0.0033403279,0.0067307767,0.003901639,0.003743029,0.005293055,0.0019587062,0.968115
/home/yogesh.patel/execution/25_9_2026_PRD_work/OCT2017_Test/test/NORMAL/NORMAL-12494-2.jpeg,3,NORMAL,NORMAL,NORMAL,True,0.009754583,0.0106641,0.009034834,0.007947981,0.0048532616,0.00627332,0.0044104066,0.94706154
/home/yogesh.patel/execution/25_9_2026_PRD_work/OCT2017_Test/test/NORMAL/NORMAL-12494-3.jpeg,3,NORMAL,NORMAL,NORMAL,True,0.0073905657,0.006080679,0.009656334,0.0124590155,0.0046564466,0.010409207,0.0036898633,0.9456578
/home/yogesh.patel/execution/25_9_2026_PRD_work/OCT2017_Test/test/NORMAL/NORMAL-12494-4.jpeg,3,NORMAL,NORMAL,NORMAL,True,0.012334094,0.009509095,0.008278634,0.0074098837,0.0054223603,0.007775611,0.003665431,0.94560486
/home/yogesh.patel/execution/25_9_2026_PRD_work/OCT2017_Test/test/NORMAL/NORMAL-12494-5.jpeg,3,NORMAL,NORMAL,NORMAL,True,0.00873983,0.008039857,0.008577554,0.0062639406,0.005241516,0.0064179096,0.002722128,0.9539972
/home/yogesh.patel/execution/25_9_2026_PRD_work/OCT2017_Test/test/NORMAL/NORMAL-133321-1.jpeg,3,NORMAL,NORMAL,NORMAL,True,0.009087572,0.0122523615,0.0109805055,0.024983292,0.009164338,0.008769764,0.005528276,0.9192339
/home/yogesh.patel/execution/25_9_2026_PRD_work/OCT2017_Test/test/NORMAL/NORMAL-138971-1.jpeg,3,NORMAL,NORMAL,NORMAL,True,0.009065341,0.0035218997,0.008037409,0.008622926,0.0050945734,0.0078197485,0.0026414488,0.9551967
/home/yogesh.patel/execution/25_9_2026_PRD_work/OCT2017_Test/test/NORMAL/NORMAL-15208-1.jpeg,3,NORMAL,NORMAL,NORMAL,True,0.008437708,0.00303806,0.009470459,0.0035759495,0.0046020043,0.002390954,0.0020628253,0.96642214
/home/yogesh.patel/execution/25_9_2026_PRD_work/OCT2017_Test/test/NORMAL/NORMAL-15307-1.jpeg,3,NORMAL,NORMAL,NORMAL,True,0.009160346,0.0047703036,0.007315624,0.0050241416,0.0044842614,0.007926345,0.0018056035,0.95951325
/home/yogesh.patel/execution/25_9_2026_PRD_work/OCT2017_Test/test/NORMAL/NORMAL-153950-1.jpeg,3,NORMAL,NORMAL,NORMAL,True,0.010439788,0.0063919933,0.010503697,0.0036177484,0.008167364,0.0062926067,0.00394156,0.95064515
/home/yogesh.patel/execution/25_9_2026_PRD_work/OCT2017_Test/test/NORMAL/NORMAL-1746717-1.jpeg,3,NORMAL,NORMAL,NORMAL,True,0.009457134,0.0068681943,0.00831922,0.008099629,0.006259556,0.0055480003,0.004576727,0.95087147
/home/yogesh.patel/execution/25_9_2026_PRD_work/OCT2017_Test/test/NORMAL/NORMAL-1759350-1.jpeg,3,NORMAL,NORMAL,NORMAL,True,0.009674914,0.01269971,0.015262589,0.004252886,0.004921482,0.033691615,0.00827765,0.9112192
/home/yogesh.patel/execution/25_9_2026_PRD_work/OCT2017_Test/test/NORMAL/NORMAL-1781140-1.jpeg,3,NORMAL,NORMAL,NORMAL,True,0.00583924,0.0056846007,0.0064689526,0.008472887,0.0031326804,0.004455425,0.0021488923,0.9637973
/home/yogesh.patel/execution/25_9_2026_PRD_work/OCT2017_Test/test/NORMAL/NORMAL-1791409-1.jpeg,3,NORMAL,NORMAL,NORMAL,True,0.0064239977,0.0018844821,0.005532503,0.0058165947,0.0029651064,0.0036812157,0.0018921068,0.97180396
/home/yogesh.patel/execution/25_9_2026_PRD_work/OCT2017_Test/test/NORMAL/NORMAL-1831654-1.jpeg,3,NORMAL,NORMAL,NORMAL,True,0.00771319,0.003702878,0.0067925313,0.006994302,0.0068308385,0.0031020897,0.0021620418,0.96270216
/home/yogesh.patel/execution/25_9_2026_PRD_work/OCT2017_Test/test/NORMAL/NORMAL-1853526-1.jpeg,3,NORMAL,NORMAL,NORMAL,True,0.0072692605,0.0024438016,0.0073102466,0.0027142295,0.0033878207,0.0054223714,0.0023120928,0.96914005
/home/yogesh.patel/execution/25_9_2026_PRD_work/OCT2017_Test/test/NORMAL/NORMAL-1860310-1.jpeg,3,NORMAL,NORMAL,NORMAL,True,0.009740818,0.008533866,0.010251412,0.014770257,0.007918256,0.008120082,0.0049279663,0.9357373
/home/yogesh.patel/execution/25_9_2026_PRD_work/OCT2017_Test/test/NORMAL/NORMAL-1897894-1.jpeg,3,NORMAL,NORMAL,NORMAL,True,0.009903488,0.0110890055,0.012190481,0.007315422,0.008944602,0.0052234363,0.004338965,0.94099456
/home/yogesh.patel/execution/25_9_2026_PRD_work/OCT2017_Test/test/NORMAL/NORMAL-1907560-1.jpeg,3,NORMAL,NORMAL,NORMAL,True,0.007601974,0.0050852667,0.007452298,0.004904084,0.0038295514,0.006984331,0.002708153,0.96143436
/home/yogesh.patel/execution/25_9_2026_PRD_work/OCT2017_Test/test/NORMAL/NORMAL-1908313-1.jpeg,3,NORMAL,NORMAL,NORMAL,True,0.00871329,0.0034215157,0.008495727,0.0075970655,0.0029939369,0.004362254,0.0020459944,0.9623702
/home/yogesh.patel/execution/25_9_2026_PRD_work/OCT2017_Test/test/NORMAL/NORMAL-1951042-1.jpeg,3,NORMAL,NORMAL,NORMAL,True,0.013175424,0.0069783516,0.012894461,0.009967009,0.006102983,0.006708747,0.0037161747,0.94045687
/home/yogesh.patel/execution/25_9_2026_PRD_work/OCT2017_Test/test/NORMAL/NORMAL-1957379-1.jpeg,3,NORMAL,NORMAL,NORMAL,True,0.010588701,0.007836214,0.010430212,0.0057379818,0.007256463,0.0052135866,0.0036296404,0.9493072
/home/yogesh.patel/execution/25_9_2026_PRD_work/OCT2017_Test/test/NORMAL/NORMAL-197082-1.jpeg,3,NORMAL,NORMAL,NORMAL,True,0.009410066,0.007376,0.009895427,0.005859362,0.003721554,0.014103452,0.004069401,0.94556475
/home/yogesh.patel/execution/25_9_2026_PRD_work/OCT2017_Test/test/NORMAL/NORMAL-1983894-1.jpeg,3,NORMAL,NORMAL,NORMAL,True,0.0069212476,0.0074582635,0.010192606,0.005310322,0.008062607,0.003946364,0.002663801,0.95544475
/home/yogesh.patel/execution/25_9_2026_PRD_work/OCT2017_Test/test/NORMAL/NORMAL-1988065-1.jpeg,3,NORMAL,NORMAL,NORMAL,True,0.007799778,0.00881393,0.011295815,0.005667436,0.007242518,0.0064568515,0.003635595,0.9490881
/home/yogesh.patel/execution/25_9_2026_PRD_work/OCT2017_Test/test/NORMAL/NORMAL-1989796-1.jpeg,3,NORMAL,NORMAL,NORMAL,True,0.0061730654,0.002519063,0.006340916,0.003920977,0.0040009036,0.00319256,0.0017270835,0.9721255
/home/yogesh.patel/execution/25_9_2026_PRD_work/OCT2017_Test/test/NORMAL/NORMAL-1998191-1.jpeg,3,NORMAL,NORMAL,NORMAL,True,0.008156897,0.011419756,0.011472425,0.007000207,0.007161649,0.005597277,0.004973951,0.94421774
/home/yogesh.patel/execution/25_9_2026_PRD_work/OCT2017_Test/test/NORMAL/NORMAL-2010714-1.jpeg,3,NORMAL,NORMAL,NORMAL,True,0.011794838,0.006199544,0.009839578,0.012672478,0.0107814465,0.0026792826,0.0029370228,0.9430958
/home/yogesh.patel/execution/25_9_2026_PRD_work/OCT2017_Test/test/NORMAL/NORMAL-2011412-1.jpeg,3,NORMAL,NORMAL,NORMAL,True,0.0060489452,0.003582077,0.0059963022,0.003432819,0.0050194548,0.0055106822,0.002330623,0.96807915
/home/yogesh.patel/execution/25_9_2026_PRD_work/OCT2017_Test/test/NORMAL/NORMAL-2019006-1.jpeg,3,NORMAL,NORMAL,NORMAL,True,0.009199853,0.008262037,0.010261351,0.005910369,0.0041137068,0.013909453,0.0035755776,0.94476765
/home/yogesh.patel/execution/25_9_2026_PRD_work/OCT2017_Test/test/NORMAL/NORMAL-2019423-1.jpeg,3,NORMAL,NORMAL,NORMAL,True,0.013097302,0.009143552,0.0128999045,0.008045757,0.009436409,0.0086145885,0.006289187,0.9324733
/home/yogesh.patel/execution/25_9_2026_PRD_work/OCT2017_Test/test/NORMAL/NORMAL-2055634-1.jpeg,3,NORMAL,NORMAL,NORMAL,True,0.008350169,0.0028702943,0.0064047216,0.007412904,0.0025948128,0.004519536,0.0011055907,0.96674204
/home/yogesh.patel/execution/25_9_2026_PRD_work/OCT2017_Test/test/NORMAL/NORMAL-2059629-1.jpeg,3,NORMAL,NORMAL,NORMAL,True,0.012513999,0.008543472,0.010767672,0.009411838,0.006802513,0.0060249087,0.0037523168,0.9421834
/home/yogesh.patel/execution/25_9_2026_PRD_work/OCT2017_Test/test/NORMAL/NORMAL-2075832-1.jpeg,3,NORMAL,NORMAL,NORMAL,True,0.013803804,0.011676655,0.011262245,0.01855698,0.0074011236,0.009997936,0.0075814826,0.9197198
/home/yogesh.patel/execution/25_9_2026_PRD_work/OCT2017_Test/test/NORMAL/NORMAL-2082689-1.jpeg,3,NORMAL,NORMAL,NORMAL,True,0.0064156437,0.0028425935,0.005084111,0.005132388,0.0043856413,0.0034879802,0.0019952115,0.97065645
/home/yogesh.patel/execution/25_9_2026_PRD_work/OCT2017_Test/test/NORMAL/NORMAL-2095710-1.jpeg,3,NORMAL,NORMAL,NORMAL,True,0.009223494,0.0053438414,0.006775953,0.0082204975,0.004930942,0.004807407,0.003129193,0.95756865
/home/yogesh.patel/execution/25_9_2026_PRD_work/OCT2017_Test/test/NORMAL/NORMAL-2113822-1.jpeg,3,NORMAL,NORMAL,NORMAL,True,0.009015733,0.010741032,0.010375621,0.013727497,0.0071105985,0.0077307555,0.0035356798,0.93776304
/home/yogesh.patel/execution/25_9_2026_PRD_work/OCT2017_Test/test/NORMAL/NORMAL-2120559-1.jpeg,3,NORMAL,NORMAL,NORMAL,True,0.009488764,0.008131778,0.008744698,0.0044910233,0.006225059,0.006201715,0.0031410079,0.95357597
/home/yogesh.patel/execution/25_9_2026_PRD_work/OCT2017_Test/test/NORMAL/NORMAL-2120559-2.jpeg,3,NORMAL,NORMAL,NORMAL,True,0.010023079,0.0051546902,0.006611905,0.019959548,0.005546652,0.002740416,0.0046189167,0.9453448
/home/yogesh.patel/execution/25_9_2026_PRD_work/OCT2017_Test/test/NORMAL/NORMAL-2120559-3.jpeg,3,NORMAL,NORMAL,NORMAL,True,0.010325275,0.0067144074,0.012646354,0.0058165463,0.005228398,0.0067299954,0.00517301,0.94736606
/home/yogesh.patel/execution/25_9_2026_PRD_work/OCT2017_Test/test/NORMAL/NORMAL-2126186-1.jpeg,3,NORMAL,NORMAL,NORMAL,True,0.0071730586,0.008212631,0.010537776,0.0045957505,0.0047944915,0.009374491,0.0029229757,0.9523889
/home/yogesh.patel/execution/25_9_2026_PRD_work/OCT2017_Test/test/NORMAL/NORMAL-2131138-1.jpeg,3,NORMAL,NORMAL,NORMAL,True,0.008001581,0.0035833705,0.0071828347,0.0059550316,0.004216249,0.0033323818,0.0014903283,0.96623814
/home/yogesh.patel/execution/25_9_2026_PRD_work/OCT2017_Test/test/NORMAL/NORMAL-2158556-1.jpeg,3,NORMAL,NORMAL,NORMAL,True,0.010422366,0.0070226123,0.009192895,0.0071325493,0.006632802,0.006210284,0.0029849745,0.9504014
/home/yogesh.patel/execution/25_9_2026_PRD_work/OCT2017_Test/test/NORMAL/NORMAL-2167295-1.jpeg,3,NORMAL,NORMAL,NORMAL,True,0.00826867,0.0046660015,0.0056135654,0.007902262,0.0030603742,0.00328746,0.001890022,0.9653117
/home/yogesh.patel/execution/25_9_2026_PRD_work/OCT2017_Test/test/NORMAL/NORMAL-2181272-1.jpeg,3,NORMAL,NORMAL,NORMAL,True,0.010799658,0.0052712844,0.0071164747,0.025892723,0.003550279,0.005620473,0.0030629463,0.93868613
/home/yogesh.patel/execution/25_9_2026_PRD_work/OCT2017_Test/test/NORMAL/NORMAL-2182640-1.jpeg,3,NORMAL,DRUSEN,DRUSEN,False,0.013754573,0.0076542874,0.019838085,0.00515763,0.011865141,0.50861305,0.008874519,0.42424268
/home/yogesh.patel/execution/25_9_2026_PRD_work/OCT2017_Test/test/NORMAL/NORMAL-2192790-1.jpeg,3,NORMAL,NORMAL,NORMAL,True,0.009349945,0.00947246,0.009372062,0.008716042,0.0067096264,0.0069534327,0.0040526357,0.9453738
/home/yogesh.patel/execution/25_9_2026_PRD_work/OCT2017_Test/test/NORMAL/NORMAL-2197972-1.jpeg,3,NORMAL,NORMAL,NORMAL,True,0.0076089385,0.005524782,0.006633663,0.0045475056,0.004018075,0.0030515897,0.0021865927,0.9664288
/home/yogesh.patel/execution/25_9_2026_PRD_work/OCT2017_Test/test/NORMAL/NORMAL-2226488-1.jpeg,3,NORMAL,NORMAL,NORMAL,True,0.010313904,0.0056610713,0.007706251,0.02188834,0.007541493,0.0021111646,0.0034538948,0.94132394
/home/yogesh.patel/execution/25_9_2026_PRD_work/OCT2017_Test/test/NORMAL/NORMAL-2231056-1.jpeg,3,NORMAL,NORMAL,NORMAL,True,0.012825871,0.006293032,0.012518017,0.015556877,0.004070015,0.009237075,0.004383859,0.9351153
/home/yogesh.patel/execution/25_9_2026_PRD_work/OCT2017_Test/test/NORMAL/NORMAL-223814-1.jpeg,3,NORMAL,NORMAL,NORMAL,True,0.012357654,0.003570835,0.0073509156,0.008398893,0.00397232,0.003798764,0.0021563477,0.9583942
/home/yogesh.patel/execution/25_9_2026_PRD_work/OCT2017_Test/test/NORMAL/NORMAL-2244950-1.jpeg,3,NORMAL,NORMAL,NORMAL,True,0.009700799,0.0068339678,0.007378047,0.009489509,0.0042978306,0.0049968804,0.0041753803,0.9531276
/home/yogesh.patel/execution/25_9_2026_PRD_work/OCT2017_Test/test/NORMAL/NORMAL-2287992-1.jpeg,3,NORMAL,NORMAL,NORMAL,True,0.007079615,0.0035015747,0.007526705,0.0066555426,0.0052615623,0.0068310844,0.0021927168,0.9609512
/home/yogesh.patel/execution/25_9_2026_PRD_work/OCT2017_Test/test/NORMAL/NORMAL-2305502-1.jpeg,3,NORMAL,NORMAL,NORMAL,True,0.00977882,0.007551138,0.010009405,0.007976846,0.0062786266,0.007590658,0.0034967426,0.9473178
/home/yogesh.patel/execution/25_9_2026_PRD_work/OCT2017_Test/test/NORMAL/NORMAL-2312921-1.jpeg,3,NORMAL,NORMAL,NORMAL,True,0.00747622,0.00751495,0.0067383875,0.013407307,0.005513902,0.0032063583,0.0017404552,0.9544024
/home/yogesh.patel/execution/25_9_2026_PRD_work/OCT2017_Test/test/NORMAL/NORMAL-2316423-1.jpeg,3,NORMAL,NORMAL,NORMAL,True,0.0074938675,0.0071489965,0.0082786195,0.005485645,0.004406644,0.0062874584,0.0032084465,0.95769036
/home/yogesh.patel/execution/25_9_2026_PRD_work/OCT2017_Test/test/NORMAL/NORMAL-2335256-1.jpeg,3,NORMAL,NORMAL,NORMAL,True,0.0069754436,0.007875309,0.0095176725,0.007306216,0.008395912,0.0036349427,0.0023431461,0.9539513
/home/yogesh.patel/execution/25_9_2026_PRD_work/OCT2017_Test/test/NORMAL/NORMAL-2342517-1.jpeg,3,NORMAL,NORMAL,NORMAL,True,0.010450358,0.002521348,0.006297604,0.009280476,0.0026985714,0.0033377756,0.0025498853,0.9628639
/home/yogesh.patel/execution/25_9_2026_PRD_work/OCT2017_Test/test/NORMAL/NORMAL-2350851-1.jpeg,3,NORMAL,NORMAL,NORMAL,True,0.010571851,0.0034207602,0.006554109,0.0074053174,0.003898372,0.0033337837,0.0021019042,0.96271396
/home/yogesh.patel/execution/25_9_2026_PRD_work/OCT2017_Test/test/NORMAL/NORMAL-2351012-1.jpeg,3,NORMAL,NORMAL,NORMAL,True,0.009629366,0.0037985025,0.0064748307,0.0062188283,0.004536032,0.0024003207,0.0020129757,0.96492916
/home/yogesh.patel/execution/25_9_2026_PRD_work/OCT2017_Test/test/NORMAL/NORMAL-2362579-1.jpeg,3,NORMAL,NORMAL,NORMAL,True,0.0077159842,0.012154203,0.011284052,0.0048203864,0.006234249,0.010292458,0.0030450122,0.94445354
/home/yogesh.patel/execution/25_9_2026_PRD_work/OCT2017_Test/test/NORMAL/NORMAL-2366700-1.jpeg,3,NORMAL,NORMAL,NORMAL,True,0.009360804,0.006099923,0.009207636,0.008340836,0.0050832815,0.006218777,0.0051608966,0.95052785
/home/yogesh.patel/execution/25_9_2026_PRD_work/OCT2017_Test/test/NORMAL/NORMAL-2373878-1.jpeg,3,NORMAL,NORMAL,NORMAL,True,0.011000516,0.007264659,0.009108189,0.007420107,0.005558691,0.005367406,0.0030823417,0.95119816
/home/yogesh.patel/execution/25_9_2026_PRD_work/OCT2017_Test/test/NORMAL/NORMAL-2377429-1.jpeg,3,NORMAL,NORMAL,NORMAL,True,0.007994151,0.0043858364,0.00909869,0.0050173257,0.0052986066,0.0092317285,0.0023956406,0.9565781
/home/yogesh.patel/execution/25_9_2026_PRD_work/OCT2017_Test/test/NORMAL/NORMAL-2392366-1.jpeg,3,NORMAL,NORMAL,NORMAL,True,0.00982264,0.007388686,0.010203444,0.009396922,0.0063677267,0.0060370527,0.0034366788,0.94734687
/home/yogesh.patel/execution/25_9_2026_PRD_work/OCT2017_Test/test/NORMAL/NORMAL-2397754-1.jpeg,3,NORMAL,NORMAL,NORMAL,True,0.008516114,0.0035964653,0.0077214115,0.005538215,0.00627911,0.006519479,0.0019816293,0.95984757
/home/yogesh.patel/execution/25_9_2026_PRD_work/OCT2017_Test/test/NORMAL/NORMAL-2403175-1.jpeg,3,NORMAL,NORMAL,NORMAL,True,0.009484522,0.008489742,0.008694605,0.009104246,0.004959804,0.010562471,0.004965853,0.94373876
/home/yogesh.patel/execution/25_9_2026_PRD_work/OCT2017_Test/test/NORMAL/NORMAL-2416187-1.jpeg,3,NORMAL,NORMAL,NORMAL,True,0.010523992,0.0075782747,0.0070563527,0.014769938,0.004778134,0.0033152811,0.0025297753,0.9494483
/home/yogesh.patel/execution/25_9_2026_PRD_work/OCT2017_Test/test/NORMAL/NORMAL-2421067-1.jpeg,3,NORMAL,NORMAL,NORMAL,True,0.010777808,0.004284373,0.0073558954,0.012637913,0.003931464,0.004007442,0.0022289006,0.95477617
/home/yogesh.patel/execution/25_9_2026_PRD_work/OCT2017_Test/test/NORMAL/NORMAL-2424949-1.jpeg,3,NORMAL,NORMAL,NORMAL,True,0.012987283,0.0027773925,0.006447487,0.005214964,0.0038202535,0.00703851,0.0013266277,0.96038747
/home/yogesh.patel/execution/25_9_2026_PRD_work/OCT2017_Test/test/NORMAL/NORMAL-2434258-1.jpeg,3,NORMAL,NORMAL,NORMAL,True,0.008890936,0.0030954813,0.0057859365,0.007383875,0.0048395456,0.0033146115,0.0023153503,0.9643743
/home/yogesh.patel/execution/25_9_2026_PRD_work/OCT2017_Test/test/NORMAL/NORMAL-2436365-1.jpeg,3,NORMAL,NORMAL,NORMAL,True,0.008864144,0.006426136,0.008358855,0.0047473186,0.005749407,0.0055921213,0.0041724863,0.9560895
/home/yogesh.patel/execution/25_9_2026_PRD_work/OCT2017_Test/test/NORMAL/NORMAL-2448954-1.jpeg,3,NORMAL,NORMAL,NORMAL,True,0.004768997,0.0046500964,0.0074906065,0.012826796,0.0060200705,0.007572863,0.003672155,0.95299834
/home/yogesh.patel/execution/25_9_2026_PRD_work/OCT2017_Test/test/NORMAL/NORMAL-2459401-1.jpeg,3,NORMAL,NORMAL,NORMAL,True,0.011864306,0.008417828,0.008862892,0.008278573,0.0058874204,0.0050519924,0.0021760936,0.9494609
/home/yogesh.patel/execution/25_9_2026_PRD_work/OCT2017_Test/test/NORMAL/NORMAL-2460548-1.jpeg,3,NORMAL,NORMAL,NORMAL,True,0.008272668,0.0036948437,0.009642419,0.005267306,0.006601172,0.0073799263,0.0034872624,0.9556544
/home/yogesh.patel/execution/25_9_2026_PRD_work/OCT2017_Test/test/NORMAL/NORMAL-2476896-1.jpeg,3,NORMAL,NORMAL,NORMAL,True,0.00996951,0.009444115,0.009750806,0.011931458,0.0072271666,0.003989502,0.0034023027,0.94428504
/home/yogesh.patel/execution/25_9_2026_PRD_work/OCT2017_Test/test/NORMAL/NORMAL-2493975-1.jpeg,3,NORMAL,NORMAL,NORMAL,True,0.011890963,0.0069892397,0.011484203,0.008355281,0.008546169,0.004708947,0.0051419977,0.94288313
/home/yogesh.patel/execution/25_9_2026_PRD_work/OCT2017_Test/test/NORMAL/NORMAL-2504667-1.jpeg,3,NORMAL,NORMAL,NORMAL,True,0.008397339,0.011582583,0.009051745,0.014457739,0.006175215,0.007595684,0.006383386,0.93635637
/home/yogesh.patel/execution/25_9_2026_PRD_work/OCT2017_Test/test/NORMAL/NORMAL-2509453-1.jpeg,3,NORMAL,NORMAL,NORMAL,True,0.008929479,0.004608089,0.005910562,0.015775926,0.004376213,0.0035845505,0.0025957942,0.95421934
/home/yogesh.patel/execution/25_9_2026_PRD_work/OCT2017_Test/test/NORMAL/NORMAL-2517546-1.jpeg,3,NORMAL,NORMAL,NORMAL,True,0.0118931895,0.004435032,0.008490687,0.022743968,0.008984739,0.004385285,0.003223597,0.93584347
/home/yogesh.patel/execution/25_9_2026_PRD_work/OCT2017_Test/test/NORMAL/NORMAL-2549549-1.jpeg,3,NORMAL,NORMAL,NORMAL,True,0.01143245,0.0037738667,0.011256001,0.005331874,0.006388173,0.0049080197,0.003392285,0.95351726
/home/yogesh.patel/execution/25_9_2026_PRD_work/OCT2017_Test/test/NORMAL/NORMAL-2551333-1.jpeg,3,NORMAL,NORMAL,NORMAL,True,0.009207089,0.006664303,0.009270837,0.0075126262,0.0048729866,0.004022291,0.0028371925,0.9556126
/home/yogesh.patel/execution/25_9_2026_PRD_work/OCT2017_Test/test/NORMAL/NORMAL-2569106-1.jpeg,3,NORMAL,NORMAL,NORMAL,True,0.011228211,0.0058895187,0.008079884,0.0071276845,0.0053732544,0.0040044333,0.003166629,0.95513046
/home/yogesh.patel/execution/25_9_2026_PRD_work/OCT2017_Test/test/NORMAL/NORMAL-2570020-1.jpeg,3,NORMAL,NORMAL,NORMAL,True,0.0063585145,0.002579526,0.007313415,0.0035543873,0.0031452626,0.005527694,0.0016313408,0.9698898
/home/yogesh.patel/execution/25_9_2026_PRD_work/OCT2017_Test/test/NORMAL/NORMAL-2579419-1.jpeg,3,NORMAL,NORMAL,NORMAL,True,0.007813307,0.007388194,0.012163365,0.0040673497,0.0069446685,0.0059161866,0.0032481623,0.9524586
/home/yogesh.patel/execution/25_9_2026_PRD_work/OCT2017_Test/test/NORMAL/NORMAL-2598368-1.jpeg,3,NORMAL,NORMAL,NORMAL,True,0.007453358,0.0027554082,0.006081539,0.0040931003,0.0049333833,0.0052518724,0.0020568285,0.96737444
/home/yogesh.patel/execution/25_9_2026_PRD_work/OCT2017_Test/test/NORMAL/NORMAL-2602596-1.jpeg,3,NORMAL,NORMAL,NORMAL,True,0.010818988,0.004934594,0.008433606,0.017765772,0.005329687,0.0075391,0.003336488,0.9418418
/home/yogesh.patel/execution/25_9_2026_PRD_work/OCT2017_Test/test/NORMAL/NORMAL-2627129-1.jpeg,3,NORMAL,NORMAL,NORMAL,True,0.012850748,0.008310366,0.01072618,0.01694904,0.0061989063,0.0058537796,0.0036166797,0.93549424
/home/yogesh.patel/execution/25_9_2026_PRD_work/OCT2017_Test/test/NORMAL/NORMAL-2633503-1.jpeg,3,NORMAL,NORMAL,NORMAL,True,0.01917921,0.007892446,0.008199393,0.015319557,0.0072512575,0.00865889,0.0032705572,0.9302288
/home/yogesh.patel/execution/25_9_2026_PRD_work/OCT2017_Test/test/NORMAL/NORMAL-2636641-1.jpeg,3,NORMAL,NORMAL,NORMAL,True,0.012052627,0.0045245397,0.009900516,0.0036802704,0.0064912946,0.0053414926,0.0033218253,0.9546874
/home/yogesh.patel/execution/25_9_2026_PRD_work/OCT2017_Test/test/NORMAL/NORMAL-2665491-1.jpeg,3,NORMAL,NORMAL,NORMAL,True,0.00971759,0.008186767,0.00853632,0.005294739,0.006082873,0.008786092,0.003518275,0.9498772
/home/yogesh.patel/execution/25_9_2026_PRD_work/OCT2017_Test/test/NORMAL/NORMAL-269181-1.jpeg,3,NORMAL,NORMAL,NORMAL,True,0.007898549,0.0029659115,0.007308196,0.007887807,0.0030770635,0.0019381967,0.0023384097,0.96658593
/home/yogesh.patel/execution/25_9_2026_PRD_work/OCT2017_Test/test/NORMAL/NORMAL-2705520-1.jpeg,3,NORMAL,NORMAL,NORMAL,True,0.008059472,0.0048128515,0.010193117,0.008748056,0.007332832,0.0066522164,0.0031216245,0.95107985
/home/yogesh.patel/execution/25_9_2026_PRD_work/OCT2017_Test/test/NORMAL/NORMAL-2709055-1.jpeg,3,NORMAL,NORMAL,NORMAL,True,0.011581675,0.017232561,0.011977836,0.01995577,0.0058731902,0.011128942,0.006043555,0.9162065
/home/yogesh.patel/execution/25_9_2026_PRD_work/OCT2017_Test/test/NORMAL/NORMAL-2733663-1.jpeg,3,NORMAL,NORMAL,NORMAL,True,0.009522263,0.013766331,0.011453616,0.022533238,0.0045686834,0.0046280343,0.0037330908,0.9297947
/home/yogesh.patel/execution/25_9_2026_PRD_work/OCT2017_Test/test/NORMAL/NORMAL-2739821-1.jpeg,3,NORMAL,NORMAL,NORMAL,True,0.0103623755,0.0061648563,0.009529812,0.008050167,0.0064225467,0.01364149,0.00229672,0.9435321
/home/yogesh.patel/execution/25_9_2026_PRD_work/OCT2017_Test/test/NORMAL/NORMAL-2769622-1.jpeg,3,NORMAL,NORMAL,NORMAL,True,0.0075738216,0.005361141,0.011219262,0.0023639603,0.0038544962,0.012807742,0.0028638775,0.95395565
/home/yogesh.patel/execution/25_9_2026_PRD_work/OCT2017_Test/test/NORMAL/NORMAL-2769622-2.jpeg,3,NORMAL,NORMAL,NORMAL,True,0.013508904,0.0031250902,0.009726016,0.013383282,0.0055336896,0.008111841,0.0025397865,0.9440714
/home/yogesh.patel/execution/25_9_2026_PRD_work/OCT2017_Test/test/NORMAL/NORMAL-279206-1.jpeg,3,NORMAL,NORMAL,NORMAL,True,0.009065226,0.0072098733,0.009123969,0.009513571,0.005014703,0.0036052307,0.00250234,0.95396507
/home/yogesh.patel/execution/25_9_2026_PRD_work/OCT2017_Test/test/NORMAL/NORMAL-283376-1.jpeg,3,NORMAL,NORMAL,NORMAL,True,0.008039341,0.0068024863,0.009201982,0.004504029,0.0049622958,0.005284357,0.002671546,0.95853394
/home/yogesh.patel/execution/25_9_2026_PRD_work/OCT2017_Test/test/NORMAL/NORMAL-285896-1.jpeg,3,NORMAL,NORMAL,NORMAL,True,0.008309085,0.012304844,0.009722335,0.013905104,0.008382212,0.006320007,0.0042140977,0.9368422
/home/yogesh.patel/execution/25_9_2026_PRD_work/OCT2017_Test/test/NORMAL/NORMAL-2973935-1.jpeg,3,NORMAL,NORMAL,NORMAL,True,0.007051699,0.005012459,0.0076679867,0.0054222,0.006359352,0.0038596052,0.0029817924,0.9616449
/home/yogesh.patel/execution/25_9_2026_PRD_work/OCT2017_Test/test/NORMAL/NORMAL-3059523-1.jpeg,3,NORMAL,NORMAL,NORMAL,True,0.0085094925,0.005966121,0.0076015648,0.0142834,0.0029887827,0.0073164343,0.0025140534,0.95082015
/home/yogesh.patel/execution/25_9_2026_PRD_work/OCT2017_Test/test/NORMAL/NORMAL-307151-1.jpeg,3,NORMAL,NORMAL,NORMAL,True,0.007824621,0.009076006,0.009395108,0.006153663,0.0067257043,0.00708156,0.0039090784,0.9498342
/home/yogesh.patel/execution/25_9_2026_PRD_work/OCT2017_Test/test/NORMAL/NORMAL-307151-2.jpeg,3,NORMAL,NORMAL,NORMAL,True,0.011590526,0.0057001333,0.0097384,0.011172309,0.0039352844,0.005872802,0.002856289,0.94913423
/home/yogesh.patel/execution/25_9_2026_PRD_work/OCT2017_Test/test/NORMAL/NORMAL-3077276-1.jpeg,3,NORMAL,NORMAL,NORMAL,True,0.0081108585,0.0039768266,0.010122569,0.003423753,0.0042939056,0.009127827,0.003620925,0.95732325
/home/yogesh.patel/execution/25_9_2026_PRD_work/OCT2017_Test/test/NORMAL/NORMAL-3100637-1.jpeg,3,NORMAL,NORMAL,NORMAL,True,0.007159717,0.0019383887,0.0069834185,0.0056353225,0.0030769636,0.005191322,0.0018191114,0.9681958
/home/yogesh.patel/execution/25_9_2026_PRD_work/OCT2017_Test/test/NORMAL/NORMAL-3103940-1.jpeg,3,NORMAL,NORMAL,NORMAL,True,0.00956588,0.003564697,0.01064387,0.0063998564,0.0070015844,0.005871659,0.0030459939,0.9539065
/home/yogesh.patel/execution/25_9_2026_PRD_work/OCT2017_Test/test/NORMAL/NORMAL-3108564-1.jpeg,3,NORMAL,NORMAL,NORMAL,True,0.007862135,0.006903937,0.0074362513,0.010531275,0.0051610116,0.003401194,0.0027092576,0.95599496
/home/yogesh.patel/execution/25_9_2026_PRD_work/OCT2017_Test/test/NORMAL/NORMAL-3134896-1.jpeg,3,NORMAL,NORMAL,NORMAL,True,0.011903446,0.009048192,0.016073974,0.007003226,0.0043263733,0.012213046,0.0034809248,0.93595093
/home/yogesh.patel/execution/25_9_2026_PRD_work/OCT2017_Test/test/NORMAL/NORMAL-3166591-1.jpeg,3,NORMAL,NORMAL,NORMAL,True,0.010180546,0.007836777,0.007015645,0.005972547,0.00401044,0.005584161,0.003444466,0.95595527
/home/yogesh.patel/execution/25_9_2026_PRD_work/OCT2017_Test/test/NORMAL/NORMAL-3220509-1.jpeg,3,NORMAL,NORMAL,NORMAL,True,0.009275628,0.0027568818,0.009227834,0.006132313,0.0056474046,0.0053328685,0.002694213,0.9589328
/home/yogesh.patel/execution/25_9_2026_PRD_work/OCT2017_Test/test/NORMAL/NORMAL-3244919-1.jpeg,3,NORMAL,NORMAL,NORMAL,True,0.013429619,0.00822583,0.0114867585,0.0056641647,0.00679376,0.016653478,0.0043384405,0.9334079
/home/yogesh.patel/execution/25_9_2026_PRD_work/OCT2017_Test/test/NORMAL/NORMAL-3256489-1.jpeg,3,NORMAL,NORMAL,NORMAL,True,0.007964138,0.008849908,0.010538656,0.012115548,0.009377101,0.0033354526,0.004091945,0.9437273
/home/yogesh.patel/execution/25_9_2026_PRD_work/OCT2017_Test/test/NORMAL/NORMAL-3277704-1.jpeg,3,NORMAL,NORMAL,NORMAL,True,0.009700155,0.0023138206,0.0067763184,0.005295138,0.003056854,0.004717959,0.0013080931,0.9668316
/home/yogesh.patel/execution/25_9_2026_PRD_work/OCT2017_Test/test/NORMAL/NORMAL-3300015-1.jpeg,3,NORMAL,NORMAL,NORMAL,True,0.009925094,0.0071856426,0.010234878,0.009086801,0.0042844503,0.0069987103,0.0044603613,0.94782406
/home/yogesh.patel/execution/25_9_2026_PRD_work/OCT2017_Test/test/NORMAL/NORMAL-3307598-1.jpeg,3,NORMAL,NORMAL,NORMAL,True,0.007501075,0.007570992,0.007956413,0.012388855,0.0069417646,0.008848041,0.0039193714,0.9448735
/home/yogesh.patel/execution/25_9_2026_PRD_work/OCT2017_Test/test/NORMAL/NORMAL-3307598-2.jpeg,3,NORMAL,NORMAL,NORMAL,True,0.009518953,0.006108338,0.008293276,0.008743688,0.0052296836,0.010147244,0.0030625297,0.9488962
/home/yogesh.patel/execution/25_9_2026_PRD_work/OCT2017_Test/test/NORMAL/NORMAL-3308307-1.jpeg,3,NORMAL,NORMAL,NORMAL,True,0.008901576,0.015396106,0.012521919,0.008200426,0.00589432,0.011515206,0.0057940064,0.9317764
/home/yogesh.patel/execution/25_9_2026_PRD_work/OCT2017_Test/test/NORMAL/NORMAL-330905-1.jpeg,3,NORMAL,NORMAL,NORMAL,True,0.007449595,0.006393314,0.008444573,0.0060534975,0.0026298857,0.0058024116,0.0023633381,0.96086335
/home/yogesh.patel/execution/25_9_2026_PRD_work/OCT2017_Test/test/NORMAL/NORMAL-3320960-1.jpeg,3,NORMAL,NORMAL,NORMAL,True,0.010908362,0.0108696185,0.011766402,0.008727468,0.007990298,0.0071187783,0.0054957457,0.93712336
/home/yogesh.patel/execution/25_9_2026_PRD_work/OCT2017_Test/test/NORMAL/NORMAL-3326661-1.jpeg,3,NORMAL,NORMAL,NORMAL,True,0.00902505,0.0037755806,0.008136575,0.0072484193,0.00478411,0.005715284,0.0027722612,0.9585427
/home/yogesh.patel/execution/25_9_2026_PRD_work/OCT2017_Test/test/NORMAL/NORMAL-3330006-1.jpeg,3,NORMAL,NORMAL,NORMAL,True,0.010108626,0.014642152,0.011112287,0.007820718,0.0048535843,0.01396404,0.004781181,0.9327173
/home/yogesh.patel/execution/25_9_2026_PRD_work/OCT2017_Test/test/NORMAL/NORMAL-3332063-1.jpeg,3,NORMAL,NORMAL,NORMAL,True,0.008127932,0.0046589645,0.009077612,0.0034613358,0.003424519,0.0086262105,0.0026960599,0.95992744
/home/yogesh.patel/execution/25_9_2026_PRD_work/OCT2017_Test/test/NORMAL/NORMAL-33350-1.jpeg,3,NORMAL,NORMAL,NORMAL,True,0.009097878,0.0052931057,0.00949871,0.008529884,0.008024088,0.005613701,0.002954605,0.9509881
/home/yogesh.patel/execution/25_9_2026_PRD_work/OCT2017_Test/test/NORMAL/NORMAL-33350-2.jpeg,3,NORMAL,NORMAL,NORMAL,True,0.010184555,0.003409389,0.011195839,0.019632334,0.008926834,0.006804301,0.003265627,0.93658113
/home/yogesh.patel/execution/25_9_2026_PRD_work/OCT2017_Test/test/NORMAL/NORMAL-33350-3.jpeg,3,NORMAL,NORMAL,NORMAL,True,0.025461601,0.14740877,0.024879865,0.031327598,0.015060646,0.050114706,0.011757096,0.6939897
/home/yogesh.patel/execution/25_9_2026_PRD_work/OCT2017_Test/test/NORMAL/NORMAL-3340309-1.jpeg,3,NORMAL,NORMAL,NORMAL,True,0.0093355775,0.011577534,0.01056558,0.013308616,0.008723356,0.0065120864,0.005433751,0.9345435
/home/yogesh.patel/execution/25_9_2026_PRD_work/OCT2017_Test/test/NORMAL/NORMAL-3346049-1.jpeg,3,NORMAL,NORMAL,NORMAL,True,0.007950665,0.0033127803,0.008753701,0.0034126323,0.006009206,0.0068717925,0.0025086317,0.96118057
/home/yogesh.patel/execution/25_9_2026_PRD_work/OCT2017_Test/test/NORMAL/NORMAL-3347645-1.jpeg,3,NORMAL,NORMAL,NORMAL,True,0.006963396,0.003317164,0.0078531755,0.0028003643,0.005553348,0.0040593506,0.0019036913,0.96754944
/home/yogesh.patel/execution/25_9_2026_PRD_work/OCT2017_Test/test/NORMAL/NORMAL-3354044-1.jpeg,3,NORMAL,NORMAL,NORMAL,True,0.012098153,0.004575033,0.010959721,0.0071332143,0.0029916186,0.006110915,0.0021546278,0.9539768
/home/yogesh.patel/execution/25_9_2026_PRD_work/OCT2017_Test/test/NORMAL/NORMAL-3361560-1.jpeg,3,NORMAL,NORMAL,NORMAL,True,0.009282344,0.014680724,0.0076282057,0.010015141,0.004679365,0.007906149,0.0037352021,0.9420728
/home/yogesh.patel/execution/25_9_2026_PRD_work/OCT2017_Test/test/NORMAL/NORMAL-3361750-1.jpeg,3,NORMAL,NORMAL,NORMAL,True,0.010381644,0.011278935,0.011273833,0.008102735,0.0069282805,0.008232057,0.0065334956,0.937269
/home/yogesh.patel/execution/25_9_2026_PRD_work/OCT2017_Test/test/NORMAL/NORMAL-33637-1.jpeg,3,NORMAL,NORMAL,NORMAL,True,0.013572586,0.007451959,0.007863619,0.011261807,0.0057136044,0.00498736,0.0034145464,0.94573444
/home/yogesh.patel/execution/25_9_2026_PRD_work/OCT2017_Test/test/NORMAL/NORMAL-3373954-1.jpeg,3,NORMAL,NORMAL,NORMAL,True,0.010042659,0.00622442,0.009225536,0.007883437,0.003587376,0.0075506563,0.0035274199,0.95195854
/home/yogesh.patel/execution/25_9_2026_PRD_work/OCT2017_Test/test/NORMAL/NORMAL-3380901-1.jpeg,3,NORMAL,NORMAL,NORMAL,True,0.010013067,0.0058629517,0.009400528,0.008297614,0.0055242567,0.006726816,0.004572499,0.9496022
/home/yogesh.patel/execution/25_9_2026_PRD_work/OCT2017_Test/test/NORMAL/NORMAL-338568-1.jpeg,3,NORMAL,NORMAL,NORMAL,True,0.012065377,0.00876676,0.011611036,0.0053756535,0.0063589746,0.006987174,0.00468534,0.94414973
/home/yogesh.patel/execution/25_9_2026_PRD_work/OCT2017_Test/test/NORMAL/NORMAL-3390782-1.jpeg,3,NORMAL,NORMAL,NORMAL,True,0.015097619,0.007693976,0.01172694,0.011005252,0.004620433,0.004275354,0.002254891,0.9433255
/home/yogesh.patel/execution/25_9_2026_PRD_work/OCT2017_Test/test/NORMAL/NORMAL-3398969-1.jpeg,3,NORMAL,NORMAL,NORMAL,True,0.01567899,0.011474622,0.011664495,0.010579389,0.006799551,0.007674011,0.0045601516,0.93156886
/home/yogesh.patel/execution/25_9_2026_PRD_work/OCT2017_Test/test/NORMAL/NORMAL-3399839-1.jpeg,3,NORMAL,NORMAL,NORMAL,True,0.009506882,0.0048377803,0.0066828793,0.010423319,0.0068050562,0.0035732007,0.002498894,0.955672
/home/yogesh.patel/execution/25_9_2026_PRD_work/OCT2017_Test/test/NORMAL/NORMAL-3416330-1.jpeg,3,NORMAL,NORMAL,NORMAL,True,0.008498475,0.0037515166,0.007077688,0.0037189706,0.0051510157,0.008414791,0.0028129774,0.9605746
/home/yogesh.patel/execution/25_9_2026_PRD_work/OCT2017_Test/test/NORMAL/NORMAL-3431386-1.jpeg,3,NORMAL,NORMAL,NORMAL,True,0.009378969,0.0043778406,0.0067210323,0.01617559,0.0043647154,0.0019929528,0.0016341434,0.95535475
/home/yogesh.patel/execution/25_9_2026_PRD_work/OCT2017_Test/test/NORMAL/NORMAL-3451887-1.jpeg,3,NORMAL,NORMAL,NORMAL,True,0.010638135,0.0062810113,0.008114361,0.015687263,0.0078124814,0.0045999624,0.0028554925,0.9440113
/home/yogesh.patel/execution/25_9_2026_PRD_work/OCT2017_Test/test/NORMAL/NORMAL-3465750-1.jpeg,3,NORMAL,NORMAL,NORMAL,True,0.008008836,0.0048313485,0.013614741,0.0038946392,0.0076270425,0.0070348387,0.0034861364,0.95150244
/home/yogesh.patel/execution/25_9_2026_PRD_work/OCT2017_Test/test/NORMAL/NORMAL-3466714-1.jpeg,3,NORMAL,NORMAL,NORMAL,True,0.009293966,0.005361276,0.0071776602,0.016528191,0.00496692,0.00430933,0.0021991325,0.95016354
/home/yogesh.patel/execution/25_9_2026_PRD_work/OCT2017_Test/test/NORMAL/NORMAL-3475211-1.jpeg,3,NORMAL,NORMAL,NORMAL,True,0.010628584,0.0111441165,0.01193991,0.007995333,0.009341288,0.0072342562,0.004725811,0.93699074
/home/yogesh.patel/execution/25_9_2026_PRD_work/OCT2017_Test/test/NORMAL/NORMAL-348347-1.jpeg,3,NORMAL,NORMAL,NORMAL,True,0.008344448,0.003711989,0.0066393083,0.0026857215,0.0036599732,0.003501906,0.0021178643,0.9693387
/home/yogesh.patel/execution/25_9_2026_PRD_work/OCT2017_Test/test/NORMAL/NORMAL-349021-1.jpeg,3,NORMAL,NORMAL,NORMAL,True,0.013119921,0.014218653,0.01494077,0.009586522,0.008365844,0.07573148,0.0068427254,0.85719407
/home/yogesh.patel/execution/25_9_2026_PRD_work/OCT2017_Test/test/NORMAL/NORMAL-351109-1.jpeg,3,NORMAL,NORMAL,NORMAL,True,0.009330808,0.0042323205,0.008388494,0.005509076,0.010057663,0.0039423704,0.0031469455,0.9553923
/home/yogesh.patel/execution/25_9_2026_PRD_work/OCT2017_Test/test/NORMAL/NORMAL-351109-2.jpeg,3,NORMAL,NORMAL,NORMAL,True,0.012879205,0.009733311,0.00940199,0.006987436,0.0063632526,0.0036529987,0.002892866,0.9480889
/home/yogesh.patel/execution/25_9_2026_PRD_work/OCT2017_Test/test/NORMAL/NORMAL-3531215-1.jpeg,3,NORMAL,NORMAL,NORMAL,True,0.011235994,0.009363859,0.010829489,0.005928953,0.004584681,0.006058581,0.0030223632,0.948976
/home/yogesh.patel/execution/25_9_2026_PRD_work/OCT2017_Test/test/NORMAL/NORMAL-3538316-1.jpeg,3,NORMAL,NORMAL,NORMAL,True,0.0081849005,0.002476098,0.006654385,0.0027260506,0.0037417032,0.006879611,0.0014747482,0.96786255
/home/yogesh.patel/execution/25_9_2026_PRD_work/OCT2017_Test/test/NORMAL/NORMAL-3561306-1.jpeg,3,NORMAL,NORMAL,NORMAL,True,0.009109997,0.007040046,0.00818803,0.007064339,0.005797521,0.0043715765,0.0041171648,0.95431125
/home/yogesh.patel/execution/25_9_2026_PRD_work/OCT2017_Test/test/NORMAL/NORMAL-3561306-2.jpeg,3,NORMAL,NORMAL,NORMAL,True,0.012447067,0.008976198,0.00819889,0.0074368436,0.0064759115,0.004000977,0.0034089289,0.9490552
/home/yogesh.patel/execution/25_9_2026_PRD_work/OCT2017_Test/test/NORMAL/NORMAL-366503-1.jpeg,3,NORMAL,NORMAL,NORMAL,True,0.010459833,0.0066693034,0.009242349,0.007012063,0.0045959246,0.003959376,0.0027674714,0.9552936
/home/yogesh.patel/execution/25_9_2026_PRD_work/OCT2017_Test/test/NORMAL/NORMAL-366503-2.jpeg,3,NORMAL,NORMAL,NORMAL,True,0.017796777,0.029725097,0.017425746,0.01959288,0.01062354,0.07816528,0.013594667,0.81307596
/home/yogesh.patel/execution/25_9_2026_PRD_work/OCT2017_Test/test/NORMAL/NORMAL-36734-1.jpeg,3,NORMAL,NORMAL,NORMAL,True,0.008752529,0.007477059,0.009143689,0.0061080474,0.0058344705,0.0043987692,0.002352946,0.9559324
/home/yogesh.patel/execution/25_9_2026_PRD_work/OCT2017_Test/test/NORMAL/NORMAL-37818-1.jpeg,3,NORMAL,NORMAL,NORMAL,True,0.008632286,0.0035661655,0.009502653,0.0032088282,0.0054015447,0.006227563,0.0016712735,0.9617896
/home/yogesh.patel/execution/25_9_2026_PRD_work/OCT2017_Test/test/NORMAL/NORMAL-395557-1.jpeg,3,NORMAL,NORMAL,NORMAL,True,0.0069066165,0.00987167,0.01089131,0.010530364,0.0071525793,0.005747278,0.0032565484,0.94564366
/home/yogesh.patel/execution/25_9_2026_PRD_work/OCT2017_Test/test/NORMAL/NORMAL-402066-1.jpeg,3,NORMAL,NORMAL,NORMAL,True,0.0084128985,0.0034105089,0.008364147,0.004454735,0.0061129886,0.0092224935,0.0032343382,0.9567879
/home/yogesh.patel/execution/25_9_2026_PRD_work/OCT2017_Test/test/NORMAL/NORMAL-402066-2.jpeg,3,NORMAL,NORMAL,NORMAL,True,0.009098819,0.0065731592,0.009764923,0.005859814,0.004005944,0.008786922,0.0034724376,0.952438
/home/yogesh.patel/execution/25_9_2026_PRD_work/OCT2017_Test/test/NORMAL/NORMAL-402066-3.jpeg,3,NORMAL,NORMAL,NORMAL,True,0.011480214,0.005017984,0.010722158,0.0127819255,0.007201468,0.0029912444,0.0033270365,0.946478
/home/yogesh.patel/execution/25_9_2026_PRD_work/OCT2017_Test/test/NORMAL/NORMAL-402066-4.jpeg,3,NORMAL,NORMAL,NORMAL,True,0.011295974,0.0045176507,0.00909403,0.005684064,0.0058626924,0.006606407,0.0039615766,0.9529776
/home/yogesh.patel/execution/25_9_2026_PRD_work/OCT2017_Test/test/NORMAL/NORMAL-402066-5.jpeg,3,NORMAL,NORMAL,NORMAL,True,0.012787645,0.007017962,0.011260959,0.009224924,0.006832182,0.0056382874,0.0040042344,0.9432338
/home/yogesh.patel/execution/25_9_2026_PRD_work/OCT2017_Test/test/NORMAL/NORMAL-438684-1.jpeg,3,NORMAL,NORMAL,NORMAL,True,0.009371465,0.008217554,0.011107508,0.0072053913,0.004777567,0.0061203525,0.005644186,0.947556
/home/yogesh.patel/execution/25_9_2026_PRD_work/OCT2017_Test/test/NORMAL/NORMAL-438684-2.jpeg,3,NORMAL,NORMAL,NORMAL,True,0.016874049,0.008579349,0.015231332,0.005708493,0.0048702275,0.0080511635,0.0043906663,0.9362946
/home/yogesh.patel/execution/25_9_2026_PRD_work/OCT2017_Test/test/NORMAL/NORMAL-438684-3.jpeg,3,NORMAL,NORMAL,NORMAL,True,0.012404732,0.007992811,0.012852338,0.0056200903,0.0064950236,0.0062000216,0.0042023123,0.94423264
/home/yogesh.patel/execution/25_9_2026_PRD_work/OCT2017_Test/test/NORMAL/NORMAL-443980-1.jpeg,3,NORMAL,NORMAL,NORMAL,True,0.010925193,0.006614916,0.008397016,0.005398842,0.005825727,0.005788269,0.0040272702,0.9530227
/home/yogesh.patel/execution/25_9_2026_PRD_work/OCT2017_Test/test/NORMAL/NORMAL-446851-1.jpeg,3,NORMAL,NORMAL,NORMAL,True,0.010088511,0.011933191,0.0074396743,0.01488433,0.0049053105,0.0038064474,0.0025658445,0.94437665
/home/yogesh.patel/execution/25_9_2026_PRD_work/OCT2017_Test/test/NORMAL/NORMAL-446851-2.jpeg,3,NORMAL,NORMAL,NORMAL,True,0.011195769,0.0064992006,0.007660742,0.017440308,0.006259935,0.006071693,0.0025237943,0.9423486
/home/yogesh.patel/execution/25_9_2026_PRD_work/OCT2017_Test/test/NORMAL/NORMAL-447690-1.jpeg,3,NORMAL,NORMAL,NORMAL,True,0.009500725,0.0049785106,0.008105345,0.013375899,0.006598028,0.0039138463,0.0031456426,0.95038205
/home/yogesh.patel/execution/25_9_2026_PRD_work/OCT2017_Test/test/NORMAL/NORMAL-447690-2.jpeg,3,NORMAL,NORMAL,NORMAL,True,0.0082705505,0.010245393,0.010204832,0.017729709,0.0058488892,0.00632028,0.0060987812,0.9352816
/home/yogesh.patel/execution/25_9_2026_PRD_work/OCT2017_Test/test/NORMAL/NORMAL-450532-1.jpeg,3,NORMAL,NORMAL,NORMAL,True,0.010874274,0.010740919,0.0102122445,0.013709418,0.0063114036,0.007830026,0.0047861063,0.93553567
/home/yogesh.patel/execution/25_9_2026_PRD_work/OCT2017_Test/test/NORMAL/NORMAL-450923-1.jpeg,3,NORMAL,NORMAL,NORMAL,True,0.015312187,0.029051274,0.014899842,0.02235825,0.0088861855,0.016195435,0.006418223,0.8868787
/home/yogesh.patel/execution/25_9_2026_PRD_work/OCT2017_Test/test/NORMAL/NORMAL-450923-2.jpeg,3,NORMAL,NORMAL,NORMAL,True,0.012212215,0.019755432,0.016387234,0.020664059,0.0099499915,0.009055908,0.00536815,0.90660703
/home/yogesh.patel/execution/25_9_2026_PRD_work/OCT2017_Test/test/NORMAL/NORMAL-460711-1.jpeg,3,NORMAL,NORMAL,NORMAL,True,0.009866575,0.008013612,0.009396331,0.0072976314,0.004748972,0.007049164,0.0036666407,0.9499611
/home/yogesh.patel/execution/25_9_2026_PRD_work/OCT2017_Test/test/NORMAL/NORMAL-460844-1.jpeg,3,NORMAL,NORMAL,NORMAL,True,0.012620416,0.014804559,0.013279418,0.01457605,0.008214706,0.00806829,0.005414363,0.92302215
/home/yogesh.patel/execution/25_9_2026_PRD_work/OCT2017_Test/test/NORMAL/NORMAL-466978-1.jpeg,3,NORMAL,NORMAL,NORMAL,True,0.009215512,0.007429949,0.011339405,0.005787946,0.008007833,0.004048149,0.005453077,0.9487181
/home/yogesh.patel/execution/25_9_2026_PRD_work/OCT2017_Test/test/NORMAL/NORMAL-469935-1.jpeg,3,NORMAL,NORMAL,NORMAL,True,0.009311019,0.006581975,0.010990325,0.0059826467,0.005531308,0.0055782483,0.0033650077,0.9526595
/home/yogesh.patel/execution/25_9_2026_PRD_work/OCT2017_Test/test/NORMAL/NORMAL-4761187-1.jpeg,3,NORMAL,NORMAL,NORMAL,True,0.009886558,0.009411108,0.009536511,0.005352159,0.0048253387,0.012398667,0.0028619098,0.94572777
/home/yogesh.patel/execution/25_9_2026_PRD_work/OCT2017_Test/test/NORMAL/NORMAL-4790999-1.jpeg,3,NORMAL,NORMAL,NORMAL,True,0.008322296,0.0054035764,0.0074730203,0.0043810396,0.0028372083,0.006131965,0.0025385888,0.9629123
/home/yogesh.patel/execution/25_9_2026_PRD_work/OCT2017_Test/test/NORMAL/NORMAL-48053-1.jpeg,3,NORMAL,NORMAL,NORMAL,True,0.009561415,0.0068184254,0.008715191,0.0047310907,0.0053997478,0.0028646365,0.0023584678,0.95955104
/home/yogesh.patel/execution/25_9_2026_PRD_work/OCT2017_Test/test/NORMAL/NORMAL-4839633-1.jpeg,3,NORMAL,NORMAL,NORMAL,True,0.007201024,0.007567393,0.0071129324,0.00742269,0.005234686,0.005405694,0.0040780865,0.9559775
/home/yogesh.patel/execution/25_9_2026_PRD_work/OCT2017_Test/test/NORMAL/NORMAL-486271-1.jpeg,3,NORMAL,NORMAL,NORMAL,True,0.008087798,0.009185851,0.006263468,0.011960597,0.0043732873,0.0036079295,0.0018491279,0.954672
/home/yogesh.patel/execution/25_9_2026_PRD_work/OCT2017_Test/test/NORMAL/NORMAL-508852-1.jpeg,3,NORMAL,NORMAL,NORMAL,True,0.008779261,0.005271185,0.0071145585,0.010312131,0.007718632,0.002721233,0.0034062567,0.95467675
/home/yogesh.patel/execution/25_9_2026_PRD_work/OCT2017_Test/test/NORMAL/NORMAL-508852-2.jpeg,3,NORMAL,NORMAL,NORMAL,True,0.007418383,0.0052383016,0.007616953,0.0053166645,0.006437994,0.0049175047,0.0019034321,0.9611507
/home/yogesh.patel/execution/25_9_2026_PRD_work/OCT2017_Test/test/NORMAL/NORMAL-519372-1.jpeg,3,NORMAL,NORMAL,NORMAL,True,0.0067217364,0.010491992,0.011353521,0.008668017,0.006017562,0.014946183,0.004391162,0.93740994
/home/yogesh.patel/execution/25_9_2026_PRD_work/OCT2017_Test/test/NORMAL/NORMAL-524640-1.jpeg,3,NORMAL,NORMAL,NORMAL,True,0.012127214,0.013132049,0.013990718,0.010353694,0.0074012466,0.0070752325,0.0031949996,0.9327247
/home/yogesh.patel/execution/25_9_2026_PRD_work/OCT2017_Test/test/NORMAL/NORMAL-544457-1.jpeg,3,NORMAL,NORMAL,NORMAL,True,0.007056548,0.0040429374,0.0082139205,0.008841204,0.0044004335,0.0072801257,0.0029798998,0.95718503
/home/yogesh.patel/execution/25_9_2026_PRD_work/OCT2017_Test/test/NORMAL/NORMAL-544711-1.jpeg,3,NORMAL,NORMAL,NORMAL,True,0.009093538,0.004455864,0.0056810067,0.0126799885,0.0044602924,0.0060314923,0.003351262,0.9542466
/home/yogesh.patel/execution/25_9_2026_PRD_work/OCT2017_Test/test/NORMAL/NORMAL-547422-1.jpeg,3,NORMAL,NORMAL,NORMAL,True,0.007720525,0.009567476,0.009656641,0.005437979,0.005632263,0.0041833315,0.003787492,0.95401436
/home/yogesh.patel/execution/25_9_2026_PRD_work/OCT2017_Test/test/NORMAL/NORMAL-547422-2.jpeg,3,NORMAL,NORMAL,NORMAL,True,0.0064290226,0.009473675,0.009601142,0.0054035513,0.007468163,0.0055098506,0.0030226037,0.95309204
/home/yogesh.patel/execution/25_9_2026_PRD_work/OCT2017_Test/test/NORMAL/NORMAL-549356-1.jpeg,3,NORMAL,NORMAL,NORMAL,True,0.0081136795,0.0091529945,0.012236798,0.017517293,0.0069347345,0.012784679,0.0047289045,0.9285309
/home/yogesh.patel/execution/25_9_2026_PRD_work/OCT2017_Test/test/NORMAL/NORMAL-549356-2.jpeg,3,NORMAL,NORMAL,NORMAL,True,0.013319995,0.013391328,0.012516158,0.004519075,0.009778188,0.008324973,0.003993802,0.9341564
/home/yogesh.patel/execution/25_9_2026_PRD_work/OCT2017_Test/test/NORMAL/NORMAL-549356-3.jpeg,3,NORMAL,NORMAL,NORMAL,True,0.006973285,0.003947705,0.0083738575,0.006897557,0.0060662427,0.006294977,0.001654952,0.95979154
/home/yogesh.patel/execution/25_9_2026_PRD_work/OCT2017_Test/test/NORMAL/NORMAL-552739-1.jpeg,3,NORMAL,NORMAL,NORMAL,True,0.008550054,0.006828344,0.008273864,0.009431088,0.006582862,0.0047507593,0.003884767,0.9516981
/home/yogesh.patel/execution/25_9_2026_PRD_work/OCT2017_Test/test/NORMAL/NORMAL-557437-1.jpeg,3,NORMAL,NORMAL,NORMAL,True,0.012002468,0.008928893,0.011569788,0.00867884,0.008527906,0.007391978,0.006237826,0.9366623
/home/yogesh.patel/execution/25_9_2026_PRD_work/OCT2017_Test/test/NORMAL/NORMAL-557437-2.jpeg,3,NORMAL,NORMAL,NORMAL,True,0.0137945255,0.009686264,0.010485148,0.013232991,0.0055202013,0.0066070086,0.004151384,0.93652236
/home/yogesh.patel/execution/25_9_2026_PRD_work/OCT2017_Test/test/NORMAL/NORMAL-565818-1.jpeg,3,NORMAL,NORMAL,NORMAL,True,0.010415259,0.008783174,0.009108384,0.0072276606,0.008176901,0.0034686206,0.0034520708,0.949368
/home/yogesh.patel/execution/25_9_2026_PRD_work/OCT2017_Test/test/NORMAL/NORMAL-566040-1.jpeg,3,NORMAL,NORMAL,NORMAL,True,0.011495184,0.0073342305,0.010062241,0.005108028,0.0054901442,0.0075773713,0.0028029017,0.95012987
/home/yogesh.patel/execution/25_9_2026_PRD_work/OCT2017_Test/test/NORMAL/NORMAL-568518-1.jpeg,3,NORMAL,NORMAL,NORMAL,True,0.01437743,0.011566183,0.010945071,0.007735045,0.0062092994,0.008561432,0.0064649,0.9341406
/home/yogesh.patel/execution/25_9_2026_PRD_work/OCT2017_Test/test/NORMAL/NORMAL-568518-2.jpeg,3,NORMAL,NORMAL,NORMAL,True,0.007499807,0.002037105,0.008169097,0.008102858,0.003728872,0.017247047,0.0019918124,0.9512234
/home/yogesh.patel/execution/25_9_2026_PRD_work/OCT2017_Test/test/NORMAL/NORMAL-571157-1.jpeg,3,NORMAL,NORMAL,NORMAL,True,0.012510838,0.008032871,0.008654337,0.013838287,0.0069926535,0.0028150256,0.00318733,0.9439687
/home/yogesh.patel/execution/25_9_2026_PRD_work/OCT2017_Test/test/NORMAL/NORMAL-571484-1.jpeg,3,NORMAL,NORMAL,NORMAL,True,0.00801328,0.008220288,0.0065176464,0.011216023,0.0072931377,0.007896968,0.003029636,0.9478129
/home/yogesh.patel/execution/25_9_2026_PRD_work/OCT2017_Test/test/NORMAL/NORMAL-572972-1.jpeg,3,NORMAL,NORMAL,NORMAL,True,0.009591714,0.007086427,0.009514827,0.008125891,0.0059126676,0.006776047,0.0026218959,0.95037055
/home/yogesh.patel/execution/25_9_2026_PRD_work/OCT2017_Test/test/NORMAL/NORMAL-574089-1.jpeg,3,NORMAL,NORMAL,NORMAL,True,0.0063972096,0.002380815,0.005042178,0.0072052944,0.0033586596,0.0032523812,0.002731028,0.9696325
/home/yogesh.patel/execution/25_9_2026_PRD_work/OCT2017_Test/test/NORMAL/NORMAL-582215-1.jpeg,3,NORMAL,NORMAL,NORMAL,True,0.008906194,0.003118077,0.007819048,0.008677857,0.00340749,0.012372505,0.0033463044,0.9523526
/home/yogesh.patel/execution/25_9_2026_PRD_work/OCT2017_Test/test/NORMAL/NORMAL-588227-1.jpeg,3,NORMAL,NORMAL,NORMAL,True,0.0114098955,0.005321692,0.012510745,0.0066953623,0.00895453,0.008203013,0.0051824693,0.9417223
/home/yogesh.patel/execution/25_9_2026_PRD_work/OCT2017_Test/test/NORMAL/NORMAL-60471-1.jpeg,3,NORMAL,NORMAL,NORMAL,True,0.007929949,0.0072631915,0.0085375765,0.010119192,0.004377784,0.005595553,0.0024304816,0.9537462
/home/yogesh.patel/execution/25_9_2026_PRD_work/OCT2017_Test/test/NORMAL/NORMAL-605310-1.jpeg,3,NORMAL,NORMAL,NORMAL,True,0.012217311,0.008155382,0.008489348,0.022452712,0.0042923493,0.005029572,0.0020854168,0.937278
/home/yogesh.patel/execution/25_9_2026_PRD_work/OCT2017_Test/test/NORMAL/NORMAL-626127-1.jpeg,3,NORMAL,NORMAL,NORMAL,True,0.007254875,0.003506773,0.008771516,0.0039900593,0.0039018139,0.0093948785,0.0024598364,0.9607203
/home/yogesh.patel/execution/25_9_2026_PRD_work/OCT2017_Test/test/NORMAL/NORMAL-628048-1.jpeg,3,NORMAL,NORMAL,NORMAL,True,0.0074075493,0.003918078,0.0079149995,0.0076546567,0.0062746094,0.0061869905,0.0022246568,0.95841855
/home/yogesh.patel/execution/25_9_2026_PRD_work/OCT2017_Test/test/NORMAL/NORMAL-629493-1.jpeg,3,NORMAL,NORMAL,NORMAL,True,0.010319139,0.0073740208,0.00948094,0.013447955,0.005023952,0.0038920648,0.0040418403,0.94642013
/home/yogesh.patel/execution/25_9_2026_PRD_work/OCT2017_Test/test/NORMAL/NORMAL-651257-1.jpeg,3,NORMAL,NORMAL,NORMAL,True,0.008823053,0.0043238113,0.007422237,0.0087483525,0.0038773422,0.005197024,0.00196805,0.95964
/home/yogesh.patel/execution/25_9_2026_PRD_work/OCT2017_Test/test/NORMAL/NORMAL-655117-1.jpeg,3,NORMAL,NORMAL,NORMAL,True,0.00871583,0.00475237,0.009236921,0.006233637,0.0073351436,0.0028690994,0.0028044444,0.9580526
/home/yogesh.patel/execution/25_9_2026_PRD_work/OCT2017_Test/test/NORMAL/NORMAL-655447-1.jpeg,3,NORMAL,NORMAL,NORMAL,True,0.007974987,0.006157222,0.011434829,0.007978125,0.008686281,0.0067170113,0.0051406263,0.9459109
/home/yogesh.patel/execution/25_9_2026_PRD_work/OCT2017_Test/test/NORMAL/NORMAL-664536-1.jpeg,3,NORMAL,NORMAL,NORMAL,True,0.010697459,0.009512789,0.010684881,0.005520066,0.004386298,0.0038691878,0.0024720128,0.9528573
/home/yogesh.patel/execution/25_9_2026_PRD_work/OCT2017_Test/test/NORMAL/NORMAL-66515-1.jpeg,3,NORMAL,NORMAL,NORMAL,True,0.012372268,0.006182769,0.009413393,0.008576377,0.005453822,0.004429938,0.0029923606,0.95057905
/home/yogesh.patel/execution/25_9_2026_PRD_work/OCT2017_Test/test/NORMAL/NORMAL-672619-1.jpeg,3,NORMAL,NORMAL,NORMAL,True,0.0107969595,0.0065855086,0.009363579,0.0069387034,0.006259745,0.00479196,0.002355281,0.9529083
/home/yogesh.patel/execution/25_9_2026_PRD_work/OCT2017_Test/test/NORMAL/NORMAL-692554-1.jpeg,3,NORMAL,NORMAL,NORMAL,True,0.008908171,0.008219268,0.008149987,0.008724182,0.0034762402,0.005858946,0.0026056278,0.95405763
/home/yogesh.patel/execution/25_9_2026_PRD_work/OCT2017_Test/test/NORMAL/NORMAL-693575-1.jpeg,3,NORMAL,NORMAL,NORMAL,True,0.006620989,0.008515431,0.01059813,0.0052681766,0.0059406306,0.0074250354,0.005521186,0.9501104
/home/yogesh.patel/execution/25_9_2026_PRD_work/OCT2017_Test/test/NORMAL/NORMAL-697826-1.jpeg,3,NORMAL,NORMAL,NORMAL,True,0.010533965,0.004592454,0.0073877736,0.015924016,0.004857058,0.018391589,0.0037057372,0.9346074
/home/yogesh.patel/execution/25_9_2026_PRD_work/OCT2017_Test/test/NORMAL/NORMAL-744709-1.jpeg,3,NORMAL,NORMAL,NORMAL,True,0.0042201993,0.0020293503,0.0052393363,0.006331123,0.0036838748,0.0016623382,0.0019701265,0.97486365
/home/yogesh.patel/execution/25_9_2026_PRD_work/OCT2017_Test/test/NORMAL/NORMAL-755659-1.jpeg,3,NORMAL,NORMAL,NORMAL,True,0.009157171,0.0027391894,0.00781495,0.0094772205,0.003686158,0.003136952,0.0015869412,0.9624015
/home/yogesh.patel/execution/25_9_2026_PRD_work/OCT2017_Test/test/NORMAL/NORMAL-758272-1.jpeg,3,NORMAL,NORMAL,NORMAL,True,0.007952753,0.008557284,0.008449587,0.0074910647,0.003964644,0.010903762,0.004663,0.94801795
/home/yogesh.patel/execution/25_9_2026_PRD_work/OCT2017_Test/test/NORMAL/NORMAL-76914-1.jpeg,3,NORMAL,NORMAL,NORMAL,True,0.010538308,0.01058931,0.0111275455,0.007550403,0.005689606,0.0076828706,0.003969664,0.9428523
/home/yogesh.patel/execution/25_9_2026_PRD_work/OCT2017_Test/test/NORMAL/NORMAL-772481-1.jpeg,3,NORMAL,NORMAL,NORMAL,True,0.008170622,0.0042614597,0.0065198834,0.008563901,0.005623279,0.003300968,0.0027928017,0.96076715
/home/yogesh.patel/execution/25_9_2026_PRD_work/OCT2017_Test/test/NORMAL/NORMAL-84466-1.jpeg,3,NORMAL,NORMAL,NORMAL,True,0.0069901966,0.0030698888,0.007129997,0.003470341,0.0055866614,0.0039828257,0.0020832333,0.96768695
/home/yogesh.patel/execution/25_9_2026_PRD_work/OCT2017_Test/test/NORMAL/NORMAL-85367-1.jpeg,3,NORMAL,NORMAL,NORMAL,True,0.010168084,0.008335626,0.00935999,0.015889473,0.007757204,0.0034459678,0.0032053783,0.9418382
/home/yogesh.patel/execution/25_9_2026_PRD_work/OCT2017_Test/test/NORMAL/NORMAL-9251-1.jpeg,3,NORMAL,NORMAL,NORMAL,True,0.005613567,0.002456781,0.005322574,0.008295105,0.002960023,0.0030150195,0.001644295,0.9706926
/home/yogesh.patel/execution/25_9_2026_PRD_work/OCT2017_Test/test/NORMAL/NORMAL-98720-1.jpeg,3,NORMAL,NORMAL,NORMAL,True,0.008965569,0.0028050034,0.006107859,0.014784326,0.005654562,0.0021001662,0.0026543627,0.95692813
