path,class,label,prob_CNV_normalized,prob_DME_normalized,prob_DRUSEN_normalized,prob_NORMAL_normalized
/home/yogesh.patel/execution/25_9_2026_PRD_work/OCT2017_Test/test/CNV/CNV-1016042-1.jpeg,CNV,0,0.9809812,0.011266984,0.002754665,0.004997248
/home/yogesh.patel/execution/25_9_2026_PRD_work/OCT2017_Test/test/CNV/CNV-1016042-2.jpeg,CNV,0,0.94774747,0.043778643,0.0024056023,0.006068262
/home/yogesh.patel/execution/25_9_2026_PRD_work/OCT2017_Test/test/CNV/CNV-1016042-3.jpeg,CNV,0,0.97262275,0.018797172,0.004507409,0.0040727006
/home/yogesh.patel/execution/25_9_2026_PRD_work/OCT2017_Test/test/CNV/CNV-1016042-4.jpeg,CNV,0,0.9857024,0.008079467,0.0031909246,0.003027204
/home/yogesh.patel/execution/25_9_2026_PRD_work/OCT2017_Test/test/CNV/CNV-103044-1.jpeg,CNV,0,0.98458666,0.010178757,0.003103434,0.0021310996
/home/yogesh.patel/execution/25_9_2026_PRD_work/OCT2017_Test/test/CNV/CNV-103044-10.jpeg,CNV,0,0.977337,0.008303756,0.010789877,0.0035693166
/home/yogesh.patel/execution/25_9_2026_PRD_work/OCT2017_Test/test/CNV/CNV-103044-11.jpeg,CNV,0,0.987348,0.007344908,0.002760215,0.0025468506
/home/yogesh.patel/execution/25_9_2026_PRD_work/OCT2017_Test/test/CNV/CNV-103044-12.jpeg,CNV,0,0.9917411,0.0018114075,0.0027538314,0.0036936346
/home/yogesh.patel/execution/25_9_2026_PRD_work/OCT2017_Test/test/CNV/CNV-103044-2.jpeg,CNV,0,0.983137,0.007795963,0.004592338,0.0044747232
/home/yogesh.patel/execution/25_9_2026_PRD_work/OCT2017_Test/test/CNV/CNV-103044-3.jpeg,CNV,0,0.9140484,0.006696239,0.075317554,0.0039378284
/home/yogesh.patel/execution/25_9_2026_PRD_work/OCT2017_Test/test/CNV/CNV-103044-4.jpeg,CNV,0,0.9910026,0.0048098946,0.0013643535,0.002823109
/home/yogesh.patel/execution/25_9_2026_PRD_work/OCT2017_Test/test/CNV/CNV-103044-5.jpeg,CNV,0,0.9747487,0.0032381264,0.019469742,0.0025434946
/home/yogesh.patel/execution/25_9_2026_PRD_work/OCT2017_Test/test/CNV/CNV-103044-6.jpeg,CNV,0,0.9782497,0.0023366085,0.016201582,0.003212124
/home/yogesh.patel/execution/25_9_2026_PRD_work/OCT2017_Test/test/CNV/CNV-103044-7.jpeg,CNV,0,0.97830063,0.003288715,0.013447921,0.004962709
/home/yogesh.patel/execution/25_9_2026_PRD_work/OCT2017_Test/test/CNV/CNV-103044-8.jpeg,CNV,0,0.97593176,0.002030668,0.018188355,0.0038492372
/home/yogesh.patel/execution/25_9_2026_PRD_work/OCT2017_Test/test/CNV/CNV-103044-9.jpeg,CNV,0,0.992629,0.0018758456,0.0019497935,0.0035454133
/home/yogesh.patel/execution/25_9_2026_PRD_work/OCT2017_Test/test/CNV/CNV-1083927-1.jpeg,CNV,0,0.9674569,0.025483716,0.004916858,0.0021425416
/home/yogesh.patel/execution/25_9_2026_PRD_work/OCT2017_Test/test/CNV/CNV-1112835-1.jpeg,CNV,0,0.9859117,0.005983796,0.0015728589,0.0065316344
/home/yogesh.patel/execution/25_9_2026_PRD_work/OCT2017_Test/test/CNV/CNV-1112835-2.jpeg,CNV,0,0.98347765,0.0076839505,0.002362365,0.00647601
/home/yogesh.patel/execution/25_9_2026_PRD_work/OCT2017_Test/test/CNV/CNV-1130960-1.jpeg,CNV,0,0.98600966,0.008906253,0.0014209367,0.0036631587
/home/yogesh.patel/execution/25_9_2026_PRD_work/OCT2017_Test/test/CNV/CNV-1131664-1.jpeg,CNV,0,0.97917354,0.008594023,0.006884561,0.005347918
/home/yogesh.patel/execution/25_9_2026_PRD_work/OCT2017_Test/test/CNV/CNV-1136126-1.jpeg,CNV,0,0.97773683,0.0077062654,0.010733069,0.0038238983
/home/yogesh.patel/execution/25_9_2026_PRD_work/OCT2017_Test/test/CNV/CNV-1177084-1.jpeg,CNV,0,0.978759,0.017163116,0.0020722966,0.0020055994
/home/yogesh.patel/execution/25_9_2026_PRD_work/OCT2017_Test/test/CNV/CNV-1188386-1.jpeg,CNV,0,0.9796352,0.013592148,0.004337675,0.0024350141
/home/yogesh.patel/execution/25_9_2026_PRD_work/OCT2017_Test/test/CNV/CNV-1188386-2.jpeg,CNV,0,0.96592444,0.016564067,0.01619771,0.001313801
/home/yogesh.patel/execution/25_9_2026_PRD_work/OCT2017_Test/test/CNV/CNV-1188386-3.jpeg,CNV,0,0.9854893,0.00895637,0.002641074,0.0029132671
/home/yogesh.patel/execution/25_9_2026_PRD_work/OCT2017_Test/test/CNV/CNV-1188386-4.jpeg,CNV,0,0.97009593,0.019549182,0.005944768,0.004410063
/home/yogesh.patel/execution/25_9_2026_PRD_work/OCT2017_Test/test/CNV/CNV-1260317-1.jpeg,CNV,0,0.98884594,0.0042567486,0.0035950535,0.003302255
/home/yogesh.patel/execution/25_9_2026_PRD_work/OCT2017_Test/test/CNV/CNV-1290410-1.jpeg,CNV,0,0.9885865,0.0038087876,0.0042397548,0.003365012
/home/yogesh.patel/execution/25_9_2026_PRD_work/OCT2017_Test/test/CNV/CNV-1290410-2.jpeg,CNV,0,0.9818344,0.0041325144,0.0062913965,0.0077416585
/home/yogesh.patel/execution/25_9_2026_PRD_work/OCT2017_Test/test/CNV/CNV-1290410-3.jpeg,CNV,0,0.9815252,0.008335972,0.0067605134,0.0033783992
/home/yogesh.patel/execution/25_9_2026_PRD_work/OCT2017_Test/test/CNV/CNV-1305450-1.jpeg,CNV,0,0.9914507,0.001895502,0.003096709,0.0035570741
/home/yogesh.patel/execution/25_9_2026_PRD_work/OCT2017_Test/test/CNV/CNV-1305450-2.jpeg,CNV,0,0.981928,0.007072177,0.007960878,0.0030389393
/home/yogesh.patel/execution/25_9_2026_PRD_work/OCT2017_Test/test/CNV/CNV-1305450-3.jpeg,CNV,0,0.9419498,0.045672245,0.0042906455,0.0080873575
/home/yogesh.patel/execution/25_9_2026_PRD_work/OCT2017_Test/test/CNV/CNV-1305450-4.jpeg,CNV,0,0.9847669,0.0077914023,0.002698601,0.0047430713
/home/yogesh.patel/execution/25_9_2026_PRD_work/OCT2017_Test/test/CNV/CNV-137351-1.jpeg,CNV,0,0.9723757,0.016882682,0.0073515433,0.0033900263
/home/yogesh.patel/execution/25_9_2026_PRD_work/OCT2017_Test/test/CNV/CNV-1415351-1.jpeg,CNV,0,0.8489854,0.13584767,0.00886581,0.0063012126
/home/yogesh.patel/execution/25_9_2026_PRD_work/OCT2017_Test/test/CNV/CNV-154835-1.jpeg,CNV,0,0.9818203,0.0069009354,0.004641968,0.006636815
/home/yogesh.patel/execution/25_9_2026_PRD_work/OCT2017_Test/test/CNV/CNV-154835-2.jpeg,CNV,0,0.9796241,0.0050237887,0.0075021577,0.007850026
/home/yogesh.patel/execution/25_9_2026_PRD_work/OCT2017_Test/test/CNV/CNV-163081-1.jpeg,CNV,0,0.98410594,0.005910593,0.00551701,0.0044664224
/home/yogesh.patel/execution/25_9_2026_PRD_work/OCT2017_Test/test/CNV/CNV-163081-10.jpeg,CNV,0,0.9867037,0.008007882,0.002554999,0.0027334285
/home/yogesh.patel/execution/25_9_2026_PRD_work/OCT2017_Test/test/CNV/CNV-163081-2.jpeg,CNV,0,0.9867678,0.0073927273,0.002564733,0.003274686
/home/yogesh.patel/execution/25_9_2026_PRD_work/OCT2017_Test/test/CNV/CNV-163081-3.jpeg,CNV,0,0.9866455,0.0041394783,0.0051623783,0.004052609
/home/yogesh.patel/execution/25_9_2026_PRD_work/OCT2017_Test/test/CNV/CNV-163081-4.jpeg,CNV,0,0.98020166,0.010336842,0.0059498176,0.0035116647
/home/yogesh.patel/execution/25_9_2026_PRD_work/OCT2017_Test/test/CNV/CNV-163081-5.jpeg,CNV,0,0.9898848,0.0048369057,0.0028230527,0.002455222
/home/yogesh.patel/execution/25_9_2026_PRD_work/OCT2017_Test/test/CNV/CNV-163081-6.jpeg,CNV,0,0.98089314,0.013627906,0.0021978065,0.0032811791
/home/yogesh.patel/execution/25_9_2026_PRD_work/OCT2017_Test/test/CNV/CNV-163081-7.jpeg,CNV,0,0.9748134,0.008137832,0.011442491,0.0056063714
/home/yogesh.patel/execution/25_9_2026_PRD_work/OCT2017_Test/test/CNV/CNV-163081-8.jpeg,CNV,0,0.98657733,0.0041609486,0.003367382,0.005894337
/home/yogesh.patel/execution/25_9_2026_PRD_work/OCT2017_Test/test/CNV/CNV-163081-9.jpeg,CNV,0,0.9785964,0.012666496,0.0042124866,0.0045246575
/home/yogesh.patel/execution/25_9_2026_PRD_work/OCT2017_Test/test/CNV/CNV-1632795-1.jpeg,CNV,0,0.9652772,0.02058594,0.0042012157,0.009935657
/home/yogesh.patel/execution/25_9_2026_PRD_work/OCT2017_Test/test/CNV/CNV-1641792-1.jpeg,CNV,0,0.9738467,0.014556482,0.007337914,0.004258957
/home/yogesh.patel/execution/25_9_2026_PRD_work/OCT2017_Test/test/CNV/CNV-1641792-2.jpeg,CNV,0,0.98416245,0.009364873,0.0036860714,0.0027866296
/home/yogesh.patel/execution/25_9_2026_PRD_work/OCT2017_Test/test/CNV/CNV-1699976-1.jpeg,CNV,0,0.9873679,0.002796783,0.001191332,0.008643906
/home/yogesh.patel/execution/25_9_2026_PRD_work/OCT2017_Test/test/CNV/CNV-1699976-2.jpeg,CNV,0,0.97747624,0.011242761,0.002178275,0.009102789
/home/yogesh.patel/execution/25_9_2026_PRD_work/OCT2017_Test/test/CNV/CNV-1699976-3.jpeg,CNV,0,0.9791267,0.014188509,0.0009390176,0.005745716
/home/yogesh.patel/execution/25_9_2026_PRD_work/OCT2017_Test/test/CNV/CNV-1699976-4.jpeg,CNV,0,0.9883049,0.0050789784,0.0007222808,0.0058938083
/home/yogesh.patel/execution/25_9_2026_PRD_work/OCT2017_Test/test/CNV/CNV-1699976-5.jpeg,CNV,0,0.9866555,0.0047109635,0.00087409106,0.007759466
/home/yogesh.patel/execution/25_9_2026_PRD_work/OCT2017_Test/test/CNV/CNV-1704482-1.jpeg,CNV,0,0.98068523,0.013542079,0.0024440454,0.003328588
/home/yogesh.patel/execution/25_9_2026_PRD_work/OCT2017_Test/test/CNV/CNV-172472-1.jpeg,CNV,0,0.98562664,0.00373303,0.004420896,0.0062193996
/home/yogesh.patel/execution/25_9_2026_PRD_work/OCT2017_Test/test/CNV/CNV-172472-10.jpeg,CNV,0,0.9835397,0.006886563,0.0023851835,0.007188538
/home/yogesh.patel/execution/25_9_2026_PRD_work/OCT2017_Test/test/CNV/CNV-172472-11.jpeg,CNV,0,0.9904675,0.0032244455,0.0024601216,0.003847949
/home/yogesh.patel/execution/25_9_2026_PRD_work/OCT2017_Test/test/CNV/CNV-172472-2.jpeg,CNV,0,0.9864478,0.005934987,0.002608316,0.0050088516
/home/yogesh.patel/execution/25_9_2026_PRD_work/OCT2017_Test/test/CNV/CNV-172472-3.jpeg,CNV,0,0.99043906,0.0034535592,0.001963159,0.0041442513
/home/yogesh.patel/execution/25_9_2026_PRD_work/OCT2017_Test/test/CNV/CNV-172472-4.jpeg,CNV,0,0.9873982,0.0026511366,0.0022552556,0.0076953964
/home/yogesh.patel/execution/25_9_2026_PRD_work/OCT2017_Test/test/CNV/CNV-172472-5.jpeg,CNV,0,0.96812695,0.026286524,0.0027891642,0.0027973033
/home/yogesh.patel/execution/25_9_2026_PRD_work/OCT2017_Test/test/CNV/CNV-172472-6.jpeg,CNV,0,0.95026153,0.036047168,0.01148577,0.0022055726
/home/yogesh.patel/execution/25_9_2026_PRD_work/OCT2017_Test/test/CNV/CNV-172472-7.jpeg,CNV,0,0.98890173,0.0059035965,0.0024211833,0.002773458
/home/yogesh.patel/execution/25_9_2026_PRD_work/OCT2017_Test/test/CNV/CNV-172472-8.jpeg,CNV,0,0.991109,0.004046139,0.0018449872,0.0029998536
/home/yogesh.patel/execution/25_9_2026_PRD_work/OCT2017_Test/test/CNV/CNV-172472-9.jpeg,CNV,0,0.9890612,0.0046096216,0.0011373373,0.005191924
/home/yogesh.patel/execution/25_9_2026_PRD_work/OCT2017_Test/test/CNV/CNV-1730592-1.jpeg,CNV,0,0.9912487,0.0035909824,0.0014485474,0.0037117484
/home/yogesh.patel/execution/25_9_2026_PRD_work/OCT2017_Test/test/CNV/CNV-1730592-2.jpeg,CNV,0,0.98844385,0.003897377,0.0017988081,0.005859911
/home/yogesh.patel/execution/25_9_2026_PRD_work/OCT2017_Test/test/CNV/CNV-1731375-1.jpeg,CNV,0,0.9829974,0.009411228,0.0017896361,0.0058017457
/home/yogesh.patel/execution/25_9_2026_PRD_work/OCT2017_Test/test/CNV/CNV-1731375-2.jpeg,CNV,0,0.9885091,0.003297798,0.0055540996,0.0026389556
/home/yogesh.patel/execution/25_9_2026_PRD_work/OCT2017_Test/test/CNV/CNV-1731375-3.jpeg,CNV,0,0.9623798,0.0021213444,0.032957654,0.002541206
/home/yogesh.patel/execution/25_9_2026_PRD_work/OCT2017_Test/test/CNV/CNV-1784116-1.jpeg,CNV,0,0.96540445,0.027178736,0.0052055903,0.002211227
/home/yogesh.patel/execution/25_9_2026_PRD_work/OCT2017_Test/test/CNV/CNV-1894770-1.jpeg,CNV,0,0.92425907,0.06284425,0.0041035693,0.00879313
/home/yogesh.patel/execution/25_9_2026_PRD_work/OCT2017_Test/test/CNV/CNV-1894770-2.jpeg,CNV,0,0.9474702,0.009074221,0.037818983,0.0056366343
/home/yogesh.patel/execution/25_9_2026_PRD_work/OCT2017_Test/test/CNV/CNV-1980926-1.jpeg,CNV,0,0.97248936,0.01488228,0.004849815,0.0077785566
/home/yogesh.patel/execution/25_9_2026_PRD_work/OCT2017_Test/test/CNV/CNV-198660-1.jpeg,CNV,0,0.9842979,0.0057181674,0.004110272,0.005873667
/home/yogesh.patel/execution/25_9_2026_PRD_work/OCT2017_Test/test/CNV/CNV-1997439-1.jpeg,CNV,0,0.95885164,0.02423934,0.012248592,0.004660385
/home/yogesh.patel/execution/25_9_2026_PRD_work/OCT2017_Test/test/CNV/CNV-1997439-2.jpeg,CNV,0,0.8999569,0.08912424,0.00284779,0.00807104
/home/yogesh.patel/execution/25_9_2026_PRD_work/OCT2017_Test/test/CNV/CNV-1997439-3.jpeg,CNV,0,0.9858831,0.00695866,0.0017456845,0.0054125097
/home/yogesh.patel/execution/25_9_2026_PRD_work/OCT2017_Test/test/CNV/CNV-1997439-4.jpeg,CNV,0,0.9888266,0.006737307,0.0009108207,0.0035252906
/home/yogesh.patel/execution/25_9_2026_PRD_work/OCT2017_Test/test/CNV/CNV-1997439-5.jpeg,CNV,0,0.9862855,0.007997086,0.0014047652,0.004312659
/home/yogesh.patel/execution/25_9_2026_PRD_work/OCT2017_Test/test/CNV/CNV-1997439-6.jpeg,CNV,0,0.9853326,0.008084668,0.0018917536,0.004690987
/home/yogesh.patel/execution/25_9_2026_PRD_work/OCT2017_Test/test/CNV/CNV-1997439-7.jpeg,CNV,0,0.9876971,0.0053879856,0.0018388779,0.005076082
/home/yogesh.patel/execution/25_9_2026_PRD_work/OCT2017_Test/test/CNV/CNV-2025105-1.jpeg,CNV,0,0.97699606,0.00870257,0.012802061,0.0014992689
/home/yogesh.patel/execution/25_9_2026_PRD_work/OCT2017_Test/test/CNV/CNV-204397-1.jpeg,CNV,0,0.9868313,0.0054417625,0.0018414916,0.0058854828
/home/yogesh.patel/execution/25_9_2026_PRD_work/OCT2017_Test/test/CNV/CNV-2116022-1.jpeg,CNV,0,0.9894509,0.004445937,0.0032971832,0.0028059955
/home/yogesh.patel/execution/25_9_2026_PRD_work/OCT2017_Test/test/CNV/CNV-2141150-1.jpeg,CNV,0,0.9708629,0.017001564,0.005358514,0.0067769135
/home/yogesh.patel/execution/25_9_2026_PRD_work/OCT2017_Test/test/CNV/CNV-2141150-2.jpeg,CNV,0,0.98644483,0.008682834,0.002658232,0.0022140846
/home/yogesh.patel/execution/25_9_2026_PRD_work/OCT2017_Test/test/CNV/CNV-2158821-1.jpeg,CNV,0,0.9832654,0.0032996677,0.0047768946,0.008658018
/home/yogesh.patel/execution/25_9_2026_PRD_work/OCT2017_Test/test/CNV/CNV-2158821-2.jpeg,CNV,0,0.9834191,0.0067931185,0.002935876,0.006851904
/home/yogesh.patel/execution/25_9_2026_PRD_work/OCT2017_Test/test/CNV/CNV-2168793-1.jpeg,CNV,0,0.98996603,0.0034837367,0.0020560545,0.0044941716
/home/yogesh.patel/execution/25_9_2026_PRD_work/OCT2017_Test/test/CNV/CNV-2177326-1.jpeg,CNV,0,0.9878076,0.0051085535,0.0019505,0.0051333695
/home/yogesh.patel/execution/25_9_2026_PRD_work/OCT2017_Test/test/CNV/CNV-218676-1.jpeg,CNV,0,0.98363715,0.0058672954,0.0020562385,0.008439378
/home/yogesh.patel/execution/25_9_2026_PRD_work/OCT2017_Test/test/CNV/CNV-2192440-1.jpeg,CNV,0,0.98721474,0.0070945737,0.0021883994,0.0035022902
/home/yogesh.patel/execution/25_9_2026_PRD_work/OCT2017_Test/test/CNV/CNV-2192440-2.jpeg,CNV,0,0.9854521,0.0061257184,0.0014356284,0.006986519
/home/yogesh.patel/execution/25_9_2026_PRD_work/OCT2017_Test/test/CNV/CNV-2350851-1.jpeg,CNV,0,0.98642933,0.0045695114,0.00537111,0.0036300714
/home/yogesh.patel/execution/25_9_2026_PRD_work/OCT2017_Test/test/CNV/CNV-2438783-1.jpeg,CNV,0,0.98947006,0.005828647,0.002286182,0.002415081
/home/yogesh.patel/execution/25_9_2026_PRD_work/OCT2017_Test/test/CNV/CNV-2438783-2.jpeg,CNV,0,0.9854725,0.004966309,0.0025353187,0.0070258314
/home/yogesh.patel/execution/25_9_2026_PRD_work/OCT2017_Test/test/CNV/CNV-2541184-1.jpeg,CNV,0,0.98338383,0.003692623,0.010277446,0.0026461156
/home/yogesh.patel/execution/25_9_2026_PRD_work/OCT2017_Test/test/CNV/CNV-2632189-1.jpeg,CNV,0,0.9867637,0.0064224354,0.0028759572,0.0039378637
/home/yogesh.patel/execution/25_9_2026_PRD_work/OCT2017_Test/test/CNV/CNV-2692822-1.jpeg,CNV,0,0.9778667,0.009604746,0.004901663,0.007626906
/home/yogesh.patel/execution/25_9_2026_PRD_work/OCT2017_Test/test/CNV/CNV-2725524-1.jpeg,CNV,0,0.984772,0.0069142967,0.0035309114,0.004782731
/home/yogesh.patel/execution/25_9_2026_PRD_work/OCT2017_Test/test/CNV/CNV-2725524-2.jpeg,CNV,0,0.9639966,0.02171333,0.008225178,0.0060648657
/home/yogesh.patel/execution/25_9_2026_PRD_work/OCT2017_Test/test/CNV/CNV-2760476-1.jpeg,CNV,0,0.97689545,0.016612735,0.0028434484,0.0036483433
/home/yogesh.patel/execution/25_9_2026_PRD_work/OCT2017_Test/test/CNV/CNV-2959614-1.jpeg,CNV,0,0.98269683,0.008922683,0.002407402,0.0059731468
/home/yogesh.patel/execution/25_9_2026_PRD_work/OCT2017_Test/test/CNV/CNV-2959614-2.jpeg,CNV,0,0.98321795,0.008421947,0.0043190047,0.004041056
/home/yogesh.patel/execution/25_9_2026_PRD_work/OCT2017_Test/test/CNV/CNV-2959614-3.jpeg,CNV,0,0.9843801,0.009509132,0.0032218716,0.0028888453
/home/yogesh.patel/execution/25_9_2026_PRD_work/OCT2017_Test/test/CNV/CNV-2959614-4.jpeg,CNV,0,0.984575,0.007330184,0.0036286488,0.0044662054
/home/yogesh.patel/execution/25_9_2026_PRD_work/OCT2017_Test/test/CNV/CNV-3030629-1.jpeg,CNV,0,0.9845423,0.009249731,0.0013925093,0.004815437
/home/yogesh.patel/execution/25_9_2026_PRD_work/OCT2017_Test/test/CNV/CNV-3080163-1.jpeg,CNV,0,0.9804849,0.011515652,0.0021144135,0.0058850776
/home/yogesh.patel/execution/25_9_2026_PRD_work/OCT2017_Test/test/CNV/CNV-3080163-2.jpeg,CNV,0,0.9804107,0.010703081,0.002627825,0.0062583955
/home/yogesh.patel/execution/25_9_2026_PRD_work/OCT2017_Test/test/CNV/CNV-3119854-1.jpeg,CNV,0,0.9896873,0.004312562,0.0014951429,0.0045049945
/home/yogesh.patel/execution/25_9_2026_PRD_work/OCT2017_Test/test/CNV/CNV-3163547-1.jpeg,CNV,0,0.9835084,0.010754099,0.0010378092,0.00469966
/home/yogesh.patel/execution/25_9_2026_PRD_work/OCT2017_Test/test/CNV/CNV-3200277-1.jpeg,CNV,0,0.9694638,0.02124632,0.0054416773,0.0038481012
/home/yogesh.patel/execution/25_9_2026_PRD_work/OCT2017_Test/test/CNV/CNV-3200277-2.jpeg,CNV,0,0.9798494,0.011560288,0.0053378223,0.0032525577
/home/yogesh.patel/execution/25_9_2026_PRD_work/OCT2017_Test/test/CNV/CNV-3213586-1.jpeg,CNV,0,0.99212915,0.004012601,0.0011870493,0.0026711477
/home/yogesh.patel/execution/25_9_2026_PRD_work/OCT2017_Test/test/CNV/CNV-3241692-1.jpeg,CNV,0,0.95073414,0.005955173,0.03972205,0.0035886609
/home/yogesh.patel/execution/25_9_2026_PRD_work/OCT2017_Test/test/CNV/CNV-3241692-2.jpeg,CNV,0,0.9835576,0.006665043,0.0059405128,0.0038368995
/home/yogesh.patel/execution/25_9_2026_PRD_work/OCT2017_Test/test/CNV/CNV-328435-1.jpeg,CNV,0,0.98549235,0.007286321,0.003303513,0.003917797
/home/yogesh.patel/execution/25_9_2026_PRD_work/OCT2017_Test/test/CNV/CNV-3300060-1.jpeg,CNV,0,0.98379517,0.0066283233,0.0013760393,0.008200442
/home/yogesh.patel/execution/25_9_2026_PRD_work/OCT2017_Test/test/CNV/CNV-338282-1.jpeg,CNV,0,0.97983825,0.0096796155,0.0069685355,0.0035136084
/home/yogesh.patel/execution/25_9_2026_PRD_work/OCT2017_Test/test/CNV/CNV-3424668-1.jpeg,CNV,0,0.94148797,0.0534665,0.001984834,0.003060672
/home/yogesh.patel/execution/25_9_2026_PRD_work/OCT2017_Test/test/CNV/CNV-3432812-1.jpeg,CNV,0,0.9502312,0.0045057214,0.041160494,0.0041025644
/home/yogesh.patel/execution/25_9_2026_PRD_work/OCT2017_Test/test/CNV/CNV-3459091-1.jpeg,CNV,0,0.9840671,0.010065147,0.0017667224,0.004101063
/home/yogesh.patel/execution/25_9_2026_PRD_work/OCT2017_Test/test/CNV/CNV-3541867-1.jpeg,CNV,0,0.98810977,0.0046780505,0.0042832964,0.0029288703
/home/yogesh.patel/execution/25_9_2026_PRD_work/OCT2017_Test/test/CNV/CNV-3616460-1.jpeg,CNV,0,0.98319155,0.0078492975,0.0035023007,0.005456833
/home/yogesh.patel/execution/25_9_2026_PRD_work/OCT2017_Test/test/CNV/CNV-3618489-1.jpeg,CNV,0,0.9446352,0.03671803,0.008147358,0.010499385
/home/yogesh.patel/execution/25_9_2026_PRD_work/OCT2017_Test/test/CNV/CNV-3618489-2.jpeg,CNV,0,0.96378624,0.024070771,0.009223896,0.002919016
/home/yogesh.patel/execution/25_9_2026_PRD_work/OCT2017_Test/test/CNV/CNV-364469-1.jpeg,CNV,0,0.98720676,0.004892498,0.00603695,0.0018637849
/home/yogesh.patel/execution/25_9_2026_PRD_work/OCT2017_Test/test/CNV/CNV-364469-2.jpeg,CNV,0,0.9547589,0.025902556,0.016578395,0.00276023
/home/yogesh.patel/execution/25_9_2026_PRD_work/OCT2017_Test/test/CNV/CNV-364469-3.jpeg,CNV,0,0.9870648,0.0034488156,0.007811553,0.0016748707
/home/yogesh.patel/execution/25_9_2026_PRD_work/OCT2017_Test/test/CNV/CNV-3734032-1.jpeg,CNV,0,0.9850831,0.0070915287,0.001551299,0.006273996
/home/yogesh.patel/execution/25_9_2026_PRD_work/OCT2017_Test/test/CNV/CNV-375851-1.jpeg,CNV,0,0.9830597,0.0028041094,0.005465353,0.008670806
/home/yogesh.patel/execution/25_9_2026_PRD_work/OCT2017_Test/test/CNV/CNV-3847391-1.jpeg,CNV,0,0.97386265,0.011813016,0.010353236,0.003971128
/home/yogesh.patel/execution/25_9_2026_PRD_work/OCT2017_Test/test/CNV/CNV-412653-1.jpeg,CNV,0,0.99243975,0.0027870699,0.002553936,0.0022192271
/home/yogesh.patel/execution/25_9_2026_PRD_work/OCT2017_Test/test/CNV/CNV-417468-1.jpeg,CNV,0,0.90695685,0.08267523,0.0070204637,0.0033474648
/home/yogesh.patel/execution/25_9_2026_PRD_work/OCT2017_Test/test/CNV/CNV-4244160-1.jpeg,CNV,0,0.984063,0.005233773,0.0032846811,0.007418554
/home/yogesh.patel/execution/25_9_2026_PRD_work/OCT2017_Test/test/CNV/CNV-4244160-2.jpeg,CNV,0,0.96840423,0.010494035,0.004930393,0.016171379
/home/yogesh.patel/execution/25_9_2026_PRD_work/OCT2017_Test/test/CNV/CNV-4244160-3.jpeg,CNV,0,0.9817318,0.005992058,0.0028176757,0.009458466
/home/yogesh.patel/execution/25_9_2026_PRD_work/OCT2017_Test/test/CNV/CNV-4274486-1.jpeg,CNV,0,0.9032726,0.052529585,0.04240139,0.0017964671
/home/yogesh.patel/execution/25_9_2026_PRD_work/OCT2017_Test/test/CNV/CNV-4283050-1.jpeg,CNV,0,0.6779536,0.31340504,0.005603894,0.0030374802
/home/yogesh.patel/execution/25_9_2026_PRD_work/OCT2017_Test/test/CNV/CNV-4283050-2.jpeg,CNV,0,0.94125885,0.049432863,0.00386583,0.0054424084
/home/yogesh.patel/execution/25_9_2026_PRD_work/OCT2017_Test/test/CNV/CNV-4464785-1.jpeg,CNV,0,0.9839958,0.0099175405,0.0033491512,0.002737502
/home/yogesh.patel/execution/25_9_2026_PRD_work/OCT2017_Test/test/CNV/CNV-451136-1.jpeg,CNV,0,0.98420143,0.0049655163,0.0023426104,0.008490473
/home/yogesh.patel/execution/25_9_2026_PRD_work/OCT2017_Test/test/CNV/CNV-451136-2.jpeg,CNV,0,0.9849722,0.0042652157,0.003138775,0.007623871
/home/yogesh.patel/execution/25_9_2026_PRD_work/OCT2017_Test/test/CNV/CNV-451136-3.jpeg,CNV,0,0.94619656,0.029814882,0.0183634,0.00562519
/home/yogesh.patel/execution/25_9_2026_PRD_work/OCT2017_Test/test/CNV/CNV-451136-4.jpeg,CNV,0,0.986668,0.00601361,0.0025635932,0.0047547687
/home/yogesh.patel/execution/25_9_2026_PRD_work/OCT2017_Test/test/CNV/CNV-451136-5.jpeg,CNV,0,0.9817945,0.008463024,0.0049012704,0.0048412383
/home/yogesh.patel/execution/25_9_2026_PRD_work/OCT2017_Test/test/CNV/CNV-451136-6.jpeg,CNV,0,0.98303723,0.006321349,0.0020394495,0.008602008
/home/yogesh.patel/execution/25_9_2026_PRD_work/OCT2017_Test/test/CNV/CNV-451136-7.jpeg,CNV,0,0.9712305,0.011218261,0.012817957,0.0047332547
/home/yogesh.patel/execution/25_9_2026_PRD_work/OCT2017_Test/test/CNV/CNV-457527-1.jpeg,CNV,0,0.9399378,0.05340293,0.001913829,0.004745415
/home/yogesh.patel/execution/25_9_2026_PRD_work/OCT2017_Test/test/CNV/CNV-457907-1.jpeg,CNV,0,0.96117926,0.025994055,0.004119719,0.008706986
/home/yogesh.patel/execution/25_9_2026_PRD_work/OCT2017_Test/test/CNV/CNV-460403-1.jpeg,CNV,0,0.96305466,0.026892724,0.0079910075,0.002061638
/home/yogesh.patel/execution/25_9_2026_PRD_work/OCT2017_Test/test/CNV/CNV-4643364-1.jpeg,CNV,0,0.9929202,0.0018448613,0.00275142,0.0024834594
/home/yogesh.patel/execution/25_9_2026_PRD_work/OCT2017_Test/test/CNV/CNV-4674526-1.jpeg,CNV,0,0.980955,0.005746717,0.0077852057,0.005513056
/home/yogesh.patel/execution/25_9_2026_PRD_work/OCT2017_Test/test/CNV/CNV-4740418-1.jpeg,CNV,0,0.97127235,0.017156126,0.0032551067,0.008316337
/home/yogesh.patel/execution/25_9_2026_PRD_work/OCT2017_Test/test/CNV/CNV-4775389-1.jpeg,CNV,0,0.9840523,0.006169566,0.004468051,0.005310166
/home/yogesh.patel/execution/25_9_2026_PRD_work/OCT2017_Test/test/CNV/CNV-4884091-1.jpeg,CNV,0,0.9520575,0.036736827,0.009134732,0.0020709299
/home/yogesh.patel/execution/25_9_2026_PRD_work/OCT2017_Test/test/CNV/CNV-4907724-1.jpeg,CNV,0,0.9192669,0.046285223,0.03303428,0.0014136161
/home/yogesh.patel/execution/25_9_2026_PRD_work/OCT2017_Test/test/CNV/CNV-4974377-1.jpeg,CNV,0,0.98752046,0.0075669284,0.002550908,0.0023617502
/home/yogesh.patel/execution/25_9_2026_PRD_work/OCT2017_Test/test/CNV/CNV-5054419-1.jpeg,CNV,0,0.9824631,0.010593145,0.003315021,0.0036287128
/home/yogesh.patel/execution/25_9_2026_PRD_work/OCT2017_Test/test/CNV/CNV-5054419-2.jpeg,CNV,0,0.9856073,0.006650029,0.0036298805,0.004112817
/home/yogesh.patel/execution/25_9_2026_PRD_work/OCT2017_Test/test/CNV/CNV-53018-1.jpeg,CNV,0,0.9447454,0.018913116,0.03369421,0.0026472765
/home/yogesh.patel/execution/25_9_2026_PRD_work/OCT2017_Test/test/CNV/CNV-53018-2.jpeg,CNV,0,0.97608674,0.005623334,0.0148944985,0.003395403
/home/yogesh.patel/execution/25_9_2026_PRD_work/OCT2017_Test/test/CNV/CNV-538779-1.jpeg,CNV,0,0.9826534,0.0053140027,0.002369855,0.009662722
/home/yogesh.patel/execution/25_9_2026_PRD_work/OCT2017_Test/test/CNV/CNV-538779-2.jpeg,CNV,0,0.9879578,0.0052207243,0.001446502,0.0053749126
/home/yogesh.patel/execution/25_9_2026_PRD_work/OCT2017_Test/test/CNV/CNV-5409617-1.jpeg,CNV,0,0.98071283,0.011191987,0.0051436666,0.0029515303
/home/yogesh.patel/execution/25_9_2026_PRD_work/OCT2017_Test/test/CNV/CNV-5429703-1.jpeg,CNV,0,0.9880354,0.0057636676,0.0016767863,0.004524231
/home/yogesh.patel/execution/25_9_2026_PRD_work/OCT2017_Test/test/CNV/CNV-5429703-2.jpeg,CNV,0,0.9887443,0.0060820784,0.002941693,0.0022319306
/home/yogesh.patel/execution/25_9_2026_PRD_work/OCT2017_Test/test/CNV/CNV-5431636-1.jpeg,CNV,0,0.87768865,0.02067717,0.09690338,0.004730783
/home/yogesh.patel/execution/25_9_2026_PRD_work/OCT2017_Test/test/CNV/CNV-5431636-2.jpeg,CNV,0,0.9773057,0.012042925,0.0034603896,0.0071909456
/home/yogesh.patel/execution/25_9_2026_PRD_work/OCT2017_Test/test/CNV/CNV-5457415-1.jpeg,CNV,0,0.98295236,0.008953921,0.0023076735,0.005786072
/home/yogesh.patel/execution/25_9_2026_PRD_work/OCT2017_Test/test/CNV/CNV-5536678-1.jpeg,CNV,0,0.985691,0.006667776,0.002369022,0.0052722134
/home/yogesh.patel/execution/25_9_2026_PRD_work/OCT2017_Test/test/CNV/CNV-5536678-2.jpeg,CNV,0,0.9788445,0.008739347,0.002301511,0.010114642
/home/yogesh.patel/execution/25_9_2026_PRD_work/OCT2017_Test/test/CNV/CNV-5557306-1.jpeg,CNV,0,0.98818284,0.004402921,0.0027006655,0.0047135386
/home/yogesh.patel/execution/25_9_2026_PRD_work/OCT2017_Test/test/CNV/CNV-5594757-1.jpeg,CNV,0,0.99074686,0.004743346,0.0013647462,0.003145089
/home/yogesh.patel/execution/25_9_2026_PRD_work/OCT2017_Test/test/CNV/CNV-5594757-2.jpeg,CNV,0,0.9867267,0.00805003,0.0021261445,0.003097122
/home/yogesh.patel/execution/25_9_2026_PRD_work/OCT2017_Test/test/CNV/CNV-5603164-1.jpeg,CNV,0,0.97644037,0.016715322,0.0038156714,0.003028635
/home/yogesh.patel/execution/25_9_2026_PRD_work/OCT2017_Test/test/CNV/CNV-564246-1.jpeg,CNV,0,0.88050425,0.09902674,0.008167423,0.012301554
/home/yogesh.patel/execution/25_9_2026_PRD_work/OCT2017_Test/test/CNV/CNV-5674369-1.jpeg,CNV,0,0.97791016,0.011620793,0.0062380573,0.0042309742
/home/yogesh.patel/execution/25_9_2026_PRD_work/OCT2017_Test/test/CNV/CNV-5674369-2.jpeg,CNV,0,0.973952,0.015610986,0.006695179,0.0037418657
/home/yogesh.patel/execution/25_9_2026_PRD_work/OCT2017_Test/test/CNV/CNV-5674369-3.jpeg,CNV,0,0.9793836,0.011805422,0.0043598786,0.004451119
/home/yogesh.patel/execution/25_9_2026_PRD_work/OCT2017_Test/test/CNV/CNV-5674369-4.jpeg,CNV,0,0.976412,0.008166669,0.010404973,0.005016367
/home/yogesh.patel/execution/25_9_2026_PRD_work/OCT2017_Test/test/CNV/CNV-5674369-5.jpeg,CNV,0,0.9835951,0.0075682616,0.0040915385,0.0047451505
/home/yogesh.patel/execution/25_9_2026_PRD_work/OCT2017_Test/test/CNV/CNV-5760454-1.jpeg,CNV,0,0.9795707,0.00520698,0.013164659,0.0020577011
/home/yogesh.patel/execution/25_9_2026_PRD_work/OCT2017_Test/test/CNV/CNV-5813701-1.jpeg,CNV,0,0.9906455,0.005718623,0.001848337,0.0017875154
/home/yogesh.patel/execution/25_9_2026_PRD_work/OCT2017_Test/test/CNV/CNV-5813701-2.jpeg,CNV,0,0.9574367,0.037634317,0.0027006718,0.0022283106
/home/yogesh.patel/execution/25_9_2026_PRD_work/OCT2017_Test/test/CNV/CNV-5813701-3.jpeg,CNV,0,0.9185734,0.06554995,0.00937376,0.006502892
/home/yogesh.patel/execution/25_9_2026_PRD_work/OCT2017_Test/test/CNV/CNV-5824631-1.jpeg,CNV,0,0.9781654,0.013404348,0.005024299,0.003405984
/home/yogesh.patel/execution/25_9_2026_PRD_work/OCT2017_Test/test/CNV/CNV-5861916-1.jpeg,CNV,0,0.9399714,0.049587384,0.0040131365,0.006428064
/home/yogesh.patel/execution/25_9_2026_PRD_work/OCT2017_Test/test/CNV/CNV-5861916-2.jpeg,CNV,0,0.9791412,0.011714104,0.0027736088,0.006371156
/home/yogesh.patel/execution/25_9_2026_PRD_work/OCT2017_Test/test/CNV/CNV-5861916-3.jpeg,CNV,0,0.98578995,0.009404019,0.001431425,0.0033746017
/home/yogesh.patel/execution/25_9_2026_PRD_work/OCT2017_Test/test/CNV/CNV-5861916-4.jpeg,CNV,0,0.9772067,0.012647809,0.002806213,0.0073392163
/home/yogesh.patel/execution/25_9_2026_PRD_work/OCT2017_Test/test/CNV/CNV-5861916-5.jpeg,CNV,0,0.9780296,0.012417868,0.0027619705,0.0067906026
/home/yogesh.patel/execution/25_9_2026_PRD_work/OCT2017_Test/test/CNV/CNV-5904584-1.jpeg,CNV,0,0.92168725,0.071277894,0.0058826967,0.0011521173
/home/yogesh.patel/execution/25_9_2026_PRD_work/OCT2017_Test/test/CNV/CNV-5904584-2.jpeg,CNV,0,0.9887776,0.005448158,0.002301576,0.0034727599
/home/yogesh.patel/execution/25_9_2026_PRD_work/OCT2017_Test/test/CNV/CNV-5904584-3.jpeg,CNV,0,0.98440707,0.010837444,0.0017760148,0.0029794518
/home/yogesh.patel/execution/25_9_2026_PRD_work/OCT2017_Test/test/CNV/CNV-5969175-1.jpeg,CNV,0,0.98014444,0.0064266073,0.0101166405,0.003312274
/home/yogesh.patel/execution/25_9_2026_PRD_work/OCT2017_Test/test/CNV/CNV-5969175-2.jpeg,CNV,0,0.9798089,0.012428547,0.005039881,0.0027225725
/home/yogesh.patel/execution/25_9_2026_PRD_work/OCT2017_Test/test/CNV/CNV-6053140-1.jpeg,CNV,0,0.9532072,0.0027739182,0.04121216,0.0028066633
/home/yogesh.patel/execution/25_9_2026_PRD_work/OCT2017_Test/test/CNV/CNV-6190971-1.jpeg,CNV,0,0.9282076,0.061539594,0.0071855374,0.0030673002
/home/yogesh.patel/execution/25_9_2026_PRD_work/OCT2017_Test/test/CNV/CNV-6215140-1.jpeg,CNV,0,0.9860015,0.005525268,0.003593955,0.0048793
/home/yogesh.patel/execution/25_9_2026_PRD_work/OCT2017_Test/test/CNV/CNV-6215140-2.jpeg,CNV,0,0.98366946,0.008401679,0.002941483,0.004987402
/home/yogesh.patel/execution/25_9_2026_PRD_work/OCT2017_Test/test/CNV/CNV-624911-1.jpeg,CNV,0,0.8095171,0.17340262,0.011819013,0.0052612512
/home/yogesh.patel/execution/25_9_2026_PRD_work/OCT2017_Test/test/CNV/CNV-624911-2.jpeg,CNV,0,0.973719,0.013013847,0.010067872,0.0031992956
/home/yogesh.patel/execution/25_9_2026_PRD_work/OCT2017_Test/test/CNV/CNV-624911-3.jpeg,CNV,0,0.968534,0.025679529,0.004207872,0.0015785301
/home/yogesh.patel/execution/25_9_2026_PRD_work/OCT2017_Test/test/CNV/CNV-6256161-1.jpeg,CNV,0,0.91611177,0.0021975278,0.080173925,0.0015167721
/home/yogesh.patel/execution/25_9_2026_PRD_work/OCT2017_Test/test/CNV/CNV-732516-1.jpeg,CNV,0,0.98593783,0.006655734,0.0039842804,0.003422215
/home/yogesh.patel/execution/25_9_2026_PRD_work/OCT2017_Test/test/CNV/CNV-732516-2.jpeg,CNV,0,0.99164826,0.0026053162,0.003069561,0.0026768476
/home/yogesh.patel/execution/25_9_2026_PRD_work/OCT2017_Test/test/CNV/CNV-732516-3.jpeg,CNV,0,0.9873745,0.0046020877,0.0022171023,0.005806302
/home/yogesh.patel/execution/25_9_2026_PRD_work/OCT2017_Test/test/CNV/CNV-732516-4.jpeg,CNV,0,0.98417383,0.006439263,0.0031751222,0.0062117255
/home/yogesh.patel/execution/25_9_2026_PRD_work/OCT2017_Test/test/CNV/CNV-743852-1.jpeg,CNV,0,0.97221416,0.017110797,0.008112241,0.0025627832
/home/yogesh.patel/execution/25_9_2026_PRD_work/OCT2017_Test/test/CNV/CNV-776149-1.jpeg,CNV,0,0.99015343,0.004119895,0.0016859878,0.004040702
/home/yogesh.patel/execution/25_9_2026_PRD_work/OCT2017_Test/test/CNV/CNV-779442-1.jpeg,CNV,0,0.9809199,0.003880947,0.009206908,0.0059922663
/home/yogesh.patel/execution/25_9_2026_PRD_work/OCT2017_Test/test/CNV/CNV-779442-2.jpeg,CNV,0,0.9600382,0.016167182,0.01738727,0.006407418
/home/yogesh.patel/execution/25_9_2026_PRD_work/OCT2017_Test/test/CNV/CNV-779442-3.jpeg,CNV,0,0.9556479,0.011055734,0.02832807,0.004968272
/home/yogesh.patel/execution/25_9_2026_PRD_work/OCT2017_Test/test/CNV/CNV-781814-1.jpeg,CNV,0,0.9771156,0.0046610995,0.009523453,0.00869985
/home/yogesh.patel/execution/25_9_2026_PRD_work/OCT2017_Test/test/CNV/CNV-794538-1.jpeg,CNV,0,0.98599917,0.003379054,0.0049949563,0.005626847
/home/yogesh.patel/execution/25_9_2026_PRD_work/OCT2017_Test/test/CNV/CNV-794538-2.jpeg,CNV,0,0.98642784,0.0060929605,0.004523996,0.0029552463
/home/yogesh.patel/execution/25_9_2026_PRD_work/OCT2017_Test/test/CNV/CNV-81630-1.jpeg,CNV,0,0.98238045,0.006712705,0.0021245952,0.00878227
/home/yogesh.patel/execution/25_9_2026_PRD_work/OCT2017_Test/test/CNV/CNV-81630-2.jpeg,CNV,0,0.9758768,0.006294653,0.006617517,0.0112109985
/home/yogesh.patel/execution/25_9_2026_PRD_work/OCT2017_Test/test/CNV/CNV-81630-3.jpeg,CNV,0,0.97653234,0.005694362,0.0046504587,0.013122789
/home/yogesh.patel/execution/25_9_2026_PRD_work/OCT2017_Test/test/CNV/CNV-81630-4.jpeg,CNV,0,0.9794177,0.0047919666,0.0040631816,0.011727149
/home/yogesh.patel/execution/25_9_2026_PRD_work/OCT2017_Test/test/CNV/CNV-827677-1.jpeg,CNV,0,0.991003,0.0035412582,0.0035683573,0.0018874529
/home/yogesh.patel/execution/25_9_2026_PRD_work/OCT2017_Test/test/CNV/CNV-830921-1.jpeg,CNV,0,0.82981575,0.011730182,0.15507086,0.0033833075
/home/yogesh.patel/execution/25_9_2026_PRD_work/OCT2017_Test/test/CNV/CNV-865813-1.jpeg,CNV,0,0.9874995,0.00360672,0.002691121,0.0062027257
/home/yogesh.patel/execution/25_9_2026_PRD_work/OCT2017_Test/test/CNV/CNV-904464-1.jpeg,CNV,0,0.99090946,0.0033643432,0.0030861923,0.0026400008
/home/yogesh.patel/execution/25_9_2026_PRD_work/OCT2017_Test/test/CNV/CNV-904464-2.jpeg,CNV,0,0.98634315,0.0057258266,0.0028595312,0.0050714808
/home/yogesh.patel/execution/25_9_2026_PRD_work/OCT2017_Test/test/CNV/CNV-904464-3.jpeg,CNV,0,0.9739823,0.019272523,0.0035077473,0.0032374046
/home/yogesh.patel/execution/25_9_2026_PRD_work/OCT2017_Test/test/CNV/CNV-904464-4.jpeg,CNV,0,0.97700447,0.011271123,0.0049765464,0.0067479066
/home/yogesh.patel/execution/25_9_2026_PRD_work/OCT2017_Test/test/CNV/CNV-909994-1.jpeg,CNV,0,0.93458116,0.056113385,0.006476355,0.002829109
/home/yogesh.patel/execution/25_9_2026_PRD_work/OCT2017_Test/test/CNV/CNV-933576-1.jpeg,CNV,0,0.98446023,0.008250448,0.0039193532,0.0033699586
/home/yogesh.patel/execution/25_9_2026_PRD_work/OCT2017_Test/test/CNV/CNV-933576-2.jpeg,CNV,0,0.9869052,0.0060599437,0.002646891,0.0043879854
/home/yogesh.patel/execution/25_9_2026_PRD_work/OCT2017_Test/test/CNV/CNV-933576-3.jpeg,CNV,0,0.9894164,0.0063546575,0.0019505724,0.0022782874
/home/yogesh.patel/execution/25_9_2026_PRD_work/OCT2017_Test/test/CNV/CNV-933576-4.jpeg,CNV,0,0.95663965,0.037809666,0.0045262594,0.0010244283
/home/yogesh.patel/execution/25_9_2026_PRD_work/OCT2017_Test/test/CNV/CNV-954024-1.jpeg,CNV,0,0.9711544,0.012979083,0.009210761,0.0066557736
/home/yogesh.patel/execution/25_9_2026_PRD_work/OCT2017_Test/test/CNV/CNV-987193-1.jpeg,CNV,0,0.90899384,0.066704124,0.022321248,0.0019807904
/home/yogesh.patel/execution/25_9_2026_PRD_work/OCT2017_Test/test/CNV/CNV-987193-2.jpeg,CNV,0,0.9517639,0.038983278,0.006885257,0.0023675463
/home/yogesh.patel/execution/25_9_2026_PRD_work/OCT2017_Test/test/CNV/CNV-995513-1.jpeg,CNV,0,0.9809463,0.005937188,0.0053602788,0.007756206
/home/yogesh.patel/execution/25_9_2026_PRD_work/OCT2017_Test/test/DME/DME-1081406-1.jpeg,DME,1,0.005463738,0.98611015,0.0058633876,0.0025627264
/home/yogesh.patel/execution/25_9_2026_PRD_work/OCT2017_Test/test/DME/DME-1102486-1.jpeg,DME,1,0.004782891,0.98861766,0.0031125639,0.0034868454
/home/yogesh.patel/execution/25_9_2026_PRD_work/OCT2017_Test/test/DME/DME-1102486-2.jpeg,DME,1,0.002374216,0.9921507,0.0032890753,0.0021860227
/home/yogesh.patel/execution/25_9_2026_PRD_work/OCT2017_Test/test/DME/DME-1102486-3.jpeg,DME,1,0.0018708385,0.9909216,0.0030723135,0.004135188
/home/yogesh.patel/execution/25_9_2026_PRD_work/OCT2017_Test/test/DME/DME-1102486-4.jpeg,DME,1,0.0014303713,0.9905947,0.0023438095,0.0056311274
/home/yogesh.patel/execution/25_9_2026_PRD_work/OCT2017_Test/test/DME/DME-11053-1.jpeg,DME,1,0.007211287,0.98712146,0.001007514,0.004659753
/home/yogesh.patel/execution/25_9_2026_PRD_work/OCT2017_Test/test/DME/DME-119840-1.jpeg,DME,1,0.0069445865,0.98727894,0.0026904866,0.00308596
/home/yogesh.patel/execution/25_9_2026_PRD_work/OCT2017_Test/test/DME/DME-1274315-1.jpeg,DME,1,0.011148806,0.9822878,0.005040885,0.0015224688
/home/yogesh.patel/execution/25_9_2026_PRD_work/OCT2017_Test/test/DME/DME-1274315-2.jpeg,DME,1,0.0067941356,0.98924106,0.0023669507,0.0015978329
/home/yogesh.patel/execution/25_9_2026_PRD_work/OCT2017_Test/test/DME/DME-138971-1.jpeg,DME,1,0.002099675,0.9921856,0.0024275815,0.003287129
/home/yogesh.patel/execution/25_9_2026_PRD_work/OCT2017_Test/test/DME/DME-138971-2.jpeg,DME,1,0.00495325,0.9882368,0.0051424718,0.0016674459
/home/yogesh.patel/execution/25_9_2026_PRD_work/OCT2017_Test/test/DME/DME-1430899-1.jpeg,DME,1,0.011273409,0.98038715,0.0058373613,0.0025020977
/home/yogesh.patel/execution/25_9_2026_PRD_work/OCT2017_Test/test/DME/DME-1479682-1.jpeg,DME,1,0.00622224,0.9800214,0.009347647,0.0044087274
/home/yogesh.patel/execution/25_9_2026_PRD_work/OCT2017_Test/test/DME/DME-15208-1.jpeg,DME,1,0.001342329,0.99378365,0.0007295159,0.004144485
/home/yogesh.patel/execution/25_9_2026_PRD_work/OCT2017_Test/test/DME/DME-15208-2.jpeg,DME,1,0.0063236086,0.9901623,0.0012535966,0.0022605276
/home/yogesh.patel/execution/25_9_2026_PRD_work/OCT2017_Test/test/DME/DME-2091157-1.jpeg,DME,1,0.0072664046,0.9757054,0.01431515,0.0027130118
/home/yogesh.patel/execution/25_9_2026_PRD_work/OCT2017_Test/test/DME/DME-2105194-1.jpeg,DME,1,0.003849216,0.9906704,0.001040649,0.0044397595
/home/yogesh.patel/execution/25_9_2026_PRD_work/OCT2017_Test/test/DME/DME-2126962-1.jpeg,DME,1,0.0017478487,0.9919993,0.0033462516,0.002906528
/home/yogesh.patel/execution/25_9_2026_PRD_work/OCT2017_Test/test/DME/DME-2261889-1.jpeg,DME,1,0.01587436,0.97750056,0.0041487217,0.0024763355
/home/yogesh.patel/execution/25_9_2026_PRD_work/OCT2017_Test/test/DME/DME-2556938-1.jpeg,DME,1,0.002833561,0.9890661,0.0023836943,0.0057166647
/home/yogesh.patel/execution/25_9_2026_PRD_work/OCT2017_Test/test/DME/DME-2630113-1.jpeg,DME,1,0.0026728874,0.99139297,0.0024795604,0.0034545904
/home/yogesh.patel/execution/25_9_2026_PRD_work/OCT2017_Test/test/DME/DME-2630665-1.jpeg,DME,1,0.028921807,0.9622104,0.006116461,0.0027513527
/home/yogesh.patel/execution/25_9_2026_PRD_work/OCT2017_Test/test/DME/DME-269181-1.jpeg,DME,1,0.0026222516,0.9909016,0.002428501,0.004047594
/home/yogesh.patel/execution/25_9_2026_PRD_work/OCT2017_Test/test/DME/DME-269181-2.jpeg,DME,1,0.0025919701,0.99334645,0.0005480355,0.0035135115
/home/yogesh.patel/execution/25_9_2026_PRD_work/OCT2017_Test/test/DME/DME-269181-3.jpeg,DME,1,0.0020573284,0.98953223,0.0037277234,0.004682674
/home/yogesh.patel/execution/25_9_2026_PRD_work/OCT2017_Test/test/DME/DME-2716523-1.jpeg,DME,1,0.005761682,0.9904744,0.002223995,0.0015399252
/home/yogesh.patel/execution/25_9_2026_PRD_work/OCT2017_Test/test/DME/DME-2763635-1.jpeg,DME,1,0.0034896266,0.98819256,0.0061236643,0.0021941953
/home/yogesh.patel/execution/25_9_2026_PRD_work/OCT2017_Test/test/DME/DME-30521-1.jpeg,DME,1,0.00472795,0.98871505,0.0041603018,0.002396743
/home/yogesh.patel/execution/25_9_2026_PRD_work/OCT2017_Test/test/DME/DME-30521-10.jpeg,DME,1,0.001493024,0.9917909,0.0017715335,0.004944509
/home/yogesh.patel/execution/25_9_2026_PRD_work/OCT2017_Test/test/DME/DME-30521-11.jpeg,DME,1,0.0023070946,0.9919232,0.0034527862,0.002316882
/home/yogesh.patel/execution/25_9_2026_PRD_work/OCT2017_Test/test/DME/DME-30521-12.jpeg,DME,1,0.0042923256,0.9890745,0.004587349,0.0020458295
/home/yogesh.patel/execution/25_9_2026_PRD_work/OCT2017_Test/test/DME/DME-30521-13.jpeg,DME,1,0.004211375,0.9904895,0.0030082904,0.0022908577
/home/yogesh.patel/execution/25_9_2026_PRD_work/OCT2017_Test/test/DME/DME-30521-2.jpeg,DME,1,0.0020966802,0.9881992,0.0044808122,0.0052233445
/home/yogesh.patel/execution/25_9_2026_PRD_work/OCT2017_Test/test/DME/DME-30521-3.jpeg,DME,1,0.0012827336,0.9899615,0.0037671342,0.0049886596
/home/yogesh.patel/execution/25_9_2026_PRD_work/OCT2017_Test/test/DME/DME-30521-4.jpeg,DME,1,0.003385596,0.99040174,0.0041701267,0.0020425653
/home/yogesh.patel/execution/25_9_2026_PRD_work/OCT2017_Test/test/DME/DME-30521-5.jpeg,DME,1,0.0028555093,0.9924405,0.0029273478,0.001776567
/home/yogesh.patel/execution/25_9_2026_PRD_work/OCT2017_Test/test/DME/DME-30521-6.jpeg,DME,1,0.0051853033,0.98712146,0.00536354,0.0023296452
/home/yogesh.patel/execution/25_9_2026_PRD_work/OCT2017_Test/test/DME/DME-30521-7.jpeg,DME,1,0.0032309715,0.9890121,0.005098225,0.002658659
/home/yogesh.patel/execution/25_9_2026_PRD_work/OCT2017_Test/test/DME/DME-30521-8.jpeg,DME,1,0.0035399385,0.99173903,0.0012031881,0.0035178193
/home/yogesh.patel/execution/25_9_2026_PRD_work/OCT2017_Test/test/DME/DME-30521-9.jpeg,DME,1,0.0033767107,0.99204457,0.0025203733,0.0020583556
/home/yogesh.patel/execution/25_9_2026_PRD_work/OCT2017_Test/test/DME/DME-306172-1.jpeg,DME,1,0.003951667,0.9828802,0.0024154256,0.010752766
/home/yogesh.patel/execution/25_9_2026_PRD_work/OCT2017_Test/test/DME/DME-3064922-1.jpeg,DME,1,0.0043944577,0.98898256,0.0038487024,0.002774252
/home/yogesh.patel/execution/25_9_2026_PRD_work/OCT2017_Test/test/DME/DME-3157783-1.jpeg,DME,1,0.0018692184,0.99053526,0.0033450609,0.004250386
/home/yogesh.patel/execution/25_9_2026_PRD_work/OCT2017_Test/test/DME/DME-323904-1.jpeg,DME,1,0.0025767423,0.99165225,0.0024312194,0.0033397558
/home/yogesh.patel/execution/25_9_2026_PRD_work/OCT2017_Test/test/DME/DME-323904-2.jpeg,DME,1,0.0069648707,0.98850787,0.0027763327,0.0017509367
/home/yogesh.patel/execution/25_9_2026_PRD_work/OCT2017_Test/test/DME/DME-3288089-1.jpeg,DME,1,0.5500225,0.43757507,0.004444721,0.007957748
/home/yogesh.patel/execution/25_9_2026_PRD_work/OCT2017_Test/test/DME/DME-3475211-1.jpeg,DME,1,0.17513268,0.8183777,0.0041859113,0.0023037877
/home/yogesh.patel/execution/25_9_2026_PRD_work/OCT2017_Test/test/DME/DME-3722280-1.jpeg,DME,1,0.02125013,0.97418505,0.0011371664,0.0034276599
/home/yogesh.patel/execution/25_9_2026_PRD_work/OCT2017_Test/test/DME/DME-3731953-1.jpeg,DME,1,0.0013609322,0.9903685,0.0058966484,0.002373895
/home/yogesh.patel/execution/25_9_2026_PRD_work/OCT2017_Test/test/DME/DME-37503-1.jpeg,DME,1,0.0027471036,0.99156666,0.0023799413,0.0033062955
/home/yogesh.patel/execution/25_9_2026_PRD_work/OCT2017_Test/test/DME/DME-3791742-1.jpeg,DME,1,0.007915746,0.9860109,0.0033304933,0.0027428083
/home/yogesh.patel/execution/25_9_2026_PRD_work/OCT2017_Test/test/DME/DME-3810791-1.jpeg,DME,1,0.011371679,0.9847128,0.002039138,0.0018764907
/home/yogesh.patel/execution/25_9_2026_PRD_work/OCT2017_Test/test/DME/DME-3921035-1.jpeg,DME,1,0.005730757,0.99060446,0.0016396955,0.0020251535
/home/yogesh.patel/execution/25_9_2026_PRD_work/OCT2017_Test/test/DME/DME-4079773-1.jpeg,DME,1,0.005944755,0.99141407,0.00075659883,0.0018845642
/home/yogesh.patel/execution/25_9_2026_PRD_work/OCT2017_Test/test/DME/DME-4117019-1.jpeg,DME,1,0.018601414,0.9764049,0.0035314444,0.0014622438
/home/yogesh.patel/execution/25_9_2026_PRD_work/OCT2017_Test/test/DME/DME-4146088-1.jpeg,DME,1,0.058280412,0.93754834,0.002008784,0.002162508
/home/yogesh.patel/execution/25_9_2026_PRD_work/OCT2017_Test/test/DME/DME-4240465-1.jpeg,DME,1,0.00419559,0.9907562,0.0022544044,0.002793803
/home/yogesh.patel/execution/25_9_2026_PRD_work/OCT2017_Test/test/DME/DME-4240465-2.jpeg,DME,1,0.0022413225,0.9914856,0.00082017994,0.0054528844
/home/yogesh.patel/execution/25_9_2026_PRD_work/OCT2017_Test/test/DME/DME-4244491-1.jpeg,DME,1,0.0015426035,0.99078584,0.004320205,0.0033513424
/home/yogesh.patel/execution/25_9_2026_PRD_work/OCT2017_Test/test/DME/DME-4298019-1.jpeg,DME,1,0.014845094,0.97626275,0.0071659987,0.0017261477
/home/yogesh.patel/execution/25_9_2026_PRD_work/OCT2017_Test/test/DME/DME-4336607-1.jpeg,DME,1,0.016567096,0.9763044,0.001978766,0.005149701
/home/yogesh.patel/execution/25_9_2026_PRD_work/OCT2017_Test/test/DME/DME-4478609-1.jpeg,DME,1,0.005158522,0.9876241,0.0030591167,0.0041582785
/home/yogesh.patel/execution/25_9_2026_PRD_work/OCT2017_Test/test/DME/DME-4616882-1.jpeg,DME,1,0.0052537383,0.9882508,0.0013741532,0.005121318
/home/yogesh.patel/execution/25_9_2026_PRD_work/OCT2017_Test/test/DME/DME-462675-1.jpeg,DME,1,0.009578781,0.97620803,0.012347106,0.0018660784
/home/yogesh.patel/execution/25_9_2026_PRD_work/OCT2017_Test/test/DME/DME-4634094-1.jpeg,DME,1,0.002624148,0.993156,0.0019175349,0.0023022753
/home/yogesh.patel/execution/25_9_2026_PRD_work/OCT2017_Test/test/DME/DME-4634094-2.jpeg,DME,1,0.0026974143,0.9930775,0.0022476194,0.0019774316
/home/yogesh.patel/execution/25_9_2026_PRD_work/OCT2017_Test/test/DME/DME-4658666-1.jpeg,DME,1,0.004566101,0.968689,0.001510011,0.02523489
/home/yogesh.patel/execution/25_9_2026_PRD_work/OCT2017_Test/test/DME/DME-4732091-1.jpeg,DME,1,0.0027670623,0.98323655,0.010666987,0.0033293692
/home/yogesh.patel/execution/25_9_2026_PRD_work/OCT2017_Test/test/DME/DME-4732091-2.jpeg,DME,1,0.22733048,0.75184226,0.018621778,0.0022055265
/home/yogesh.patel/execution/25_9_2026_PRD_work/OCT2017_Test/test/DME/DME-4804900-1.jpeg,DME,1,0.007293143,0.9879859,0.002311941,0.002409005
/home/yogesh.patel/execution/25_9_2026_PRD_work/OCT2017_Test/test/DME/DME-4897748-1.jpeg,DME,1,0.002985956,0.9896553,0.0043933783,0.0029653676
/home/yogesh.patel/execution/25_9_2026_PRD_work/OCT2017_Test/test/DME/DME-4940184-1.jpeg,DME,1,0.001381661,0.9938719,0.0009978954,0.0037484874
/home/yogesh.patel/execution/25_9_2026_PRD_work/OCT2017_Test/test/DME/DME-4989358-1.jpeg,DME,1,0.0026713368,0.99207723,0.003683164,0.0015682785
/home/yogesh.patel/execution/25_9_2026_PRD_work/OCT2017_Test/test/DME/DME-5014129-1.jpeg,DME,1,0.0018287472,0.9908584,0.002970335,0.0043424857
/home/yogesh.patel/execution/25_9_2026_PRD_work/OCT2017_Test/test/DME/DME-5014129-2.jpeg,DME,1,0.006408415,0.9807966,0.010708607,0.0020864208
/home/yogesh.patel/execution/25_9_2026_PRD_work/OCT2017_Test/test/DME/DME-5071032-1.jpeg,DME,1,0.008497293,0.9849375,0.004164488,0.002400744
/home/yogesh.patel/execution/25_9_2026_PRD_work/OCT2017_Test/test/DME/DME-5072525-1.jpeg,DME,1,0.0034410513,0.99115324,0.0031054404,0.0023002385
/home/yogesh.patel/execution/25_9_2026_PRD_work/OCT2017_Test/test/DME/DME-5434248-1.jpeg,DME,1,0.041030284,0.9542151,0.0020686693,0.0026858742
/home/yogesh.patel/execution/25_9_2026_PRD_work/OCT2017_Test/test/DME/DME-5465575-1.jpeg,DME,1,0.0061155665,0.987387,0.0040557613,0.0024416337
/home/yogesh.patel/execution/25_9_2026_PRD_work/OCT2017_Test/test/DME/DME-5497895-1.jpeg,DME,1,0.0073079863,0.98554856,0.005184803,0.001958634
/home/yogesh.patel/execution/25_9_2026_PRD_work/OCT2017_Test/test/DME/DME-563695-1.jpeg,DME,1,0.006462985,0.98810333,0.002138075,0.003295638
/home/yogesh.patel/execution/25_9_2026_PRD_work/OCT2017_Test/test/DME/DME-563695-2.jpeg,DME,1,0.0027716553,0.99026614,0.004016338,0.002945861
/home/yogesh.patel/execution/25_9_2026_PRD_work/OCT2017_Test/test/DME/DME-5656004-1.jpeg,DME,1,0.0064590694,0.97605157,0.013617587,0.003871747
/home/yogesh.patel/execution/25_9_2026_PRD_work/OCT2017_Test/test/DME/DME-5713682-1.jpeg,DME,1,0.020349497,0.97207046,0.0057479735,0.0018321204
/home/yogesh.patel/execution/25_9_2026_PRD_work/OCT2017_Test/test/DME/DME-57603-1.jpeg,DME,1,0.003351666,0.99102324,0.002122441,0.0035026458
/home/yogesh.patel/execution/25_9_2026_PRD_work/OCT2017_Test/test/DME/DME-5760454-1.jpeg,DME,1,0.010676606,0.9838285,0.0023034005,0.0031915416
/home/yogesh.patel/execution/25_9_2026_PRD_work/OCT2017_Test/test/DME/DME-5768195-1.jpeg,DME,1,0.006373902,0.9891549,0.0027508577,0.0017203769
/home/yogesh.patel/execution/25_9_2026_PRD_work/OCT2017_Test/test/DME/DME-5796574-1.jpeg,DME,1,0.0022265033,0.99114096,0.004376982,0.0022555026
/home/yogesh.patel/execution/25_9_2026_PRD_work/OCT2017_Test/test/DME/DME-5796574-2.jpeg,DME,1,0.004537648,0.98857,0.0049117072,0.001980685
/home/yogesh.patel/execution/25_9_2026_PRD_work/OCT2017_Test/test/DME/DME-5802218-1.jpeg,DME,1,0.9203289,0.06744825,0.0069087264,0.005314092
/home/yogesh.patel/execution/25_9_2026_PRD_work/OCT2017_Test/test/DME/DME-5834001-1.jpeg,DME,1,0.01599508,0.9785143,0.0029388876,0.0025517368
/home/yogesh.patel/execution/25_9_2026_PRD_work/OCT2017_Test/test/DME/DME-5843591-1.jpeg,DME,1,0.0027097508,0.9886301,0.0038327042,0.004827461
/home/yogesh.patel/execution/25_9_2026_PRD_work/OCT2017_Test/test/DME/DME-5864085-1.jpeg,DME,1,0.0016836548,0.99288154,0.0032440163,0.0021907866
/home/yogesh.patel/execution/25_9_2026_PRD_work/OCT2017_Test/test/DME/DME-5912153-1.jpeg,DME,1,0.076029524,0.9187724,0.002235121,0.0029629993
/home/yogesh.patel/execution/25_9_2026_PRD_work/OCT2017_Test/test/DME/DME-5975636-1.jpeg,DME,1,0.003680359,0.9910821,0.0026810956,0.0025564206
/home/yogesh.patel/execution/25_9_2026_PRD_work/OCT2017_Test/test/DME/DME-5981434-1.jpeg,DME,1,0.0074788895,0.9617465,0.0049779923,0.025796566
/home/yogesh.patel/execution/25_9_2026_PRD_work/OCT2017_Test/test/DME/DME-6090983-1.jpeg,DME,1,0.010927787,0.98485345,0.0014511468,0.002767623
/home/yogesh.patel/execution/25_9_2026_PRD_work/OCT2017_Test/test/DME/DME-6151003-1.jpeg,DME,1,0.01101308,0.04876582,0.008111353,0.9321098
/home/yogesh.patel/execution/25_9_2026_PRD_work/OCT2017_Test/test/DME/DME-6296605-1.jpeg,DME,1,0.0058242995,0.9888122,0.0031049377,0.0022586028
/home/yogesh.patel/execution/25_9_2026_PRD_work/OCT2017_Test/test/DME/DME-6314020-1.jpeg,DME,1,0.012635986,0.9792683,0.006292323,0.0018034265
/home/yogesh.patel/execution/25_9_2026_PRD_work/OCT2017_Test/test/DME/DME-633268-1.jpeg,DME,1,0.0032306535,0.990558,0.0041950466,0.0020163115
/home/yogesh.patel/execution/25_9_2026_PRD_work/OCT2017_Test/test/DME/DME-6383847-1.jpeg,DME,1,0.000906935,0.99623674,0.0008234821,0.0020328686
/home/yogesh.patel/execution/25_9_2026_PRD_work/OCT2017_Test/test/DME/DME-6434323-1.jpeg,DME,1,0.007516775,0.98902684,0.0022333905,0.0012229565
/home/yogesh.patel/execution/25_9_2026_PRD_work/OCT2017_Test/test/DME/DME-671384-1.jpeg,DME,1,0.0022237776,0.9909789,0.003937547,0.002859743
/home/yogesh.patel/execution/25_9_2026_PRD_work/OCT2017_Test/test/DME/DME-6716735-1.jpeg,DME,1,0.006017284,0.9878123,0.003503089,0.0026673106
/home/yogesh.patel/execution/25_9_2026_PRD_work/OCT2017_Test/test/DME/DME-6716735-2.jpeg,DME,1,0.0018598611,0.989846,0.0012649869,0.0070291534
/home/yogesh.patel/execution/25_9_2026_PRD_work/OCT2017_Test/test/DME/DME-70266-1.jpeg,DME,1,0.015775364,0.9805235,0.0025673297,0.0011337574
/home/yogesh.patel/execution/25_9_2026_PRD_work/OCT2017_Test/test/DME/DME-70266-2.jpeg,DME,1,0.011446908,0.98375624,0.0032336034,0.0015632457
/home/yogesh.patel/execution/25_9_2026_PRD_work/OCT2017_Test/test/DME/DME-70266-3.jpeg,DME,1,0.0051346035,0.98871034,0.0032494755,0.002905575
/home/yogesh.patel/execution/25_9_2026_PRD_work/OCT2017_Test/test/DME/DME-7027665-1.jpeg,DME,1,0.004472878,0.9898646,0.0026663702,0.0029961555
/home/yogesh.patel/execution/25_9_2026_PRD_work/OCT2017_Test/test/DME/DME-7194085-1.jpeg,DME,1,0.012161628,0.98112226,0.0012297236,0.005486356
/home/yogesh.patel/execution/25_9_2026_PRD_work/OCT2017_Test/test/DME/DME-7239304-1.jpeg,DME,1,0.04151464,0.9528878,0.0036090116,0.0019886447
/home/yogesh.patel/execution/25_9_2026_PRD_work/OCT2017_Test/test/DME/DME-7248535-1.jpeg,DME,1,0.008893067,0.98296005,0.005736046,0.002410843
/home/yogesh.patel/execution/25_9_2026_PRD_work/OCT2017_Test/test/DME/DME-7432714-1.jpeg,DME,1,0.002838105,0.9937593,0.0012143432,0.002188278
/home/yogesh.patel/execution/25_9_2026_PRD_work/OCT2017_Test/test/DME/DME-7434518-1.jpeg,DME,1,0.0042155366,0.99045527,0.0017533415,0.0035758598
/home/yogesh.patel/execution/25_9_2026_PRD_work/OCT2017_Test/test/DME/DME-7469235-1.jpeg,DME,1,0.027964996,0.96788335,0.0012468146,0.0029048244
/home/yogesh.patel/execution/25_9_2026_PRD_work/OCT2017_Test/test/DME/DME-7503514-1.jpeg,DME,1,0.0029868062,0.992353,0.002617583,0.0020425767
/home/yogesh.patel/execution/25_9_2026_PRD_work/OCT2017_Test/test/DME/DME-7558688-1.jpeg,DME,1,0.0010766389,0.9922843,0.0013985187,0.0052404776
/home/yogesh.patel/execution/25_9_2026_PRD_work/OCT2017_Test/test/DME/DME-7573590-1.jpeg,DME,1,0.0035367962,0.99221146,0.0024811248,0.001770645
/home/yogesh.patel/execution/25_9_2026_PRD_work/OCT2017_Test/test/DME/DME-7578162-1.jpeg,DME,1,0.0041025016,0.9894117,0.0037819305,0.00270385
/home/yogesh.patel/execution/25_9_2026_PRD_work/OCT2017_Test/test/DME/DME-7585263-1.jpeg,DME,1,0.010900646,0.91575545,0.06735411,0.0059897806
/home/yogesh.patel/execution/25_9_2026_PRD_work/OCT2017_Test/test/DME/DME-7585263-2.jpeg,DME,1,0.09822166,0.8584492,0.041198567,0.0021305105
/home/yogesh.patel/execution/25_9_2026_PRD_work/OCT2017_Test/test/DME/DME-7585263-3.jpeg,DME,1,0.06724363,0.73527294,0.19020918,0.0072742263
/home/yogesh.patel/execution/25_9_2026_PRD_work/OCT2017_Test/test/DME/DME-7591008-1.jpeg,DME,1,0.0023668075,0.9886715,0.005821671,0.0031400335
/home/yogesh.patel/execution/25_9_2026_PRD_work/OCT2017_Test/test/DME/DME-7614088-1.jpeg,DME,1,0.0045391265,0.9882904,0.005034643,0.0021357406
/home/yogesh.patel/execution/25_9_2026_PRD_work/OCT2017_Test/test/DME/DME-7650134-1.jpeg,DME,1,0.012166197,0.98458,0.0017821393,0.0014716677
/home/yogesh.patel/execution/25_9_2026_PRD_work/OCT2017_Test/test/DME/DME-7650134-2.jpeg,DME,1,0.00414325,0.98985374,0.0041340166,0.0018690113
/home/yogesh.patel/execution/25_9_2026_PRD_work/OCT2017_Test/test/DME/DME-7706610-1.jpeg,DME,1,0.007351473,0.9902013,0.0012506584,0.0011965557
/home/yogesh.patel/execution/25_9_2026_PRD_work/OCT2017_Test/test/DME/DME-7706610-2.jpeg,DME,1,0.006957768,0.9880881,0.0021687597,0.0027854068
/home/yogesh.patel/execution/25_9_2026_PRD_work/OCT2017_Test/test/DME/DME-7706610-3.jpeg,DME,1,0.0031154223,0.9875412,0.0029272924,0.0064160773
/home/yogesh.patel/execution/25_9_2026_PRD_work/OCT2017_Test/test/DME/DME-7756213-1.jpeg,DME,1,0.004872633,0.9896411,0.0010655184,0.0044207433
/home/yogesh.patel/execution/25_9_2026_PRD_work/OCT2017_Test/test/DME/DME-7757895-1.jpeg,DME,1,0.0026218053,0.99211603,0.0021865407,0.003075634
/home/yogesh.patel/execution/25_9_2026_PRD_work/OCT2017_Test/test/DME/DME-7763916-1.jpeg,DME,1,0.010089108,0.98161167,0.0014520214,0.0068471613
/home/yogesh.patel/execution/25_9_2026_PRD_work/OCT2017_Test/test/DME/DME-7780589-1.jpeg,DME,1,0.0037359013,0.98990405,0.0040693707,0.002290686
/home/yogesh.patel/execution/25_9_2026_PRD_work/OCT2017_Test/test/DME/DME-778975-1.jpeg,DME,1,0.010783499,0.98125154,0.0059172264,0.0020477686
/home/yogesh.patel/execution/25_9_2026_PRD_work/OCT2017_Test/test/DME/DME-778975-2.jpeg,DME,1,0.0034144118,0.9917027,0.003321319,0.0015616401
/home/yogesh.patel/execution/25_9_2026_PRD_work/OCT2017_Test/test/DME/DME-7793366-1.jpeg,DME,1,0.004315992,0.9828319,0.0098778475,0.0029742818
/home/yogesh.patel/execution/25_9_2026_PRD_work/OCT2017_Test/test/DME/DME-7837305-1.jpeg,DME,1,0.005998945,0.98994595,0.0011815238,0.0028735327
/home/yogesh.patel/execution/25_9_2026_PRD_work/OCT2017_Test/test/DME/DME-7837305-2.jpeg,DME,1,0.029898852,0.95969766,0.002355089,0.008048377
/home/yogesh.patel/execution/25_9_2026_PRD_work/OCT2017_Test/test/DME/DME-7837305-3.jpeg,DME,1,0.0025351064,0.9809602,0.0039462554,0.012558409
/home/yogesh.patel/execution/25_9_2026_PRD_work/OCT2017_Test/test/DME/DME-7837305-4.jpeg,DME,1,0.0030092986,0.9873517,0.0016801297,0.007958867
/home/yogesh.patel/execution/25_9_2026_PRD_work/OCT2017_Test/test/DME/DME-7837305-5.jpeg,DME,1,0.0031107536,0.9921932,0.0012630336,0.0034329914
/home/yogesh.patel/execution/25_9_2026_PRD_work/OCT2017_Test/test/DME/DME-7843891-1.jpeg,DME,1,0.6282672,0.34851614,0.0041587134,0.01905795
/home/yogesh.patel/execution/25_9_2026_PRD_work/OCT2017_Test/test/DME/DME-7846574-1.jpeg,DME,1,0.006182764,0.98748815,0.0050541186,0.0012749108
/home/yogesh.patel/execution/25_9_2026_PRD_work/OCT2017_Test/test/DME/DME-7870558-1.jpeg,DME,1,0.0019605723,0.9916383,0.0028626204,0.0035384751
/home/yogesh.patel/execution/25_9_2026_PRD_work/OCT2017_Test/test/DME/DME-7870558-2.jpeg,DME,1,0.0032163842,0.99247414,0.0019222987,0.0023871853
/home/yogesh.patel/execution/25_9_2026_PRD_work/OCT2017_Test/test/DME/DME-7870558-3.jpeg,DME,1,0.006901431,0.98783326,0.0033323574,0.001932942
/home/yogesh.patel/execution/25_9_2026_PRD_work/OCT2017_Test/test/DME/DME-7870558-4.jpeg,DME,1,0.0031315607,0.99181646,0.0026673116,0.0023846957
/home/yogesh.patel/execution/25_9_2026_PRD_work/OCT2017_Test/test/DME/DME-7907461-1.jpeg,DME,1,0.0019280888,0.9912409,0.0010129573,0.0058180247
/home/yogesh.patel/execution/25_9_2026_PRD_work/OCT2017_Test/test/DME/DME-7918201-1.jpeg,DME,1,0.0012599797,0.9885537,0.0008958463,0.009290402
/home/yogesh.patel/execution/25_9_2026_PRD_work/OCT2017_Test/test/DME/DME-7918201-2.jpeg,DME,1,0.0014134655,0.99199945,0.0038958925,0.0026912116
/home/yogesh.patel/execution/25_9_2026_PRD_work/OCT2017_Test/test/DME/DME-7928636-1.jpeg,DME,1,0.0062350235,0.9901686,0.0012835753,0.002312876
/home/yogesh.patel/execution/25_9_2026_PRD_work/OCT2017_Test/test/DME/DME-7928636-2.jpeg,DME,1,0.011838284,0.9848072,0.0017811571,0.00157337
/home/yogesh.patel/execution/25_9_2026_PRD_work/OCT2017_Test/test/DME/DME-7934335-1.jpeg,DME,1,0.01776288,0.97497326,0.004351435,0.0029123928
/home/yogesh.patel/execution/25_9_2026_PRD_work/OCT2017_Test/test/DME/DME-7939555-1.jpeg,DME,1,0.0030109836,0.98887163,0.0043198452,0.0037975707
/home/yogesh.patel/execution/25_9_2026_PRD_work/OCT2017_Test/test/DME/DME-7939555-2.jpeg,DME,1,0.0052448073,0.98707485,0.004355554,0.0033247694
/home/yogesh.patel/execution/25_9_2026_PRD_work/OCT2017_Test/test/DME/DME-7939555-3.jpeg,DME,1,0.0033097772,0.99090934,0.002364992,0.0034159482
/home/yogesh.patel/execution/25_9_2026_PRD_work/OCT2017_Test/test/DME/DME-7939555-4.jpeg,DME,1,0.0023467732,0.98779714,0.0050658407,0.0047902507
/home/yogesh.patel/execution/25_9_2026_PRD_work/OCT2017_Test/test/DME/DME-7939555-5.jpeg,DME,1,0.0038805674,0.9853155,0.00399134,0.0068126568
/home/yogesh.patel/execution/25_9_2026_PRD_work/OCT2017_Test/test/DME/DME-7972888-1.jpeg,DME,1,0.0037793193,0.98954123,0.003904717,0.002774771
/home/yogesh.patel/execution/25_9_2026_PRD_work/OCT2017_Test/test/DME/DME-7983936-1.jpeg,DME,1,0.01512132,0.9810257,0.0015090369,0.0023439508
/home/yogesh.patel/execution/25_9_2026_PRD_work/OCT2017_Test/test/DME/DME-7990001-1.jpeg,DME,1,0.019249285,0.96609557,0.012165299,0.0024898457
/home/yogesh.patel/execution/25_9_2026_PRD_work/OCT2017_Test/test/DME/DME-8000885-1.jpeg,DME,1,0.0057766805,0.98702514,0.0038847304,0.0033134397
/home/yogesh.patel/execution/25_9_2026_PRD_work/OCT2017_Test/test/DME/DME-8019418-1.jpeg,DME,1,0.0044570947,0.9906965,0.002799912,0.0020464307
/home/yogesh.patel/execution/25_9_2026_PRD_work/OCT2017_Test/test/DME/DME-8019418-2.jpeg,DME,1,0.004437481,0.9898508,0.0035633487,0.0021483114
/home/yogesh.patel/execution/25_9_2026_PRD_work/OCT2017_Test/test/DME/DME-8019418-3.jpeg,DME,1,0.003171617,0.9921938,0.0030771398,0.0015573899
/home/yogesh.patel/execution/25_9_2026_PRD_work/OCT2017_Test/test/DME/DME-8019418-4.jpeg,DME,1,0.0034356066,0.9908664,0.00295937,0.0027385976
/home/yogesh.patel/execution/25_9_2026_PRD_work/OCT2017_Test/test/DME/DME-8021831-1.jpeg,DME,1,0.005273043,0.9908597,0.0015648921,0.0023023197
/home/yogesh.patel/execution/25_9_2026_PRD_work/OCT2017_Test/test/DME/DME-8056259-1.jpeg,DME,1,0.008053845,0.977184,0.006972625,0.007789486
/home/yogesh.patel/execution/25_9_2026_PRD_work/OCT2017_Test/test/DME/DME-8080050-1.jpeg,DME,1,0.20834771,0.775044,0.0042007123,0.01240757
/home/yogesh.patel/execution/25_9_2026_PRD_work/OCT2017_Test/test/DME/DME-8130267-1.jpeg,DME,1,0.0061261514,0.980799,0.011101795,0.001973031
/home/yogesh.patel/execution/25_9_2026_PRD_work/OCT2017_Test/test/DME/DME-8136649-1.jpeg,DME,1,0.0038447194,0.9911993,0.0018465497,0.003109415
/home/yogesh.patel/execution/25_9_2026_PRD_work/OCT2017_Test/test/DME/DME-8167779-1.jpeg,DME,1,0.004951351,0.990938,0.00175588,0.0023547716
/home/yogesh.patel/execution/25_9_2026_PRD_work/OCT2017_Test/test/DME/DME-8177380-1.jpeg,DME,1,0.0025784892,0.9929943,0.0013385813,0.0030886442
/home/yogesh.patel/execution/25_9_2026_PRD_work/OCT2017_Test/test/DME/DME-8177380-2.jpeg,DME,1,0.004195716,0.99184436,0.0018089504,0.0021510136
/home/yogesh.patel/execution/25_9_2026_PRD_work/OCT2017_Test/test/DME/DME-8177380-3.jpeg,DME,1,0.0024403643,0.99408275,0.0011682066,0.0023086714
/home/yogesh.patel/execution/25_9_2026_PRD_work/OCT2017_Test/test/DME/DME-8200056-1.jpeg,DME,1,0.0025123865,0.99180174,0.001593491,0.0040923804
/home/yogesh.patel/execution/25_9_2026_PRD_work/OCT2017_Test/test/DME/DME-8200056-2.jpeg,DME,1,0.005448848,0.9864718,0.0038978462,0.0041815233
/home/yogesh.patel/execution/25_9_2026_PRD_work/OCT2017_Test/test/DME/DME-8200056-3.jpeg,DME,1,0.00397041,0.9881955,0.0024693229,0.005364807
/home/yogesh.patel/execution/25_9_2026_PRD_work/OCT2017_Test/test/DME/DME-8218042-1.jpeg,DME,1,0.005510345,0.99045944,0.002478232,0.0015520195
/home/yogesh.patel/execution/25_9_2026_PRD_work/OCT2017_Test/test/DME/DME-8231523-1.jpeg,DME,1,0.023180079,0.9718243,0.003025613,0.0019699852
/home/yogesh.patel/execution/25_9_2026_PRD_work/OCT2017_Test/test/DME/DME-82328-1.jpeg,DME,1,0.0037598338,0.99098444,0.0027909274,0.002464854
/home/yogesh.patel/execution/25_9_2026_PRD_work/OCT2017_Test/test/DME/DME-8366524-1.jpeg,DME,1,0.0090511665,0.9623719,0.003749056,0.024827873
/home/yogesh.patel/execution/25_9_2026_PRD_work/OCT2017_Test/test/DME/DME-8366524-2.jpeg,DME,1,0.003307499,0.99282056,0.0006833448,0.0031886569
/home/yogesh.patel/execution/25_9_2026_PRD_work/OCT2017_Test/test/DME/DME-8426419-1.jpeg,DME,1,0.03480377,0.95904076,0.004691202,0.0014642945
/home/yogesh.patel/execution/25_9_2026_PRD_work/OCT2017_Test/test/DME/DME-8426419-2.jpeg,DME,1,0.0077553494,0.985912,0.0042776475,0.0020549276
/home/yogesh.patel/execution/25_9_2026_PRD_work/OCT2017_Test/test/DME/DME-8457431-1.jpeg,DME,1,0.012958554,0.980655,0.0046060407,0.0017804075
/home/yogesh.patel/execution/25_9_2026_PRD_work/OCT2017_Test/test/DME/DME-8469406-1.jpeg,DME,1,0.0062525077,0.9879041,0.0010704484,0.0047729905
/home/yogesh.patel/execution/25_9_2026_PRD_work/OCT2017_Test/test/DME/DME-8472707-1.jpeg,DME,1,0.0040831673,0.9924671,0.0010905124,0.0023592252
/home/yogesh.patel/execution/25_9_2026_PRD_work/OCT2017_Test/test/DME/DME-8477096-1.jpeg,DME,1,0.022677667,0.9727613,0.0029531172,0.0016079387
/home/yogesh.patel/execution/25_9_2026_PRD_work/OCT2017_Test/test/DME/DME-8525575-1.jpeg,DME,1,0.010018633,0.9855106,0.0018508588,0.002619905
/home/yogesh.patel/execution/25_9_2026_PRD_work/OCT2017_Test/test/DME/DME-8525575-2.jpeg,DME,1,0.014727369,0.96956927,0.0018299628,0.013873358
/home/yogesh.patel/execution/25_9_2026_PRD_work/OCT2017_Test/test/DME/DME-8525575-3.jpeg,DME,1,0.002828704,0.993147,0.0014539701,0.002570344
/home/yogesh.patel/execution/25_9_2026_PRD_work/OCT2017_Test/test/DME/DME-8525575-4.jpeg,DME,1,0.0026725095,0.991947,0.0027645442,0.0026159917
/home/yogesh.patel/execution/25_9_2026_PRD_work/OCT2017_Test/test/DME/DME-8525575-5.jpeg,DME,1,0.014127609,0.9804985,0.00362491,0.0017489896
/home/yogesh.patel/execution/25_9_2026_PRD_work/OCT2017_Test/test/DME/DME-8525575-6.jpeg,DME,1,0.0048195226,0.99082357,0.0024100316,0.0019468346
/home/yogesh.patel/execution/25_9_2026_PRD_work/OCT2017_Test/test/DME/DME-8525575-7.jpeg,DME,1,0.019431807,0.9764122,0.0022914829,0.0018645587
/home/yogesh.patel/execution/25_9_2026_PRD_work/OCT2017_Test/test/DME/DME-8525575-8.jpeg,DME,1,0.0032295338,0.9913547,0.0011514594,0.0042643305
/home/yogesh.patel/execution/25_9_2026_PRD_work/OCT2017_Test/test/DME/DME-8589279-1.jpeg,DME,1,0.027583003,0.96461296,0.005891451,0.00191254
/home/yogesh.patel/execution/25_9_2026_PRD_work/OCT2017_Test/test/DME/DME-8602716-1.jpeg,DME,1,0.0038593602,0.98756856,0.004618241,0.003953839
/home/yogesh.patel/execution/25_9_2026_PRD_work/OCT2017_Test/test/DME/DME-8602716-2.jpeg,DME,1,0.03464105,0.9624084,0.001550429,0.0014000923
/home/yogesh.patel/execution/25_9_2026_PRD_work/OCT2017_Test/test/DME/DME-8602716-3.jpeg,DME,1,0.004915483,0.989698,0.002812052,0.002574454
/home/yogesh.patel/execution/25_9_2026_PRD_work/OCT2017_Test/test/DME/DME-8602716-4.jpeg,DME,1,0.012798867,0.9824282,0.0032780317,0.0014949641
/home/yogesh.patel/execution/25_9_2026_PRD_work/OCT2017_Test/test/DME/DME-8615417-1.jpeg,DME,1,0.0056704194,0.98581713,0.006055502,0.0024569053
/home/yogesh.patel/execution/25_9_2026_PRD_work/OCT2017_Test/test/DME/DME-8615417-2.jpeg,DME,1,0.013937393,0.9777564,0.0062433276,0.0020628998
/home/yogesh.patel/execution/25_9_2026_PRD_work/OCT2017_Test/test/DME/DME-8635355-1.jpeg,DME,1,0.010079749,0.98115754,0.007027702,0.0017349932
/home/yogesh.patel/execution/25_9_2026_PRD_work/OCT2017_Test/test/DME/DME-8635355-2.jpeg,DME,1,0.011232322,0.98262984,0.0045991577,0.0015386828
/home/yogesh.patel/execution/25_9_2026_PRD_work/OCT2017_Test/test/DME/DME-8729675-1.jpeg,DME,1,0.0034382155,0.99018383,0.001753003,0.004624939
/home/yogesh.patel/execution/25_9_2026_PRD_work/OCT2017_Test/test/DME/DME-8729675-2.jpeg,DME,1,0.016231634,0.9174911,0.0170804,0.049196947
/home/yogesh.patel/execution/25_9_2026_PRD_work/OCT2017_Test/test/DME/DME-8732456-1.jpeg,DME,1,0.06836538,0.85774773,0.07152179,0.0023651326
/home/yogesh.patel/execution/25_9_2026_PRD_work/OCT2017_Test/test/DME/DME-8766603-1.jpeg,DME,1,0.008235043,0.98715675,0.0026792057,0.0019289978
/home/yogesh.patel/execution/25_9_2026_PRD_work/OCT2017_Test/test/DME/DME-8807486-1.jpeg,DME,1,0.014215962,0.9817315,0.0025304665,0.0015220913
/home/yogesh.patel/execution/25_9_2026_PRD_work/OCT2017_Test/test/DME/DME-8847144-1.jpeg,DME,1,0.006077207,0.9841809,0.0048790323,0.004862779
/home/yogesh.patel/execution/25_9_2026_PRD_work/OCT2017_Test/test/DME/DME-8851193-1.jpeg,DME,1,0.006105473,0.9893447,0.0025838963,0.00196594
/home/yogesh.patel/execution/25_9_2026_PRD_work/OCT2017_Test/test/DME/DME-8861620-1.jpeg,DME,1,0.006133255,0.98698175,0.005023456,0.0018614854
/home/yogesh.patel/execution/25_9_2026_PRD_work/OCT2017_Test/test/DME/DME-8861620-2.jpeg,DME,1,0.0016348605,0.986099,0.008543767,0.0037224176
/home/yogesh.patel/execution/25_9_2026_PRD_work/OCT2017_Test/test/DME/DME-8861620-3.jpeg,DME,1,0.0026755903,0.98938286,0.0052983155,0.0026431957
/home/yogesh.patel/execution/25_9_2026_PRD_work/OCT2017_Test/test/DME/DME-8889771-1.jpeg,DME,1,0.0020921892,0.99095726,0.003126469,0.0038241146
/home/yogesh.patel/execution/25_9_2026_PRD_work/OCT2017_Test/test/DME/DME-8889771-2.jpeg,DME,1,0.006250216,0.9893995,0.0017650867,0.002585193
/home/yogesh.patel/execution/25_9_2026_PRD_work/OCT2017_Test/test/DME/DME-8889771-3.jpeg,DME,1,0.21476606,0.77545214,0.007849944,0.0019318257
/home/yogesh.patel/execution/25_9_2026_PRD_work/OCT2017_Test/test/DME/DME-8889771-4.jpeg,DME,1,0.0040162685,0.9920898,0.0016277386,0.002266152
/home/yogesh.patel/execution/25_9_2026_PRD_work/OCT2017_Test/test/DME/DME-8908847-1.jpeg,DME,1,0.0032408927,0.9920745,0.001967729,0.002716843
/home/yogesh.patel/execution/25_9_2026_PRD_work/OCT2017_Test/test/DME/DME-8989419-1.jpeg,DME,1,0.0028172082,0.98858947,0.006812097,0.0017811833
/home/yogesh.patel/execution/25_9_2026_PRD_work/OCT2017_Test/test/DME/DME-9066695-1.jpeg,DME,1,0.0025369474,0.9914523,0.0035638127,0.0024469832
/home/yogesh.patel/execution/25_9_2026_PRD_work/OCT2017_Test/test/DME/DME-9109143-1.jpeg,DME,1,0.011901452,0.9836248,0.0026871269,0.0017865803
/home/yogesh.patel/execution/25_9_2026_PRD_work/OCT2017_Test/test/DME/DME-910956-1.jpeg,DME,1,0.0027781369,0.99096555,0.0031216494,0.0031347056
/home/yogesh.patel/execution/25_9_2026_PRD_work/OCT2017_Test/test/DME/DME-9211360-1.jpeg,DME,1,0.01162129,0.9800407,0.0034888235,0.00484912
/home/yogesh.patel/execution/25_9_2026_PRD_work/OCT2017_Test/test/DME/DME-9211360-2.jpeg,DME,1,0.118979275,0.8747518,0.0036923112,0.0025765845
/home/yogesh.patel/execution/25_9_2026_PRD_work/OCT2017_Test/test/DME/DME-9241179-1.jpeg,DME,1,0.0029099577,0.99087805,0.0012358183,0.0049761743
/home/yogesh.patel/execution/25_9_2026_PRD_work/OCT2017_Test/test/DME/DME-9333524-1.jpeg,DME,1,0.024543177,0.8582942,0.11317562,0.003987029
/home/yogesh.patel/execution/25_9_2026_PRD_work/OCT2017_Test/test/DME/DME-9361825-1.jpeg,DME,1,0.0042369245,0.9895753,0.0020854794,0.0041022976
/home/yogesh.patel/execution/25_9_2026_PRD_work/OCT2017_Test/test/DME/DME-9378346-1.jpeg,DME,1,0.03219668,0.96010756,0.0060887756,0.0016069553
/home/yogesh.patel/execution/25_9_2026_PRD_work/OCT2017_Test/test/DME/DME-9378346-2.jpeg,DME,1,0.039153986,0.95326924,0.004471451,0.0031052984
/home/yogesh.patel/execution/25_9_2026_PRD_work/OCT2017_Test/test/DME/DME-9378346-3.jpeg,DME,1,0.006893593,0.9858352,0.004940459,0.0023307193
/home/yogesh.patel/execution/25_9_2026_PRD_work/OCT2017_Test/test/DME/DME-9428363-1.jpeg,DME,1,0.006626525,0.97473353,0.0037611483,0.014878844
/home/yogesh.patel/execution/25_9_2026_PRD_work/OCT2017_Test/test/DME/DME-9488073-1.jpeg,DME,1,0.0016900047,0.9911476,0.0023913253,0.0047711115
/home/yogesh.patel/execution/25_9_2026_PRD_work/OCT2017_Test/test/DME/DME-9488073-2.jpeg,DME,1,0.002756882,0.9930935,0.002263793,0.0018859183
/home/yogesh.patel/execution/25_9_2026_PRD_work/OCT2017_Test/test/DME/DME-9504297-1.jpeg,DME,1,0.010963311,0.9821387,0.004965467,0.0019325344
/home/yogesh.patel/execution/25_9_2026_PRD_work/OCT2017_Test/test/DME/DME-9557298-1.jpeg,DME,1,0.002713436,0.9893055,0.0021895042,0.005791565
/home/yogesh.patel/execution/25_9_2026_PRD_work/OCT2017_Test/test/DME/DME-9579219-1.jpeg,DME,1,0.15277553,0.8390226,0.006828443,0.0013734442
/home/yogesh.patel/execution/25_9_2026_PRD_work/OCT2017_Test/test/DME/DME-98994-1.jpeg,DME,1,0.0045380373,0.9881698,0.004222822,0.0030693628
/home/yogesh.patel/execution/25_9_2026_PRD_work/OCT2017_Test/test/DME/DME-98994-2.jpeg,DME,1,0.0014428874,0.9940407,0.0024456815,0.0020706998
/home/yogesh.patel/execution/25_9_2026_PRD_work/OCT2017_Test/test/DRUSEN/DRUSEN-1083159-1.jpeg,DRUSEN,2,0.0045142584,0.013936458,0.979669,0.0018802673
/home/yogesh.patel/execution/25_9_2026_PRD_work/OCT2017_Test/test/DRUSEN/DRUSEN-1112835-1.jpeg,DRUSEN,2,0.078443475,0.012327363,0.9040718,0.005157397
/home/yogesh.patel/execution/25_9_2026_PRD_work/OCT2017_Test/test/DRUSEN/DRUSEN-1173253-1.jpeg,DRUSEN,2,0.060040552,0.010261575,0.9254749,0.004222977
/home/yogesh.patel/execution/25_9_2026_PRD_work/OCT2017_Test/test/DRUSEN/DRUSEN-1193659-1.jpeg,DRUSEN,2,0.0498116,0.004873692,0.9425868,0.0027279295
/home/yogesh.patel/execution/25_9_2026_PRD_work/OCT2017_Test/test/DRUSEN/DRUSEN-1219727-1.jpeg,DRUSEN,2,0.00665256,0.0126878815,0.97789377,0.0027657633
/home/yogesh.patel/execution/25_9_2026_PRD_work/OCT2017_Test/test/DRUSEN/DRUSEN-1225603-1.jpeg,DRUSEN,2,0.003668591,0.009820103,0.9831817,0.0033296086
/home/yogesh.patel/execution/25_9_2026_PRD_work/OCT2017_Test/test/DRUSEN/DRUSEN-1225603-2.jpeg,DRUSEN,2,0.0029775,0.005450601,0.9885171,0.003054807
/home/yogesh.patel/execution/25_9_2026_PRD_work/OCT2017_Test/test/DRUSEN/DRUSEN-1237848-1.jpeg,DRUSEN,2,0.003855408,0.007771215,0.9846458,0.0037275653
/home/yogesh.patel/execution/25_9_2026_PRD_work/OCT2017_Test/test/DRUSEN/DRUSEN-1237848-2.jpeg,DRUSEN,2,0.0021268767,0.01299431,0.9822202,0.002658567
/home/yogesh.patel/execution/25_9_2026_PRD_work/OCT2017_Test/test/DRUSEN/DRUSEN-1237848-3.jpeg,DRUSEN,2,0.0017246791,0.009015896,0.98523986,0.004019575
/home/yogesh.patel/execution/25_9_2026_PRD_work/OCT2017_Test/test/DRUSEN/DRUSEN-1246453-1.jpeg,DRUSEN,2,0.06618707,0.010067449,0.9191088,0.004636714
/home/yogesh.patel/execution/25_9_2026_PRD_work/OCT2017_Test/test/DRUSEN/DRUSEN-1487749-1.jpeg,DRUSEN,2,0.0030510514,0.009574163,0.98474544,0.002629328
/home/yogesh.patel/execution/25_9_2026_PRD_work/OCT2017_Test/test/DRUSEN/DRUSEN-1487749-2.jpeg,DRUSEN,2,0.007130551,0.013099428,0.97766805,0.0021019627
/home/yogesh.patel/execution/25_9_2026_PRD_work/OCT2017_Test/test/DRUSEN/DRUSEN-1487749-3.jpeg,DRUSEN,2,0.0072744526,0.009476547,0.980502,0.0027469776
/home/yogesh.patel/execution/25_9_2026_PRD_work/OCT2017_Test/test/DRUSEN/DRUSEN-1487749-4.jpeg,DRUSEN,2,0.0049786163,0.01645132,0.9762487,0.0023213436
/home/yogesh.patel/execution/25_9_2026_PRD_work/OCT2017_Test/test/DRUSEN/DRUSEN-1530990-1.jpeg,DRUSEN,2,0.025538081,0.022402443,0.948082,0.003977512
/home/yogesh.patel/execution/25_9_2026_PRD_work/OCT2017_Test/test/DRUSEN/DRUSEN-1730592-1.jpeg,DRUSEN,2,0.011664074,0.009927807,0.9761149,0.0022932445
/home/yogesh.patel/execution/25_9_2026_PRD_work/OCT2017_Test/test/DRUSEN/DRUSEN-1786810-1.jpeg,DRUSEN,2,0.018138573,0.0073671397,0.9711243,0.0033699968
/home/yogesh.patel/execution/25_9_2026_PRD_work/OCT2017_Test/test/DRUSEN/DRUSEN-1786810-2.jpeg,DRUSEN,2,0.032468345,0.012719777,0.9491026,0.0057092863
/home/yogesh.patel/execution/25_9_2026_PRD_work/OCT2017_Test/test/DRUSEN/DRUSEN-1786810-3.jpeg,DRUSEN,2,0.039035935,0.01536603,0.9405306,0.0050674784
/home/yogesh.patel/execution/25_9_2026_PRD_work/OCT2017_Test/test/DRUSEN/DRUSEN-1789270-1.jpeg,DRUSEN,2,0.008798461,0.008909075,0.979901,0.0023913933
/home/yogesh.patel/execution/25_9_2026_PRD_work/OCT2017_Test/test/DRUSEN/DRUSEN-1793499-1.jpeg,DRUSEN,2,0.026091507,0.021446714,0.9501794,0.0022823655
/home/yogesh.patel/execution/25_9_2026_PRD_work/OCT2017_Test/test/DRUSEN/DRUSEN-1912508-1.jpeg,DRUSEN,2,0.0038349405,0.008224662,0.9854368,0.0025035667
/home/yogesh.patel/execution/25_9_2026_PRD_work/OCT2017_Test/test/DRUSEN/DRUSEN-1997439-1.jpeg,DRUSEN,2,0.005485745,0.016129961,0.97574687,0.0026373859
/home/yogesh.patel/execution/25_9_2026_PRD_work/OCT2017_Test/test/DRUSEN/DRUSEN-1997439-2.jpeg,DRUSEN,2,0.0043471963,0.011580982,0.98166716,0.0024046593
/home/yogesh.patel/execution/25_9_2026_PRD_work/OCT2017_Test/test/DRUSEN/DRUSEN-1997439-3.jpeg,DRUSEN,2,0.008115706,0.011842945,0.9777915,0.0022498257
/home/yogesh.patel/execution/25_9_2026_PRD_work/OCT2017_Test/test/DRUSEN/DRUSEN-1997439-4.jpeg,DRUSEN,2,0.0042469734,0.009623659,0.983522,0.002607314
/home/yogesh.patel/execution/25_9_2026_PRD_work/OCT2017_Test/test/DRUSEN/DRUSEN-2108193-1.jpeg,DRUSEN,2,0.016632246,0.008561809,0.9707602,0.0040456965
/home/yogesh.patel/execution/25_9_2026_PRD_work/OCT2017_Test/test/DRUSEN/DRUSEN-2108193-2.jpeg,DRUSEN,2,0.21428739,0.010791134,0.77257985,0.0023416698
/home/yogesh.patel/execution/25_9_2026_PRD_work/OCT2017_Test/test/DRUSEN/DRUSEN-2128644-1.jpeg,DRUSEN,2,0.0072353818,0.008179287,0.97936034,0.0052249935
/home/yogesh.patel/execution/25_9_2026_PRD_work/OCT2017_Test/test/DRUSEN/DRUSEN-2128644-2.jpeg,DRUSEN,2,0.017969951,0.007300068,0.9686905,0.0060394574
/home/yogesh.patel/execution/25_9_2026_PRD_work/OCT2017_Test/test/DRUSEN/DRUSEN-2128644-3.jpeg,DRUSEN,2,0.22535554,0.016653566,0.7548478,0.0031430507
/home/yogesh.patel/execution/25_9_2026_PRD_work/OCT2017_Test/test/DRUSEN/DRUSEN-2141150-1.jpeg,DRUSEN,2,0.007028617,0.010669716,0.9777566,0.0045450395
/home/yogesh.patel/execution/25_9_2026_PRD_work/OCT2017_Test/test/DRUSEN/DRUSEN-2156263-1.jpeg,DRUSEN,2,0.01907111,0.013073379,0.9659201,0.001935471
/home/yogesh.patel/execution/25_9_2026_PRD_work/OCT2017_Test/test/DRUSEN/DRUSEN-2173657-1.jpeg,DRUSEN,2,0.0025906544,0.0105681615,0.9834887,0.0033525303
/home/yogesh.patel/execution/25_9_2026_PRD_work/OCT2017_Test/test/DRUSEN/DRUSEN-2180220-1.jpeg,DRUSEN,2,0.0035035277,0.01243892,0.981866,0.002191536
/home/yogesh.patel/execution/25_9_2026_PRD_work/OCT2017_Test/test/DRUSEN/DRUSEN-2185112-1.jpeg,DRUSEN,2,0.0029565156,0.006126062,0.9854653,0.0054521416
/home/yogesh.patel/execution/25_9_2026_PRD_work/OCT2017_Test/test/DRUSEN/DRUSEN-2185112-2.jpeg,DRUSEN,2,0.0026743982,0.004297978,0.97714806,0.015879598
/home/yogesh.patel/execution/25_9_2026_PRD_work/OCT2017_Test/test/DRUSEN/DRUSEN-2232211-1.jpeg,DRUSEN,2,0.0073539834,0.018359287,0.97143203,0.002854718
/home/yogesh.patel/execution/25_9_2026_PRD_work/OCT2017_Test/test/DRUSEN/DRUSEN-2253582-1.jpeg,DRUSEN,2,0.09108552,0.02131127,0.8825854,0.005017808
/home/yogesh.patel/execution/25_9_2026_PRD_work/OCT2017_Test/test/DRUSEN/DRUSEN-2257047-1.jpeg,DRUSEN,2,0.0151496725,0.008665721,0.9712074,0.00497724
/home/yogesh.patel/execution/25_9_2026_PRD_work/OCT2017_Test/test/DRUSEN/DRUSEN-2257047-2.jpeg,DRUSEN,2,0.030651577,0.0044992017,0.96231395,0.002535303
/home/yogesh.patel/execution/25_9_2026_PRD_work/OCT2017_Test/test/DRUSEN/DRUSEN-2257047-3.jpeg,DRUSEN,2,0.0035699739,0.006003863,0.9841727,0.006253497
/home/yogesh.patel/execution/25_9_2026_PRD_work/OCT2017_Test/test/DRUSEN/DRUSEN-2257047-4.jpeg,DRUSEN,2,0.02468896,0.0109088635,0.9611581,0.003244074
/home/yogesh.patel/execution/25_9_2026_PRD_work/OCT2017_Test/test/DRUSEN/DRUSEN-2257047-5.jpeg,DRUSEN,2,0.0073999497,0.009090469,0.98121524,0.0022943288
/home/yogesh.patel/execution/25_9_2026_PRD_work/OCT2017_Test/test/DRUSEN/DRUSEN-2257047-6.jpeg,DRUSEN,2,0.013714486,0.013767191,0.9695528,0.0029654324
/home/yogesh.patel/execution/25_9_2026_PRD_work/OCT2017_Test/test/DRUSEN/DRUSEN-2257047-7.jpeg,DRUSEN,2,0.0072967485,0.014533469,0.9768399,0.0013298894
/home/yogesh.patel/execution/25_9_2026_PRD_work/OCT2017_Test/test/DRUSEN/DRUSEN-2257047-8.jpeg,DRUSEN,2,0.026387885,0.01125195,0.9544558,0.007904405
/home/yogesh.patel/execution/25_9_2026_PRD_work/OCT2017_Test/test/DRUSEN/DRUSEN-228939-1.jpeg,DRUSEN,2,0.0068300907,0.012326842,0.9770562,0.0037868451
/home/yogesh.patel/execution/25_9_2026_PRD_work/OCT2017_Test/test/DRUSEN/DRUSEN-228939-2.jpeg,DRUSEN,2,0.0034147855,0.010381774,0.98328525,0.0029182078
/home/yogesh.patel/execution/25_9_2026_PRD_work/OCT2017_Test/test/DRUSEN/DRUSEN-2308158-1.jpeg,DRUSEN,2,0.019236663,0.002374747,0.9753893,0.0029992417
/home/yogesh.patel/execution/25_9_2026_PRD_work/OCT2017_Test/test/DRUSEN/DRUSEN-2403178-1.jpeg,DRUSEN,2,0.04462631,0.009476443,0.9426369,0.0032603417
/home/yogesh.patel/execution/25_9_2026_PRD_work/OCT2017_Test/test/DRUSEN/DRUSEN-2403178-2.jpeg,DRUSEN,2,0.31437635,0.0063064024,0.67530155,0.00401572
/home/yogesh.patel/execution/25_9_2026_PRD_work/OCT2017_Test/test/DRUSEN/DRUSEN-2403178-3.jpeg,DRUSEN,2,0.008477941,0.008364704,0.9796632,0.0034942126
/home/yogesh.patel/execution/25_9_2026_PRD_work/OCT2017_Test/test/DRUSEN/DRUSEN-2403178-4.jpeg,DRUSEN,2,0.0188101,0.0071163694,0.96750975,0.006563815
/home/yogesh.patel/execution/25_9_2026_PRD_work/OCT2017_Test/test/DRUSEN/DRUSEN-2403178-5.jpeg,DRUSEN,2,0.0037569618,0.0060192207,0.9867249,0.0034988956
/home/yogesh.patel/execution/25_9_2026_PRD_work/OCT2017_Test/test/DRUSEN/DRUSEN-2403178-6.jpeg,DRUSEN,2,0.007975895,0.012139627,0.9765424,0.0033420639
/home/yogesh.patel/execution/25_9_2026_PRD_work/OCT2017_Test/test/DRUSEN/DRUSEN-2443068-1.jpeg,DRUSEN,2,0.0064376583,0.011101128,0.97965854,0.0028027094
/home/yogesh.patel/execution/25_9_2026_PRD_work/OCT2017_Test/test/DRUSEN/DRUSEN-2489093-1.jpeg,DRUSEN,2,0.005159401,0.0055696107,0.98614424,0.003126771
/home/yogesh.patel/execution/25_9_2026_PRD_work/OCT2017_Test/test/DRUSEN/DRUSEN-2489093-2.jpeg,DRUSEN,2,0.0016965441,0.014028021,0.9809332,0.0033423
/home/yogesh.patel/execution/25_9_2026_PRD_work/OCT2017_Test/test/DRUSEN/DRUSEN-2510299-1.jpeg,DRUSEN,2,0.037008423,0.010110127,0.9480108,0.004870663
/home/yogesh.patel/execution/25_9_2026_PRD_work/OCT2017_Test/test/DRUSEN/DRUSEN-2510299-2.jpeg,DRUSEN,2,0.020017514,0.008771224,0.96903557,0.002175693
/home/yogesh.patel/execution/25_9_2026_PRD_work/OCT2017_Test/test/DRUSEN/DRUSEN-2541184-1.jpeg,DRUSEN,2,0.00339804,0.0072376467,0.9850679,0.004296422
/home/yogesh.patel/execution/25_9_2026_PRD_work/OCT2017_Test/test/DRUSEN/DRUSEN-2785977-1.jpeg,DRUSEN,2,0.0071807704,0.010565548,0.979564,0.0026896824
/home/yogesh.patel/execution/25_9_2026_PRD_work/OCT2017_Test/test/DRUSEN/DRUSEN-2951435-1.jpeg,DRUSEN,2,0.017871672,0.008338507,0.97006726,0.0037225063
/home/yogesh.patel/execution/25_9_2026_PRD_work/OCT2017_Test/test/DRUSEN/DRUSEN-3017923-1.jpeg,DRUSEN,2,0.039586253,0.0041289506,0.95392215,0.002362595
/home/yogesh.patel/execution/25_9_2026_PRD_work/OCT2017_Test/test/DRUSEN/DRUSEN-303435-1.jpeg,DRUSEN,2,0.0011436776,0.0052123303,0.98673433,0.006909701
/home/yogesh.patel/execution/25_9_2026_PRD_work/OCT2017_Test/test/DRUSEN/DRUSEN-3214955-1.jpeg,DRUSEN,2,0.007184001,0.0064973193,0.9745498,0.011768947
/home/yogesh.patel/execution/25_9_2026_PRD_work/OCT2017_Test/test/DRUSEN/DRUSEN-3241692-1.jpeg,DRUSEN,2,0.001787277,0.003815982,0.99074054,0.0036561792
/home/yogesh.patel/execution/25_9_2026_PRD_work/OCT2017_Test/test/DRUSEN/DRUSEN-3276918-1.jpeg,DRUSEN,2,0.0024491856,0.008233382,0.9865848,0.0027326494
/home/yogesh.patel/execution/25_9_2026_PRD_work/OCT2017_Test/test/DRUSEN/DRUSEN-3276918-2.jpeg,DRUSEN,2,0.005069054,0.010455309,0.98082626,0.003649348
/home/yogesh.patel/execution/25_9_2026_PRD_work/OCT2017_Test/test/DRUSEN/DRUSEN-3317878-1.jpeg,DRUSEN,2,0.005380132,0.008872384,0.9828959,0.0028515628
/home/yogesh.patel/execution/25_9_2026_PRD_work/OCT2017_Test/test/DRUSEN/DRUSEN-3424668-1.jpeg,DRUSEN,2,0.011194094,0.021547224,0.9647336,0.0025250528
/home/yogesh.patel/execution/25_9_2026_PRD_work/OCT2017_Test/test/DRUSEN/DRUSEN-3424668-2.jpeg,DRUSEN,2,0.026671266,0.00994488,0.9593227,0.004061187
/home/yogesh.patel/execution/25_9_2026_PRD_work/OCT2017_Test/test/DRUSEN/DRUSEN-3424668-3.jpeg,DRUSEN,2,0.016802676,0.011406455,0.9689622,0.0028286534
/home/yogesh.patel/execution/25_9_2026_PRD_work/OCT2017_Test/test/DRUSEN/DRUSEN-3424668-4.jpeg,DRUSEN,2,0.049578495,0.014717667,0.9300451,0.0056586945
/home/yogesh.patel/execution/25_9_2026_PRD_work/OCT2017_Test/test/DRUSEN/DRUSEN-3439251-1.jpeg,DRUSEN,2,0.008099083,0.0055443677,0.9828531,0.0035034097
/home/yogesh.patel/execution/25_9_2026_PRD_work/OCT2017_Test/test/DRUSEN/DRUSEN-3439251-2.jpeg,DRUSEN,2,0.019497246,0.005539773,0.9700465,0.004916397
/home/yogesh.patel/execution/25_9_2026_PRD_work/OCT2017_Test/test/DRUSEN/DRUSEN-3482415-1.jpeg,DRUSEN,2,0.0041693137,0.009256142,0.98426175,0.0023127922
/home/yogesh.patel/execution/25_9_2026_PRD_work/OCT2017_Test/test/DRUSEN/DRUSEN-349021-1.jpeg,DRUSEN,2,0.050363727,0.0102132,0.93628156,0.003141525
/home/yogesh.patel/execution/25_9_2026_PRD_work/OCT2017_Test/test/DRUSEN/DRUSEN-349021-2.jpeg,DRUSEN,2,0.18592861,0.0113636665,0.80027306,0.0024346062
/home/yogesh.patel/execution/25_9_2026_PRD_work/OCT2017_Test/test/DRUSEN/DRUSEN-3571629-1.jpeg,DRUSEN,2,0.01280637,0.010498248,0.9737789,0.0029164595
/home/yogesh.patel/execution/25_9_2026_PRD_work/OCT2017_Test/test/DRUSEN/DRUSEN-364469-1.jpeg,DRUSEN,2,0.010020555,0.008070677,0.9793406,0.002568138
/home/yogesh.patel/execution/25_9_2026_PRD_work/OCT2017_Test/test/DRUSEN/DRUSEN-364469-2.jpeg,DRUSEN,2,0.0042252657,0.009118631,0.9835221,0.00313402
/home/yogesh.patel/execution/25_9_2026_PRD_work/OCT2017_Test/test/DRUSEN/DRUSEN-364469-3.jpeg,DRUSEN,2,0.009839161,0.020650737,0.9665844,0.0029257445
/home/yogesh.patel/execution/25_9_2026_PRD_work/OCT2017_Test/test/DRUSEN/DRUSEN-364469-4.jpeg,DRUSEN,2,0.009892811,0.016108563,0.970268,0.003730614
/home/yogesh.patel/execution/25_9_2026_PRD_work/OCT2017_Test/test/DRUSEN/DRUSEN-4240777-1.jpeg,DRUSEN,2,0.007844745,0.019185396,0.97002435,0.0029455218
/home/yogesh.patel/execution/25_9_2026_PRD_work/OCT2017_Test/test/DRUSEN/DRUSEN-4291972-1.jpeg,DRUSEN,2,0.044949844,0.014859768,0.93745184,0.0027385044
/home/yogesh.patel/execution/25_9_2026_PRD_work/OCT2017_Test/test/DRUSEN/DRUSEN-4293095-1.jpeg,DRUSEN,2,0.020000676,0.00505363,0.9692376,0.0057080537
/home/yogesh.patel/execution/25_9_2026_PRD_work/OCT2017_Test/test/DRUSEN/DRUSEN-4293095-2.jpeg,DRUSEN,2,0.0070520877,0.006120145,0.9821567,0.0046710866
/home/yogesh.patel/execution/25_9_2026_PRD_work/OCT2017_Test/test/DRUSEN/DRUSEN-4304015-1.jpeg,DRUSEN,2,0.02059895,0.007574546,0.96996826,0.0018582583
/home/yogesh.patel/execution/25_9_2026_PRD_work/OCT2017_Test/test/DRUSEN/DRUSEN-4314625-1.jpeg,DRUSEN,2,0.023361027,0.009695479,0.96459997,0.0023435396
/home/yogesh.patel/execution/25_9_2026_PRD_work/OCT2017_Test/test/DRUSEN/DRUSEN-4343867-1.jpeg,DRUSEN,2,0.04828176,0.0057879034,0.94189435,0.004035986
/home/yogesh.patel/execution/25_9_2026_PRD_work/OCT2017_Test/test/DRUSEN/DRUSEN-4343867-2.jpeg,DRUSEN,2,0.0101065785,0.016790593,0.9696317,0.0034711424
/home/yogesh.patel/execution/25_9_2026_PRD_work/OCT2017_Test/test/DRUSEN/DRUSEN-4379246-1.jpeg,DRUSEN,2,0.006921127,0.010663861,0.979877,0.0025380284
/home/yogesh.patel/execution/25_9_2026_PRD_work/OCT2017_Test/test/DRUSEN/DRUSEN-4379246-2.jpeg,DRUSEN,2,0.015482721,0.010184803,0.97119635,0.0031361007
/home/yogesh.patel/execution/25_9_2026_PRD_work/OCT2017_Test/test/DRUSEN/DRUSEN-457907-1.jpeg,DRUSEN,2,0.03411969,0.014664536,0.9493313,0.0018845068
/home/yogesh.patel/execution/25_9_2026_PRD_work/OCT2017_Test/test/DRUSEN/DRUSEN-4666680-1.jpeg,DRUSEN,2,0.0048032566,0.005976287,0.9861891,0.0030313483
/home/yogesh.patel/execution/25_9_2026_PRD_work/OCT2017_Test/test/DRUSEN/DRUSEN-4666680-2.jpeg,DRUSEN,2,0.001783759,0.0053586843,0.98578876,0.0070688003
/home/yogesh.patel/execution/25_9_2026_PRD_work/OCT2017_Test/test/DRUSEN/DRUSEN-4696998-1.jpeg,DRUSEN,2,0.0053289253,0.011890974,0.980952,0.0018280802
/home/yogesh.patel/execution/25_9_2026_PRD_work/OCT2017_Test/test/DRUSEN/DRUSEN-4878077-1.jpeg,DRUSEN,2,0.032425247,0.005954611,0.95934516,0.0022749642
/home/yogesh.patel/execution/25_9_2026_PRD_work/OCT2017_Test/test/DRUSEN/DRUSEN-4878077-2.jpeg,DRUSEN,2,0.002438779,0.0089457845,0.9851519,0.0034635519
/home/yogesh.patel/execution/25_9_2026_PRD_work/OCT2017_Test/test/DRUSEN/DRUSEN-4878077-3.jpeg,DRUSEN,2,0.0011206329,0.010476164,0.98239523,0.0060080015
/home/yogesh.patel/execution/25_9_2026_PRD_work/OCT2017_Test/test/DRUSEN/DRUSEN-4878077-4.jpeg,DRUSEN,2,0.003433936,0.008214771,0.9851274,0.0032238746
/home/yogesh.patel/execution/25_9_2026_PRD_work/OCT2017_Test/test/DRUSEN/DRUSEN-4878077-5.jpeg,DRUSEN,2,0.0039624586,0.011656047,0.9807787,0.0036028256
/home/yogesh.patel/execution/25_9_2026_PRD_work/OCT2017_Test/test/DRUSEN/DRUSEN-4878077-6.jpeg,DRUSEN,2,0.009948454,0.0136543345,0.9740913,0.0023059861
/home/yogesh.patel/execution/25_9_2026_PRD_work/OCT2017_Test/test/DRUSEN/DRUSEN-4904794-1.jpeg,DRUSEN,2,0.005830443,0.0076529,0.98334515,0.0031715413
/home/yogesh.patel/execution/25_9_2026_PRD_work/OCT2017_Test/test/DRUSEN/DRUSEN-4951152-1.jpeg,DRUSEN,2,0.010351533,0.0089175645,0.9767776,0.0039533107
/home/yogesh.patel/execution/25_9_2026_PRD_work/OCT2017_Test/test/DRUSEN/DRUSEN-4973287-1.jpeg,DRUSEN,2,0.0064359354,0.009990113,0.9809256,0.0026483664
/home/yogesh.patel/execution/25_9_2026_PRD_work/OCT2017_Test/test/DRUSEN/DRUSEN-5094722-1.jpeg,DRUSEN,2,0.0061234315,0.008315391,0.98365307,0.0019081027
/home/yogesh.patel/execution/25_9_2026_PRD_work/OCT2017_Test/test/DRUSEN/DRUSEN-525301-1.jpeg,DRUSEN,2,0.00959028,0.008486827,0.9795603,0.0023625845
/home/yogesh.patel/execution/25_9_2026_PRD_work/OCT2017_Test/test/DRUSEN/DRUSEN-5331157-1.jpeg,DRUSEN,2,0.026887804,0.02459127,0.94576645,0.0027545088
/home/yogesh.patel/execution/25_9_2026_PRD_work/OCT2017_Test/test/DRUSEN/DRUSEN-538779-1.jpeg,DRUSEN,2,0.0048752585,0.012103233,0.98005474,0.0029667346
/home/yogesh.patel/execution/25_9_2026_PRD_work/OCT2017_Test/test/DRUSEN/DRUSEN-5443411-1.jpeg,DRUSEN,2,0.0134277735,0.007364788,0.9741934,0.0050140317
/home/yogesh.patel/execution/25_9_2026_PRD_work/OCT2017_Test/test/DRUSEN/DRUSEN-5477211-1.jpeg,DRUSEN,2,0.013855983,0.014412031,0.9661142,0.005617801
/home/yogesh.patel/execution/25_9_2026_PRD_work/OCT2017_Test/test/DRUSEN/DRUSEN-5477211-2.jpeg,DRUSEN,2,0.013980373,0.008120397,0.97403145,0.003867793
/home/yogesh.patel/execution/25_9_2026_PRD_work/OCT2017_Test/test/DRUSEN/DRUSEN-5710007-1.jpeg,DRUSEN,2,0.0021066433,0.008040931,0.983013,0.0068394463
/home/yogesh.patel/execution/25_9_2026_PRD_work/OCT2017_Test/test/DRUSEN/DRUSEN-5710007-2.jpeg,DRUSEN,2,0.0013738311,0.003716486,0.98433656,0.010573157
/home/yogesh.patel/execution/25_9_2026_PRD_work/OCT2017_Test/test/DRUSEN/DRUSEN-5753467-1.jpeg,DRUSEN,2,0.0020195215,0.00571105,0.9879815,0.0042879283
/home/yogesh.patel/execution/25_9_2026_PRD_work/OCT2017_Test/test/DRUSEN/DRUSEN-5801431-1.jpeg,DRUSEN,2,0.00791587,0.0211745,0.9662529,0.0046567013
/home/yogesh.patel/execution/25_9_2026_PRD_work/OCT2017_Test/test/DRUSEN/DRUSEN-584218-1.jpeg,DRUSEN,2,0.018864412,0.008196042,0.97001684,0.0029226926
/home/yogesh.patel/execution/25_9_2026_PRD_work/OCT2017_Test/test/DRUSEN/DRUSEN-5864720-1.jpeg,DRUSEN,2,0.010860116,0.010787652,0.9753647,0.0029875345
/home/yogesh.patel/execution/25_9_2026_PRD_work/OCT2017_Test/test/DRUSEN/DRUSEN-5864720-2.jpeg,DRUSEN,2,0.0071482896,0.012010636,0.9723663,0.008474814
/home/yogesh.patel/execution/25_9_2026_PRD_work/OCT2017_Test/test/DRUSEN/DRUSEN-5929729-1.jpeg,DRUSEN,2,0.0130797615,0.0024910688,0.98100376,0.0034254487
/home/yogesh.patel/execution/25_9_2026_PRD_work/OCT2017_Test/test/DRUSEN/DRUSEN-609387-1.jpeg,DRUSEN,2,0.0062678955,0.009379129,0.9819124,0.0024405802
/home/yogesh.patel/execution/25_9_2026_PRD_work/OCT2017_Test/test/DRUSEN/DRUSEN-609387-2.jpeg,DRUSEN,2,0.0046568313,0.010455582,0.9811868,0.0037007623
/home/yogesh.patel/execution/25_9_2026_PRD_work/OCT2017_Test/test/DRUSEN/DRUSEN-609387-3.jpeg,DRUSEN,2,0.041701328,0.013647376,0.941672,0.0029792932
/home/yogesh.patel/execution/25_9_2026_PRD_work/OCT2017_Test/test/DRUSEN/DRUSEN-6190971-1.jpeg,DRUSEN,2,0.0075902315,0.0049798037,0.982651,0.0047790003
/home/yogesh.patel/execution/25_9_2026_PRD_work/OCT2017_Test/test/DRUSEN/DRUSEN-6190971-2.jpeg,DRUSEN,2,0.0062514227,0.010716467,0.9803158,0.0027163695
/home/yogesh.patel/execution/25_9_2026_PRD_work/OCT2017_Test/test/DRUSEN/DRUSEN-6193297-1.jpeg,DRUSEN,2,0.00731773,0.010100611,0.9777555,0.004826198
/home/yogesh.patel/execution/25_9_2026_PRD_work/OCT2017_Test/test/DRUSEN/DRUSEN-6193297-2.jpeg,DRUSEN,2,0.0040645897,0.010041086,0.98216635,0.0037280286
/home/yogesh.patel/execution/25_9_2026_PRD_work/OCT2017_Test/test/DRUSEN/DRUSEN-6193297-3.jpeg,DRUSEN,2,0.0027176894,0.012669781,0.98138803,0.0032244488
/home/yogesh.patel/execution/25_9_2026_PRD_work/OCT2017_Test/test/DRUSEN/DRUSEN-6193297-4.jpeg,DRUSEN,2,0.008132949,0.0052811867,0.98343664,0.0031492412
/home/yogesh.patel/execution/25_9_2026_PRD_work/OCT2017_Test/test/DRUSEN/DRUSEN-6193297-5.jpeg,DRUSEN,2,0.0024858355,0.0071985307,0.985511,0.0048046233
/home/yogesh.patel/execution/25_9_2026_PRD_work/OCT2017_Test/test/DRUSEN/DRUSEN-6264369-1.jpeg,DRUSEN,2,0.007406731,0.007829592,0.980733,0.0040306877
/home/yogesh.patel/execution/25_9_2026_PRD_work/OCT2017_Test/test/DRUSEN/DRUSEN-7064008-1.jpeg,DRUSEN,2,0.018772196,0.0141753685,0.9653094,0.0017430454
/home/yogesh.patel/execution/25_9_2026_PRD_work/OCT2017_Test/test/DRUSEN/DRUSEN-7199590-1.jpeg,DRUSEN,2,0.0105626695,0.014334068,0.9718573,0.0032459348
/home/yogesh.patel/execution/25_9_2026_PRD_work/OCT2017_Test/test/DRUSEN/DRUSEN-732516-1.jpeg,DRUSEN,2,0.01215431,0.0049797846,0.9784194,0.0044464506
/home/yogesh.patel/execution/25_9_2026_PRD_work/OCT2017_Test/test/DRUSEN/DRUSEN-732516-2.jpeg,DRUSEN,2,0.035644125,0.0066919797,0.9549085,0.0027554287
/home/yogesh.patel/execution/25_9_2026_PRD_work/OCT2017_Test/test/DRUSEN/DRUSEN-732516-3.jpeg,DRUSEN,2,0.0032758305,0.01002311,0.9847762,0.0019249131
/home/yogesh.patel/execution/25_9_2026_PRD_work/OCT2017_Test/test/DRUSEN/DRUSEN-7345121-1.jpeg,DRUSEN,2,0.5598076,0.0065614376,0.42905098,0.0045800055
/home/yogesh.patel/execution/25_9_2026_PRD_work/OCT2017_Test/test/DRUSEN/DRUSEN-7350225-1.jpeg,DRUSEN,2,0.004133779,0.010899467,0.98052186,0.0044448986
/home/yogesh.patel/execution/25_9_2026_PRD_work/OCT2017_Test/test/DRUSEN/DRUSEN-7373858-1.jpeg,DRUSEN,2,0.008786428,0.019555343,0.96913755,0.0025206832
/home/yogesh.patel/execution/25_9_2026_PRD_work/OCT2017_Test/test/DRUSEN/DRUSEN-7393104-1.jpeg,DRUSEN,2,0.02254197,0.0040727104,0.9706785,0.0027068139
/home/yogesh.patel/execution/25_9_2026_PRD_work/OCT2017_Test/test/DRUSEN/DRUSEN-7513011-1.jpeg,DRUSEN,2,0.038031567,0.018687109,0.9386303,0.004651059
/home/yogesh.patel/execution/25_9_2026_PRD_work/OCT2017_Test/test/DRUSEN/DRUSEN-7555604-1.jpeg,DRUSEN,2,0.0072323508,0.008429223,0.9813837,0.0029547706
/home/yogesh.patel/execution/25_9_2026_PRD_work/OCT2017_Test/test/DRUSEN/DRUSEN-7555604-2.jpeg,DRUSEN,2,0.042641804,0.0057378504,0.94841677,0.0032035285
/home/yogesh.patel/execution/25_9_2026_PRD_work/OCT2017_Test/test/DRUSEN/DRUSEN-7557808-1.jpeg,DRUSEN,2,0.011427656,0.0077522676,0.97875124,0.0020688255
/home/yogesh.patel/execution/25_9_2026_PRD_work/OCT2017_Test/test/DRUSEN/DRUSEN-7563760-1.jpeg,DRUSEN,2,0.008187724,0.0054647094,0.9815328,0.0048147817
/home/yogesh.patel/execution/25_9_2026_PRD_work/OCT2017_Test/test/DRUSEN/DRUSEN-7675318-1.jpeg,DRUSEN,2,0.0074496632,0.010724503,0.9772387,0.0045871413
/home/yogesh.patel/execution/25_9_2026_PRD_work/OCT2017_Test/test/DRUSEN/DRUSEN-7675318-2.jpeg,DRUSEN,2,0.005227235,0.0050819656,0.986242,0.0034488058
/home/yogesh.patel/execution/25_9_2026_PRD_work/OCT2017_Test/test/DRUSEN/DRUSEN-7710023-1.jpeg,DRUSEN,2,0.3276877,0.011870875,0.65346,0.0069813733
/home/yogesh.patel/execution/25_9_2026_PRD_work/OCT2017_Test/test/DRUSEN/DRUSEN-7710023-2.jpeg,DRUSEN,2,0.107051104,0.008222574,0.8816851,0.0030413042
/home/yogesh.patel/execution/25_9_2026_PRD_work/OCT2017_Test/test/DRUSEN/DRUSEN-7763772-1.jpeg,DRUSEN,2,0.0029057504,0.0106006665,0.9840655,0.0024280504
/home/yogesh.patel/execution/25_9_2026_PRD_work/OCT2017_Test/test/DRUSEN/DRUSEN-781814-1.jpeg,DRUSEN,2,0.0061245975,0.0052607674,0.98669827,0.0019163687
/home/yogesh.patel/execution/25_9_2026_PRD_work/OCT2017_Test/test/DRUSEN/DRUSEN-783692-1.jpeg,DRUSEN,2,0.0036626374,0.007027849,0.98573583,0.0035736854
/home/yogesh.patel/execution/25_9_2026_PRD_work/OCT2017_Test/test/DRUSEN/DRUSEN-7915033-1.jpeg,DRUSEN,2,0.021378748,0.0057599326,0.9707622,0.00209912
/home/yogesh.patel/execution/25_9_2026_PRD_work/OCT2017_Test/test/DRUSEN/DRUSEN-7915033-2.jpeg,DRUSEN,2,0.0071318266,0.0041262424,0.9864407,0.002301219
/home/yogesh.patel/execution/25_9_2026_PRD_work/OCT2017_Test/test/DRUSEN/DRUSEN-7915033-3.jpeg,DRUSEN,2,0.008305373,0.008273045,0.981263,0.0021586418
/home/yogesh.patel/execution/25_9_2026_PRD_work/OCT2017_Test/test/DRUSEN/DRUSEN-8023853-1.jpeg,DRUSEN,2,0.008007881,0.009602052,0.9791959,0.0031942145
/home/yogesh.patel/execution/25_9_2026_PRD_work/OCT2017_Test/test/DRUSEN/DRUSEN-8039905-1.jpeg,DRUSEN,2,0.040989883,0.012386015,0.94348955,0.0031345089
/home/yogesh.patel/execution/25_9_2026_PRD_work/OCT2017_Test/test/DRUSEN/DRUSEN-8074563-1.jpeg,DRUSEN,2,0.0022236085,0.008481141,0.986179,0.0031162817
/home/yogesh.patel/execution/25_9_2026_PRD_work/OCT2017_Test/test/DRUSEN/DRUSEN-8074563-2.jpeg,DRUSEN,2,0.0009933831,0.00795266,0.9879913,0.0030626701
/home/yogesh.patel/execution/25_9_2026_PRD_work/OCT2017_Test/test/DRUSEN/DRUSEN-8074563-3.jpeg,DRUSEN,2,0.0026813513,0.008363408,0.98550814,0.0034471105
/home/yogesh.patel/execution/25_9_2026_PRD_work/OCT2017_Test/test/DRUSEN/DRUSEN-8086850-1.jpeg,DRUSEN,2,0.0044632666,0.0066315616,0.98215944,0.0067457585
/home/yogesh.patel/execution/25_9_2026_PRD_work/OCT2017_Test/test/DRUSEN/DRUSEN-8086850-2.jpeg,DRUSEN,2,0.005643022,0.006173596,0.9819601,0.006223289
/home/yogesh.patel/execution/25_9_2026_PRD_work/OCT2017_Test/test/DRUSEN/DRUSEN-8086850-3.jpeg,DRUSEN,2,0.0041500065,0.008838018,0.9827998,0.004212132
/home/yogesh.patel/execution/25_9_2026_PRD_work/OCT2017_Test/test/DRUSEN/DRUSEN-8086850-4.jpeg,DRUSEN,2,0.0068780906,0.00735411,0.9827336,0.0030341998
/home/yogesh.patel/execution/25_9_2026_PRD_work/OCT2017_Test/test/DRUSEN/DRUSEN-8086850-5.jpeg,DRUSEN,2,0.0053558014,0.009805813,0.98220426,0.002634172
/home/yogesh.patel/execution/25_9_2026_PRD_work/OCT2017_Test/test/DRUSEN/DRUSEN-8086850-6.jpeg,DRUSEN,2,0.010474725,0.010006574,0.9749849,0.004533815
/home/yogesh.patel/execution/25_9_2026_PRD_work/OCT2017_Test/test/DRUSEN/DRUSEN-8086850-7.jpeg,DRUSEN,2,0.004471987,0.0064233183,0.98538005,0.0037246484
/home/yogesh.patel/execution/25_9_2026_PRD_work/OCT2017_Test/test/DRUSEN/DRUSEN-8086850-8.jpeg,DRUSEN,2,0.002030665,0.009621024,0.98260206,0.0057461914
/home/yogesh.patel/execution/25_9_2026_PRD_work/OCT2017_Test/test/DRUSEN/DRUSEN-8117834-1.jpeg,DRUSEN,2,0.0038327032,0.006790901,0.9868795,0.002496829
/home/yogesh.patel/execution/25_9_2026_PRD_work/OCT2017_Test/test/DRUSEN/DRUSEN-8213975-1.jpeg,DRUSEN,2,0.012025383,0.008302897,0.9744171,0.0052546533
/home/yogesh.patel/execution/25_9_2026_PRD_work/OCT2017_Test/test/DRUSEN/DRUSEN-8251771-1.jpeg,DRUSEN,2,0.028944163,0.0091569,0.9584963,0.003402683
/home/yogesh.patel/execution/25_9_2026_PRD_work/OCT2017_Test/test/DRUSEN/DRUSEN-8261063-1.jpeg,DRUSEN,2,0.004010085,0.007294663,0.9845853,0.004109986
/home/yogesh.patel/execution/25_9_2026_PRD_work/OCT2017_Test/test/DRUSEN/DRUSEN-8261063-2.jpeg,DRUSEN,2,0.0020819125,0.0071005826,0.98701406,0.0038035035
/home/yogesh.patel/execution/25_9_2026_PRD_work/OCT2017_Test/test/DRUSEN/DRUSEN-8261063-3.jpeg,DRUSEN,2,0.0030048175,0.0022848276,0.99076134,0.0039490233
/home/yogesh.patel/execution/25_9_2026_PRD_work/OCT2017_Test/test/DRUSEN/DRUSEN-8261063-4.jpeg,DRUSEN,2,0.0018054848,0.006135102,0.988852,0.00320741
/home/yogesh.patel/execution/25_9_2026_PRD_work/OCT2017_Test/test/DRUSEN/DRUSEN-8261063-5.jpeg,DRUSEN,2,0.00540833,0.0054263654,0.9846709,0.0044944105
/home/yogesh.patel/execution/25_9_2026_PRD_work/OCT2017_Test/test/DRUSEN/DRUSEN-8261063-6.jpeg,DRUSEN,2,0.002331094,0.008425478,0.9854347,0.0038086977
/home/yogesh.patel/execution/25_9_2026_PRD_work/OCT2017_Test/test/DRUSEN/DRUSEN-8261063-7.jpeg,DRUSEN,2,0.0036981786,0.008462879,0.9840845,0.0037544305
/home/yogesh.patel/execution/25_9_2026_PRD_work/OCT2017_Test/test/DRUSEN/DRUSEN-827677-1.jpeg,DRUSEN,2,0.0017593033,0.011166693,0.9832161,0.0038578808
/home/yogesh.patel/execution/25_9_2026_PRD_work/OCT2017_Test/test/DRUSEN/DRUSEN-8281517-1.jpeg,DRUSEN,2,0.001028641,0.0031839127,0.991402,0.004385435
/home/yogesh.patel/execution/25_9_2026_PRD_work/OCT2017_Test/test/DRUSEN/DRUSEN-8292670-1.jpeg,DRUSEN,2,0.0023155203,0.0075658527,0.9867295,0.003389179
/home/yogesh.patel/execution/25_9_2026_PRD_work/OCT2017_Test/test/DRUSEN/DRUSEN-8319985-1.jpeg,DRUSEN,2,0.012552771,0.008716388,0.9670731,0.011657744
/home/yogesh.patel/execution/25_9_2026_PRD_work/OCT2017_Test/test/DRUSEN/DRUSEN-8339642-1.jpeg,DRUSEN,2,0.003578846,0.0037563364,0.98706996,0.0055948948
/home/yogesh.patel/execution/25_9_2026_PRD_work/OCT2017_Test/test/DRUSEN/DRUSEN-8345703-1.jpeg,DRUSEN,2,0.009739828,0.0042351927,0.9834406,0.002584386
/home/yogesh.patel/execution/25_9_2026_PRD_work/OCT2017_Test/test/DRUSEN/DRUSEN-8345703-2.jpeg,DRUSEN,2,0.0025956137,0.0049685016,0.9853973,0.007038576
/home/yogesh.patel/execution/25_9_2026_PRD_work/OCT2017_Test/test/DRUSEN/DRUSEN-8351260-1.jpeg,DRUSEN,2,0.001405447,0.006425833,0.98778296,0.004385731
/home/yogesh.patel/execution/25_9_2026_PRD_work/OCT2017_Test/test/DRUSEN/DRUSEN-8351260-2.jpeg,DRUSEN,2,0.0042460873,0.009122337,0.98345095,0.003180614
/home/yogesh.patel/execution/25_9_2026_PRD_work/OCT2017_Test/test/DRUSEN/DRUSEN-8389446-1.jpeg,DRUSEN,2,0.010675802,0.011864933,0.9746346,0.0028246667
/home/yogesh.patel/execution/25_9_2026_PRD_work/OCT2017_Test/test/DRUSEN/DRUSEN-8389446-2.jpeg,DRUSEN,2,0.009039921,0.0067529147,0.9816227,0.002584408
/home/yogesh.patel/execution/25_9_2026_PRD_work/OCT2017_Test/test/DRUSEN/DRUSEN-8389446-3.jpeg,DRUSEN,2,0.0026226433,0.0046025314,0.985314,0.007460791
/home/yogesh.patel/execution/25_9_2026_PRD_work/OCT2017_Test/test/DRUSEN/DRUSEN-8440718-1.jpeg,DRUSEN,2,0.039870206,0.009433434,0.9477797,0.0029166047
/home/yogesh.patel/execution/25_9_2026_PRD_work/OCT2017_Test/test/DRUSEN/DRUSEN-8440718-2.jpeg,DRUSEN,2,0.10245561,0.006987529,0.8880203,0.0025366035
/home/yogesh.patel/execution/25_9_2026_PRD_work/OCT2017_Test/test/DRUSEN/DRUSEN-8440718-3.jpeg,DRUSEN,2,0.0033348314,0.0054828394,0.9888133,0.0023690814
/home/yogesh.patel/execution/25_9_2026_PRD_work/OCT2017_Test/test/DRUSEN/DRUSEN-8440718-4.jpeg,DRUSEN,2,0.032759093,0.018008241,0.9451225,0.0041102064
/home/yogesh.patel/execution/25_9_2026_PRD_work/OCT2017_Test/test/DRUSEN/DRUSEN-8440718-5.jpeg,DRUSEN,2,0.0029031266,0.005127709,0.98932636,0.002642858
/home/yogesh.patel/execution/25_9_2026_PRD_work/OCT2017_Test/test/DRUSEN/DRUSEN-8549730-1.jpeg,DRUSEN,2,0.051842943,0.006888384,0.93847764,0.0027910676
/home/yogesh.patel/execution/25_9_2026_PRD_work/OCT2017_Test/test/DRUSEN/DRUSEN-8549730-2.jpeg,DRUSEN,2,0.016961996,0.010927257,0.9701865,0.0019242795
/home/yogesh.patel/execution/25_9_2026_PRD_work/OCT2017_Test/test/DRUSEN/DRUSEN-8549730-3.jpeg,DRUSEN,2,0.003125714,0.009330741,0.9853798,0.0021636756
/home/yogesh.patel/execution/25_9_2026_PRD_work/OCT2017_Test/test/DRUSEN/DRUSEN-8549730-4.jpeg,DRUSEN,2,0.052855276,0.016383601,0.9268139,0.0039472426
/home/yogesh.patel/execution/25_9_2026_PRD_work/OCT2017_Test/test/DRUSEN/DRUSEN-8549730-5.jpeg,DRUSEN,2,0.0025680803,0.011981163,0.9829895,0.0024612392
/home/yogesh.patel/execution/25_9_2026_PRD_work/OCT2017_Test/test/DRUSEN/DRUSEN-8549730-6.jpeg,DRUSEN,2,0.024047188,0.009150336,0.9637102,0.0030922643
/home/yogesh.patel/execution/25_9_2026_PRD_work/OCT2017_Test/test/DRUSEN/DRUSEN-8549730-7.jpeg,DRUSEN,2,0.08809793,0.087123916,0.8213109,0.0034672143
/home/yogesh.patel/execution/25_9_2026_PRD_work/OCT2017_Test/test/DRUSEN/DRUSEN-8577392-1.jpeg,DRUSEN,2,0.0074269436,0.004401798,0.98567253,0.0024987208
/home/yogesh.patel/execution/25_9_2026_PRD_work/OCT2017_Test/test/DRUSEN/DRUSEN-8605472-1.jpeg,DRUSEN,2,0.05450535,0.010230513,0.9326665,0.0025976303
/home/yogesh.patel/execution/25_9_2026_PRD_work/OCT2017_Test/test/DRUSEN/DRUSEN-8656509-1.jpeg,DRUSEN,2,0.017337363,0.0048669977,0.9746903,0.0031053333
/home/yogesh.patel/execution/25_9_2026_PRD_work/OCT2017_Test/test/DRUSEN/DRUSEN-8708331-1.jpeg,DRUSEN,2,0.012109761,0.007849809,0.975507,0.004533432
/home/yogesh.patel/execution/25_9_2026_PRD_work/OCT2017_Test/test/DRUSEN/DRUSEN-8811857-1.jpeg,DRUSEN,2,0.002999314,0.0064529777,0.9856555,0.0048922454
/home/yogesh.patel/execution/25_9_2026_PRD_work/OCT2017_Test/test/DRUSEN/DRUSEN-8811857-2.jpeg,DRUSEN,2,0.01263516,0.002259439,0.97992784,0.005177516
/home/yogesh.patel/execution/25_9_2026_PRD_work/OCT2017_Test/test/DRUSEN/DRUSEN-8854406-1.jpeg,DRUSEN,2,0.003545157,0.008088227,0.97987616,0.008490451
/home/yogesh.patel/execution/25_9_2026_PRD_work/OCT2017_Test/test/DRUSEN/DRUSEN-8854406-2.jpeg,DRUSEN,2,0.0025613876,0.018934706,0.9759406,0.0025633387
/home/yogesh.patel/execution/25_9_2026_PRD_work/OCT2017_Test/test/DRUSEN/DRUSEN-8870525-1.jpeg,DRUSEN,2,0.012643099,0.008199666,0.9765154,0.0026418443
/home/yogesh.patel/execution/25_9_2026_PRD_work/OCT2017_Test/test/DRUSEN/DRUSEN-8870525-2.jpeg,DRUSEN,2,0.7592425,0.009095969,0.22442818,0.0072333827
/home/yogesh.patel/execution/25_9_2026_PRD_work/OCT2017_Test/test/DRUSEN/DRUSEN-8870525-3.jpeg,DRUSEN,2,0.74850875,0.0033373057,0.24615358,0.0020003365
/home/yogesh.patel/execution/25_9_2026_PRD_work/OCT2017_Test/test/DRUSEN/DRUSEN-9049813-1.jpeg,DRUSEN,2,0.006652296,0.011748638,0.97788763,0.0037114036
/home/yogesh.patel/execution/25_9_2026_PRD_work/OCT2017_Test/test/DRUSEN/DRUSEN-9059831-1.jpeg,DRUSEN,2,0.023817165,0.006500596,0.96406573,0.0056164903
/home/yogesh.patel/execution/25_9_2026_PRD_work/OCT2017_Test/test/DRUSEN/DRUSEN-9059831-2.jpeg,DRUSEN,2,0.011864623,0.0040141884,0.98045623,0.0036649795
/home/yogesh.patel/execution/25_9_2026_PRD_work/OCT2017_Test/test/DRUSEN/DRUSEN-907869-1.jpeg,DRUSEN,2,0.0014969559,0.006079386,0.9849372,0.007486435
/home/yogesh.patel/execution/25_9_2026_PRD_work/OCT2017_Test/test/DRUSEN/DRUSEN-907869-2.jpeg,DRUSEN,2,0.002093223,0.005765417,0.9880116,0.0041297465
/home/yogesh.patel/execution/25_9_2026_PRD_work/OCT2017_Test/test/DRUSEN/DRUSEN-9087597-1.jpeg,DRUSEN,2,0.030772258,0.013568022,0.9523562,0.0033035048
/home/yogesh.patel/execution/25_9_2026_PRD_work/OCT2017_Test/test/DRUSEN/DRUSEN-9087597-2.jpeg,DRUSEN,2,0.022092363,0.01229045,0.9630794,0.0025377974
/home/yogesh.patel/execution/25_9_2026_PRD_work/OCT2017_Test/test/DRUSEN/DRUSEN-9155039-1.jpeg,DRUSEN,2,0.01898955,0.008174007,0.9674694,0.0053669782
/home/yogesh.patel/execution/25_9_2026_PRD_work/OCT2017_Test/test/DRUSEN/DRUSEN-9201573-1.jpeg,DRUSEN,2,0.0034950022,0.0072896266,0.98558885,0.0036264947
/home/yogesh.patel/execution/25_9_2026_PRD_work/OCT2017_Test/test/DRUSEN/DRUSEN-9225057-1.jpeg,DRUSEN,2,0.0029880968,0.0046929764,0.9868976,0.005421307
/home/yogesh.patel/execution/25_9_2026_PRD_work/OCT2017_Test/test/DRUSEN/DRUSEN-9225057-2.jpeg,DRUSEN,2,0.0022610647,0.004211824,0.9891904,0.004336745
/home/yogesh.patel/execution/25_9_2026_PRD_work/OCT2017_Test/test/DRUSEN/DRUSEN-9280370-1.jpeg,DRUSEN,2,0.015307565,0.010163819,0.9668745,0.0076541626
/home/yogesh.patel/execution/25_9_2026_PRD_work/OCT2017_Test/test/DRUSEN/DRUSEN-9442692-1.jpeg,DRUSEN,2,0.0050241887,0.010681763,0.98109144,0.0032025722
/home/yogesh.patel/execution/25_9_2026_PRD_work/OCT2017_Test/test/DRUSEN/DRUSEN-9504181-1.jpeg,DRUSEN,2,0.0013129611,0.005011679,0.98822904,0.00544627
/home/yogesh.patel/execution/25_9_2026_PRD_work/OCT2017_Test/test/DRUSEN/DRUSEN-9504181-2.jpeg,DRUSEN,2,0.009146554,0.018220255,0.9701126,0.0025206096
/home/yogesh.patel/execution/25_9_2026_PRD_work/OCT2017_Test/test/DRUSEN/DRUSEN-95633-1.jpeg,DRUSEN,2,0.031322483,0.01745166,0.94791603,0.0033097982
/home/yogesh.patel/execution/25_9_2026_PRD_work/OCT2017_Test/test/DRUSEN/DRUSEN-956663-1.jpeg,DRUSEN,2,0.0032741663,0.008522582,0.9852324,0.0029708059
/home/yogesh.patel/execution/25_9_2026_PRD_work/OCT2017_Test/test/DRUSEN/DRUSEN-9624303-1.jpeg,DRUSEN,2,0.010956527,0.009640405,0.9772326,0.002170492
/home/yogesh.patel/execution/25_9_2026_PRD_work/OCT2017_Test/test/DRUSEN/DRUSEN-9624303-2.jpeg,DRUSEN,2,0.011171257,0.009650889,0.97722065,0.00195724
/home/yogesh.patel/execution/25_9_2026_PRD_work/OCT2017_Test/test/DRUSEN/DRUSEN-9642260-1.jpeg,DRUSEN,2,0.006751749,0.011121936,0.97993857,0.0021877731
/home/yogesh.patel/execution/25_9_2026_PRD_work/OCT2017_Test/test/DRUSEN/DRUSEN-9689334-1.jpeg,DRUSEN,2,0.003806934,0.016584296,0.975886,0.003722754
/home/yogesh.patel/execution/25_9_2026_PRD_work/OCT2017_Test/test/DRUSEN/DRUSEN-9734808-1.jpeg,DRUSEN,2,0.0036981206,0.0150194485,0.9778489,0.0034335216
/home/yogesh.patel/execution/25_9_2026_PRD_work/OCT2017_Test/test/DRUSEN/DRUSEN-9734808-2.jpeg,DRUSEN,2,0.30404836,0.015805589,0.67416054,0.0059854756
/home/yogesh.patel/execution/25_9_2026_PRD_work/OCT2017_Test/test/DRUSEN/DRUSEN-9800172-1.jpeg,DRUSEN,2,0.006972984,0.00767964,0.9813875,0.0039598956
/home/yogesh.patel/execution/25_9_2026_PRD_work/OCT2017_Test/test/DRUSEN/DRUSEN-987193-1.jpeg,DRUSEN,2,0.0030510612,0.007920114,0.9861086,0.002920233
/home/yogesh.patel/execution/25_9_2026_PRD_work/OCT2017_Test/test/NORMAL/NORMAL-1017237-1.jpeg,NORMAL,3,0.025548335,0.007874176,0.007517325,0.9590602
/home/yogesh.patel/execution/25_9_2026_PRD_work/OCT2017_Test/test/NORMAL/NORMAL-101880-1.jpeg,NORMAL,3,0.0086502675,0.0115241725,0.0050477497,0.9747778
/home/yogesh.patel/execution/25_9_2026_PRD_work/OCT2017_Test/test/NORMAL/NORMAL-1025847-1.jpeg,NORMAL,3,0.0033821412,0.0029224083,0.009157789,0.98453766
/home/yogesh.patel/execution/25_9_2026_PRD_work/OCT2017_Test/test/NORMAL/NORMAL-1038998-1.jpeg,NORMAL,3,0.003984556,0.012737818,0.0038860615,0.9793916
/home/yogesh.patel/execution/25_9_2026_PRD_work/OCT2017_Test/test/NORMAL/NORMAL-1042462-1.jpeg,NORMAL,3,0.0050794613,0.0081131635,0.01847327,0.9683341
/home/yogesh.patel/execution/25_9_2026_PRD_work/OCT2017_Test/test/NORMAL/NORMAL-1058176-1.jpeg,NORMAL,3,0.0045776884,0.007396982,0.00991156,0.9781138
/home/yogesh.patel/execution/25_9_2026_PRD_work/OCT2017_Test/test/NORMAL/NORMAL-1063128-1.jpeg,NORMAL,3,0.010242682,0.015360594,0.009733457,0.96466327
/home/yogesh.patel/execution/25_9_2026_PRD_work/OCT2017_Test/test/NORMAL/NORMAL-1073137-1.jpeg,NORMAL,3,0.003999588,0.009155575,0.0050491397,0.98179567
/home/yogesh.patel/execution/25_9_2026_PRD_work/OCT2017_Test/test/NORMAL/NORMAL-1081406-1.jpeg,NORMAL,3,0.0047907536,0.029196328,0.025966408,0.9400465
/home/yogesh.patel/execution/25_9_2026_PRD_work/OCT2017_Test/test/NORMAL/NORMAL-112928-1.jpeg,NORMAL,3,0.010398575,0.004274986,0.006832031,0.9784944
/home/yogesh.patel/execution/25_9_2026_PRD_work/OCT2017_Test/test/NORMAL/NORMAL-119840-1.jpeg,NORMAL,3,0.012303429,0.03036645,0.005326947,0.9520032
/home/yogesh.patel/execution/25_9_2026_PRD_work/OCT2017_Test/test/NORMAL/NORMAL-12494-1.jpeg,NORMAL,3,0.0034062385,0.0039786254,0.0053974963,0.9872176
/home/yogesh.patel/execution/25_9_2026_PRD_work/OCT2017_Test/test/NORMAL/NORMAL-12494-2.jpeg,NORMAL,3,0.0109718945,0.008177382,0.006454385,0.97439635
/home/yogesh.patel/execution/25_9_2026_PRD_work/OCT2017_Test/test/NORMAL/NORMAL-12494-3.jpeg,NORMAL,3,0.0062391106,0.0127836345,0.010680418,0.97029686
/home/yogesh.patel/execution/25_9_2026_PRD_work/OCT2017_Test/test/NORMAL/NORMAL-12494-4.jpeg,NORMAL,3,0.009800166,0.007636698,0.00801362,0.97454953
/home/yogesh.patel/execution/25_9_2026_PRD_work/OCT2017_Test/test/NORMAL/NORMAL-12494-5.jpeg,NORMAL,3,0.008248385,0.006426407,0.0065843696,0.9787408
/home/yogesh.patel/execution/25_9_2026_PRD_work/OCT2017_Test/test/NORMAL/NORMAL-133321-1.jpeg,NORMAL,3,0.012693599,0.025883002,0.009085584,0.9523378
/home/yogesh.patel/execution/25_9_2026_PRD_work/OCT2017_Test/test/NORMAL/NORMAL-138971-1.jpeg,NORMAL,3,0.0036116075,0.008842564,0.008018929,0.9795269
/home/yogesh.patel/execution/25_9_2026_PRD_work/OCT2017_Test/test/NORMAL/NORMAL-15208-1.jpeg,NORMAL,3,0.0031145946,0.0036660347,0.0024511868,0.9907682
/home/yogesh.patel/execution/25_9_2026_PRD_work/OCT2017_Test/test/NORMAL/NORMAL-15307-1.jpeg,NORMAL,3,0.004881434,0.0051411856,0.008110999,0.98186636
/home/yogesh.patel/execution/25_9_2026_PRD_work/OCT2017_Test/test/NORMAL/NORMAL-153950-1.jpeg,NORMAL,3,0.006610486,0.0037414115,0.0065077026,0.9831404
/home/yogesh.patel/execution/25_9_2026_PRD_work/OCT2017_Test/test/NORMAL/NORMAL-1746717-1.jpeg,NORMAL,3,0.007070501,0.008338207,0.0057114195,0.97887987
/home/yogesh.patel/execution/25_9_2026_PRD_work/OCT2017_Test/test/NORMAL/NORMAL-1759350-1.jpeg,NORMAL,3,0.013203237,0.004421507,0.03502744,0.9473478
/home/yogesh.patel/execution/25_9_2026_PRD_work/OCT2017_Test/test/NORMAL/NORMAL-1781140-1.jpeg,NORMAL,3,0.005786382,0.008624592,0.004535198,0.9810538
/home/yogesh.patel/execution/25_9_2026_PRD_work/OCT2017_Test/test/NORMAL/NORMAL-1791409-1.jpeg,NORMAL,3,0.0019167091,0.005916066,0.0037441691,0.98842305
/home/yogesh.patel/execution/25_9_2026_PRD_work/OCT2017_Test/test/NORMAL/NORMAL-1831654-1.jpeg,NORMAL,3,0.0037919844,0.0071626133,0.0031767387,0.9858687
/home/yogesh.patel/execution/25_9_2026_PRD_work/OCT2017_Test/test/NORMAL/NORMAL-1853526-1.jpeg,NORMAL,3,0.0024943866,0.0027704122,0.0055346107,0.9892006
/home/yogesh.patel/execution/25_9_2026_PRD_work/OCT2017_Test/test/NORMAL/NORMAL-1860310-1.jpeg,NORMAL,3,0.00882362,0.015271759,0.008395787,0.9675088
/home/yogesh.patel/execution/25_9_2026_PRD_work/OCT2017_Test/test/NORMAL/NORMAL-1897894-1.jpeg,NORMAL,3,0.011495695,0.0075837155,0.005415006,0.9755056
/home/yogesh.patel/execution/25_9_2026_PRD_work/OCT2017_Test/test/NORMAL/NORMAL-1907560-1.jpeg,NORMAL,3,0.0051974906,0.0050123096,0.0071384646,0.98265177
/home/yogesh.patel/execution/25_9_2026_PRD_work/OCT2017_Test/test/NORMAL/NORMAL-1908313-1.jpeg,NORMAL,3,0.0034993729,0.007769938,0.004461518,0.98426914
/home/yogesh.patel/execution/25_9_2026_PRD_work/OCT2017_Test/test/NORMAL/NORMAL-1951042-1.jpeg,NORMAL,3,0.007238121,0.010338031,0.00695848,0.97546536
/home/yogesh.patel/execution/25_9_2026_PRD_work/OCT2017_Test/test/NORMAL/NORMAL-1957379-1.jpeg,NORMAL,3,0.008094468,0.0059270854,0.005385408,0.980593
/home/yogesh.patel/execution/25_9_2026_PRD_work/OCT2017_Test/test/NORMAL/NORMAL-197082-1.jpeg,NORMAL,3,0.0075814296,0.0060225516,0.014496248,0.9718998
/home/yogesh.patel/execution/25_9_2026_PRD_work/OCT2017_Test/test/NORMAL/NORMAL-1983894-1.jpeg,NORMAL,3,0.0076718503,0.005462397,0.0040593785,0.9828064
/home/yogesh.patel/execution/25_9_2026_PRD_work/OCT2017_Test/test/NORMAL/NORMAL-1988065-1.jpeg,NORMAL,3,0.009086279,0.005842559,0.0066563673,0.9784148
/home/yogesh.patel/execution/25_9_2026_PRD_work/OCT2017_Test/test/NORMAL/NORMAL-1989796-1.jpeg,NORMAL,3,0.0025658694,0.003993832,0.0032518806,0.9901884
/home/yogesh.patel/execution/25_9_2026_PRD_work/OCT2017_Test/test/NORMAL/NORMAL-1998191-1.jpeg,NORMAL,3,0.011794406,0.007229864,0.005780908,0.9751949
/home/yogesh.patel/execution/25_9_2026_PRD_work/OCT2017_Test/test/NORMAL/NORMAL-2010714-1.jpeg,NORMAL,3,0.006426748,0.013136906,0.0027774742,0.97765887
/home/yogesh.patel/execution/25_9_2026_PRD_work/OCT2017_Test/test/NORMAL/NORMAL-2011412-1.jpeg,NORMAL,3,0.0036529268,0.0035007163,0.0056196777,0.9872267
/home/yogesh.patel/execution/25_9_2026_PRD_work/OCT2017_Test/test/NORMAL/NORMAL-2019006-1.jpeg,NORMAL,3,0.008492616,0.006075317,0.014297641,0.9711344
/home/yogesh.patel/execution/25_9_2026_PRD_work/OCT2017_Test/test/NORMAL/NORMAL-2019423-1.jpeg,NORMAL,3,0.009541656,0.008396064,0.008989662,0.9730726
/home/yogesh.patel/execution/25_9_2026_PRD_work/OCT2017_Test/test/NORMAL/NORMAL-2055634-1.jpeg,NORMAL,3,0.002924262,0.007552283,0.0046045133,0.9849189
/home/yogesh.patel/execution/25_9_2026_PRD_work/OCT2017_Test/test/NORMAL/NORMAL-2059629-1.jpeg,NORMAL,3,0.008842676,0.009741453,0.0062359096,0.97518
/home/yogesh.patel/execution/25_9_2026_PRD_work/OCT2017_Test/test/NORMAL/NORMAL-2075832-1.jpeg,NORMAL,3,0.012163798,0.019331167,0.010415044,0.95808995
/home/yogesh.patel/execution/25_9_2026_PRD_work/OCT2017_Test/test/NORMAL/NORMAL-2082689-1.jpeg,NORMAL,3,0.002894346,0.0052258284,0.0035514827,0.98832834
/home/yogesh.patel/execution/25_9_2026_PRD_work/OCT2017_Test/test/NORMAL/NORMAL-2095710-1.jpeg,NORMAL,3,0.0054755816,0.008423155,0.004925923,0.9811753
/home/yogesh.patel/execution/25_9_2026_PRD_work/OCT2017_Test/test/NORMAL/NORMAL-2113822-1.jpeg,NORMAL,3,0.011073659,0.014152609,0.007970161,0.9668036
/home/yogesh.patel/execution/25_9_2026_PRD_work/OCT2017_Test/test/NORMAL/NORMAL-2120559-1.jpeg,NORMAL,3,0.008362581,0.0046184915,0.0063777375,0.9806412
/home/yogesh.patel/execution/25_9_2026_PRD_work/OCT2017_Test/test/NORMAL/NORMAL-2120559-2.jpeg,NORMAL,3,0.005296643,0.020509206,0.0028158831,0.97137827
/home/yogesh.patel/execution/25_9_2026_PRD_work/OCT2017_Test/test/NORMAL/NORMAL-2120559-3.jpeg,NORMAL,3,0.006946224,0.0060173636,0.0069623496,0.98007405
/home/yogesh.patel/execution/25_9_2026_PRD_work/OCT2017_Test/test/NORMAL/NORMAL-2126186-1.jpeg,NORMAL,3,0.008426912,0.0047156615,0.009619087,0.97723836
/home/yogesh.patel/execution/25_9_2026_PRD_work/OCT2017_Test/test/NORMAL/NORMAL-2131138-1.jpeg,NORMAL,3,0.003659828,0.006082093,0.0034034844,0.9868546
/home/yogesh.patel/execution/25_9_2026_PRD_work/OCT2017_Test/test/NORMAL/NORMAL-2158556-1.jpeg,NORMAL,3,0.0072340877,0.007347335,0.006397297,0.9790213
/home/yogesh.patel/execution/25_9_2026_PRD_work/OCT2017_Test/test/NORMAL/NORMAL-2167295-1.jpeg,NORMAL,3,0.004755561,0.008053938,0.0033505596,0.9838399
/home/yogesh.patel/execution/25_9_2026_PRD_work/OCT2017_Test/test/NORMAL/NORMAL-2181272-1.jpeg,NORMAL,3,0.005403837,0.026543828,0.005761807,0.9622905
/home/yogesh.patel/execution/25_9_2026_PRD_work/OCT2017_Test/test/NORMAL/NORMAL-2182640-1.jpeg,NORMAL,3,0.0080940565,0.0054539563,0.5378349,0.4486171
/home/yogesh.patel/execution/25_9_2026_PRD_work/OCT2017_Test/test/NORMAL/NORMAL-2192790-1.jpeg,NORMAL,3,0.009760233,0.008980836,0.007164678,0.9740942
/home/yogesh.patel/execution/25_9_2026_PRD_work/OCT2017_Test/test/NORMAL/NORMAL-2197972-1.jpeg,NORMAL,3,0.005640107,0.0046424307,0.003115289,0.9866022
/home/yogesh.patel/execution/25_9_2026_PRD_work/OCT2017_Test/test/NORMAL/NORMAL-2226488-1.jpeg,NORMAL,3,0.0058302386,0.022542419,0.0021742515,0.9694531
/home/yogesh.patel/execution/25_9_2026_PRD_work/OCT2017_Test/test/NORMAL/NORMAL-2231056-1.jpeg,NORMAL,3,0.006513162,0.016101057,0.009560188,0.9678256
/home/yogesh.patel/execution/25_9_2026_PRD_work/OCT2017_Test/test/NORMAL/NORMAL-223814-1.jpeg,NORMAL,3,0.003665543,0.008621654,0.003899517,0.9838133
/home/yogesh.patel/execution/25_9_2026_PRD_work/OCT2017_Test/test/NORMAL/NORMAL-2244950-1.jpeg,NORMAL,3,0.0070131687,0.009738344,0.005127909,0.97812057
/home/yogesh.patel/execution/25_9_2026_PRD_work/OCT2017_Test/test/NORMAL/NORMAL-2287992-1.jpeg,NORMAL,3,0.003580564,0.0068056798,0.0069851815,0.9826286
/home/yogesh.patel/execution/25_9_2026_PRD_work/OCT2017_Test/test/NORMAL/NORMAL-2305502-1.jpeg,NORMAL,3,0.0077811773,0.008219854,0.007821902,0.9761771
/home/yogesh.patel/execution/25_9_2026_PRD_work/OCT2017_Test/test/NORMAL/NORMAL-2312921-1.jpeg,NORMAL,3,0.007679828,0.013701463,0.003276706,0.975342
/home/yogesh.patel/execution/25_9_2026_PRD_work/OCT2017_Test/test/NORMAL/NORMAL-2316423-1.jpeg,NORMAL,3,0.0073201978,0.005617013,0.006438028,0.9806248
/home/yogesh.patel/execution/25_9_2026_PRD_work/OCT2017_Test/test/NORMAL/NORMAL-2335256-1.jpeg,NORMAL,3,0.008095776,0.00751075,0.0037367013,0.98065674
/home/yogesh.patel/execution/25_9_2026_PRD_work/OCT2017_Test/test/NORMAL/NORMAL-2342517-1.jpeg,NORMAL,3,0.0025780562,0.009489205,0.0034128462,0.9845199
/home/yogesh.patel/execution/25_9_2026_PRD_work/OCT2017_Test/test/NORMAL/NORMAL-2350851-1.jpeg,NORMAL,3,0.0035017421,0.0075806286,0.0034127065,0.9855049
/home/yogesh.patel/execution/25_9_2026_PRD_work/OCT2017_Test/test/NORMAL/NORMAL-2351012-1.jpeg,NORMAL,3,0.003886545,0.0063629695,0.0024559558,0.9872945
/home/yogesh.patel/execution/25_9_2026_PRD_work/OCT2017_Test/test/NORMAL/NORMAL-2362579-1.jpeg,NORMAL,3,0.012507919,0.0049606715,0.010591994,0.97193944
/home/yogesh.patel/execution/25_9_2026_PRD_work/OCT2017_Test/test/NORMAL/NORMAL-2366700-1.jpeg,NORMAL,3,0.006280892,0.008588287,0.006403272,0.9787276
/home/yogesh.patel/execution/25_9_2026_PRD_work/OCT2017_Test/test/NORMAL/NORMAL-2373878-1.jpeg,NORMAL,3,0.0074796975,0.0076397466,0.0055262847,0.97935426
/home/yogesh.patel/execution/25_9_2026_PRD_work/OCT2017_Test/test/NORMAL/NORMAL-2377429-1.jpeg,NORMAL,3,0.0044973115,0.0051448513,0.0094663715,0.98089147
/home/yogesh.patel/execution/25_9_2026_PRD_work/OCT2017_Test/test/NORMAL/NORMAL-2392366-1.jpeg,NORMAL,3,0.007615871,0.009685855,0.006222678,0.9764756
/home/yogesh.patel/execution/25_9_2026_PRD_work/OCT2017_Test/test/NORMAL/NORMAL-2397754-1.jpeg,NORMAL,3,0.0036867852,0.005677299,0.006683206,0.9839527
/home/yogesh.patel/execution/25_9_2026_PRD_work/OCT2017_Test/test/NORMAL/NORMAL-2403175-1.jpeg,NORMAL,3,0.008735244,0.009367518,0.010867911,0.97102934
/home/yogesh.patel/execution/25_9_2026_PRD_work/OCT2017_Test/test/NORMAL/NORMAL-2416187-1.jpeg,NORMAL,3,0.0077716983,0.015146918,0.0033998985,0.9736815
/home/yogesh.patel/execution/25_9_2026_PRD_work/OCT2017_Test/test/NORMAL/NORMAL-2421067-1.jpeg,NORMAL,3,0.0043910495,0.012952585,0.004107223,0.9785491
/home/yogesh.patel/execution/25_9_2026_PRD_work/OCT2017_Test/test/NORMAL/NORMAL-2424949-1.jpeg,NORMAL,3,0.002847386,0.005346387,0.0072158887,0.98459035
/home/yogesh.patel/execution/25_9_2026_PRD_work/OCT2017_Test/test/NORMAL/NORMAL-2434258-1.jpeg,NORMAL,3,0.0031645694,0.007548676,0.0033885904,0.9858982
/home/yogesh.patel/execution/25_9_2026_PRD_work/OCT2017_Test/test/NORMAL/NORMAL-2436365-1.jpeg,NORMAL,3,0.0066054403,0.0048797796,0.0057481546,0.9827666
/home/yogesh.patel/execution/25_9_2026_PRD_work/OCT2017_Test/test/NORMAL/NORMAL-2448954-1.jpeg,NORMAL,3,0.004754466,0.013114688,0.007742833,0.974388
/home/yogesh.patel/execution/25_9_2026_PRD_work/OCT2017_Test/test/NORMAL/NORMAL-2459401-1.jpeg,NORMAL,3,0.0086673675,0.008523985,0.0052017546,0.97760695
/home/yogesh.patel/execution/25_9_2026_PRD_work/OCT2017_Test/test/NORMAL/NORMAL-2460548-1.jpeg,NORMAL,3,0.0038012932,0.0054190587,0.007592544,0.9831871
/home/yogesh.patel/execution/25_9_2026_PRD_work/OCT2017_Test/test/NORMAL/NORMAL-2476896-1.jpeg,NORMAL,3,0.009739714,0.01230491,0.0041143727,0.973841
/home/yogesh.patel/execution/25_9_2026_PRD_work/OCT2017_Test/test/NORMAL/NORMAL-2493975-1.jpeg,NORMAL,3,0.0072582555,0.008676876,0.0048901946,0.9791747
/home/yogesh.patel/execution/25_9_2026_PRD_work/OCT2017_Test/test/NORMAL/NORMAL-2504667-1.jpeg,NORMAL,3,0.011940901,0.014905002,0.007830664,0.9653234
/home/yogesh.patel/execution/25_9_2026_PRD_work/OCT2017_Test/test/NORMAL/NORMAL-2509453-1.jpeg,NORMAL,3,0.0047108424,0.016127706,0.0036644803,0.97549695
/home/yogesh.patel/execution/25_9_2026_PRD_work/OCT2017_Test/test/NORMAL/NORMAL-2517546-1.jpeg,NORMAL,3,0.00458445,0.02351022,0.0045330264,0.9673723
/home/yogesh.patel/execution/25_9_2026_PRD_work/OCT2017_Test/test/NORMAL/NORMAL-2549549-1.jpeg,NORMAL,3,0.0039005124,0.0055108042,0.005072726,0.98551595
/home/yogesh.patel/execution/25_9_2026_PRD_work/OCT2017_Test/test/NORMAL/NORMAL-2551333-1.jpeg,NORMAL,3,0.0068435227,0.0077146594,0.0041304603,0.9813114
/home/yogesh.patel/execution/25_9_2026_PRD_work/OCT2017_Test/test/NORMAL/NORMAL-2569106-1.jpeg,NORMAL,3,0.0060582273,0.007331861,0.004119143,0.9824908
/home/yogesh.patel/execution/25_9_2026_PRD_work/OCT2017_Test/test/NORMAL/NORMAL-2570020-1.jpeg,NORMAL,3,0.002628009,0.003621193,0.005631589,0.98811924
/home/yogesh.patel/execution/25_9_2026_PRD_work/OCT2017_Test/test/NORMAL/NORMAL-2579419-1.jpeg,NORMAL,3,0.0076180273,0.004193878,0.0061002285,0.9820879
/home/yogesh.patel/execution/25_9_2026_PRD_work/OCT2017_Test/test/NORMAL/NORMAL-2598368-1.jpeg,NORMAL,3,0.0028131485,0.0041788723,0.0053619267,0.98764604
/home/yogesh.patel/execution/25_9_2026_PRD_work/OCT2017_Test/test/NORMAL/NORMAL-2602596-1.jpeg,NORMAL,3,0.0050763185,0.018276015,0.0077556274,0.96889204
/home/yogesh.patel/execution/25_9_2026_PRD_work/OCT2017_Test/test/NORMAL/NORMAL-2627129-1.jpeg,NORMAL,3,0.008597458,0.017534565,0.006056005,0.96781194
/home/yogesh.patel/execution/25_9_2026_PRD_work/OCT2017_Test/test/NORMAL/NORMAL-2633503-1.jpeg,NORMAL,3,0.008203355,0.015923044,0.008999992,0.9668736
/home/yogesh.patel/execution/25_9_2026_PRD_work/OCT2017_Test/test/NORMAL/NORMAL-2636641-1.jpeg,NORMAL,3,0.004672983,0.0038010145,0.005516739,0.9860093
/home/yogesh.patel/execution/25_9_2026_PRD_work/OCT2017_Test/test/NORMAL/NORMAL-2665491-1.jpeg,NORMAL,3,0.008421346,0.005446451,0.009037843,0.97709435
/home/yogesh.patel/execution/25_9_2026_PRD_work/OCT2017_Test/test/NORMAL/NORMAL-269181-1.jpeg,NORMAL,3,0.0030283628,0.008053895,0.001979008,0.9869387
/home/yogesh.patel/execution/25_9_2026_PRD_work/OCT2017_Test/test/NORMAL/NORMAL-2705520-1.jpeg,NORMAL,3,0.0049550976,0.009006609,0.006848826,0.97918946
/home/yogesh.patel/execution/25_9_2026_PRD_work/OCT2017_Test/test/NORMAL/NORMAL-2709055-1.jpeg,NORMAL,3,0.017866394,0.020689765,0.011538276,0.9499056
/home/yogesh.patel/execution/25_9_2026_PRD_work/OCT2017_Test/test/NORMAL/NORMAL-2733663-1.jpeg,NORMAL,3,0.014181533,0.023212856,0.004767619,0.957838
/home/yogesh.patel/execution/25_9_2026_PRD_work/OCT2017_Test/test/NORMAL/NORMAL-2739821-1.jpeg,NORMAL,3,0.006346436,0.008287277,0.014043287,0.97132295
/home/yogesh.patel/execution/25_9_2026_PRD_work/OCT2017_Test/test/NORMAL/NORMAL-2769622-1.jpeg,NORMAL,3,0.0055014924,0.0024258473,0.01314304,0.97892964
/home/yogesh.patel/execution/25_9_2026_PRD_work/OCT2017_Test/test/NORMAL/NORMAL-2769622-2.jpeg,NORMAL,3,0.003226094,0.013815833,0.008374018,0.97458404
/home/yogesh.patel/execution/25_9_2026_PRD_work/OCT2017_Test/test/NORMAL/NORMAL-279206-1.jpeg,NORMAL,3,0.007400102,0.009764582,0.0037003527,0.9791349
/home/yogesh.patel/execution/25_9_2026_PRD_work/OCT2017_Test/test/NORMAL/NORMAL-283376-1.jpeg,NORMAL,3,0.006976016,0.0046189255,0.0054191593,0.98298585
/home/yogesh.patel/execution/25_9_2026_PRD_work/OCT2017_Test/test/NORMAL/NORMAL-285896-1.jpeg,NORMAL,3,0.012693623,0.014344444,0.006519691,0.9664422
/home/yogesh.patel/execution/25_9_2026_PRD_work/OCT2017_Test/test/NORMAL/NORMAL-2973935-1.jpeg,NORMAL,3,0.0051360363,0.0055558793,0.0039547603,0.98535335
/home/yogesh.patel/execution/25_9_2026_PRD_work/OCT2017_Test/test/NORMAL/NORMAL-3059523-1.jpeg,NORMAL,3,0.0060979207,0.01459894,0.0074780644,0.97182506
/home/yogesh.patel/execution/25_9_2026_PRD_work/OCT2017_Test/test/NORMAL/NORMAL-307151-1.jpeg,NORMAL,3,0.009336057,0.006329982,0.0072844652,0.9770495
/home/yogesh.patel/execution/25_9_2026_PRD_work/OCT2017_Test/test/NORMAL/NORMAL-307151-2.jpeg,NORMAL,3,0.0058650617,0.01149557,0.0060427263,0.97659665
/home/yogesh.patel/execution/25_9_2026_PRD_work/OCT2017_Test/test/NORMAL/NORMAL-3077276-1.jpeg,NORMAL,3,0.004083606,0.0035156822,0.009372913,0.98302776
/home/yogesh.patel/execution/25_9_2026_PRD_work/OCT2017_Test/test/NORMAL/NORMAL-3100637-1.jpeg,NORMAL,3,0.0019760102,0.0057446966,0.0052920785,0.9869872
/home/yogesh.patel/execution/25_9_2026_PRD_work/OCT2017_Test/test/NORMAL/NORMAL-3103940-1.jpeg,NORMAL,3,0.0036759204,0.006599541,0.006054863,0.98366964
/home/yogesh.patel/execution/25_9_2026_PRD_work/OCT2017_Test/test/NORMAL/NORMAL-3108564-1.jpeg,NORMAL,3,0.0070676855,0.010781057,0.003481864,0.9786694
/home/yogesh.patel/execution/25_9_2026_PRD_work/OCT2017_Test/test/NORMAL/NORMAL-3134896-1.jpeg,NORMAL,3,0.009383994,0.0072631342,0.012666305,0.97068655
/home/yogesh.patel/execution/25_9_2026_PRD_work/OCT2017_Test/test/NORMAL/NORMAL-3166591-1.jpeg,NORMAL,3,0.008034846,0.0061234985,0.005725296,0.98011637
/home/yogesh.patel/execution/25_9_2026_PRD_work/OCT2017_Test/test/NORMAL/NORMAL-3220509-1.jpeg,NORMAL,3,0.0028329322,0.0063014766,0.0054799793,0.9853856
/home/yogesh.patel/execution/25_9_2026_PRD_work/OCT2017_Test/test/NORMAL/NORMAL-3244919-1.jpeg,NORMAL,3,0.00853345,0.005875986,0.017276265,0.96831435
/home/yogesh.patel/execution/25_9_2026_PRD_work/OCT2017_Test/test/NORMAL/NORMAL-3256489-1.jpeg,NORMAL,3,0.0091421995,0.012515697,0.003445615,0.9748965
/home/yogesh.patel/execution/25_9_2026_PRD_work/OCT2017_Test/test/NORMAL/NORMAL-3277704-1.jpeg,NORMAL,3,0.0023630706,0.0054078456,0.0048183813,0.9874107
/home/yogesh.patel/execution/25_9_2026_PRD_work/OCT2017_Test/test/NORMAL/NORMAL-3300015-1.jpeg,NORMAL,3,0.0073995246,0.009357271,0.007207028,0.9760362
/home/yogesh.patel/execution/25_9_2026_PRD_work/OCT2017_Test/test/NORMAL/NORMAL-3307598-1.jpeg,NORMAL,3,0.0077756364,0.012723726,0.009087204,0.97041345
/home/yogesh.patel/execution/25_9_2026_PRD_work/OCT2017_Test/test/NORMAL/NORMAL-3307598-2.jpeg,NORMAL,3,0.0062720673,0.008978056,0.010419233,0.97433066
/home/yogesh.patel/execution/25_9_2026_PRD_work/OCT2017_Test/test/NORMAL/NORMAL-3308307-1.jpeg,NORMAL,3,0.015923359,0.008481256,0.011909553,0.96368587
/home/yogesh.patel/execution/25_9_2026_PRD_work/OCT2017_Test/test/NORMAL/NORMAL-330905-1.jpeg,NORMAL,3,0.006529703,0.006182637,0.0059261946,0.98136145
/home/yogesh.patel/execution/25_9_2026_PRD_work/OCT2017_Test/test/NORMAL/NORMAL-3320960-1.jpeg,NORMAL,3,0.011277419,0.0090549,0.0073858565,0.9722818
/home/yogesh.patel/execution/25_9_2026_PRD_work/OCT2017_Test/test/NORMAL/NORMAL-3326661-1.jpeg,NORMAL,3,0.0038712705,0.0074321264,0.005860135,0.9828364
/home/yogesh.patel/execution/25_9_2026_PRD_work/OCT2017_Test/test/NORMAL/NORMAL-3330006-1.jpeg,NORMAL,3,0.015108331,0.008069715,0.014408629,0.9624133
/home/yogesh.patel/execution/25_9_2026_PRD_work/OCT2017_Test/test/NORMAL/NORMAL-3332063-1.jpeg,NORMAL,3,0.004770235,0.0035440032,0.008832231,0.98285353
/home/yogesh.patel/execution/25_9_2026_PRD_work/OCT2017_Test/test/NORMAL/NORMAL-33350-1.jpeg,NORMAL,3,0.005454421,0.008789845,0.0057847872,0.97997093
/home/yogesh.patel/execution/25_9_2026_PRD_work/OCT2017_Test/test/NORMAL/NORMAL-33350-2.jpeg,NORMAL,3,0.0035278283,0.020314345,0.0070406767,0.96911716
/home/yogesh.patel/execution/25_9_2026_PRD_work/OCT2017_Test/test/NORMAL/NORMAL-33350-3.jpeg,NORMAL,3,0.1597337,0.033946916,0.054304823,0.7520146
/home/yogesh.patel/execution/25_9_2026_PRD_work/OCT2017_Test/test/NORMAL/NORMAL-3340309-1.jpeg,NORMAL,3,0.011985747,0.013777867,0.006741697,0.96749467
/home/yogesh.patel/execution/25_9_2026_PRD_work/OCT2017_Test/test/NORMAL/NORMAL-3346049-1.jpeg,NORMAL,3,0.003398498,0.0035009338,0.007049599,0.98605096
/home/yogesh.patel/execution/25_9_2026_PRD_work/OCT2017_Test/test/NORMAL/NORMAL-3347645-1.jpeg,NORMAL,3,0.0033927327,0.0028641596,0.004151827,0.98959124
/home/yogesh.patel/execution/25_9_2026_PRD_work/OCT2017_Test/test/NORMAL/NORMAL-3354044-1.jpeg,NORMAL,3,0.0047078123,0.0073402384,0.0062882695,0.9816637
/home/yogesh.patel/execution/25_9_2026_PRD_work/OCT2017_Test/test/NORMAL/NORMAL-3361560-1.jpeg,NORMAL,3,0.015062176,0.010275367,0.008111577,0.9665509
/home/yogesh.patel/execution/25_9_2026_PRD_work/OCT2017_Test/test/NORMAL/NORMAL-3361750-1.jpeg,NORMAL,3,0.011689437,0.008397637,0.008531666,0.9713813
/home/yogesh.patel/execution/25_9_2026_PRD_work/OCT2017_Test/test/NORMAL/NORMAL-33637-1.jpeg,NORMAL,3,0.0076869046,0.01161687,0.0051446017,0.9755516
/home/yogesh.patel/execution/25_9_2026_PRD_work/OCT2017_Test/test/NORMAL/NORMAL-3373954-1.jpeg,NORMAL,3,0.0063930885,0.008097061,0.007755263,0.97775453
/home/yogesh.patel/execution/25_9_2026_PRD_work/OCT2017_Test/test/NORMAL/NORMAL-3380901-1.jpeg,NORMAL,3,0.006041231,0.008549926,0.0069313636,0.9784775
/home/yogesh.patel/execution/25_9_2026_PRD_work/OCT2017_Test/test/NORMAL/NORMAL-338568-1.jpeg,NORMAL,3,0.009082097,0.0055690133,0.0072384994,0.9781104
/home/yogesh.patel/execution/25_9_2026_PRD_work/OCT2017_Test/test/NORMAL/NORMAL-3390782-1.jpeg,NORMAL,3,0.007962305,0.011389062,0.004424458,0.9762241
/home/yogesh.patel/execution/25_9_2026_PRD_work/OCT2017_Test/test/NORMAL/NORMAL-3398969-1.jpeg,NORMAL,3,0.011936607,0.01100533,0.007982978,0.96907514
/home/yogesh.patel/execution/25_9_2026_PRD_work/OCT2017_Test/test/NORMAL/NORMAL-3399839-1.jpeg,NORMAL,3,0.0049643395,0.0106959995,0.0036666777,0.980673
/home/yogesh.patel/execution/25_9_2026_PRD_work/OCT2017_Test/test/NORMAL/NORMAL-3416330-1.jpeg,NORMAL,3,0.0038419566,0.003808626,0.008617651,0.98373175
/home/yogesh.patel/execution/25_9_2026_PRD_work/OCT2017_Test/test/NORMAL/NORMAL-3431386-1.jpeg,NORMAL,3,0.004476772,0.01654113,0.00203799,0.9769441
/home/yogesh.patel/execution/25_9_2026_PRD_work/OCT2017_Test/test/NORMAL/NORMAL-3451887-1.jpeg,NORMAL,3,0.006471403,0.01616278,0.0047393977,0.97262645
/home/yogesh.patel/execution/25_9_2026_PRD_work/OCT2017_Test/test/NORMAL/NORMAL-3465750-1.jpeg,NORMAL,3,0.004994864,0.004026452,0.0072729304,0.98370576
/home/yogesh.patel/execution/25_9_2026_PRD_work/OCT2017_Test/test/NORMAL/NORMAL-3466714-1.jpeg,NORMAL,3,0.0054910723,0.016928338,0.0044136588,0.97316694
/home/yogesh.patel/execution/25_9_2026_PRD_work/OCT2017_Test/test/NORMAL/NORMAL-3475211-1.jpeg,NORMAL,3,0.011567914,0.008299385,0.007509366,0.97262335
/home/yogesh.patel/execution/25_9_2026_PRD_work/OCT2017_Test/test/NORMAL/NORMAL-348347-1.jpeg,NORMAL,3,0.0037906899,0.0027426637,0.003576153,0.9898905
/home/yogesh.patel/execution/25_9_2026_PRD_work/OCT2017_Test/test/NORMAL/NORMAL-349021-1.jpeg,NORMAL,3,0.014861708,0.010020084,0.079156525,0.8959617
/home/yogesh.patel/execution/25_9_2026_PRD_work/OCT2017_Test/test/NORMAL/NORMAL-351109-1.jpeg,NORMAL,3,0.0043673767,0.0056848745,0.0040681744,0.98587954
/home/yogesh.patel/execution/25_9_2026_PRD_work/OCT2017_Test/test/NORMAL/NORMAL-351109-2.jpeg,NORMAL,3,0.01005027,0.0072149774,0.0037719563,0.9789628
/home/yogesh.patel/execution/25_9_2026_PRD_work/OCT2017_Test/test/NORMAL/NORMAL-3531215-1.jpeg,NORMAL,3,0.009650206,0.0061102607,0.0062438524,0.9779957
/home/yogesh.patel/execution/25_9_2026_PRD_work/OCT2017_Test/test/NORMAL/NORMAL-3538316-1.jpeg,NORMAL,3,0.0025267743,0.0027818424,0.00702041,0.987671
/home/yogesh.patel/execution/25_9_2026_PRD_work/OCT2017_Test/test/NORMAL/NORMAL-3561306-1.jpeg,NORMAL,3,0.0072369846,0.007261957,0.004493867,0.9810072
/home/yogesh.patel/execution/25_9_2026_PRD_work/OCT2017_Test/test/NORMAL/NORMAL-3561306-2.jpeg,NORMAL,3,0.009258878,0.007671047,0.004126977,0.9789431
/home/yogesh.patel/execution/25_9_2026_PRD_work/OCT2017_Test/test/NORMAL/NORMAL-366503-1.jpeg,NORMAL,3,0.006854834,0.0072071287,0.00406952,0.9818685
/home/yogesh.patel/execution/25_9_2026_PRD_work/OCT2017_Test/test/NORMAL/NORMAL-366503-2.jpeg,NORMAL,3,0.03160364,0.020831097,0.08310511,0.8644602
/home/yogesh.patel/execution/25_9_2026_PRD_work/OCT2017_Test/test/NORMAL/NORMAL-36734-1.jpeg,NORMAL,3,0.0076773125,0.006271635,0.0045165787,0.9815345
/home/yogesh.patel/execution/25_9_2026_PRD_work/OCT2017_Test/test/NORMAL/NORMAL-37818-1.jpeg,NORMAL,3,0.0036583855,0.0032918074,0.006388606,0.9866612
/home/yogesh.patel/execution/25_9_2026_PRD_work/OCT2017_Test/test/NORMAL/NORMAL-395557-1.jpeg,NORMAL,3,0.010158203,0.010836015,0.005914097,0.97309166
/home/yogesh.patel/execution/25_9_2026_PRD_work/OCT2017_Test/test/NORMAL/NORMAL-402066-1.jpeg,NORMAL,3,0.0035019962,0.004574234,0.009469888,0.9824539
/home/yogesh.patel/execution/25_9_2026_PRD_work/OCT2017_Test/test/NORMAL/NORMAL-402066-2.jpeg,NORMAL,3,0.0067509944,0.00601835,0.009024651,0.978206
/home/yogesh.patel/execution/25_9_2026_PRD_work/OCT2017_Test/test/NORMAL/NORMAL-402066-3.jpeg,NORMAL,3,0.005187785,0.013214445,0.0030924634,0.9785053
/home/yogesh.patel/execution/25_9_2026_PRD_work/OCT2017_Test/test/NORMAL/NORMAL-402066-4.jpeg,NORMAL,3,0.004658401,0.0058611543,0.006812234,0.9826682
/home/yogesh.patel/execution/25_9_2026_PRD_work/OCT2017_Test/test/NORMAL/NORMAL-402066-5.jpeg,NORMAL,3,0.0072716335,0.0095583685,0.005842089,0.97732794
/home/yogesh.patel/execution/25_9_2026_PRD_work/OCT2017_Test/test/NORMAL/NORMAL-438684-1.jpeg,NORMAL,3,0.008479578,0.007435142,0.0063155056,0.97776973
/home/yogesh.patel/execution/25_9_2026_PRD_work/OCT2017_Test/test/NORMAL/NORMAL-438684-2.jpeg,NORMAL,3,0.00894956,0.0059548225,0.008398582,0.976697
/home/yogesh.patel/execution/25_9_2026_PRD_work/OCT2017_Test/test/NORMAL/NORMAL-438684-3.jpeg,NORMAL,3,0.0082909055,0.0058296933,0.0064312536,0.97944814
/home/yogesh.patel/execution/25_9_2026_PRD_work/OCT2017_Test/test/NORMAL/NORMAL-443980-1.jpeg,NORMAL,3,0.0068137078,0.005561088,0.005962218,0.981663
/home/yogesh.patel/execution/25_9_2026_PRD_work/OCT2017_Test/test/NORMAL/NORMAL-446851-1.jpeg,NORMAL,3,0.012239162,0.0152659705,0.003904046,0.9685908
/home/yogesh.patel/execution/25_9_2026_PRD_work/OCT2017_Test/test/NORMAL/NORMAL-446851-2.jpeg,NORMAL,3,0.0066839466,0.017936064,0.0062442864,0.9691357
/home/yogesh.patel/execution/25_9_2026_PRD_work/OCT2017_Test/test/NORMAL/NORMAL-447690-1.jpeg,NORMAL,3,0.0051185,0.0137520125,0.004023899,0.9771056
/home/yogesh.patel/execution/25_9_2026_PRD_work/OCT2017_Test/test/NORMAL/NORMAL-447690-2.jpeg,NORMAL,3,0.01056687,0.018286025,0.0065185954,0.9646285
/home/yogesh.patel/execution/25_9_2026_PRD_work/OCT2017_Test/test/NORMAL/NORMAL-450532-1.jpeg,NORMAL,3,0.0110981,0.014165313,0.008090407,0.96664613
/home/yogesh.patel/execution/25_9_2026_PRD_work/OCT2017_Test/test/NORMAL/NORMAL-450923-1.jpeg,NORMAL,3,0.030436637,0.023424445,0.016967744,0.92917114
/home/yogesh.patel/execution/25_9_2026_PRD_work/OCT2017_Test/test/NORMAL/NORMAL-450923-2.jpeg,NORMAL,3,0.020662896,0.02161326,0.0094718905,0.94825196
/home/yogesh.patel/execution/25_9_2026_PRD_work/OCT2017_Test/test/NORMAL/NORMAL-460711-1.jpeg,NORMAL,3,0.008241731,0.0075053684,0.007249828,0.9770031
/home/yogesh.patel/execution/25_9_2026_PRD_work/OCT2017_Test/test/NORMAL/NORMAL-460844-1.jpeg,NORMAL,3,0.015413852,0.01517594,0.008400347,0.96100986
/home/yogesh.patel/execution/25_9_2026_PRD_work/OCT2017_Test/test/NORMAL/NORMAL-466978-1.jpeg,NORMAL,3,0.007691585,0.005991761,0.0041906997,0.98212594
/home/yogesh.patel/execution/25_9_2026_PRD_work/OCT2017_Test/test/NORMAL/NORMAL-469935-1.jpeg,NORMAL,3,0.0067799333,0.0061625796,0.0057460186,0.98131144
/home/yogesh.patel/execution/25_9_2026_PRD_work/OCT2017_Test/test/NORMAL/NORMAL-4761187-1.jpeg,NORMAL,3,0.009673355,0.005501301,0.012744164,0.9720812
/home/yogesh.patel/execution/25_9_2026_PRD_work/OCT2017_Test/test/NORMAL/NORMAL-4790999-1.jpeg,NORMAL,3,0.0055204504,0.004475797,0.0062645935,0.98373914
/home/yogesh.patel/execution/25_9_2026_PRD_work/OCT2017_Test/test/NORMAL/NORMAL-48053-1.jpeg,NORMAL,3,0.007000687,0.0048575564,0.0029412103,0.9852006
/home/yogesh.patel/execution/25_9_2026_PRD_work/OCT2017_Test/test/NORMAL/NORMAL-4839633-1.jpeg,NORMAL,3,0.0077505126,0.0076023075,0.005536503,0.9791107
/home/yogesh.patel/execution/25_9_2026_PRD_work/OCT2017_Test/test/NORMAL/NORMAL-486271-1.jpeg,NORMAL,3,0.009378807,0.012211839,0.0036837168,0.9747256
/home/yogesh.patel/execution/25_9_2026_PRD_work/OCT2017_Test/test/NORMAL/NORMAL-508852-1.jpeg,NORMAL,3,0.0054175607,0.010598488,0.002796799,0.98118716
/home/yogesh.patel/execution/25_9_2026_PRD_work/OCT2017_Test/test/NORMAL/NORMAL-508852-2.jpeg,NORMAL,3,0.0053636874,0.005443926,0.005035212,0.98415715
/home/yogesh.patel/execution/25_9_2026_PRD_work/OCT2017_Test/test/NORMAL/NORMAL-519372-1.jpeg,NORMAL,3,0.010799607,0.008922154,0.01538439,0.9648938
/home/yogesh.patel/execution/25_9_2026_PRD_work/OCT2017_Test/test/NORMAL/NORMAL-524640-1.jpeg,NORMAL,3,0.013632559,0.010748311,0.007344895,0.96827424
/home/yogesh.patel/execution/25_9_2026_PRD_work/OCT2017_Test/test/NORMAL/NORMAL-544457-1.jpeg,NORMAL,3,0.004136635,0.009046106,0.0074488474,0.97936845
/home/yogesh.patel/execution/25_9_2026_PRD_work/OCT2017_Test/test/NORMAL/NORMAL-544711-1.jpeg,NORMAL,3,0.00455883,0.0129729975,0.006170868,0.97629726
/home/yogesh.patel/execution/25_9_2026_PRD_work/OCT2017_Test/test/NORMAL/NORMAL-547422-1.jpeg,NORMAL,3,0.0098309135,0.0055877124,0.0042985184,0.9802829
/home/yogesh.patel/execution/25_9_2026_PRD_work/OCT2017_Test/test/NORMAL/NORMAL-547422-2.jpeg,NORMAL,3,0.0097317705,0.0055507626,0.005659958,0.97905755
/home/yogesh.patel/execution/25_9_2026_PRD_work/OCT2017_Test/test/NORMAL/NORMAL-549356-1.jpeg,NORMAL,3,0.009455711,0.01809664,0.013207506,0.95924014
/home/yogesh.patel/execution/25_9_2026_PRD_work/OCT2017_Test/test/NORMAL/NORMAL-549356-2.jpeg,NORMAL,3,0.013943609,0.0047054496,0.008668309,0.9726826
/home/yogesh.patel/execution/25_9_2026_PRD_work/OCT2017_Test/test/NORMAL/NORMAL-549356-3.jpeg,NORMAL,3,0.0040409216,0.007060428,0.0064436197,0.982455
/home/yogesh.patel/execution/25_9_2026_PRD_work/OCT2017_Test/test/NORMAL/NORMAL-552739-1.jpeg,NORMAL,3,0.0070199296,0.0096957,0.004884053,0.9784003
/home/yogesh.patel/execution/25_9_2026_PRD_work/OCT2017_Test/test/NORMAL/NORMAL-557437-1.jpeg,NORMAL,3,0.009284856,0.009024833,0.007686669,0.9740036
/home/yogesh.patel/execution/25_9_2026_PRD_work/OCT2017_Test/test/NORMAL/NORMAL-557437-2.jpeg,NORMAL,3,0.010026684,0.013698058,0.006839209,0.969436
/home/yogesh.patel/execution/25_9_2026_PRD_work/OCT2017_Test/test/NORMAL/NORMAL-565818-1.jpeg,NORMAL,3,0.00906559,0.0074600605,0.0035801514,0.9798942
/home/yogesh.patel/execution/25_9_2026_PRD_work/OCT2017_Test/test/NORMAL/NORMAL-566040-1.jpeg,NORMAL,3,0.007559897,0.005265197,0.007810519,0.9793644
/home/yogesh.patel/execution/25_9_2026_PRD_work/OCT2017_Test/test/NORMAL/NORMAL-568518-1.jpeg,NORMAL,3,0.012023018,0.00804056,0.008899587,0.97103685
/home/yogesh.patel/execution/25_9_2026_PRD_work/OCT2017_Test/test/NORMAL/NORMAL-568518-2.jpeg,NORMAL,3,0.00208163,0.008279963,0.017624019,0.97201437
/home/yogesh.patel/execution/25_9_2026_PRD_work/OCT2017_Test/test/NORMAL/NORMAL-571157-1.jpeg,NORMAL,3,0.008292811,0.014286087,0.0029061183,0.974515
/home/yogesh.patel/execution/25_9_2026_PRD_work/OCT2017_Test/test/NORMAL/NORMAL-571484-1.jpeg,NORMAL,3,0.008429801,0.011501889,0.00809824,0.9719701
/home/yogesh.patel/execution/25_9_2026_PRD_work/OCT2017_Test/test/NORMAL/NORMAL-572972-1.jpeg,NORMAL,3,0.0072878716,0.008356884,0.006968668,0.97738653
/home/yogesh.patel/execution/25_9_2026_PRD_work/OCT2017_Test/test/NORMAL/NORMAL-574089-1.jpeg,NORMAL,3,0.002423293,0.0073338496,0.0033104094,0.98693246
/home/yogesh.patel/execution/25_9_2026_PRD_work/OCT2017_Test/test/NORMAL/NORMAL-582215-1.jpeg,NORMAL,3,0.0031930467,0.008886503,0.012669983,0.9752505
/home/yogesh.patel/execution/25_9_2026_PRD_work/OCT2017_Test/test/NORMAL/NORMAL-588227-1.jpeg,NORMAL,3,0.0055322363,0.006960253,0.008527552,0.97898
/home/yogesh.patel/execution/25_9_2026_PRD_work/OCT2017_Test/test/NORMAL/NORMAL-60471-1.jpeg,NORMAL,3,0.0074362773,0.010360338,0.005728898,0.97647446
/home/yogesh.patel/execution/25_9_2026_PRD_work/OCT2017_Test/test/NORMAL/NORMAL-605310-1.jpeg,NORMAL,3,0.0083824145,0.023077758,0.005169587,0.9633702
/home/yogesh.patel/execution/25_9_2026_PRD_work/OCT2017_Test/test/NORMAL/NORMAL-626127-1.jpeg,NORMAL,3,0.0035870804,0.004081434,0.009610028,0.98272145
/home/yogesh.patel/execution/25_9_2026_PRD_work/OCT2017_Test/test/NORMAL/NORMAL-628048-1.jpeg,NORMAL,3,0.0040136906,0.007841454,0.006337972,0.9818069
/home/yogesh.patel/execution/25_9_2026_PRD_work/OCT2017_Test/test/NORMAL/NORMAL-629493-1.jpeg,NORMAL,3,0.0075932047,0.01384768,0.0040077516,0.9745514
/home/yogesh.patel/execution/25_9_2026_PRD_work/OCT2017_Test/test/NORMAL/NORMAL-651257-1.jpeg,NORMAL,3,0.0044214856,0.008945976,0.0053144237,0.9813181
/home/yogesh.patel/execution/25_9_2026_PRD_work/OCT2017_Test/test/NORMAL/NORMAL-655117-1.jpeg,NORMAL,3,0.004889734,0.006413816,0.0029520288,0.9857444
/home/yogesh.patel/execution/25_9_2026_PRD_work/OCT2017_Test/test/NORMAL/NORMAL-655447-1.jpeg,NORMAL,3,0.006368904,0.008252407,0.0069479384,0.97843075
/home/yogesh.patel/execution/25_9_2026_PRD_work/OCT2017_Test/test/NORMAL/NORMAL-664536-1.jpeg,NORMAL,3,0.009789243,0.005680486,0.0039816317,0.9805486
/home/yogesh.patel/execution/25_9_2026_PRD_work/OCT2017_Test/test/NORMAL/NORMAL-66515-1.jpeg,NORMAL,3,0.0063755126,0.00884374,0.004568038,0.98021275
/home/yogesh.patel/execution/25_9_2026_PRD_work/OCT2017_Test/test/NORMAL/NORMAL-672619-1.jpeg,NORMAL,3,0.006780625,0.0071442844,0.004933937,0.98114115
/home/yogesh.patel/execution/25_9_2026_PRD_work/OCT2017_Test/test/NORMAL/NORMAL-692554-1.jpeg,NORMAL,3,0.008413967,0.008930841,0.005997733,0.97665745
/home/yogesh.patel/execution/25_9_2026_PRD_work/OCT2017_Test/test/NORMAL/NORMAL-693575-1.jpeg,NORMAL,3,0.008766873,0.0054237344,0.007644281,0.9781651
/home/yogesh.patel/execution/25_9_2026_PRD_work/OCT2017_Test/test/NORMAL/NORMAL-697826-1.jpeg,NORMAL,3,0.004717392,0.01635723,0.018891932,0.9600334
/home/yogesh.patel/execution/25_9_2026_PRD_work/OCT2017_Test/test/NORMAL/NORMAL-744709-1.jpeg,NORMAL,3,0.0020604916,0.006428277,0.0016878475,0.9898234
/home/yogesh.patel/execution/25_9_2026_PRD_work/OCT2017_Test/test/NORMAL/NORMAL-755659-1.jpeg,NORMAL,3,0.0028015093,0.009692838,0.0032083213,0.98429734
/home/yogesh.patel/execution/25_9_2026_PRD_work/OCT2017_Test/test/NORMAL/NORMAL-758272-1.jpeg,NORMAL,3,0.008776971,0.0076833796,0.011183689,0.97235596
/home/yogesh.patel/execution/25_9_2026_PRD_work/OCT2017_Test/test/NORMAL/NORMAL-76914-1.jpeg,NORMAL,3,0.010931748,0.007794569,0.00793132,0.97334236
/home/yogesh.patel/execution/25_9_2026_PRD_work/OCT2017_Test/test/NORMAL/NORMAL-772481-1.jpeg,NORMAL,3,0.0043622563,0.008766464,0.003379046,0.98349226
/home/yogesh.patel/execution/25_9_2026_PRD_work/OCT2017_Test/test/NORMAL/NORMAL-84466-1.jpeg,NORMAL,3,0.0031382716,0.003547644,0.0040715444,0.9892425
/home/yogesh.patel/execution/25_9_2026_PRD_work/OCT2017_Test/test/NORMAL/NORMAL-85367-1.jpeg,NORMAL,3,0.008597778,0.016389193,0.0035543423,0.97145873
/home/yogesh.patel/execution/25_9_2026_PRD_work/OCT2017_Test/test/NORMAL/NORMAL-9251-1.jpeg,NORMAL,3,0.0024955634,0.008426051,0.0030626142,0.9860158
/home/yogesh.patel/execution/25_9_2026_PRD_work/OCT2017_Test/test/NORMAL/NORMAL-98720-1.jpeg,NORMAL,3,0.0028721613,0.015138295,0.0021504487,0.9798391
