path,label,class,predicted_8class,predicted_external_class,correct,prob_AMD,prob_CNV,prob_CSR,prob_DME,prob_DR,prob_DRUSEN,prob_MH,prob_NORMAL
/home/yogesh.patel/execution/25_9_2026_PRD_work/OCT2017_Test/test/CNV/CNV-1016042-1.jpeg,0,CNV,CNV,CNV,True,0.016129406,0.9467226,0.010970512,0.0045257444,0.011330153,0.0021852462,0.00423831,0.003898055
/home/yogesh.patel/execution/25_9_2026_PRD_work/OCT2017_Test/test/CNV/CNV-1016042-2.jpeg,0,CNV,CNV,CNV,True,0.007781178,0.9562255,0.00592559,0.009465685,0.009916665,0.0027616825,0.0029104718,0.0050131716
/home/yogesh.patel/execution/25_9_2026_PRD_work/OCT2017_Test/test/CNV/CNV-1016042-3.jpeg,0,CNV,CNV,CNV,True,0.018194474,0.9210903,0.0100218095,0.021856071,0.014739298,0.0057180887,0.005309101,0.0030708644
/home/yogesh.patel/execution/25_9_2026_PRD_work/OCT2017_Test/test/CNV/CNV-1016042-4.jpeg,0,CNV,CNV,CNV,True,0.005823424,0.97138244,0.004911849,0.0038435296,0.0047257,0.0033898593,0.002967255,0.0029559815
/home/yogesh.patel/execution/25_9_2026_PRD_work/OCT2017_Test/test/CNV/CNV-103044-1.jpeg,0,CNV,CNV,CNV,True,0.009434618,0.96338195,0.005241904,0.004786921,0.0081203105,0.0027381151,0.0038650527,0.0024310257
/home/yogesh.patel/execution/25_9_2026_PRD_work/OCT2017_Test/test/CNV/CNV-103044-10.jpeg,0,CNV,CNV,CNV,True,0.0068631987,0.9576111,0.002862463,0.0028170526,0.0049209353,0.016091,0.0054873494,0.0033469952
/home/yogesh.patel/execution/25_9_2026_PRD_work/OCT2017_Test/test/CNV/CNV-103044-11.jpeg,0,CNV,CNV,CNV,True,0.005927531,0.97106206,0.004639876,0.0057547376,0.004784674,0.004428143,0.0016753582,0.0017275331
/home/yogesh.patel/execution/25_9_2026_PRD_work/OCT2017_Test/test/CNV/CNV-103044-12.jpeg,0,CNV,CNV,CNV,True,0.005501253,0.9766663,0.003266093,0.001262402,0.003680292,0.0042519043,0.0022657767,0.0031060474
/home/yogesh.patel/execution/25_9_2026_PRD_work/OCT2017_Test/test/CNV/CNV-103044-2.jpeg,0,CNV,CNV,CNV,True,0.0049618944,0.97746503,0.0040748725,0.0030782933,0.0037949367,0.0025944742,0.0019471023,0.0020834515
/home/yogesh.patel/execution/25_9_2026_PRD_work/OCT2017_Test/test/CNV/CNV-103044-3.jpeg,0,CNV,CNV,CNV,True,0.0055327285,0.96571124,0.0029133528,0.0021168147,0.005244983,0.011877759,0.0043001063,0.002303046
/home/yogesh.patel/execution/25_9_2026_PRD_work/OCT2017_Test/test/CNV/CNV-103044-4.jpeg,0,CNV,CNV,CNV,True,0.008001743,0.9684834,0.0066586025,0.0030863723,0.0060977964,0.0017656282,0.0036474948,0.002258907
/home/yogesh.patel/execution/25_9_2026_PRD_work/OCT2017_Test/test/CNV/CNV-103044-5.jpeg,0,CNV,CNV,CNV,True,0.0043489817,0.9584816,0.0023753322,0.0023828773,0.0035332332,0.020243285,0.0064679985,0.0021667304
/home/yogesh.patel/execution/25_9_2026_PRD_work/OCT2017_Test/test/CNV/CNV-103044-6.jpeg,0,CNV,CNV,CNV,True,0.0054048873,0.9660068,0.0034298557,0.0011701715,0.007148743,0.010112336,0.004188166,0.0025389835
/home/yogesh.patel/execution/25_9_2026_PRD_work/OCT2017_Test/test/CNV/CNV-103044-7.jpeg,0,CNV,CNV,CNV,True,0.00524407,0.9705885,0.0032586644,0.00171405,0.0050560087,0.008382053,0.00280912,0.0029476285
/home/yogesh.patel/execution/25_9_2026_PRD_work/OCT2017_Test/test/CNV/CNV-103044-8.jpeg,0,CNV,CNV,CNV,True,0.0051623825,0.9635587,0.0028770647,0.0025091753,0.0035930264,0.013310075,0.0058979457,0.0030916114
/home/yogesh.patel/execution/25_9_2026_PRD_work/OCT2017_Test/test/CNV/CNV-103044-9.jpeg,0,CNV,CNV,CNV,True,0.0082085375,0.96571356,0.005520156,0.0017139644,0.008624932,0.0027275488,0.0038106353,0.0036806373
/home/yogesh.patel/execution/25_9_2026_PRD_work/OCT2017_Test/test/CNV/CNV-1083927-1.jpeg,0,CNV,CNV,CNV,True,0.00887141,0.94461256,0.0034119647,0.017166084,0.0118234325,0.008900777,0.0033594389,0.0018543844
/home/yogesh.patel/execution/25_9_2026_PRD_work/OCT2017_Test/test/CNV/CNV-1112835-1.jpeg,0,CNV,CNV,CNV,True,0.0070930608,0.9612987,0.012425895,0.003092106,0.005045234,0.0019919863,0.0029626111,0.0060903993
/home/yogesh.patel/execution/25_9_2026_PRD_work/OCT2017_Test/test/CNV/CNV-1112835-2.jpeg,0,CNV,CNV,CNV,True,0.0076917354,0.95850945,0.013139201,0.0037224733,0.0054058256,0.001980546,0.004400544,0.0051502157
/home/yogesh.patel/execution/25_9_2026_PRD_work/OCT2017_Test/test/CNV/CNV-1130960-1.jpeg,0,CNV,CNV,CNV,True,0.010539669,0.94544125,0.016472306,0.010631595,0.00795377,0.0022216577,0.0038237858,0.0029159766
/home/yogesh.patel/execution/25_9_2026_PRD_work/OCT2017_Test/test/CNV/CNV-1131664-1.jpeg,0,CNV,CNV,CNV,True,0.007254026,0.9691374,0.0045101685,0.0035737979,0.005209174,0.0029142562,0.0038883658,0.0035127958
/home/yogesh.patel/execution/25_9_2026_PRD_work/OCT2017_Test/test/CNV/CNV-1136126-1.jpeg,0,CNV,CNV,CNV,True,0.0051984135,0.96961266,0.0034561476,0.0013383339,0.004784506,0.007303931,0.00425403,0.0040520607
/home/yogesh.patel/execution/25_9_2026_PRD_work/OCT2017_Test/test/CNV/CNV-1177084-1.jpeg,0,CNV,CNV,CNV,True,0.010479205,0.91322875,0.007081343,0.04470287,0.011821158,0.004367976,0.005881461,0.0024372467
/home/yogesh.patel/execution/25_9_2026_PRD_work/OCT2017_Test/test/CNV/CNV-1188386-1.jpeg,0,CNV,CNV,CNV,True,0.013606018,0.9439614,0.0047740215,0.012789909,0.011786398,0.0049130744,0.0055127214,0.0026565148
/home/yogesh.patel/execution/25_9_2026_PRD_work/OCT2017_Test/test/CNV/CNV-1188386-2.jpeg,0,CNV,CNV,CNV,True,0.00927006,0.95640725,0.004122915,0.005458023,0.005970848,0.013652491,0.0030773317,0.0020411292
/home/yogesh.patel/execution/25_9_2026_PRD_work/OCT2017_Test/test/CNV/CNV-1188386-3.jpeg,0,CNV,CNV,CNV,True,0.021540692,0.9425807,0.008671448,0.0059321746,0.010293485,0.0027543285,0.0059751444,0.0022520293
/home/yogesh.patel/execution/25_9_2026_PRD_work/OCT2017_Test/test/CNV/CNV-1188386-4.jpeg,0,CNV,CNV,CNV,True,0.010727993,0.96146685,0.0038753285,0.0045839497,0.007364685,0.002637335,0.0060988143,0.0032448843
/home/yogesh.patel/execution/25_9_2026_PRD_work/OCT2017_Test/test/CNV/CNV-1260317-1.jpeg,0,CNV,CNV,CNV,True,0.014760181,0.9519689,0.009354695,0.0054462356,0.0067652315,0.002944238,0.0040801805,0.0046801986
/home/yogesh.patel/execution/25_9_2026_PRD_work/OCT2017_Test/test/CNV/CNV-1290410-1.jpeg,0,CNV,CNV,CNV,True,0.007765314,0.9711249,0.0043143467,0.0030973104,0.00326555,0.0038918003,0.0032846262,0.0032561787
/home/yogesh.patel/execution/25_9_2026_PRD_work/OCT2017_Test/test/CNV/CNV-1290410-2.jpeg,0,CNV,CNV,CNV,True,0.0064518456,0.957169,0.0056193178,0.0020928476,0.010023323,0.0077977558,0.0057601104,0.0050858473
/home/yogesh.patel/execution/25_9_2026_PRD_work/OCT2017_Test/test/CNV/CNV-1290410-3.jpeg,0,CNV,CNV,CNV,True,0.009618992,0.96049345,0.0047224034,0.0058844057,0.0067247157,0.0057967165,0.0043914346,0.0023678662
/home/yogesh.patel/execution/25_9_2026_PRD_work/OCT2017_Test/test/CNV/CNV-1305450-1.jpeg,0,CNV,CNV,CNV,True,0.0075843995,0.96962625,0.005675555,0.002502469,0.0033162225,0.0033713651,0.004628597,0.0032951147
/home/yogesh.patel/execution/25_9_2026_PRD_work/OCT2017_Test/test/CNV/CNV-1305450-2.jpeg,0,CNV,CNV,CNV,True,0.0043335934,0.96755457,0.005182889,0.005359915,0.0041999556,0.0074630426,0.0029339215,0.0029721044
/home/yogesh.patel/execution/25_9_2026_PRD_work/OCT2017_Test/test/CNV/CNV-1305450-3.jpeg,0,CNV,CNV,CNV,True,0.0067374166,0.9268054,0.0077115246,0.039278563,0.007292086,0.0036526641,0.0036091488,0.004913289
/home/yogesh.patel/execution/25_9_2026_PRD_work/OCT2017_Test/test/CNV/CNV-1305450-4.jpeg,0,CNV,CNV,CNV,True,0.006456,0.96382684,0.006799345,0.009198685,0.005416226,0.0023076118,0.0026614405,0.0033339357
/home/yogesh.patel/execution/25_9_2026_PRD_work/OCT2017_Test/test/CNV/CNV-137351-1.jpeg,0,CNV,CNV,CNV,True,0.0075937114,0.9677394,0.00446477,0.0019977107,0.0051365793,0.008228059,0.002920038,0.0019197509
/home/yogesh.patel/execution/25_9_2026_PRD_work/OCT2017_Test/test/CNV/CNV-1415351-1.jpeg,0,CNV,CNV,CNV,True,0.005661614,0.96351486,0.0030232356,0.008378654,0.0045266375,0.008368463,0.0042637787,0.0022627383
/home/yogesh.patel/execution/25_9_2026_PRD_work/OCT2017_Test/test/CNV/CNV-154835-1.jpeg,0,CNV,CNV,CNV,True,0.0042874776,0.9708006,0.0069333087,0.0032872905,0.0030485312,0.0048635504,0.00223939,0.0045398716
/home/yogesh.patel/execution/25_9_2026_PRD_work/OCT2017_Test/test/CNV/CNV-154835-2.jpeg,0,CNV,CNV,CNV,True,0.006388527,0.96369493,0.008779304,0.0025153812,0.0025980312,0.0052498593,0.0025294514,0.008244468
/home/yogesh.patel/execution/25_9_2026_PRD_work/OCT2017_Test/test/CNV/CNV-163081-1.jpeg,0,CNV,CNV,CNV,True,0.015376408,0.9420234,0.009311204,0.003751515,0.016061552,0.0038558987,0.0063004373,0.0033195936
/home/yogesh.patel/execution/25_9_2026_PRD_work/OCT2017_Test/test/CNV/CNV-163081-10.jpeg,0,CNV,CNV,CNV,True,0.0097674895,0.9553099,0.010138645,0.0048403977,0.007219562,0.005844171,0.0045605805,0.002319294
/home/yogesh.patel/execution/25_9_2026_PRD_work/OCT2017_Test/test/CNV/CNV-163081-2.jpeg,0,CNV,CNV,CNV,True,0.011497871,0.9595838,0.0074648336,0.002938479,0.00850972,0.0027592417,0.0048040245,0.0024419602
/home/yogesh.patel/execution/25_9_2026_PRD_work/OCT2017_Test/test/CNV/CNV-163081-3.jpeg,0,CNV,CNV,CNV,True,0.0059587583,0.9689058,0.00545258,0.0025244341,0.0055322903,0.0054466347,0.0032184797,0.0029609194
/home/yogesh.patel/execution/25_9_2026_PRD_work/OCT2017_Test/test/CNV/CNV-163081-4.jpeg,0,CNV,CNV,CNV,True,0.012086689,0.95769453,0.0050149434,0.002020343,0.012222353,0.003063104,0.005327219,0.0025709462
/home/yogesh.patel/execution/25_9_2026_PRD_work/OCT2017_Test/test/CNV/CNV-163081-5.jpeg,0,CNV,CNV,CNV,True,0.005750871,0.9740539,0.0037877478,0.0011224392,0.0064383456,0.004357138,0.0028333867,0.0016560557
/home/yogesh.patel/execution/25_9_2026_PRD_work/OCT2017_Test/test/CNV/CNV-163081-6.jpeg,0,CNV,CNV,CNV,True,0.011799231,0.9557528,0.0064544235,0.0042561046,0.013976846,0.0026488788,0.0026732644,0.0024384793
/home/yogesh.patel/execution/25_9_2026_PRD_work/OCT2017_Test/test/CNV/CNV-163081-7.jpeg,0,CNV,CNV,CNV,True,0.011639275,0.95434636,0.010009245,0.0059398212,0.00917526,0.0036685902,0.0022437985,0.0029776231
/home/yogesh.patel/execution/25_9_2026_PRD_work/OCT2017_Test/test/CNV/CNV-163081-8.jpeg,0,CNV,CNV,CNV,True,0.0055106394,0.97095215,0.0058814017,0.001857392,0.0055717593,0.002256016,0.004822763,0.003147777
/home/yogesh.patel/execution/25_9_2026_PRD_work/OCT2017_Test/test/CNV/CNV-163081-9.jpeg,0,CNV,CNV,CNV,True,0.016853383,0.94518673,0.0053447857,0.0046712086,0.01744592,0.003836443,0.004228713,0.0024328297
/home/yogesh.patel/execution/25_9_2026_PRD_work/OCT2017_Test/test/CNV/CNV-1632795-1.jpeg,0,CNV,CNV,CNV,True,0.008319763,0.9632428,0.0046113916,0.0041995966,0.00761163,0.0026103107,0.0043903557,0.005014204
/home/yogesh.patel/execution/25_9_2026_PRD_work/OCT2017_Test/test/CNV/CNV-1641792-1.jpeg,0,CNV,CNV,CNV,True,0.0062497607,0.95275307,0.003465526,0.008616667,0.006327036,0.0154146,0.0036796676,0.0034936427
/home/yogesh.patel/execution/25_9_2026_PRD_work/OCT2017_Test/test/CNV/CNV-1641792-2.jpeg,0,CNV,CNV,CNV,True,0.008486211,0.96732384,0.0040351176,0.0018403529,0.0086576445,0.003243729,0.004273117,0.0021400407
/home/yogesh.patel/execution/25_9_2026_PRD_work/OCT2017_Test/test/CNV/CNV-1699976-1.jpeg,0,CNV,CNV,CNV,True,0.0041641337,0.97692853,0.0038747715,0.0012747457,0.0044561597,0.0018482549,0.0021971734,0.0052563334
/home/yogesh.patel/execution/25_9_2026_PRD_work/OCT2017_Test/test/CNV/CNV-1699976-2.jpeg,0,CNV,CNV,CNV,True,0.0044067204,0.97270274,0.0050600395,0.0022274358,0.0026338045,0.001548722,0.004482336,0.006938197
/home/yogesh.patel/execution/25_9_2026_PRD_work/OCT2017_Test/test/CNV/CNV-1699976-3.jpeg,0,CNV,CNV,CNV,True,0.006626429,0.9632364,0.005990326,0.004188104,0.0052803652,0.0031019677,0.0044966517,0.0070796832
/home/yogesh.patel/execution/25_9_2026_PRD_work/OCT2017_Test/test/CNV/CNV-1699976-4.jpeg,0,CNV,CNV,CNV,True,0.008064243,0.96746385,0.006926473,0.003051531,0.004627193,0.0012403332,0.003749442,0.0048769745
/home/yogesh.patel/execution/25_9_2026_PRD_work/OCT2017_Test/test/CNV/CNV-1699976-5.jpeg,0,CNV,CNV,CNV,True,0.009563268,0.95916975,0.008362789,0.004269095,0.007616359,0.0011207901,0.0054235123,0.0044744406
/home/yogesh.patel/execution/25_9_2026_PRD_work/OCT2017_Test/test/CNV/CNV-1704482-1.jpeg,0,CNV,CNV,CNV,True,0.0051005594,0.97472286,0.00337156,0.004797845,0.0044524036,0.0025670559,0.003057369,0.0019303754
/home/yogesh.patel/execution/25_9_2026_PRD_work/OCT2017_Test/test/CNV/CNV-172472-1.jpeg,0,CNV,CNV,CNV,True,0.005328304,0.96953535,0.0040357877,0.0012183745,0.004358332,0.008600065,0.004141902,0.0027817762
/home/yogesh.patel/execution/25_9_2026_PRD_work/OCT2017_Test/test/CNV/CNV-172472-10.jpeg,0,CNV,CNV,CNV,True,0.0071306108,0.9694066,0.006352529,0.0032577226,0.0055561303,0.0021895252,0.0035921135,0.0025147358
/home/yogesh.patel/execution/25_9_2026_PRD_work/OCT2017_Test/test/CNV/CNV-172472-11.jpeg,0,CNV,CNV,CNV,True,0.0122255925,0.95374143,0.008087327,0.0042651244,0.0071843034,0.0037496677,0.0075725904,0.0031739045
/home/yogesh.patel/execution/25_9_2026_PRD_work/OCT2017_Test/test/CNV/CNV-172472-2.jpeg,0,CNV,CNV,CNV,True,0.0066025024,0.9681409,0.0059320745,0.0023979377,0.0063492255,0.0016299539,0.0059283557,0.003019069
/home/yogesh.patel/execution/25_9_2026_PRD_work/OCT2017_Test/test/CNV/CNV-172472-3.jpeg,0,CNV,CNV,CNV,True,0.0072246767,0.96421903,0.009147976,0.0037762758,0.006426318,0.0032536539,0.0033187491,0.0026332464
/home/yogesh.patel/execution/25_9_2026_PRD_work/OCT2017_Test/test/CNV/CNV-172472-4.jpeg,0,CNV,CNV,CNV,True,0.011698884,0.95720875,0.009491407,0.00392519,0.00700721,0.0020315356,0.00487973,0.0037573357
/home/yogesh.patel/execution/25_9_2026_PRD_work/OCT2017_Test/test/CNV/CNV-172472-5.jpeg,0,CNV,CNV,CNV,True,0.010348755,0.96150345,0.0050266325,0.005948758,0.0065602236,0.003465128,0.0045032986,0.0026438572
/home/yogesh.patel/execution/25_9_2026_PRD_work/OCT2017_Test/test/CNV/CNV-172472-6.jpeg,0,CNV,CNV,CNV,True,0.0072355,0.9617809,0.004482765,0.003023209,0.009851317,0.005500986,0.0062573384,0.0018678921
/home/yogesh.patel/execution/25_9_2026_PRD_work/OCT2017_Test/test/CNV/CNV-172472-7.jpeg,0,CNV,CNV,CNV,True,0.0040737465,0.97452307,0.002972985,0.00089884567,0.0044197505,0.0062688384,0.004066713,0.0027761774
/home/yogesh.patel/execution/25_9_2026_PRD_work/OCT2017_Test/test/CNV/CNV-172472-8.jpeg,0,CNV,CNV,CNV,True,0.007515339,0.97037405,0.004263117,0.0015117156,0.0062379325,0.002897579,0.0046518706,0.0025483356
/home/yogesh.patel/execution/25_9_2026_PRD_work/OCT2017_Test/test/CNV/CNV-172472-9.jpeg,0,CNV,CNV,CNV,True,0.015298415,0.9484012,0.012765152,0.0046454556,0.005980581,0.00219411,0.006596375,0.0041187336
/home/yogesh.patel/execution/25_9_2026_PRD_work/OCT2017_Test/test/CNV/CNV-1730592-1.jpeg,0,CNV,CNV,CNV,True,0.003458177,0.9791671,0.006335008,0.001658969,0.0026574605,0.0023276606,0.001328888,0.0030668299
/home/yogesh.patel/execution/25_9_2026_PRD_work/OCT2017_Test/test/CNV/CNV-1730592-2.jpeg,0,CNV,CNV,CNV,True,0.0035930306,0.9699117,0.0075540864,0.005970773,0.0037916976,0.0038900755,0.0024200098,0.0028686384
/home/yogesh.patel/execution/25_9_2026_PRD_work/OCT2017_Test/test/CNV/CNV-1731375-1.jpeg,0,CNV,CNV,CNV,True,0.008298735,0.9570574,0.008319861,0.0058889394,0.010166901,0.0010815078,0.0033770974,0.0058096587
/home/yogesh.patel/execution/25_9_2026_PRD_work/OCT2017_Test/test/CNV/CNV-1731375-2.jpeg,0,CNV,CNV,CNV,True,0.007311506,0.9641535,0.0039704405,0.0027921582,0.010164022,0.006400149,0.0026533103,0.002554857
/home/yogesh.patel/execution/25_9_2026_PRD_work/OCT2017_Test/test/CNV/CNV-1731375-3.jpeg,0,CNV,CNV,CNV,True,0.0060789078,0.9357644,0.0054849684,0.0014913287,0.008006437,0.038353924,0.001922626,0.0028974144
/home/yogesh.patel/execution/25_9_2026_PRD_work/OCT2017_Test/test/CNV/CNV-1784116-1.jpeg,0,CNV,CNV,CNV,True,0.008311637,0.95307523,0.004283,0.016107475,0.005722325,0.0053145466,0.00432547,0.0028602837
/home/yogesh.patel/execution/25_9_2026_PRD_work/OCT2017_Test/test/CNV/CNV-1894770-1.jpeg,0,CNV,CNV,CNV,True,0.0055931266,0.9278016,0.0043361797,0.042088594,0.009190182,0.0043369452,0.0035799781,0.0030732846
/home/yogesh.patel/execution/25_9_2026_PRD_work/OCT2017_Test/test/CNV/CNV-1894770-2.jpeg,0,CNV,CNV,CNV,True,0.003908321,0.9367107,0.0031882955,0.012968212,0.010856717,0.026700906,0.0018935342,0.0037731715
/home/yogesh.patel/execution/25_9_2026_PRD_work/OCT2017_Test/test/CNV/CNV-1980926-1.jpeg,0,CNV,CNV,CNV,True,0.006659406,0.96746236,0.004246102,0.008410285,0.0042851362,0.0039566816,0.0023366727,0.002643344
/home/yogesh.patel/execution/25_9_2026_PRD_work/OCT2017_Test/test/CNV/CNV-198660-1.jpeg,0,CNV,CNV,CNV,True,0.006986872,0.97083956,0.003957283,0.0018024904,0.0052150297,0.002664448,0.0027300683,0.005804134
/home/yogesh.patel/execution/25_9_2026_PRD_work/OCT2017_Test/test/CNV/CNV-1997439-1.jpeg,0,CNV,CNV,CNV,True,0.006157596,0.95691043,0.0062700077,0.0073704715,0.0028943447,0.013938109,0.003055688,0.003403318
/home/yogesh.patel/execution/25_9_2026_PRD_work/OCT2017_Test/test/CNV/CNV-1997439-2.jpeg,0,CNV,CNV,CNV,True,0.005427963,0.87473035,0.009841801,0.083500214,0.014150489,0.0046012853,0.0016109064,0.0061369394
/home/yogesh.patel/execution/25_9_2026_PRD_work/OCT2017_Test/test/CNV/CNV-1997439-3.jpeg,0,CNV,CNV,CNV,True,0.00760425,0.9672908,0.008155171,0.0046730316,0.0035151085,0.0016821309,0.003633479,0.0034459878
/home/yogesh.patel/execution/25_9_2026_PRD_work/OCT2017_Test/test/CNV/CNV-1997439-4.jpeg,0,CNV,CNV,CNV,True,0.015682697,0.9315523,0.02121263,0.008204426,0.010257092,0.002282845,0.0061737066,0.004634384
/home/yogesh.patel/execution/25_9_2026_PRD_work/OCT2017_Test/test/CNV/CNV-1997439-5.jpeg,0,CNV,CNV,CNV,True,0.013485747,0.9387458,0.01422247,0.008187089,0.011805497,0.0032922055,0.0072318534,0.0030294484
/home/yogesh.patel/execution/25_9_2026_PRD_work/OCT2017_Test/test/CNV/CNV-1997439-6.jpeg,0,CNV,CNV,CNV,True,0.010992149,0.95865446,0.005122025,0.00480018,0.008986609,0.0020058847,0.0052807312,0.0041579506
/home/yogesh.patel/execution/25_9_2026_PRD_work/OCT2017_Test/test/CNV/CNV-1997439-7.jpeg,0,CNV,CNV,CNV,True,0.0070942687,0.970402,0.00387888,0.0026680902,0.0058613517,0.0036661916,0.0038133324,0.0026158746
/home/yogesh.patel/execution/25_9_2026_PRD_work/OCT2017_Test/test/CNV/CNV-2025105-1.jpeg,0,CNV,CNV,CNV,True,0.005646184,0.9566091,0.003786606,0.0061131925,0.0063473703,0.017248498,0.0021108743,0.0021383066
/home/yogesh.patel/execution/25_9_2026_PRD_work/OCT2017_Test/test/CNV/CNV-204397-1.jpeg,0,CNV,CNV,CNV,True,0.010176855,0.94559395,0.018667908,0.0052739107,0.009894803,0.002937017,0.003259556,0.0041959235
/home/yogesh.patel/execution/25_9_2026_PRD_work/OCT2017_Test/test/CNV/CNV-2116022-1.jpeg,0,CNV,CNV,CNV,True,0.009731717,0.9597866,0.0079343105,0.003110916,0.00730438,0.0040158005,0.005441942,0.002674272
/home/yogesh.patel/execution/25_9_2026_PRD_work/OCT2017_Test/test/CNV/CNV-2141150-1.jpeg,0,CNV,CNV,CNV,True,0.0077286055,0.9660555,0.0047285734,0.004721213,0.006550028,0.0037717836,0.0031584594,0.003285776
/home/yogesh.patel/execution/25_9_2026_PRD_work/OCT2017_Test/test/CNV/CNV-2141150-2.jpeg,0,CNV,CNV,CNV,True,0.006229863,0.9721814,0.00662225,0.002691334,0.0053649717,0.0028275785,0.0021759719,0.0019066188
/home/yogesh.patel/execution/25_9_2026_PRD_work/OCT2017_Test/test/CNV/CNV-2158821-1.jpeg,0,CNV,CNV,CNV,True,0.0038503148,0.9796697,0.003065067,0.0011076444,0.0053184177,0.0018506458,0.0019303575,0.0032077848
/home/yogesh.patel/execution/25_9_2026_PRD_work/OCT2017_Test/test/CNV/CNV-2158821-2.jpeg,0,CNV,CNV,CNV,True,0.006201289,0.9734311,0.004714971,0.0027930215,0.004737331,0.0017487168,0.0018306386,0.004542874
/home/yogesh.patel/execution/25_9_2026_PRD_work/OCT2017_Test/test/CNV/CNV-2168793-1.jpeg,0,CNV,CNV,CNV,True,0.005354136,0.9765302,0.0048975763,0.002040935,0.0039946176,0.0020152933,0.0025879296,0.00257936
/home/yogesh.patel/execution/25_9_2026_PRD_work/OCT2017_Test/test/CNV/CNV-2177326-1.jpeg,0,CNV,CNV,CNV,True,0.007211494,0.96731913,0.010448391,0.0022542838,0.0043570474,0.001586096,0.0030845308,0.0037390727
/home/yogesh.patel/execution/25_9_2026_PRD_work/OCT2017_Test/test/CNV/CNV-218676-1.jpeg,0,CNV,CNV,CNV,True,0.009722008,0.96172565,0.010284571,0.0024889102,0.0029677115,0.0019631435,0.003923706,0.006924249
/home/yogesh.patel/execution/25_9_2026_PRD_work/OCT2017_Test/test/CNV/CNV-2192440-1.jpeg,0,CNV,CNV,CNV,True,0.00801821,0.9585606,0.009656314,0.0057507018,0.011313139,0.0033191917,0.0019846158,0.0013973154
/home/yogesh.patel/execution/25_9_2026_PRD_work/OCT2017_Test/test/CNV/CNV-2192440-2.jpeg,0,CNV,CNV,CNV,True,0.0064502037,0.96581316,0.010220836,0.0044606626,0.0031056362,0.0028742414,0.0022525354,0.0048227306
/home/yogesh.patel/execution/25_9_2026_PRD_work/OCT2017_Test/test/CNV/CNV-2350851-1.jpeg,0,CNV,CNV,CNV,True,0.007167877,0.9466455,0.004261709,0.015664916,0.016959343,0.0036774506,0.0025795354,0.003043692
/home/yogesh.patel/execution/25_9_2026_PRD_work/OCT2017_Test/test/CNV/CNV-2438783-1.jpeg,0,CNV,CNV,CNV,True,0.006862601,0.962629,0.006454605,0.005261751,0.0068268,0.0028970337,0.0049971333,0.004071117
/home/yogesh.patel/execution/25_9_2026_PRD_work/OCT2017_Test/test/CNV/CNV-2438783-2.jpeg,0,CNV,CNV,CNV,True,0.005694526,0.96927637,0.004309801,0.004650211,0.0071018734,0.0023950236,0.0022076673,0.004364585
/home/yogesh.patel/execution/25_9_2026_PRD_work/OCT2017_Test/test/CNV/CNV-2541184-1.jpeg,0,CNV,CNV,CNV,True,0.0057985317,0.9666317,0.0042134398,0.0022412883,0.0049626357,0.0103349555,0.0033930375,0.002424416
/home/yogesh.patel/execution/25_9_2026_PRD_work/OCT2017_Test/test/CNV/CNV-2632189-1.jpeg,0,CNV,CNV,CNV,True,0.008307513,0.96617347,0.0041442364,0.0024918604,0.0068855574,0.0032734808,0.006182198,0.0025416333
/home/yogesh.patel/execution/25_9_2026_PRD_work/OCT2017_Test/test/CNV/CNV-2692822-1.jpeg,0,CNV,CNV,CNV,True,0.009959276,0.96347845,0.004876586,0.009403529,0.0027339275,0.0042532007,0.002530087,0.0027650371
/home/yogesh.patel/execution/25_9_2026_PRD_work/OCT2017_Test/test/CNV/CNV-2725524-1.jpeg,0,CNV,CNV,CNV,True,0.014011077,0.9498658,0.009471169,0.0041500935,0.009237847,0.0039823097,0.0056582903,0.0036234038
/home/yogesh.patel/execution/25_9_2026_PRD_work/OCT2017_Test/test/CNV/CNV-2725524-2.jpeg,0,CNV,CNV,CNV,True,0.00805575,0.94335884,0.0061876946,0.022479657,0.008714161,0.004928382,0.004397701,0.0018777818
/home/yogesh.patel/execution/25_9_2026_PRD_work/OCT2017_Test/test/CNV/CNV-2760476-1.jpeg,0,CNV,CNV,CNV,True,0.00881839,0.95718616,0.005920601,0.006080503,0.012717696,0.0028348262,0.0039678444,0.0024739772
/home/yogesh.patel/execution/25_9_2026_PRD_work/OCT2017_Test/test/CNV/CNV-2959614-1.jpeg,0,CNV,CNV,CNV,True,0.0076633915,0.9565697,0.0097811995,0.0063155093,0.006098273,0.0039262422,0.003262137,0.006383544
/home/yogesh.patel/execution/25_9_2026_PRD_work/OCT2017_Test/test/CNV/CNV-2959614-2.jpeg,0,CNV,CNV,CNV,True,0.0057021086,0.97346854,0.0032804122,0.0030522863,0.0049487446,0.0029803137,0.0034294026,0.003138338
/home/yogesh.patel/execution/25_9_2026_PRD_work/OCT2017_Test/test/CNV/CNV-2959614-3.jpeg,0,CNV,CNV,CNV,True,0.0034862598,0.96025014,0.0044822344,0.006160332,0.00396998,0.015995843,0.0035562562,0.0020990367
/home/yogesh.patel/execution/25_9_2026_PRD_work/OCT2017_Test/test/CNV/CNV-2959614-4.jpeg,0,CNV,CNV,CNV,True,0.003927682,0.96877265,0.00600893,0.0035288786,0.0061897547,0.006748166,0.0028608118,0.0019631232
/home/yogesh.patel/execution/25_9_2026_PRD_work/OCT2017_Test/test/CNV/CNV-3030629-1.jpeg,0,CNV,CNV,CNV,True,0.005816494,0.9567138,0.0044022156,0.0143344095,0.010611976,0.0026251958,0.0032373036,0.0022585054
/home/yogesh.patel/execution/25_9_2026_PRD_work/OCT2017_Test/test/CNV/CNV-3080163-1.jpeg,0,CNV,CNV,CNV,True,0.009255393,0.9598056,0.0064288983,0.0070308824,0.003626293,0.0019894908,0.0042113042,0.0076522045
/home/yogesh.patel/execution/25_9_2026_PRD_work/OCT2017_Test/test/CNV/CNV-3080163-2.jpeg,0,CNV,CNV,CNV,True,0.008608938,0.958263,0.008257226,0.006058629,0.004536643,0.0024919068,0.004069086,0.0077146282
/home/yogesh.patel/execution/25_9_2026_PRD_work/OCT2017_Test/test/CNV/CNV-3119854-1.jpeg,0,CNV,CNV,CNV,True,0.013018051,0.9576407,0.005572753,0.0049745794,0.0065992842,0.0022220532,0.0036420978,0.0063304687
/home/yogesh.patel/execution/25_9_2026_PRD_work/OCT2017_Test/test/CNV/CNV-3163547-1.jpeg,0,CNV,CNV,CNV,True,0.004837992,0.97004235,0.0077181277,0.0043928847,0.004376873,0.0018287285,0.0027214033,0.004081675
/home/yogesh.patel/execution/25_9_2026_PRD_work/OCT2017_Test/test/CNV/CNV-3200277-1.jpeg,0,CNV,CNV,CNV,True,0.0058317655,0.9635109,0.008980638,0.0072328257,0.008338185,0.0029352088,0.001796269,0.0013742413
/home/yogesh.patel/execution/25_9_2026_PRD_work/OCT2017_Test/test/CNV/CNV-3200277-2.jpeg,0,CNV,CNV,CNV,True,0.00476451,0.9699821,0.006893474,0.0021739523,0.004673009,0.0038865404,0.004064986,0.003561502
/home/yogesh.patel/execution/25_9_2026_PRD_work/OCT2017_Test/test/CNV/CNV-3213586-1.jpeg,0,CNV,CNV,CNV,True,0.008213377,0.97029066,0.0067765955,0.0015144643,0.004956516,0.0036546167,0.002505641,0.002088249
/home/yogesh.patel/execution/25_9_2026_PRD_work/OCT2017_Test/test/CNV/CNV-3241692-1.jpeg,0,CNV,CNV,CNV,True,0.0079933675,0.95738494,0.0033178902,0.0029107593,0.007334591,0.01566978,0.00307564,0.0023130048
/home/yogesh.patel/execution/25_9_2026_PRD_work/OCT2017_Test/test/CNV/CNV-3241692-2.jpeg,0,CNV,CNV,CNV,True,0.013674154,0.9397199,0.014768628,0.008787458,0.011379957,0.007263899,0.0021453488,0.0022607583
/home/yogesh.patel/execution/25_9_2026_PRD_work/OCT2017_Test/test/CNV/CNV-328435-1.jpeg,0,CNV,CNV,CNV,True,0.0059334794,0.8318785,0.0036011836,0.024277508,0.005536524,0.058325805,0.022314997,0.048132002
/home/yogesh.patel/execution/25_9_2026_PRD_work/OCT2017_Test/test/CNV/CNV-3300060-1.jpeg,0,CNV,CNV,CNV,True,0.0031377575,0.9427841,0.006221802,0.031632453,0.008883862,0.0019883628,0.0023153336,0.0030363412
/home/yogesh.patel/execution/25_9_2026_PRD_work/OCT2017_Test/test/CNV/CNV-338282-1.jpeg,0,CNV,CNV,CNV,True,0.008425948,0.9569519,0.004971518,0.007906223,0.0076247426,0.008087533,0.003140411,0.0028916756
/home/yogesh.patel/execution/25_9_2026_PRD_work/OCT2017_Test/test/CNV/CNV-3424668-1.jpeg,0,CNV,CNV,CNV,True,0.00890186,0.949008,0.0048591006,0.017656393,0.0078052473,0.0053394428,0.003862643,0.0025672535
/home/yogesh.patel/execution/25_9_2026_PRD_work/OCT2017_Test/test/CNV/CNV-3432812-1.jpeg,0,CNV,CNV,CNV,True,0.0043901387,0.9337162,0.0054875687,0.0018865605,0.0028045282,0.043428566,0.003997522,0.0042889644
/home/yogesh.patel/execution/25_9_2026_PRD_work/OCT2017_Test/test/CNV/CNV-3459091-1.jpeg,0,CNV,CNV,CNV,True,0.007760378,0.96945,0.0038404167,0.0032901028,0.008257863,0.0017866846,0.0029731735,0.0026414238
/home/yogesh.patel/execution/25_9_2026_PRD_work/OCT2017_Test/test/CNV/CNV-3541867-1.jpeg,0,CNV,CNV,CNV,True,0.0067000925,0.95378935,0.0051011685,0.004045232,0.0028626588,0.020056508,0.0035380214,0.0039068772
/home/yogesh.patel/execution/25_9_2026_PRD_work/OCT2017_Test/test/CNV/CNV-3616460-1.jpeg,0,CNV,CNV,CNV,True,0.005725726,0.9718707,0.0069313636,0.0019604806,0.0032011415,0.004273392,0.0035343023,0.00250289
/home/yogesh.patel/execution/25_9_2026_PRD_work/OCT2017_Test/test/CNV/CNV-3618489-1.jpeg,0,CNV,CNV,CNV,True,0.0046566785,0.89702547,0.007915188,0.021878425,0.004862462,0.005654677,0.0024019224,0.05560527
/home/yogesh.patel/execution/25_9_2026_PRD_work/OCT2017_Test/test/CNV/CNV-3618489-2.jpeg,0,CNV,CNV,CNV,True,0.0048502455,0.9745734,0.0045809643,0.0030941393,0.004494531,0.0038075026,0.002741577,0.0018577959
/home/yogesh.patel/execution/25_9_2026_PRD_work/OCT2017_Test/test/CNV/CNV-364469-1.jpeg,0,CNV,CNV,CNV,True,0.004864975,0.9702861,0.0044144285,0.0023191276,0.0033661807,0.007207356,0.0047794525,0.0027624038
/home/yogesh.patel/execution/25_9_2026_PRD_work/OCT2017_Test/test/CNV/CNV-364469-2.jpeg,0,CNV,CNV,CNV,True,0.0052345097,0.95546085,0.0025846397,0.004888011,0.0073477593,0.019034507,0.0038187264,0.0016310061
/home/yogesh.patel/execution/25_9_2026_PRD_work/OCT2017_Test/test/CNV/CNV-364469-3.jpeg,0,CNV,CNV,CNV,True,0.005719612,0.9700917,0.0034692097,0.0017649421,0.0044157775,0.00935522,0.0034044408,0.0017791138
/home/yogesh.patel/execution/25_9_2026_PRD_work/OCT2017_Test/test/CNV/CNV-3734032-1.jpeg,0,CNV,CNV,CNV,True,0.006532348,0.96730417,0.007377796,0.0030913388,0.00413529,0.0027554105,0.0044878754,0.0043157334
/home/yogesh.patel/execution/25_9_2026_PRD_work/OCT2017_Test/test/CNV/CNV-375851-1.jpeg,0,CNV,CNV,CNV,True,0.0076936944,0.9694369,0.007576232,0.0014665264,0.0033388506,0.002463253,0.003682962,0.004341612
/home/yogesh.patel/execution/25_9_2026_PRD_work/OCT2017_Test/test/CNV/CNV-3847391-1.jpeg,0,CNV,CNV,CNV,True,0.0060930434,0.9427061,0.0032568206,0.008889187,0.008721653,0.019760517,0.006169339,0.0044033467
/home/yogesh.patel/execution/25_9_2026_PRD_work/OCT2017_Test/test/CNV/CNV-412653-1.jpeg,0,CNV,CNV,CNV,True,0.011446243,0.95504737,0.008897878,0.00373784,0.007635982,0.0046616523,0.0049018906,0.0036711607
/home/yogesh.patel/execution/25_9_2026_PRD_work/OCT2017_Test/test/CNV/CNV-417468-1.jpeg,0,CNV,CNV,CNV,True,0.0023312112,0.9786647,0.00393723,0.006979752,0.003716833,0.0014962698,0.0009084077,0.0019655167
/home/yogesh.patel/execution/25_9_2026_PRD_work/OCT2017_Test/test/CNV/CNV-4244160-1.jpeg,0,CNV,CNV,CNV,True,0.0064595565,0.9628599,0.00702988,0.0075562047,0.005555445,0.004046696,0.0035748098,0.002917366
/home/yogesh.patel/execution/25_9_2026_PRD_work/OCT2017_Test/test/CNV/CNV-4244160-2.jpeg,0,CNV,CNV,CNV,True,0.0037561897,0.96479356,0.0040358645,0.007319773,0.0058160583,0.0042031035,0.004638368,0.0054370756
/home/yogesh.patel/execution/25_9_2026_PRD_work/OCT2017_Test/test/CNV/CNV-4244160-3.jpeg,0,CNV,CNV,CNV,True,0.011441339,0.9623045,0.007501095,0.0044820975,0.0045308433,0.0022227734,0.0030154882,0.0045018783
/home/yogesh.patel/execution/25_9_2026_PRD_work/OCT2017_Test/test/CNV/CNV-4274486-1.jpeg,0,CNV,CNV,CNV,True,0.004968791,0.9446084,0.0046626017,0.014371737,0.0068500424,0.02066392,0.0024979098,0.0013765785
/home/yogesh.patel/execution/25_9_2026_PRD_work/OCT2017_Test/test/CNV/CNV-4283050-1.jpeg,0,CNV,CNV,CNV,True,0.008706653,0.8183049,0.017608754,0.13447173,0.010856955,0.003272094,0.004043419,0.002735403
/home/yogesh.patel/execution/25_9_2026_PRD_work/OCT2017_Test/test/CNV/CNV-4283050-2.jpeg,0,CNV,CNV,CNV,True,0.006395173,0.96657014,0.009003669,0.0055193044,0.0056233234,0.0019064113,0.0021597988,0.0028221845
/home/yogesh.patel/execution/25_9_2026_PRD_work/OCT2017_Test/test/CNV/CNV-4464785-1.jpeg,0,CNV,CNV,CNV,True,0.009886002,0.95596087,0.0061772256,0.005996301,0.012917267,0.0030157259,0.004469845,0.0015768021
/home/yogesh.patel/execution/25_9_2026_PRD_work/OCT2017_Test/test/CNV/CNV-451136-1.jpeg,0,CNV,CNV,CNV,True,0.013416847,0.94952476,0.010652621,0.007264234,0.006576171,0.0028743087,0.0049163825,0.004774583
/home/yogesh.patel/execution/25_9_2026_PRD_work/OCT2017_Test/test/CNV/CNV-451136-2.jpeg,0,CNV,CNV,CNV,True,0.005689001,0.9651999,0.008981705,0.0028836601,0.0044312724,0.004922188,0.0010536945,0.0068386476
/home/yogesh.patel/execution/25_9_2026_PRD_work/OCT2017_Test/test/CNV/CNV-451136-3.jpeg,0,CNV,CNV,CNV,True,0.008025224,0.9669626,0.0048621926,0.005696918,0.003970916,0.0053602713,0.0023834507,0.002738431
/home/yogesh.patel/execution/25_9_2026_PRD_work/OCT2017_Test/test/CNV/CNV-451136-4.jpeg,0,CNV,CNV,CNV,True,0.011488065,0.9585419,0.01166704,0.0060940078,0.0036477563,0.0025924863,0.0032428445,0.0027258624
/home/yogesh.patel/execution/25_9_2026_PRD_work/OCT2017_Test/test/CNV/CNV-451136-5.jpeg,0,CNV,CNV,CNV,True,0.009456606,0.95997375,0.00728971,0.006205701,0.004400893,0.004054753,0.00503335,0.0035851914
/home/yogesh.patel/execution/25_9_2026_PRD_work/OCT2017_Test/test/CNV/CNV-451136-6.jpeg,0,CNV,CNV,CNV,True,0.011993337,0.9518764,0.010349162,0.009109135,0.0021069464,0.0020576299,0.0027873297,0.009720038
/home/yogesh.patel/execution/25_9_2026_PRD_work/OCT2017_Test/test/CNV/CNV-451136-7.jpeg,0,CNV,CNV,CNV,True,0.0052337386,0.9679648,0.0064369794,0.0040212558,0.0018217603,0.008319579,0.0015520053,0.00464983
/home/yogesh.patel/execution/25_9_2026_PRD_work/OCT2017_Test/test/CNV/CNV-457527-1.jpeg,0,CNV,CNV,CNV,True,0.009243705,0.95927167,0.007618918,0.0058790646,0.004825262,0.0037907644,0.0042143436,0.005156229
/home/yogesh.patel/execution/25_9_2026_PRD_work/OCT2017_Test/test/CNV/CNV-457907-1.jpeg,0,CNV,CNV,CNV,True,0.0076455446,0.93517315,0.006114324,0.025210353,0.007941413,0.002720912,0.0024888115,0.012705564
/home/yogesh.patel/execution/25_9_2026_PRD_work/OCT2017_Test/test/CNV/CNV-460403-1.jpeg,0,CNV,CNV,CNV,True,0.007139178,0.9546597,0.0030019707,0.010454282,0.0074360343,0.013243353,0.0023743184,0.0016911678
/home/yogesh.patel/execution/25_9_2026_PRD_work/OCT2017_Test/test/CNV/CNV-4643364-1.jpeg,0,CNV,CNV,CNV,True,0.01499128,0.951891,0.011259571,0.0030586405,0.0066739065,0.0022326112,0.0049448484,0.0049480894
/home/yogesh.patel/execution/25_9_2026_PRD_work/OCT2017_Test/test/CNV/CNV-4674526-1.jpeg,0,CNV,CNV,CNV,True,0.0060422453,0.96417934,0.009954908,0.0027938376,0.0055954237,0.0037604412,0.0024269891,0.0052469284
/home/yogesh.patel/execution/25_9_2026_PRD_work/OCT2017_Test/test/CNV/CNV-4740418-1.jpeg,0,CNV,CNV,CNV,True,0.009405658,0.93527365,0.01253402,0.024605418,0.00610822,0.003357361,0.0036806294,0.0050350544
/home/yogesh.patel/execution/25_9_2026_PRD_work/OCT2017_Test/test/CNV/CNV-4775389-1.jpeg,0,CNV,CNV,CNV,True,0.009261436,0.94238,0.0070096143,0.010715718,0.013759464,0.0048946757,0.006773598,0.0052054804
/home/yogesh.patel/execution/25_9_2026_PRD_work/OCT2017_Test/test/CNV/CNV-4884091-1.jpeg,0,CNV,CNV,CNV,True,0.006866049,0.9586486,0.0051230323,0.006307789,0.0071705612,0.005723026,0.008391923,0.001768908
/home/yogesh.patel/execution/25_9_2026_PRD_work/OCT2017_Test/test/CNV/CNV-4907724-1.jpeg,0,CNV,CNV,CNV,True,0.0074322145,0.95355105,0.004063143,0.006194619,0.008689777,0.013538683,0.0055124466,0.0010179876
/home/yogesh.patel/execution/25_9_2026_PRD_work/OCT2017_Test/test/CNV/CNV-4974377-1.jpeg,0,CNV,CNV,CNV,True,0.004673023,0.9742468,0.004231257,0.0021431937,0.0038290927,0.004198097,0.002977558,0.0037009951
/home/yogesh.patel/execution/25_9_2026_PRD_work/OCT2017_Test/test/CNV/CNV-5054419-1.jpeg,0,CNV,CNV,CNV,True,0.007832831,0.9572169,0.00561148,0.00844401,0.00915261,0.0024338586,0.0062727192,0.0030356185
/home/yogesh.patel/execution/25_9_2026_PRD_work/OCT2017_Test/test/CNV/CNV-5054419-2.jpeg,0,CNV,CNV,CNV,True,0.014859522,0.9533081,0.005132285,0.0049190167,0.010517341,0.0030570992,0.0044471878,0.0037594142
/home/yogesh.patel/execution/25_9_2026_PRD_work/OCT2017_Test/test/CNV/CNV-53018-1.jpeg,0,CNV,CNV,CNV,True,0.0074209804,0.8371042,0.005617597,0.06910228,0.011321808,0.056627035,0.010182958,0.0026230253
/home/yogesh.patel/execution/25_9_2026_PRD_work/OCT2017_Test/test/CNV/CNV-53018-2.jpeg,0,CNV,CNV,CNV,True,0.00601411,0.9657438,0.003713936,0.0017106907,0.007693217,0.009684488,0.002957675,0.0024820655
/home/yogesh.patel/execution/25_9_2026_PRD_work/OCT2017_Test/test/CNV/CNV-538779-1.jpeg,0,CNV,CNV,CNV,True,0.010741148,0.96328396,0.008735427,0.0037642475,0.0048986375,0.0013220261,0.0027894669,0.0044650994
/home/yogesh.patel/execution/25_9_2026_PRD_work/OCT2017_Test/test/CNV/CNV-538779-2.jpeg,0,CNV,CNV,CNV,True,0.010265796,0.9598154,0.010265473,0.003817603,0.005387235,0.0019467573,0.0037586656,0.0047431886
/home/yogesh.patel/execution/25_9_2026_PRD_work/OCT2017_Test/test/CNV/CNV-5409617-1.jpeg,0,CNV,CNV,CNV,True,0.0057911444,0.97036946,0.004878314,0.0030249003,0.0075306636,0.003053496,0.0028234283,0.0025286719
/home/yogesh.patel/execution/25_9_2026_PRD_work/OCT2017_Test/test/CNV/CNV-5429703-1.jpeg,0,CNV,CNV,CNV,True,0.0074432883,0.9545403,0.0125494925,0.006238263,0.005422627,0.0027809998,0.0061329706,0.0048921537
/home/yogesh.patel/execution/25_9_2026_PRD_work/OCT2017_Test/test/CNV/CNV-5429703-2.jpeg,0,CNV,CNV,CNV,True,0.008681377,0.9657177,0.0043172017,0.00295115,0.005604017,0.0039674663,0.0044877334,0.004273309
/home/yogesh.patel/execution/25_9_2026_PRD_work/OCT2017_Test/test/CNV/CNV-5431636-1.jpeg,0,CNV,CNV,CNV,True,0.007964568,0.9277588,0.0024083743,0.0065898024,0.0065243435,0.04392852,0.0028849728,0.0019405372
/home/yogesh.patel/execution/25_9_2026_PRD_work/OCT2017_Test/test/CNV/CNV-5431636-2.jpeg,0,CNV,CNV,CNV,True,0.0054352074,0.9753558,0.0036349082,0.002308656,0.002088986,0.0025391716,0.004546913,0.004090391
/home/yogesh.patel/execution/25_9_2026_PRD_work/OCT2017_Test/test/CNV/CNV-5457415-1.jpeg,0,CNV,CNV,CNV,True,0.008954143,0.96225226,0.009022294,0.0042029144,0.0046466775,0.0028299186,0.00278817,0.0053037633
/home/yogesh.patel/execution/25_9_2026_PRD_work/OCT2017_Test/test/CNV/CNV-5536678-1.jpeg,0,CNV,CNV,CNV,True,0.0037534165,0.97412825,0.005416607,0.0018508194,0.002235201,0.007449956,0.0018078755,0.0033578218
/home/yogesh.patel/execution/25_9_2026_PRD_work/OCT2017_Test/test/CNV/CNV-5536678-2.jpeg,0,CNV,CNV,CNV,True,0.007674387,0.9558835,0.00794963,0.009060118,0.004223178,0.0033710885,0.0033530595,0.008485001
/home/yogesh.patel/execution/25_9_2026_PRD_work/OCT2017_Test/test/CNV/CNV-5557306-1.jpeg,0,CNV,CNV,CNV,True,0.0110633485,0.9605534,0.0077594486,0.0021711509,0.0090006115,0.0025140482,0.0033689025,0.0035690824
/home/yogesh.patel/execution/25_9_2026_PRD_work/OCT2017_Test/test/CNV/CNV-5594757-1.jpeg,0,CNV,CNV,CNV,True,0.0055821915,0.97226274,0.008504778,0.0025968738,0.0037601625,0.002324411,0.0022156786,0.0027531995
/home/yogesh.patel/execution/25_9_2026_PRD_work/OCT2017_Test/test/CNV/CNV-5594757-2.jpeg,0,CNV,CNV,CNV,True,0.014782489,0.95054424,0.008950031,0.0045075915,0.010687761,0.002434716,0.0039498243,0.004143381
/home/yogesh.patel/execution/25_9_2026_PRD_work/OCT2017_Test/test/CNV/CNV-5603164-1.jpeg,0,CNV,CNV,CNV,True,0.0076400596,0.967654,0.0043700202,0.00292597,0.0068836375,0.0028999404,0.0042628413,0.003363462
/home/yogesh.patel/execution/25_9_2026_PRD_work/OCT2017_Test/test/CNV/CNV-564246-1.jpeg,0,CNV,CNV,CNV,True,0.009900005,0.9632046,0.0037696026,0.008393751,0.008399025,0.0015796839,0.0026178907,0.0021354603
/home/yogesh.patel/execution/25_9_2026_PRD_work/OCT2017_Test/test/CNV/CNV-5674369-1.jpeg,0,CNV,CNV,CNV,True,0.009164192,0.9650885,0.002875708,0.0054292623,0.007828668,0.00578532,0.0018969369,0.0019313864
/home/yogesh.patel/execution/25_9_2026_PRD_work/OCT2017_Test/test/CNV/CNV-5674369-2.jpeg,0,CNV,CNV,CNV,True,0.008697315,0.96394813,0.0047669197,0.004758372,0.009271749,0.0026595313,0.003058213,0.0028397862
/home/yogesh.patel/execution/25_9_2026_PRD_work/OCT2017_Test/test/CNV/CNV-5674369-3.jpeg,0,CNV,CNV,CNV,True,0.0063484665,0.9626639,0.0044581946,0.005789884,0.007387214,0.007641345,0.0030225522,0.0026885378
/home/yogesh.patel/execution/25_9_2026_PRD_work/OCT2017_Test/test/CNV/CNV-5674369-4.jpeg,0,CNV,CNV,CNV,True,0.0062536085,0.961221,0.003335377,0.004639394,0.0055653565,0.011575876,0.0036625436,0.0037469908
/home/yogesh.patel/execution/25_9_2026_PRD_work/OCT2017_Test/test/CNV/CNV-5674369-5.jpeg,0,CNV,CNV,CNV,True,0.0068512294,0.9619898,0.00671759,0.0059505077,0.003988616,0.005785156,0.0047268546,0.0039901403
/home/yogesh.patel/execution/25_9_2026_PRD_work/OCT2017_Test/test/CNV/CNV-5760454-1.jpeg,0,CNV,CNV,CNV,True,0.0048095635,0.9532741,0.002761713,0.005239061,0.0043339133,0.0209999,0.0056987554,0.0028830601
/home/yogesh.patel/execution/25_9_2026_PRD_work/OCT2017_Test/test/CNV/CNV-5813701-1.jpeg,0,CNV,CNV,CNV,True,0.010339151,0.9607999,0.006950668,0.004133578,0.010655262,0.0016189046,0.0035954185,0.0019071783
/home/yogesh.patel/execution/25_9_2026_PRD_work/OCT2017_Test/test/CNV/CNV-5813701-2.jpeg,0,CNV,CNV,CNV,True,0.011220157,0.93834686,0.0041497597,0.020168046,0.01470424,0.004388832,0.0043564704,0.0026655763
/home/yogesh.patel/execution/25_9_2026_PRD_work/OCT2017_Test/test/CNV/CNV-5813701-3.jpeg,0,CNV,CNV,CNV,True,0.023445098,0.84903556,0.009000593,0.07986959,0.022835948,0.005801853,0.006371815,0.0036395346
/home/yogesh.patel/execution/25_9_2026_PRD_work/OCT2017_Test/test/CNV/CNV-5824631-1.jpeg,0,CNV,CNV,CNV,True,0.009468921,0.9570018,0.006973416,0.0046888394,0.01015758,0.003330577,0.006512103,0.001866709
/home/yogesh.patel/execution/25_9_2026_PRD_work/OCT2017_Test/test/CNV/CNV-5861916-1.jpeg,0,CNV,CNV,CNV,True,0.0061513647,0.87290436,0.008999856,0.08868895,0.011936258,0.0025241743,0.0035876092,0.005207443
/home/yogesh.patel/execution/25_9_2026_PRD_work/OCT2017_Test/test/CNV/CNV-5861916-2.jpeg,0,CNV,CNV,CNV,True,0.01375895,0.94282573,0.008743406,0.017204478,0.007987049,0.0030728222,0.0035185392,0.0028890262
/home/yogesh.patel/execution/25_9_2026_PRD_work/OCT2017_Test/test/CNV/CNV-5861916-3.jpeg,0,CNV,CNV,CNV,True,0.009468019,0.94758326,0.018268142,0.011012693,0.0069701993,0.0013901573,0.002590546,0.0027169487
/home/yogesh.patel/execution/25_9_2026_PRD_work/OCT2017_Test/test/CNV/CNV-5861916-4.jpeg,0,CNV,CNV,CNV,True,0.01083338,0.96466064,0.0052107945,0.004296764,0.006415841,0.0014036432,0.0042240433,0.0029549072
/home/yogesh.patel/execution/25_9_2026_PRD_work/OCT2017_Test/test/CNV/CNV-5861916-5.jpeg,0,CNV,CNV,CNV,True,0.005429535,0.9588133,0.0089827385,0.012719207,0.0051982407,0.0018621793,0.003168045,0.003826724
/home/yogesh.patel/execution/25_9_2026_PRD_work/OCT2017_Test/test/CNV/CNV-5904584-1.jpeg,0,CNV,CNV,CNV,True,0.012156611,0.8953454,0.008290847,0.058563456,0.015043865,0.0033063598,0.005988277,0.0013052056
/home/yogesh.patel/execution/25_9_2026_PRD_work/OCT2017_Test/test/CNV/CNV-5904584-2.jpeg,0,CNV,CNV,CNV,True,0.007660671,0.96687526,0.006732599,0.0022767673,0.0055355583,0.0038842726,0.0035992048,0.0034356562
/home/yogesh.patel/execution/25_9_2026_PRD_work/OCT2017_Test/test/CNV/CNV-5904584-3.jpeg,0,CNV,CNV,CNV,True,0.00513389,0.97150975,0.00481319,0.004509946,0.0043334966,0.0038044907,0.0040930803,0.0018021391
/home/yogesh.patel/execution/25_9_2026_PRD_work/OCT2017_Test/test/CNV/CNV-5969175-1.jpeg,0,CNV,CNV,CNV,True,0.0066792537,0.9695267,0.0039608534,0.0017007133,0.008035141,0.0055167438,0.0022923322,0.0022882607
/home/yogesh.patel/execution/25_9_2026_PRD_work/OCT2017_Test/test/CNV/CNV-5969175-2.jpeg,0,CNV,CNV,CNV,True,0.0071322126,0.95193076,0.00605058,0.007728226,0.012500453,0.0067764507,0.004892688,0.0029885147
/home/yogesh.patel/execution/25_9_2026_PRD_work/OCT2017_Test/test/CNV/CNV-6053140-1.jpeg,0,CNV,CNV,CNV,True,0.011541911,0.7032794,0.005602782,0.006109436,0.01012517,0.25328535,0.0040449863,0.0060109873
/home/yogesh.patel/execution/25_9_2026_PRD_work/OCT2017_Test/test/CNV/CNV-6190971-1.jpeg,0,CNV,CNV,CNV,True,0.00948427,0.9579655,0.006195876,0.013145942,0.0043940367,0.0032002009,0.003403193,0.002211018
/home/yogesh.patel/execution/25_9_2026_PRD_work/OCT2017_Test/test/CNV/CNV-6215140-1.jpeg,0,CNV,CNV,CNV,True,0.007684428,0.9623277,0.009749596,0.0041071493,0.0038042886,0.0034057808,0.004873464,0.0040476075
/home/yogesh.patel/execution/25_9_2026_PRD_work/OCT2017_Test/test/CNV/CNV-6215140-2.jpeg,0,CNV,CNV,CNV,True,0.0062270393,0.9699875,0.0031517546,0.0037733275,0.008368632,0.0031973126,0.0027500857,0.0025444264
/home/yogesh.patel/execution/25_9_2026_PRD_work/OCT2017_Test/test/CNV/CNV-624911-1.jpeg,0,CNV,CNV,CNV,True,0.012584296,0.9385082,0.0047878847,0.017283762,0.012359373,0.005371258,0.0062547396,0.0028504687
/home/yogesh.patel/execution/25_9_2026_PRD_work/OCT2017_Test/test/CNV/CNV-624911-2.jpeg,0,CNV,CNV,CNV,True,0.009003789,0.9625268,0.004028489,0.005989568,0.010872969,0.0030975654,0.002395127,0.002085632
/home/yogesh.patel/execution/25_9_2026_PRD_work/OCT2017_Test/test/CNV/CNV-624911-3.jpeg,0,CNV,CNV,CNV,True,0.01097377,0.96126115,0.004763971,0.008983108,0.005682442,0.0030674885,0.0040181573,0.0012499286
/home/yogesh.patel/execution/25_9_2026_PRD_work/OCT2017_Test/test/CNV/CNV-6256161-1.jpeg,0,CNV,CNV,CNV,True,0.00820546,0.8329569,0.009662155,0.0026991651,0.0070375907,0.12981571,0.0055841175,0.004038993
/home/yogesh.patel/execution/25_9_2026_PRD_work/OCT2017_Test/test/CNV/CNV-732516-1.jpeg,0,CNV,CNV,CNV,True,0.007862944,0.96549714,0.005247222,0.0033713384,0.0051992624,0.0047827126,0.0051515675,0.002887902
/home/yogesh.patel/execution/25_9_2026_PRD_work/OCT2017_Test/test/CNV/CNV-732516-2.jpeg,0,CNV,CNV,CNV,True,0.011718718,0.9526974,0.010460594,0.0049403864,0.008775433,0.0037726255,0.004100008,0.003534908
/home/yogesh.patel/execution/25_9_2026_PRD_work/OCT2017_Test/test/CNV/CNV-732516-3.jpeg,0,CNV,CNV,CNV,True,0.008542838,0.965856,0.005423058,0.0025240025,0.0057911053,0.004312415,0.003987071,0.0035635442
/home/yogesh.patel/execution/25_9_2026_PRD_work/OCT2017_Test/test/CNV/CNV-732516-4.jpeg,0,CNV,CNV,CNV,True,0.008000481,0.95603037,0.009854406,0.006081435,0.0077682813,0.0050827386,0.0044411356,0.0027410784
/home/yogesh.patel/execution/25_9_2026_PRD_work/OCT2017_Test/test/CNV/CNV-743852-1.jpeg,0,CNV,CNV,CNV,True,0.014241385,0.9456868,0.010944833,0.011382177,0.004073511,0.008844296,0.0029974873,0.001829455
/home/yogesh.patel/execution/25_9_2026_PRD_work/OCT2017_Test/test/CNV/CNV-776149-1.jpeg,0,CNV,CNV,CNV,True,0.021072585,0.9403137,0.013348476,0.0032943957,0.010627486,0.002037771,0.0051701223,0.0041354843
/home/yogesh.patel/execution/25_9_2026_PRD_work/OCT2017_Test/test/CNV/CNV-779442-1.jpeg,0,CNV,CNV,CNV,True,0.004628646,0.96794355,0.0052840966,0.0015634678,0.0031955205,0.0102635,0.0043612653,0.0027599423
/home/yogesh.patel/execution/25_9_2026_PRD_work/OCT2017_Test/test/CNV/CNV-779442-2.jpeg,0,CNV,CNV,CNV,True,0.004833101,0.9314447,0.0035989245,0.003536154,0.0055415104,0.038694184,0.0065886783,0.005762718
/home/yogesh.patel/execution/25_9_2026_PRD_work/OCT2017_Test/test/CNV/CNV-779442-3.jpeg,0,CNV,CNV,CNV,True,0.0053859786,0.9522783,0.0042392006,0.0036578658,0.007762435,0.01956184,0.004218896,0.0028954626
/home/yogesh.patel/execution/25_9_2026_PRD_work/OCT2017_Test/test/CNV/CNV-781814-1.jpeg,0,CNV,CNV,CNV,True,0.00823712,0.95989853,0.0105708735,0.0037274915,0.0042732884,0.0061486396,0.0028235568,0.004320449
/home/yogesh.patel/execution/25_9_2026_PRD_work/OCT2017_Test/test/CNV/CNV-794538-1.jpeg,0,CNV,CNV,CNV,True,0.0041880812,0.96180063,0.005189344,0.0013157825,0.002303222,0.015565857,0.0039467304,0.0056903176
/home/yogesh.patel/execution/25_9_2026_PRD_work/OCT2017_Test/test/CNV/CNV-794538-2.jpeg,0,CNV,CNV,CNV,True,0.007785625,0.9635007,0.014606091,0.0034503296,0.004077871,0.0025795754,0.001048781,0.0029509868
/home/yogesh.patel/execution/25_9_2026_PRD_work/OCT2017_Test/test/CNV/CNV-81630-1.jpeg,0,CNV,CNV,CNV,True,0.007373936,0.9643565,0.007754214,0.0031752854,0.0049785986,0.002514031,0.0037816097,0.0060659377
/home/yogesh.patel/execution/25_9_2026_PRD_work/OCT2017_Test/test/CNV/CNV-81630-2.jpeg,0,CNV,CNV,CNV,True,0.0065838634,0.96693176,0.005804903,0.0040765386,0.0024885326,0.00322468,0.004838644,0.0060510803
/home/yogesh.patel/execution/25_9_2026_PRD_work/OCT2017_Test/test/CNV/CNV-81630-3.jpeg,0,CNV,CNV,CNV,True,0.008575126,0.94961494,0.0059655635,0.006612689,0.0071110763,0.0025208273,0.004939411,0.01466043
/home/yogesh.patel/execution/25_9_2026_PRD_work/OCT2017_Test/test/CNV/CNV-81630-4.jpeg,0,CNV,CNV,CNV,True,0.011080394,0.9429582,0.0063368916,0.008072629,0.0071041095,0.0069085867,0.0072225053,0.010316648
/home/yogesh.patel/execution/25_9_2026_PRD_work/OCT2017_Test/test/CNV/CNV-827677-1.jpeg,0,CNV,CNV,CNV,True,0.005699236,0.9673523,0.0030001588,0.0034492072,0.011513103,0.004459413,0.0029600172,0.0015666079
/home/yogesh.patel/execution/25_9_2026_PRD_work/OCT2017_Test/test/CNV/CNV-830921-1.jpeg,0,CNV,CNV,CNV,True,0.009738208,0.69920254,0.011716693,0.0042626755,0.010067993,0.25441974,0.0059556463,0.004636535
/home/yogesh.patel/execution/25_9_2026_PRD_work/OCT2017_Test/test/CNV/CNV-865813-1.jpeg,0,CNV,CNV,CNV,True,0.00801652,0.9648182,0.008514851,0.0025558993,0.0051469407,0.0018149804,0.004145569,0.0049869735
/home/yogesh.patel/execution/25_9_2026_PRD_work/OCT2017_Test/test/CNV/CNV-904464-1.jpeg,0,CNV,CNV,CNV,True,0.0182353,0.94824344,0.0055907955,0.0031473911,0.013988098,0.0018857936,0.0050110123,0.0038981983
/home/yogesh.patel/execution/25_9_2026_PRD_work/OCT2017_Test/test/CNV/CNV-904464-2.jpeg,0,CNV,CNV,CNV,True,0.009147123,0.9681502,0.006249351,0.0016791195,0.0043015988,0.0023400618,0.004402901,0.0037296102
/home/yogesh.patel/execution/25_9_2026_PRD_work/OCT2017_Test/test/CNV/CNV-904464-3.jpeg,0,CNV,CNV,CNV,True,0.0114295995,0.96051437,0.008746588,0.0042614844,0.0054173297,0.0016753912,0.0045417636,0.0034134637
/home/yogesh.patel/execution/25_9_2026_PRD_work/OCT2017_Test/test/CNV/CNV-904464-4.jpeg,0,CNV,CNV,CNV,True,0.011866968,0.95706123,0.008276917,0.0049480256,0.0066299187,0.0029190816,0.0056825876,0.0026152772
/home/yogesh.patel/execution/25_9_2026_PRD_work/OCT2017_Test/test/CNV/CNV-909994-1.jpeg,0,CNV,CNV,CNV,True,0.008428616,0.94071954,0.005399677,0.018193739,0.01299988,0.005881289,0.006426892,0.0019502833
/home/yogesh.patel/execution/25_9_2026_PRD_work/OCT2017_Test/test/CNV/CNV-933576-1.jpeg,0,CNV,CNV,CNV,True,0.004938724,0.96340233,0.005915932,0.0067015197,0.005221742,0.008058238,0.0033432716,0.0024181744
/home/yogesh.patel/execution/25_9_2026_PRD_work/OCT2017_Test/test/CNV/CNV-933576-2.jpeg,0,CNV,CNV,CNV,True,0.008903256,0.9660071,0.0073103425,0.0019272552,0.0046929275,0.0029635886,0.0033795398,0.004816032
/home/yogesh.patel/execution/25_9_2026_PRD_work/OCT2017_Test/test/CNV/CNV-933576-3.jpeg,0,CNV,CNV,CNV,True,0.008694678,0.9622093,0.005274682,0.006314702,0.004565882,0.004805617,0.0055125677,0.002622612
/home/yogesh.patel/execution/25_9_2026_PRD_work/OCT2017_Test/test/CNV/CNV-933576-4.jpeg,0,CNV,CNV,CNV,True,0.011538547,0.92192596,0.00550023,0.026178168,0.017653413,0.011018393,0.005036135,0.0011491727
/home/yogesh.patel/execution/25_9_2026_PRD_work/OCT2017_Test/test/CNV/CNV-954024-1.jpeg,0,CNV,CNV,CNV,True,0.0075832726,0.95703435,0.004556303,0.0060525434,0.008366038,0.009467081,0.0020782456,0.0048620864
/home/yogesh.patel/execution/25_9_2026_PRD_work/OCT2017_Test/test/CNV/CNV-987193-1.jpeg,0,CNV,CNV,CNV,True,0.009271638,0.9536489,0.0051376736,0.0072584176,0.008783406,0.013300395,0.0016231523,0.0009764646
/home/yogesh.patel/execution/25_9_2026_PRD_work/OCT2017_Test/test/CNV/CNV-987193-2.jpeg,0,CNV,CNV,CNV,True,0.010763391,0.9574326,0.0035191623,0.006705869,0.014314669,0.0029393297,0.0030353775,0.0012896515
/home/yogesh.patel/execution/25_9_2026_PRD_work/OCT2017_Test/test/CNV/CNV-995513-1.jpeg,0,CNV,CNV,CNV,True,0.0063054943,0.9683924,0.0058154487,0.0021224408,0.0047037913,0.004209504,0.004117473,0.0043334966
/home/yogesh.patel/execution/25_9_2026_PRD_work/OCT2017_Test/test/DME/DME-1081406-1.jpeg,1,DME,DME,DME,True,0.009169614,0.031397644,0.0069434782,0.919092,0.0092506595,0.0151926745,0.0062400363,0.0027137622
/home/yogesh.patel/execution/25_9_2026_PRD_work/OCT2017_Test/test/DME/DME-1102486-1.jpeg,1,DME,DME,DME,True,0.004601695,0.004259425,0.0036482252,0.9652322,0.0031979096,0.004346864,0.010606952,0.004106701
/home/yogesh.patel/execution/25_9_2026_PRD_work/OCT2017_Test/test/DME/DME-1102486-2.jpeg,1,DME,DME,DME,True,0.0057822685,0.0066205044,0.004804438,0.9641408,0.0040123467,0.004770576,0.007546237,0.0023228081
/home/yogesh.patel/execution/25_9_2026_PRD_work/OCT2017_Test/test/DME/DME-1102486-3.jpeg,1,DME,DME,DME,True,0.0044881064,0.0039856383,0.0042906366,0.9614031,0.0053867935,0.0072223633,0.008813765,0.0044096885
/home/yogesh.patel/execution/25_9_2026_PRD_work/OCT2017_Test/test/DME/DME-1102486-4.jpeg,1,DME,DME,DME,True,0.0043708044,0.00878471,0.004087657,0.9663671,0.0035886215,0.0038342767,0.0063810833,0.0025857969
/home/yogesh.patel/execution/25_9_2026_PRD_work/OCT2017_Test/test/DME/DME-11053-1.jpeg,1,DME,DME,DME,True,0.0029734431,0.01582822,0.0030674662,0.96052194,0.0027165308,0.005166454,0.0033409535,0.006385011
/home/yogesh.patel/execution/25_9_2026_PRD_work/OCT2017_Test/test/DME/DME-119840-1.jpeg,1,DME,DME,DME,True,0.004642279,0.017992513,0.005150115,0.9547812,0.010409036,0.003137719,0.0016524362,0.0022347942
/home/yogesh.patel/execution/25_9_2026_PRD_work/OCT2017_Test/test/DME/DME-1274315-1.jpeg,1,DME,DME,DME,True,0.008060429,0.0071668513,0.005113128,0.95693314,0.0031740384,0.005684551,0.009951388,0.0039165784
/home/yogesh.patel/execution/25_9_2026_PRD_work/OCT2017_Test/test/DME/DME-1274315-2.jpeg,1,DME,DME,DME,True,0.005323489,0.0070097945,0.0042461264,0.96192074,0.0036508755,0.0038393163,0.0101336455,0.0038759324
/home/yogesh.patel/execution/25_9_2026_PRD_work/OCT2017_Test/test/DME/DME-138971-1.jpeg,1,DME,DME,DME,True,0.006736315,0.004799576,0.0054080416,0.95976233,0.0052342955,0.005889776,0.010487902,0.0016817346
/home/yogesh.patel/execution/25_9_2026_PRD_work/OCT2017_Test/test/DME/DME-138971-2.jpeg,1,DME,DME,DME,True,0.009534099,0.021091541,0.0052384464,0.93770355,0.009642542,0.008521549,0.005345289,0.0029228812
/home/yogesh.patel/execution/25_9_2026_PRD_work/OCT2017_Test/test/DME/DME-1430899-1.jpeg,1,DME,DME,DME,True,0.0037276016,0.01098618,0.0028846927,0.97156376,0.0061405245,0.0032748822,0.00080233393,0.000619985
/home/yogesh.patel/execution/25_9_2026_PRD_work/OCT2017_Test/test/DME/DME-1479682-1.jpeg,1,DME,DME,DME,True,0.010925801,0.06903934,0.008536979,0.86693996,0.0133625595,0.0197827,0.0066838064,0.004728794
/home/yogesh.patel/execution/25_9_2026_PRD_work/OCT2017_Test/test/DME/DME-15208-1.jpeg,1,DME,DME,DME,True,0.00072026125,0.0008475909,0.0007295066,0.9939866,0.001617077,0.00052717584,0.00050367427,0.001067948
/home/yogesh.patel/execution/25_9_2026_PRD_work/OCT2017_Test/test/DME/DME-15208-2.jpeg,1,DME,DME,DME,True,0.0013935202,0.0067872307,0.0011861996,0.9848972,0.0015078693,0.0010713288,0.0011786355,0.0019780525
/home/yogesh.patel/execution/25_9_2026_PRD_work/OCT2017_Test/test/DME/DME-2091157-1.jpeg,1,DME,DME,DME,True,0.005562999,0.0073914025,0.0043320367,0.93607426,0.018702073,0.019421728,0.0056348876,0.0028806606
/home/yogesh.patel/execution/25_9_2026_PRD_work/OCT2017_Test/test/DME/DME-2105194-1.jpeg,1,DME,DME,DME,True,0.0029749156,0.0052926894,0.0029673828,0.97631174,0.0036396768,0.001336899,0.0021175884,0.0053591477
/home/yogesh.patel/execution/25_9_2026_PRD_work/OCT2017_Test/test/DME/DME-2126962-1.jpeg,1,DME,DME,DME,True,0.0070950203,0.003869223,0.004140287,0.9706048,0.0041966406,0.0040489407,0.0048244987,0.0012206179
/home/yogesh.patel/execution/25_9_2026_PRD_work/OCT2017_Test/test/DME/DME-2261889-1.jpeg,1,DME,DME,DME,True,0.00624816,0.08971598,0.0048762895,0.87206846,0.013436647,0.009975079,0.0018236077,0.0018557344
/home/yogesh.patel/execution/25_9_2026_PRD_work/OCT2017_Test/test/DME/DME-2556938-1.jpeg,1,DME,DME,DME,True,0.0021262171,0.004134908,0.00213762,0.9770508,0.0023035374,0.003831049,0.004752972,0.003662929
/home/yogesh.patel/execution/25_9_2026_PRD_work/OCT2017_Test/test/DME/DME-2630113-1.jpeg,1,DME,DME,DME,True,0.0038816934,0.0016391715,0.002544349,0.9690561,0.007791698,0.0050550094,0.0048487587,0.005183198
/home/yogesh.patel/execution/25_9_2026_PRD_work/OCT2017_Test/test/DME/DME-2630665-1.jpeg,1,DME,DME,DME,True,0.011765758,0.08232728,0.0070045134,0.8684557,0.007973266,0.007040648,0.010441399,0.0049914275
/home/yogesh.patel/execution/25_9_2026_PRD_work/OCT2017_Test/test/DME/DME-269181-1.jpeg,1,DME,DME,DME,True,0.0036121823,0.0065689664,0.0032392272,0.9744903,0.0038922795,0.003366539,0.0023942594,0.0024363117
/home/yogesh.patel/execution/25_9_2026_PRD_work/OCT2017_Test/test/DME/DME-269181-2.jpeg,1,DME,DME,DME,True,0.002693197,0.0036954412,0.0021519628,0.98203087,0.0027351705,0.0027196512,0.0017377787,0.0022360126
/home/yogesh.patel/execution/25_9_2026_PRD_work/OCT2017_Test/test/DME/DME-269181-3.jpeg,1,DME,DME,DME,True,0.0024126628,0.0037345397,0.0016890651,0.97952044,0.0013381491,0.0033681034,0.0027824882,0.0051545254
/home/yogesh.patel/execution/25_9_2026_PRD_work/OCT2017_Test/test/DME/DME-2716523-1.jpeg,1,DME,DME,DME,True,0.0044514807,0.007827882,0.0034565616,0.96616924,0.0024868143,0.0029664442,0.008133808,0.004507701
/home/yogesh.patel/execution/25_9_2026_PRD_work/OCT2017_Test/test/DME/DME-2763635-1.jpeg,1,DME,DME,DME,True,0.00712789,0.020368231,0.0052141445,0.9260053,0.008895,0.02858351,0.002381594,0.0014242796
/home/yogesh.patel/execution/25_9_2026_PRD_work/OCT2017_Test/test/DME/DME-30521-1.jpeg,1,DME,DME,DME,True,0.0070362384,0.010851576,0.0059203566,0.9576761,0.009176551,0.00480373,0.0033416091,0.001193909
/home/yogesh.patel/execution/25_9_2026_PRD_work/OCT2017_Test/test/DME/DME-30521-10.jpeg,1,DME,DME,DME,True,0.0019137543,0.0019189811,0.0016055255,0.9829312,0.004141814,0.002653103,0.0019443476,0.002891225
/home/yogesh.patel/execution/25_9_2026_PRD_work/OCT2017_Test/test/DME/DME-30521-11.jpeg,1,DME,DME,DME,True,0.007531262,0.0069456147,0.0045050355,0.9612658,0.004643382,0.0050488613,0.00699775,0.0030623383
/home/yogesh.patel/execution/25_9_2026_PRD_work/OCT2017_Test/test/DME/DME-30521-12.jpeg,1,DME,DME,DME,True,0.008438099,0.0053439867,0.004751406,0.9633314,0.0050554853,0.005546244,0.0059382212,0.0015951404
/home/yogesh.patel/execution/25_9_2026_PRD_work/OCT2017_Test/test/DME/DME-30521-13.jpeg,1,DME,DME,DME,True,0.0056221434,0.008375728,0.0041291993,0.9688986,0.0065683243,0.0027628068,0.0023341859,0.0013090401
/home/yogesh.patel/execution/25_9_2026_PRD_work/OCT2017_Test/test/DME/DME-30521-2.jpeg,1,DME,DME,DME,True,0.003202276,0.0018945022,0.0020933303,0.9787361,0.003420765,0.0046466314,0.0028734477,0.00313289
/home/yogesh.patel/execution/25_9_2026_PRD_work/OCT2017_Test/test/DME/DME-30521-3.jpeg,1,DME,DME,DME,True,0.004025924,0.0018205813,0.0026447612,0.9754461,0.0031041661,0.004815362,0.0043061255,0.0038369666
/home/yogesh.patel/execution/25_9_2026_PRD_work/OCT2017_Test/test/DME/DME-30521-4.jpeg,1,DME,DME,DME,True,0.0072031347,0.0043589883,0.0038697205,0.9719426,0.003502707,0.0033056606,0.004038349,0.0017787688
/home/yogesh.patel/execution/25_9_2026_PRD_work/OCT2017_Test/test/DME/DME-30521-5.jpeg,1,DME,DME,DME,True,0.005713558,0.0031317808,0.004057097,0.9734451,0.0064646318,0.002312516,0.0036360158,0.001239276
/home/yogesh.patel/execution/25_9_2026_PRD_work/OCT2017_Test/test/DME/DME-30521-6.jpeg,1,DME,DME,DME,True,0.009299562,0.013776387,0.005692116,0.94922954,0.007101397,0.006598189,0.0063273604,0.001975407
/home/yogesh.patel/execution/25_9_2026_PRD_work/OCT2017_Test/test/DME/DME-30521-7.jpeg,1,DME,DME,DME,True,0.0086504035,0.007700747,0.0056669815,0.9556546,0.0045050317,0.0062354277,0.009496342,0.0020904809
/home/yogesh.patel/execution/25_9_2026_PRD_work/OCT2017_Test/test/DME/DME-30521-8.jpeg,1,DME,DME,DME,True,0.0046444843,0.009337833,0.0042058835,0.96455836,0.00628667,0.0033289085,0.0035759252,0.0040618484
/home/yogesh.patel/execution/25_9_2026_PRD_work/OCT2017_Test/test/DME/DME-30521-9.jpeg,1,DME,DME,DME,True,0.0058608814,0.005659275,0.0046694255,0.968877,0.005349603,0.0036164292,0.004113941,0.0018534331
/home/yogesh.patel/execution/25_9_2026_PRD_work/OCT2017_Test/test/DME/DME-306172-1.jpeg,1,DME,DME,DME,True,0.0039479625,0.00096022,0.0018628308,0.97718155,0.010385915,0.0026298813,0.00060779747,0.0024238902
/home/yogesh.patel/execution/25_9_2026_PRD_work/OCT2017_Test/test/DME/DME-3064922-1.jpeg,1,DME,DME,DME,True,0.0070921932,0.0061687306,0.0026093728,0.961585,0.005166882,0.008850104,0.0046733157,0.0038543849
/home/yogesh.patel/execution/25_9_2026_PRD_work/OCT2017_Test/test/DME/DME-3157783-1.jpeg,1,DME,DME,DME,True,0.0071183927,0.0018149667,0.004270394,0.9692141,0.00350542,0.0057391617,0.0059796395,0.0023578778
/home/yogesh.patel/execution/25_9_2026_PRD_work/OCT2017_Test/test/DME/DME-323904-1.jpeg,1,DME,DME,DME,True,0.002947003,0.0039328597,0.0027274867,0.97107464,0.001888537,0.0043577403,0.008379362,0.0046923268
/home/yogesh.patel/execution/25_9_2026_PRD_work/OCT2017_Test/test/DME/DME-323904-2.jpeg,1,DME,DME,DME,True,0.0048705433,0.0139360605,0.0041159117,0.9633574,0.004762095,0.0037983702,0.0032790762,0.0018804928
/home/yogesh.patel/execution/25_9_2026_PRD_work/OCT2017_Test/test/DME/DME-3288089-1.jpeg,1,DME,CNV,CNV,False,0.010120787,0.6237252,0.0079785595,0.32831895,0.011430775,0.005649671,0.007619394,0.0051565873
/home/yogesh.patel/execution/25_9_2026_PRD_work/OCT2017_Test/test/DME/DME-3475211-1.jpeg,1,DME,DME,DME,True,0.012064513,0.124022305,0.010019122,0.83012384,0.010012164,0.0060225795,0.0057827076,0.001952751
/home/yogesh.patel/execution/25_9_2026_PRD_work/OCT2017_Test/test/DME/DME-3722280-1.jpeg,1,DME,DME,DME,True,0.0035367736,0.032343436,0.0045288615,0.9410579,0.0062859957,0.005651026,0.004460792,0.002135254
/home/yogesh.patel/execution/25_9_2026_PRD_work/OCT2017_Test/test/DME/DME-3731953-1.jpeg,1,DME,DME,DME,True,0.0073918123,0.0025061266,0.0051997285,0.9657287,0.008260752,0.007954469,0.0021445926,0.0008139664
/home/yogesh.patel/execution/25_9_2026_PRD_work/OCT2017_Test/test/DME/DME-37503-1.jpeg,1,DME,DME,DME,True,0.0061089466,0.0066605597,0.004051947,0.9540607,0.0034481268,0.008858174,0.012070358,0.0047411923
/home/yogesh.patel/execution/25_9_2026_PRD_work/OCT2017_Test/test/DME/DME-3791742-1.jpeg,1,DME,DME,DME,True,0.005557082,0.009176092,0.0038869414,0.96551037,0.0063908664,0.0066730306,0.001849247,0.0009563611
/home/yogesh.patel/execution/25_9_2026_PRD_work/OCT2017_Test/test/DME/DME-3810791-1.jpeg,1,DME,DME,DME,True,0.006629646,0.038225718,0.0052692625,0.93150884,0.005850589,0.005575847,0.0043840706,0.002556006
/home/yogesh.patel/execution/25_9_2026_PRD_work/OCT2017_Test/test/DME/DME-3921035-1.jpeg,1,DME,DME,DME,True,0.004142288,0.003150286,0.0027717783,0.9716195,0.0022401104,0.004407597,0.0073803496,0.004288096
/home/yogesh.patel/execution/25_9_2026_PRD_work/OCT2017_Test/test/DME/DME-4079773-1.jpeg,1,DME,DME,DME,True,0.0042146253,0.0073385434,0.0028631503,0.96783227,0.003650349,0.003900972,0.0060525923,0.0041475366
/home/yogesh.patel/execution/25_9_2026_PRD_work/OCT2017_Test/test/DME/DME-4117019-1.jpeg,1,DME,DME,DME,True,0.0053098146,0.01882253,0.0040173996,0.9577951,0.004288454,0.0023296757,0.005188661,0.002248406
/home/yogesh.patel/execution/25_9_2026_PRD_work/OCT2017_Test/test/DME/DME-4146088-1.jpeg,1,DME,DME,DME,True,0.005720734,0.01757355,0.0046316897,0.9583991,0.004439126,0.0027361563,0.0040480923,0.002451484
/home/yogesh.patel/execution/25_9_2026_PRD_work/OCT2017_Test/test/DME/DME-4240465-1.jpeg,1,DME,DME,DME,True,0.0034726574,0.0043061906,0.0025801256,0.9682058,0.001599295,0.005139381,0.009592819,0.005103643
/home/yogesh.patel/execution/25_9_2026_PRD_work/OCT2017_Test/test/DME/DME-4240465-2.jpeg,1,DME,DME,DME,True,0.0019232554,0.004809482,0.0019638326,0.98065954,0.0034405417,0.0015790799,0.002662943,0.0029612759
/home/yogesh.patel/execution/25_9_2026_PRD_work/OCT2017_Test/test/DME/DME-4244491-1.jpeg,1,DME,DME,DME,True,0.003194011,0.000947273,0.0020730605,0.98463386,0.0020083762,0.0026928943,0.0024788356,0.0019716814
/home/yogesh.patel/execution/25_9_2026_PRD_work/OCT2017_Test/test/DME/DME-4298019-1.jpeg,1,DME,DME,DME,True,0.00586493,0.008836293,0.0042512044,0.9555873,0.0076338938,0.009862848,0.0057450035,0.0022185927
/home/yogesh.patel/execution/25_9_2026_PRD_work/OCT2017_Test/test/DME/DME-4336607-1.jpeg,1,DME,DME,DME,True,0.00588658,0.04070772,0.005149325,0.92264926,0.0060022697,0.008241788,0.007664416,0.0036986866
/home/yogesh.patel/execution/25_9_2026_PRD_work/OCT2017_Test/test/DME/DME-4478609-1.jpeg,1,DME,DME,DME,True,0.002841484,0.0075837397,0.0023813532,0.96741474,0.005888419,0.007165419,0.0028809304,0.0038439336
/home/yogesh.patel/execution/25_9_2026_PRD_work/OCT2017_Test/test/DME/DME-4616882-1.jpeg,1,DME,DME,DME,True,0.0035449578,0.004446233,0.0027122938,0.9662652,0.0022030715,0.005159256,0.00939658,0.0062724454
/home/yogesh.patel/execution/25_9_2026_PRD_work/OCT2017_Test/test/DME/DME-462675-1.jpeg,1,DME,DME,DME,True,0.007930749,0.014621651,0.0052433484,0.9411866,0.013087416,0.014965582,0.002026578,0.00093808596
/home/yogesh.patel/execution/25_9_2026_PRD_work/OCT2017_Test/test/DME/DME-4634094-1.jpeg,1,DME,DME,DME,True,0.0064703594,0.004676852,0.003496189,0.96984667,0.005764637,0.0030053572,0.004129384,0.0026105533
/home/yogesh.patel/execution/25_9_2026_PRD_work/OCT2017_Test/test/DME/DME-4634094-2.jpeg,1,DME,DME,DME,True,0.009912459,0.0067216055,0.0047681285,0.95975316,0.007934578,0.0057758684,0.0036129863,0.0015212545
/home/yogesh.patel/execution/25_9_2026_PRD_work/OCT2017_Test/test/DME/DME-4658666-1.jpeg,1,DME,DME,DME,True,0.0015299384,0.0017388035,0.0016886502,0.9841552,0.003633997,0.0018303143,0.0019192307,0.003503853
/home/yogesh.patel/execution/25_9_2026_PRD_work/OCT2017_Test/test/DME/DME-4732091-1.jpeg,1,DME,DME,DME,True,0.009040343,0.004766066,0.004438655,0.9625616,0.0060634427,0.007825742,0.0036503335,0.0016538498
/home/yogesh.patel/execution/25_9_2026_PRD_work/OCT2017_Test/test/DME/DME-4732091-2.jpeg,1,DME,DME,DME,True,0.010619982,0.06509516,0.005294263,0.86869395,0.004048325,0.025483388,0.017903654,0.00286132
/home/yogesh.patel/execution/25_9_2026_PRD_work/OCT2017_Test/test/DME/DME-4804900-1.jpeg,1,DME,DME,DME,True,0.006262926,0.006652189,0.0020084884,0.9712541,0.0019022906,0.0030462332,0.005929427,0.002944384
/home/yogesh.patel/execution/25_9_2026_PRD_work/OCT2017_Test/test/DME/DME-4897748-1.jpeg,1,DME,DME,DME,True,0.0039715385,0.0050339643,0.0022488132,0.9725701,0.003609725,0.0046558646,0.004472154,0.0034378485
/home/yogesh.patel/execution/25_9_2026_PRD_work/OCT2017_Test/test/DME/DME-4940184-1.jpeg,1,DME,DME,DME,True,0.0010081924,0.00067159487,0.0009667277,0.98877245,0.0031735105,0.0008428955,0.0014016019,0.003163014
/home/yogesh.patel/execution/25_9_2026_PRD_work/OCT2017_Test/test/DME/DME-4989358-1.jpeg,1,DME,DME,DME,True,0.006834401,0.0072158817,0.0052038743,0.96310955,0.009430826,0.0042616557,0.002658613,0.0012852583
/home/yogesh.patel/execution/25_9_2026_PRD_work/OCT2017_Test/test/DME/DME-5014129-1.jpeg,1,DME,DME,DME,True,0.001975993,0.0014690158,0.001498434,0.9833557,0.002775533,0.0033325949,0.001764622,0.0038280203
/home/yogesh.patel/execution/25_9_2026_PRD_work/OCT2017_Test/test/DME/DME-5014129-2.jpeg,1,DME,DME,DME,True,0.0063219345,0.009082341,0.0045755673,0.9566023,0.00755032,0.010528944,0.003879628,0.0014589536
/home/yogesh.patel/execution/25_9_2026_PRD_work/OCT2017_Test/test/DME/DME-5071032-1.jpeg,1,DME,DME,DME,True,0.0034743801,0.008633192,0.0031040462,0.97019875,0.0072655655,0.0053931726,0.0010684142,0.00086255587
/home/yogesh.patel/execution/25_9_2026_PRD_work/OCT2017_Test/test/DME/DME-5072525-1.jpeg,1,DME,DME,DME,True,0.009457088,0.0063198954,0.0031140042,0.9633483,0.0047721,0.006987092,0.003963298,0.002038167
/home/yogesh.patel/execution/25_9_2026_PRD_work/OCT2017_Test/test/DME/DME-5434248-1.jpeg,1,DME,DME,DME,True,0.0066424175,0.0155933695,0.0037583367,0.9577377,0.005566632,0.0037188842,0.0028729513,0.0041097566
/home/yogesh.patel/execution/25_9_2026_PRD_work/OCT2017_Test/test/DME/DME-5465575-1.jpeg,1,DME,DME,DME,True,0.008599997,0.056709643,0.005695475,0.9053087,0.008472623,0.0066427966,0.0055118008,0.00305899
/home/yogesh.patel/execution/25_9_2026_PRD_work/OCT2017_Test/test/DME/DME-5497895-1.jpeg,1,DME,DME,DME,True,0.009570007,0.017610954,0.00449398,0.9539369,0.0057307105,0.0035807702,0.0040212846,0.0010554028
/home/yogesh.patel/execution/25_9_2026_PRD_work/OCT2017_Test/test/DME/DME-563695-1.jpeg,1,DME,DME,DME,True,0.0067704585,0.037575644,0.003992491,0.9215488,0.015956948,0.007202049,0.0027481602,0.0042053224
/home/yogesh.patel/execution/25_9_2026_PRD_work/OCT2017_Test/test/DME/DME-563695-2.jpeg,1,DME,DME,DME,True,0.00605588,0.0039159185,0.004051018,0.9683561,0.010727745,0.004718038,0.0012471804,0.00092819677
/home/yogesh.patel/execution/25_9_2026_PRD_work/OCT2017_Test/test/DME/DME-5656004-1.jpeg,1,DME,DME,DME,True,0.0033735528,0.0088247685,0.0019548612,0.9592699,0.01420291,0.006707089,0.0019875302,0.0036792862
/home/yogesh.patel/execution/25_9_2026_PRD_work/OCT2017_Test/test/DME/DME-5713682-1.jpeg,1,DME,DME,DME,True,0.0069288155,0.02462975,0.0045324685,0.9376565,0.0148257585,0.009749703,0.0010546643,0.0006223962
/home/yogesh.patel/execution/25_9_2026_PRD_work/OCT2017_Test/test/DME/DME-57603-1.jpeg,1,DME,DME,DME,True,0.0070652473,0.005344286,0.0041452157,0.9696796,0.0053490126,0.0034573902,0.003026673,0.0019325581
/home/yogesh.patel/execution/25_9_2026_PRD_work/OCT2017_Test/test/DME/DME-5760454-1.jpeg,1,DME,DME,DME,True,0.0051833307,0.014822561,0.0042714057,0.9591953,0.008733889,0.0034005549,0.0011885725,0.0032044589
/home/yogesh.patel/execution/25_9_2026_PRD_work/OCT2017_Test/test/DME/DME-5768195-1.jpeg,1,DME,DME,DME,True,0.005500176,0.018171787,0.0038243195,0.9554938,0.00562669,0.0076681287,0.0023707757,0.0013443566
/home/yogesh.patel/execution/25_9_2026_PRD_work/OCT2017_Test/test/DME/DME-5796574-1.jpeg,1,DME,DME,DME,True,0.0064608846,0.0029937944,0.0037975535,0.9690833,0.0027016143,0.0050015296,0.006859019,0.0031023012
/home/yogesh.patel/execution/25_9_2026_PRD_work/OCT2017_Test/test/DME/DME-5796574-2.jpeg,1,DME,DME,DME,True,0.0055567794,0.008213084,0.0031410072,0.9673739,0.0053741145,0.005529317,0.0030455275,0.0017662793
/home/yogesh.patel/execution/25_9_2026_PRD_work/OCT2017_Test/test/DME/DME-5802218-1.jpeg,1,DME,DME,DME,True,0.010449019,0.31455177,0.007650986,0.6231721,0.005621446,0.019020485,0.015371993,0.004162233
/home/yogesh.patel/execution/25_9_2026_PRD_work/OCT2017_Test/test/DME/DME-5834001-1.jpeg,1,DME,DME,DME,True,0.004233871,0.039948907,0.0048766755,0.93587667,0.006243317,0.0023572168,0.003002376,0.0034609856
/home/yogesh.patel/execution/25_9_2026_PRD_work/OCT2017_Test/test/DME/DME-5843591-1.jpeg,1,DME,DME,DME,True,0.0027497078,0.0043857126,0.0022265732,0.97326624,0.0032604032,0.006487219,0.0046010218,0.003023166
/home/yogesh.patel/execution/25_9_2026_PRD_work/OCT2017_Test/test/DME/DME-5864085-1.jpeg,1,DME,DME,DME,True,0.0068000127,0.005316461,0.0041280347,0.9729465,0.005529584,0.0029660403,0.0016505187,0.0006627743
/home/yogesh.patel/execution/25_9_2026_PRD_work/OCT2017_Test/test/DME/DME-5912153-1.jpeg,1,DME,DME,DME,True,0.00604468,0.078569755,0.00487724,0.88788915,0.011429608,0.003759274,0.0020323296,0.005397958
/home/yogesh.patel/execution/25_9_2026_PRD_work/OCT2017_Test/test/DME/DME-5975636-1.jpeg,1,DME,DME,DME,True,0.006516764,0.011663219,0.0054364116,0.9592937,0.0096407,0.003279395,0.002791315,0.0013785257
/home/yogesh.patel/execution/25_9_2026_PRD_work/OCT2017_Test/test/DME/DME-5981434-1.jpeg,1,DME,DME,DME,True,0.015900651,0.17795396,0.018498136,0.6850926,0.01726562,0.039707497,0.0068171006,0.038764432
/home/yogesh.patel/execution/25_9_2026_PRD_work/OCT2017_Test/test/DME/DME-6090983-1.jpeg,1,DME,DME,DME,True,0.0043850658,0.011216415,0.0035154738,0.96193326,0.003525659,0.0021826348,0.00452872,0.008712793
/home/yogesh.patel/execution/25_9_2026_PRD_work/OCT2017_Test/test/DME/DME-6151003-1.jpeg,1,DME,NORMAL,NORMAL,False,0.0119817685,0.014449437,0.00856942,0.42243725,0.012474281,0.011536715,0.0060225413,0.5125286
/home/yogesh.patel/execution/25_9_2026_PRD_work/OCT2017_Test/test/DME/DME-6296605-1.jpeg,1,DME,DME,DME,True,0.008127183,0.01228861,0.0055988003,0.9512698,0.0065325713,0.0049741752,0.0077915415,0.0034173608
/home/yogesh.patel/execution/25_9_2026_PRD_work/OCT2017_Test/test/DME/DME-6314020-1.jpeg,1,DME,DME,DME,True,0.006049427,0.007075661,0.0048288605,0.9674124,0.0084173735,0.0034824018,0.0019028273,0.0008309959
/home/yogesh.patel/execution/25_9_2026_PRD_work/OCT2017_Test/test/DME/DME-633268-1.jpeg,1,DME,DME,DME,True,0.0059634415,0.0048033656,0.0028015897,0.9713643,0.0024548436,0.007542664,0.0038576198,0.0012121679
/home/yogesh.patel/execution/25_9_2026_PRD_work/OCT2017_Test/test/DME/DME-6383847-1.jpeg,1,DME,DME,DME,True,0.004278809,0.0038200745,0.0024264357,0.9762641,0.003542737,0.00259955,0.003927173,0.0031412004
/home/yogesh.patel/execution/25_9_2026_PRD_work/OCT2017_Test/test/DME/DME-6434323-1.jpeg,1,DME,DME,DME,True,0.0068685254,0.008188411,0.0042077363,0.9672756,0.0042202184,0.0031792284,0.0040145065,0.0020457576
/home/yogesh.patel/execution/25_9_2026_PRD_work/OCT2017_Test/test/DME/DME-671384-1.jpeg,1,DME,DME,DME,True,0.0050117816,0.0033874095,0.0032604714,0.966466,0.0029730918,0.007173016,0.008352687,0.003375547
/home/yogesh.patel/execution/25_9_2026_PRD_work/OCT2017_Test/test/DME/DME-6716735-1.jpeg,1,DME,DME,DME,True,0.006013858,0.006618314,0.0039827037,0.9706616,0.00337872,0.0031666153,0.0043885577,0.0017896813
/home/yogesh.patel/execution/25_9_2026_PRD_work/OCT2017_Test/test/DME/DME-6716735-2.jpeg,1,DME,DME,DME,True,0.0038570308,0.0023566128,0.0030155869,0.97231376,0.0033213715,0.004049938,0.0073923464,0.0036932786
/home/yogesh.patel/execution/25_9_2026_PRD_work/OCT2017_Test/test/DME/DME-70266-1.jpeg,1,DME,DME,DME,True,0.011510553,0.057503708,0.008657261,0.90100163,0.011116392,0.005757744,0.0031608664,0.0012918947
/home/yogesh.patel/execution/25_9_2026_PRD_work/OCT2017_Test/test/DME/DME-70266-2.jpeg,1,DME,DME,DME,True,0.006356845,0.030696506,0.0063801063,0.94153035,0.00668383,0.003962038,0.0027078525,0.0016823694
/home/yogesh.patel/execution/25_9_2026_PRD_work/OCT2017_Test/test/DME/DME-70266-3.jpeg,1,DME,DME,DME,True,0.010101701,0.020083213,0.0051753,0.9464292,0.0053685657,0.0059895134,0.0042935093,0.0025589825
/home/yogesh.patel/execution/25_9_2026_PRD_work/OCT2017_Test/test/DME/DME-7027665-1.jpeg,1,DME,DME,DME,True,0.008506553,0.00831813,0.005791397,0.95818645,0.0044897045,0.0055906456,0.0063519035,0.002765118
/home/yogesh.patel/execution/25_9_2026_PRD_work/OCT2017_Test/test/DME/DME-7194085-1.jpeg,1,DME,DME,DME,True,0.002061115,0.012503067,0.0021064908,0.97290534,0.0021244034,0.001831767,0.002755679,0.003712021
/home/yogesh.patel/execution/25_9_2026_PRD_work/OCT2017_Test/test/DME/DME-7239304-1.jpeg,1,DME,DME,DME,True,0.007961197,0.07067386,0.007179671,0.89623755,0.009391441,0.003418031,0.0026174905,0.0025207943
/home/yogesh.patel/execution/25_9_2026_PRD_work/OCT2017_Test/test/DME/DME-7248535-1.jpeg,1,DME,DME,DME,True,0.00557472,0.004684063,0.0037774842,0.9640074,0.005402163,0.010205559,0.0050530992,0.001295513
/home/yogesh.patel/execution/25_9_2026_PRD_work/OCT2017_Test/test/DME/DME-7432714-1.jpeg,1,DME,DME,DME,True,0.0033734,0.0068908446,0.0030261958,0.9718516,0.0033727023,0.0034658979,0.0053301547,0.0026891462
/home/yogesh.patel/execution/25_9_2026_PRD_work/OCT2017_Test/test/DME/DME-7434518-1.jpeg,1,DME,DME,DME,True,0.0033445908,0.0030504337,0.0022313513,0.97823423,0.0032062035,0.0025788872,0.003168119,0.0041862824
/home/yogesh.patel/execution/25_9_2026_PRD_work/OCT2017_Test/test/DME/DME-7469235-1.jpeg,1,DME,DME,DME,True,0.005191437,0.05065497,0.0052304603,0.91817534,0.0065712337,0.007995746,0.0020511902,0.0041296617
/home/yogesh.patel/execution/25_9_2026_PRD_work/OCT2017_Test/test/DME/DME-7503514-1.jpeg,1,DME,DME,DME,True,0.0078861695,0.0064983396,0.005132593,0.9644979,0.0053022346,0.004715422,0.004262902,0.0017043324
/home/yogesh.patel/execution/25_9_2026_PRD_work/OCT2017_Test/test/DME/DME-7558688-1.jpeg,1,DME,DME,DME,True,0.0013802401,0.002607162,0.0011941406,0.9858715,0.001408272,0.0023868727,0.0030546451,0.0020971005
/home/yogesh.patel/execution/25_9_2026_PRD_work/OCT2017_Test/test/DME/DME-7573590-1.jpeg,1,DME,DME,DME,True,0.0068615633,0.0077761747,0.0047169514,0.9654206,0.008996933,0.002875679,0.0024819032,0.00087023806
/home/yogesh.patel/execution/25_9_2026_PRD_work/OCT2017_Test/test/DME/DME-7578162-1.jpeg,1,DME,DME,DME,True,0.0064347256,0.007711666,0.0042159255,0.96366286,0.0065447562,0.0032051816,0.0051823915,0.003042612
/home/yogesh.patel/execution/25_9_2026_PRD_work/OCT2017_Test/test/DME/DME-7585263-1.jpeg,1,DME,DME,DME,True,0.007175131,0.014597202,0.003794634,0.9244017,0.0050546243,0.02958576,0.008049586,0.0073413514
/home/yogesh.patel/execution/25_9_2026_PRD_work/OCT2017_Test/test/DME/DME-7585263-2.jpeg,1,DME,DME,DME,True,0.011687653,0.05759654,0.006575612,0.87454706,0.013718685,0.028323375,0.0050166775,0.0025344437
/home/yogesh.patel/execution/25_9_2026_PRD_work/OCT2017_Test/test/DME/DME-7585263-3.jpeg,1,DME,DRUSEN,DRUSEN,False,0.010485926,0.13230377,0.011041012,0.2828947,0.0086012175,0.5358405,0.010359217,0.00847366
/home/yogesh.patel/execution/25_9_2026_PRD_work/OCT2017_Test/test/DME/DME-7591008-1.jpeg,1,DME,DME,DME,True,0.00586633,0.0069886083,0.004128329,0.96002555,0.0041249935,0.0060906885,0.009428757,0.0033468022
/home/yogesh.patel/execution/25_9_2026_PRD_work/OCT2017_Test/test/DME/DME-7614088-1.jpeg,1,DME,DME,DME,True,0.00936206,0.014700373,0.004437469,0.9532999,0.007229458,0.0054189796,0.0039861915,0.0015655106
/home/yogesh.patel/execution/25_9_2026_PRD_work/OCT2017_Test/test/DME/DME-7650134-1.jpeg,1,DME,DME,DME,True,0.0027409238,0.0030777927,0.002669581,0.98227006,0.004267043,0.0016809939,0.001243754,0.0020498962
/home/yogesh.patel/execution/25_9_2026_PRD_work/OCT2017_Test/test/DME/DME-7650134-2.jpeg,1,DME,DME,DME,True,0.0074333134,0.005259502,0.004537452,0.9616117,0.007657568,0.0053846543,0.005128106,0.0029877196
/home/yogesh.patel/execution/25_9_2026_PRD_work/OCT2017_Test/test/DME/DME-7706610-1.jpeg,1,DME,DME,DME,True,0.0049054855,0.03781866,0.0063327476,0.9332754,0.005480178,0.0055988273,0.0051012873,0.0014873033
/home/yogesh.patel/execution/25_9_2026_PRD_work/OCT2017_Test/test/DME/DME-7706610-2.jpeg,1,DME,DME,DME,True,0.0056671444,0.022660166,0.004987185,0.94758135,0.003685373,0.0030332797,0.0093676895,0.0030178067
/home/yogesh.patel/execution/25_9_2026_PRD_work/OCT2017_Test/test/DME/DME-7706610-3.jpeg,1,DME,DME,DME,True,0.002328886,0.006258399,0.0028910364,0.97749037,0.0044078142,0.002874101,0.001904628,0.0018448902
/home/yogesh.patel/execution/25_9_2026_PRD_work/OCT2017_Test/test/DME/DME-7756213-1.jpeg,1,DME,DME,DME,True,0.0043822704,0.023680683,0.003410503,0.9551256,0.004891707,0.0020514359,0.0033232737,0.0031345566
/home/yogesh.patel/execution/25_9_2026_PRD_work/OCT2017_Test/test/DME/DME-7757895-1.jpeg,1,DME,DME,DME,True,0.004440591,0.0031652714,0.0026176136,0.9737931,0.009503049,0.0041653058,0.00088680035,0.0014282216
/home/yogesh.patel/execution/25_9_2026_PRD_work/OCT2017_Test/test/DME/DME-7763916-1.jpeg,1,DME,DME,DME,True,0.003919967,0.0035015037,0.0031974178,0.96514034,0.0042277584,0.0049665365,0.008575756,0.0064707096
/home/yogesh.patel/execution/25_9_2026_PRD_work/OCT2017_Test/test/DME/DME-7780589-1.jpeg,1,DME,DME,DME,True,0.0060137026,0.0057107233,0.0043760613,0.9674219,0.005113529,0.0050750608,0.004660772,0.0016283075
/home/yogesh.patel/execution/25_9_2026_PRD_work/OCT2017_Test/test/DME/DME-778975-1.jpeg,1,DME,DME,DME,True,0.0052793287,0.0046940483,0.0022656228,0.97011054,0.007786234,0.0076718275,0.00090669346,0.0012856927
/home/yogesh.patel/execution/25_9_2026_PRD_work/OCT2017_Test/test/DME/DME-778975-2.jpeg,1,DME,DME,DME,True,0.0067065004,0.00457661,0.0050194273,0.9626245,0.012490905,0.005024697,0.0022396334,0.0013177048
/home/yogesh.patel/execution/25_9_2026_PRD_work/OCT2017_Test/test/DME/DME-7793366-1.jpeg,1,DME,DME,DME,True,0.0038702996,0.0042195725,0.003465255,0.9754651,0.0038918876,0.0034243548,0.0034681498,0.002195284
/home/yogesh.patel/execution/25_9_2026_PRD_work/OCT2017_Test/test/DME/DME-7837305-1.jpeg,1,DME,DME,DME,True,0.0044590496,0.011131402,0.0029174315,0.9585584,0.011588103,0.0034183487,0.0012774563,0.0066499105
/home/yogesh.patel/execution/25_9_2026_PRD_work/OCT2017_Test/test/DME/DME-7837305-2.jpeg,1,DME,DME,DME,True,0.0033473508,0.025823219,0.002668854,0.950816,0.0056983074,0.0040579927,0.0025073094,0.00508107
/home/yogesh.patel/execution/25_9_2026_PRD_work/OCT2017_Test/test/DME/DME-7837305-3.jpeg,1,DME,DME,DME,True,0.0053059007,0.0015042399,0.0021162464,0.96078783,0.005765029,0.008070288,0.0027055563,0.013744877
/home/yogesh.patel/execution/25_9_2026_PRD_work/OCT2017_Test/test/DME/DME-7837305-4.jpeg,1,DME,DME,DME,True,0.0028085394,0.0039519914,0.0016705412,0.977767,0.0045867567,0.002685293,0.0020045214,0.004525352
/home/yogesh.patel/execution/25_9_2026_PRD_work/OCT2017_Test/test/DME/DME-7837305-5.jpeg,1,DME,DME,DME,True,0.0059089838,0.003604488,0.0035911836,0.9680554,0.0049211793,0.003317948,0.005502919,0.005097904
/home/yogesh.patel/execution/25_9_2026_PRD_work/OCT2017_Test/test/DME/DME-7843891-1.jpeg,1,DME,DME,DME,True,0.0087214755,0.30265558,0.014371194,0.60121477,0.02550146,0.008368381,0.0045546093,0.03461253
/home/yogesh.patel/execution/25_9_2026_PRD_work/OCT2017_Test/test/DME/DME-7846574-1.jpeg,1,DME,DME,DME,True,0.0070105987,0.011026975,0.006793418,0.96047455,0.0052558235,0.0031039806,0.005133128,0.0012015501
/home/yogesh.patel/execution/25_9_2026_PRD_work/OCT2017_Test/test/DME/DME-7870558-1.jpeg,1,DME,DME,DME,True,0.0017057691,0.004218909,0.0023268263,0.97603333,0.0071680285,0.0027872177,0.0030056543,0.0027543097
/home/yogesh.patel/execution/25_9_2026_PRD_work/OCT2017_Test/test/DME/DME-7870558-2.jpeg,1,DME,DME,DME,True,0.005768071,0.008868319,0.005052009,0.96568,0.0061528017,0.0030474314,0.0031339647,0.002297511
/home/yogesh.patel/execution/25_9_2026_PRD_work/OCT2017_Test/test/DME/DME-7870558-3.jpeg,1,DME,DME,DME,True,0.007085017,0.009308369,0.005817697,0.9595316,0.0049829194,0.004186475,0.0069244807,0.002163399
/home/yogesh.patel/execution/25_9_2026_PRD_work/OCT2017_Test/test/DME/DME-7870558-4.jpeg,1,DME,DME,DME,True,0.00657356,0.007246642,0.0049576084,0.96115786,0.00473756,0.005109324,0.0073766666,0.0028408682
/home/yogesh.patel/execution/25_9_2026_PRD_work/OCT2017_Test/test/DME/DME-7907461-1.jpeg,1,DME,DME,DME,True,0.004738769,0.012549999,0.0029665953,0.95873314,0.004640585,0.002627432,0.0020829258,0.011660522
/home/yogesh.patel/execution/25_9_2026_PRD_work/OCT2017_Test/test/DME/DME-7918201-1.jpeg,1,DME,DME,DME,True,0.0042263176,0.004724644,0.0026552572,0.9391826,0.006125831,0.003956005,0.0019612196,0.037168175
/home/yogesh.patel/execution/25_9_2026_PRD_work/OCT2017_Test/test/DME/DME-7918201-2.jpeg,1,DME,DME,DME,True,0.0067966008,0.006094627,0.0058809076,0.963878,0.005787706,0.0029122792,0.0072744456,0.0013755
/home/yogesh.patel/execution/25_9_2026_PRD_work/OCT2017_Test/test/DME/DME-7928636-1.jpeg,1,DME,DME,DME,True,0.0010407671,0.028638136,0.0026204188,0.96012235,0.0022575585,0.0018595387,0.001972186,0.0014890135
/home/yogesh.patel/execution/25_9_2026_PRD_work/OCT2017_Test/test/DME/DME-7928636-2.jpeg,1,DME,DME,DME,True,0.0054199165,0.017509015,0.0036397593,0.961425,0.0038793357,0.0031880692,0.0027009873,0.0022378778
/home/yogesh.patel/execution/25_9_2026_PRD_work/OCT2017_Test/test/DME/DME-7934335-1.jpeg,1,DME,DME,DME,True,0.0057761865,0.015868146,0.00255615,0.9645431,0.0037948666,0.0030787762,0.0016833018,0.0026995097
/home/yogesh.patel/execution/25_9_2026_PRD_work/OCT2017_Test/test/DME/DME-7939555-1.jpeg,1,DME,DME,DME,True,0.0057812687,0.005874318,0.0046520564,0.95455277,0.0050638216,0.009137834,0.010571031,0.0043669967
/home/yogesh.patel/execution/25_9_2026_PRD_work/OCT2017_Test/test/DME/DME-7939555-2.jpeg,1,DME,DME,DME,True,0.009361531,0.018574588,0.006495724,0.9441174,0.010153602,0.0061725294,0.0036784292,0.001446195
/home/yogesh.patel/execution/25_9_2026_PRD_work/OCT2017_Test/test/DME/DME-7939555-3.jpeg,1,DME,DME,DME,True,0.005950308,0.008512354,0.0040985825,0.9605193,0.0037666706,0.0052418294,0.009418104,0.0024927792
/home/yogesh.patel/execution/25_9_2026_PRD_work/OCT2017_Test/test/DME/DME-7939555-4.jpeg,1,DME,DME,DME,True,0.008865011,0.005134762,0.0044932542,0.963591,0.0049573015,0.0052766,0.005271565,0.0024105357
/home/yogesh.patel/execution/25_9_2026_PRD_work/OCT2017_Test/test/DME/DME-7939555-5.jpeg,1,DME,DME,DME,True,0.0076754126,0.003150797,0.00339366,0.96351796,0.002496156,0.0054702465,0.008201055,0.006094797
/home/yogesh.patel/execution/25_9_2026_PRD_work/OCT2017_Test/test/DME/DME-7972888-1.jpeg,1,DME,DME,DME,True,0.006766071,0.003945732,0.003915961,0.97248036,0.0029768837,0.0027340397,0.0047928276,0.0023880843
/home/yogesh.patel/execution/25_9_2026_PRD_work/OCT2017_Test/test/DME/DME-7983936-1.jpeg,1,DME,DME,DME,True,0.007881464,0.1583389,0.008348232,0.79973537,0.014245276,0.0047907666,0.0048761116,0.0017838593
/home/yogesh.patel/execution/25_9_2026_PRD_work/OCT2017_Test/test/DME/DME-7990001-1.jpeg,1,DME,DME,DME,True,0.008418028,0.053767167,0.006359441,0.88270426,0.012995265,0.031243736,0.0021013322,0.00241072
/home/yogesh.patel/execution/25_9_2026_PRD_work/OCT2017_Test/test/DME/DME-8000885-1.jpeg,1,DME,DME,DME,True,0.005197065,0.005747206,0.0033641076,0.9692572,0.0071498943,0.0037031663,0.0032876546,0.0022937588
/home/yogesh.patel/execution/25_9_2026_PRD_work/OCT2017_Test/test/DME/DME-8019418-1.jpeg,1,DME,DME,DME,True,0.0077493824,0.008645024,0.004235692,0.9646277,0.0051558423,0.002817178,0.004044903,0.0027243523
/home/yogesh.patel/execution/25_9_2026_PRD_work/OCT2017_Test/test/DME/DME-8019418-2.jpeg,1,DME,DME,DME,True,0.0069079353,0.00608,0.0048012696,0.9671583,0.0054914216,0.004133186,0.0038596117,0.0015683047
/home/yogesh.patel/execution/25_9_2026_PRD_work/OCT2017_Test/test/DME/DME-8019418-3.jpeg,1,DME,DME,DME,True,0.0064575686,0.007886125,0.004749119,0.9682055,0.0062960912,0.0027074928,0.0019681677,0.0017299191
/home/yogesh.patel/execution/25_9_2026_PRD_work/OCT2017_Test/test/DME/DME-8019418-4.jpeg,1,DME,DME,DME,True,0.005356503,0.009579858,0.0022472746,0.9661165,0.0030849297,0.006408637,0.0040660305,0.0031401692
/home/yogesh.patel/execution/25_9_2026_PRD_work/OCT2017_Test/test/DME/DME-8021831-1.jpeg,1,DME,DME,DME,True,0.0022839168,0.006525745,0.002768302,0.9715542,0.0033139617,0.0014657646,0.0066830893,0.0054049715
/home/yogesh.patel/execution/25_9_2026_PRD_work/OCT2017_Test/test/DME/DME-8056259-1.jpeg,1,DME,DME,DME,True,0.005215206,0.030386122,0.0033383318,0.92091537,0.001947306,0.008618946,0.02013409,0.009444639
/home/yogesh.patel/execution/25_9_2026_PRD_work/OCT2017_Test/test/DME/DME-8080050-1.jpeg,1,DME,DME,DME,True,0.0051030545,0.06140033,0.0046892185,0.90749955,0.007179199,0.0040515927,0.0038594261,0.006217717
/home/yogesh.patel/execution/25_9_2026_PRD_work/OCT2017_Test/test/DME/DME-8130267-1.jpeg,1,DME,DME,DME,True,0.008078659,0.009992895,0.003927556,0.9527506,0.003382718,0.010876193,0.008244287,0.0027470987
/home/yogesh.patel/execution/25_9_2026_PRD_work/OCT2017_Test/test/DME/DME-8136649-1.jpeg,1,DME,DME,DME,True,0.0025517663,0.005143754,0.0020598841,0.9805439,0.0023770386,0.0025197235,0.0024673543,0.0023365363
/home/yogesh.patel/execution/25_9_2026_PRD_work/OCT2017_Test/test/DME/DME-8167779-1.jpeg,1,DME,DME,DME,True,0.0027530945,0.0045086653,0.00226743,0.9774419,0.0040743584,0.0035086453,0.0016732923,0.0037724697
/home/yogesh.patel/execution/25_9_2026_PRD_work/OCT2017_Test/test/DME/DME-8177380-1.jpeg,1,DME,DME,DME,True,0.0041921884,0.008537884,0.0027912443,0.9727806,0.0026770632,0.0020349685,0.0034823355,0.0035036684
/home/yogesh.patel/execution/25_9_2026_PRD_work/OCT2017_Test/test/DME/DME-8177380-2.jpeg,1,DME,DME,DME,True,0.008094132,0.015022062,0.0051955027,0.9503349,0.0068009277,0.006002169,0.0054630237,0.003087216
/home/yogesh.patel/execution/25_9_2026_PRD_work/OCT2017_Test/test/DME/DME-8177380-3.jpeg,1,DME,DME,DME,True,0.0036620116,0.0044751214,0.0024860115,0.9777413,0.004966756,0.0020801327,0.0021287762,0.0024598679
/home/yogesh.patel/execution/25_9_2026_PRD_work/OCT2017_Test/test/DME/DME-8200056-1.jpeg,1,DME,DME,DME,True,0.004570647,0.009765687,0.0030300762,0.9699185,0.003493605,0.004041246,0.002097841,0.0030823946
/home/yogesh.patel/execution/25_9_2026_PRD_work/OCT2017_Test/test/DME/DME-8200056-2.jpeg,1,DME,DME,DME,True,0.0057579484,0.011506901,0.0032593885,0.96428096,0.0047102403,0.0039315163,0.0029948861,0.0035580231
/home/yogesh.patel/execution/25_9_2026_PRD_work/OCT2017_Test/test/DME/DME-8200056-3.jpeg,1,DME,DME,DME,True,0.004418295,0.005997162,0.003057545,0.96551716,0.004952703,0.00792364,0.0028850276,0.005248339
/home/yogesh.patel/execution/25_9_2026_PRD_work/OCT2017_Test/test/DME/DME-8218042-1.jpeg,1,DME,DME,DME,True,0.0058065495,0.0055569895,0.0038255495,0.97225696,0.004282923,0.003865682,0.003072406,0.0013329781
/home/yogesh.patel/execution/25_9_2026_PRD_work/OCT2017_Test/test/DME/DME-8231523-1.jpeg,1,DME,DME,DME,True,0.00856283,0.010816255,0.0054356814,0.96084124,0.0052280296,0.0035289037,0.004049992,0.001537035
/home/yogesh.patel/execution/25_9_2026_PRD_work/OCT2017_Test/test/DME/DME-82328-1.jpeg,1,DME,DME,DME,True,0.005573163,0.0045626727,0.0040726135,0.9715237,0.005421616,0.002427841,0.0038527043,0.0025655932
/home/yogesh.patel/execution/25_9_2026_PRD_work/OCT2017_Test/test/DME/DME-8366524-1.jpeg,1,DME,DME,DME,True,0.012434646,0.021145979,0.008192426,0.5706089,0.010291903,0.013373875,0.011793769,0.35215852
/home/yogesh.patel/execution/25_9_2026_PRD_work/OCT2017_Test/test/DME/DME-8366524-2.jpeg,1,DME,DME,DME,True,0.0032165146,0.004692119,0.002066307,0.9793267,0.0032561128,0.0020711566,0.0021604802,0.0032106827
/home/yogesh.patel/execution/25_9_2026_PRD_work/OCT2017_Test/test/DME/DME-8426419-1.jpeg,1,DME,DME,DME,True,0.0050983713,0.00532653,0.0035865845,0.9702206,0.007074689,0.0060061347,0.0015737521,0.0011132532
/home/yogesh.patel/execution/25_9_2026_PRD_work/OCT2017_Test/test/DME/DME-8426419-2.jpeg,1,DME,DME,DME,True,0.00333336,0.0050171018,0.0026326028,0.97359425,0.0054832017,0.005024838,0.0031429399,0.0017715645
/home/yogesh.patel/execution/25_9_2026_PRD_work/OCT2017_Test/test/DME/DME-8457431-1.jpeg,1,DME,DME,DME,True,0.0058048824,0.028691735,0.0036535617,0.94514096,0.009245781,0.004724621,0.0011530761,0.001585367
/home/yogesh.patel/execution/25_9_2026_PRD_work/OCT2017_Test/test/DME/DME-8469406-1.jpeg,1,DME,DME,DME,True,0.005664201,0.011735058,0.0025100387,0.9618595,0.005721881,0.002841756,0.0023705987,0.0072968975
/home/yogesh.patel/execution/25_9_2026_PRD_work/OCT2017_Test/test/DME/DME-8472707-1.jpeg,1,DME,DME,DME,True,0.0047750203,0.009687743,0.0040657576,0.9683014,0.0049274713,0.0024681522,0.0020009861,0.003773456
/home/yogesh.patel/execution/25_9_2026_PRD_work/OCT2017_Test/test/DME/DME-8477096-1.jpeg,1,DME,DME,DME,True,0.012402095,0.05418256,0.0059835385,0.9094861,0.00892517,0.0030670296,0.00344867,0.002504777
/home/yogesh.patel/execution/25_9_2026_PRD_work/OCT2017_Test/test/DME/DME-8525575-1.jpeg,1,DME,DME,DME,True,0.006495379,0.029874627,0.0047841584,0.94375587,0.0071852845,0.0028274816,0.0019209188,0.003156333
/home/yogesh.patel/execution/25_9_2026_PRD_work/OCT2017_Test/test/DME/DME-8525575-2.jpeg,1,DME,DME,DME,True,0.005754269,0.027882144,0.004280949,0.9401599,0.008493151,0.0017306061,0.0025340912,0.009164876
/home/yogesh.patel/execution/25_9_2026_PRD_work/OCT2017_Test/test/DME/DME-8525575-3.jpeg,1,DME,DME,DME,True,0.0050118524,0.008639709,0.0029839776,0.9699913,0.0026237525,0.0016300053,0.00477438,0.0043450356
/home/yogesh.patel/execution/25_9_2026_PRD_work/OCT2017_Test/test/DME/DME-8525575-4.jpeg,1,DME,DME,DME,True,0.004394658,0.004588729,0.0029343618,0.968153,0.0031237788,0.0028194236,0.0073367823,0.0066493102
/home/yogesh.patel/execution/25_9_2026_PRD_work/OCT2017_Test/test/DME/DME-8525575-5.jpeg,1,DME,DME,DME,True,0.011419856,0.12579826,0.0066772914,0.8185446,0.010129649,0.014041841,0.009816701,0.003571885
/home/yogesh.patel/execution/25_9_2026_PRD_work/OCT2017_Test/test/DME/DME-8525575-6.jpeg,1,DME,DME,DME,True,0.0049344907,0.011061424,0.0030957493,0.96236074,0.0043134186,0.0038932515,0.0063693533,0.003971463
/home/yogesh.patel/execution/25_9_2026_PRD_work/OCT2017_Test/test/DME/DME-8525575-7.jpeg,1,DME,DME,DME,True,0.006030611,0.0297686,0.005474649,0.9361364,0.006721845,0.0042564985,0.005664173,0.0059471997
/home/yogesh.patel/execution/25_9_2026_PRD_work/OCT2017_Test/test/DME/DME-8525575-8.jpeg,1,DME,DME,DME,True,0.0026046247,0.0038009526,0.0023428102,0.9812832,0.004155848,0.0018177481,0.0013694721,0.0026253308
/home/yogesh.patel/execution/25_9_2026_PRD_work/OCT2017_Test/test/DME/DME-8589279-1.jpeg,1,DME,DME,DME,True,0.026061408,0.16426782,0.0109134745,0.71973586,0.028437663,0.042806584,0.0052307444,0.0025464196
/home/yogesh.patel/execution/25_9_2026_PRD_work/OCT2017_Test/test/DME/DME-8602716-1.jpeg,1,DME,DME,DME,True,0.0053070015,0.00385058,0.0034374876,0.9697077,0.008304535,0.0063384813,0.001651084,0.0014030754
/home/yogesh.patel/execution/25_9_2026_PRD_work/OCT2017_Test/test/DME/DME-8602716-2.jpeg,1,DME,DME,DME,True,0.0052038995,0.017857064,0.004404708,0.9594439,0.0055848644,0.0025659401,0.0021707544,0.0027688271
/home/yogesh.patel/execution/25_9_2026_PRD_work/OCT2017_Test/test/DME/DME-8602716-3.jpeg,1,DME,DME,DME,True,0.0037663528,0.003149336,0.002639318,0.9773999,0.0020251733,0.004197321,0.0038394637,0.0029831904
/home/yogesh.patel/execution/25_9_2026_PRD_work/OCT2017_Test/test/DME/DME-8602716-4.jpeg,1,DME,DME,DME,True,0.008618133,0.028541135,0.0057191686,0.94136006,0.0066003487,0.003731762,0.0037964964,0.0016329611
/home/yogesh.patel/execution/25_9_2026_PRD_work/OCT2017_Test/test/DME/DME-8615417-1.jpeg,1,DME,DME,DME,True,0.010368516,0.015553161,0.0043469733,0.9542825,0.004968044,0.003570337,0.0053188736,0.0015915707
/home/yogesh.patel/execution/25_9_2026_PRD_work/OCT2017_Test/test/DME/DME-8615417-2.jpeg,1,DME,DME,DME,True,0.0029901313,0.005786019,0.0024382302,0.9770116,0.0033398517,0.0032158946,0.0034637984,0.0017544546
/home/yogesh.patel/execution/25_9_2026_PRD_work/OCT2017_Test/test/DME/DME-8635355-1.jpeg,1,DME,DME,DME,True,0.0066117947,0.018366903,0.004627316,0.95427114,0.0061893254,0.0045123757,0.003976719,0.0014444028
/home/yogesh.patel/execution/25_9_2026_PRD_work/OCT2017_Test/test/DME/DME-8635355-2.jpeg,1,DME,DME,DME,True,0.0077011595,0.019269299,0.0048759915,0.94854075,0.0057922853,0.007874722,0.004537639,0.0014081049
/home/yogesh.patel/execution/25_9_2026_PRD_work/OCT2017_Test/test/DME/DME-8729675-1.jpeg,1,DME,DME,DME,True,0.0026465722,0.002347906,0.0015881319,0.97809505,0.0018320892,0.003861264,0.0035018092,0.0061271247
/home/yogesh.patel/execution/25_9_2026_PRD_work/OCT2017_Test/test/DME/DME-8729675-2.jpeg,1,DME,DME,DME,True,0.018164905,0.01703171,0.008509532,0.85416925,0.028083866,0.016663922,0.034894563,0.022482367
/home/yogesh.patel/execution/25_9_2026_PRD_work/OCT2017_Test/test/DME/DME-8732456-1.jpeg,1,DME,DME,DME,True,0.017356856,0.04963832,0.007159907,0.81831896,0.012441483,0.07276561,0.017330727,0.0049881986
/home/yogesh.patel/execution/25_9_2026_PRD_work/OCT2017_Test/test/DME/DME-8766603-1.jpeg,1,DME,DME,DME,True,0.0057692667,0.013458905,0.005546676,0.9571051,0.0060936008,0.003912257,0.0060460707,0.002068108
/home/yogesh.patel/execution/25_9_2026_PRD_work/OCT2017_Test/test/DME/DME-8807486-1.jpeg,1,DME,DME,DME,True,0.0069830944,0.016939163,0.004531417,0.95761013,0.004183977,0.0037704597,0.0041013868,0.0018803091
/home/yogesh.patel/execution/25_9_2026_PRD_work/OCT2017_Test/test/DME/DME-8847144-1.jpeg,1,DME,DME,DME,True,0.003557574,0.0057506673,0.003309869,0.9557159,0.004846294,0.011347832,0.009005268,0.006466567
/home/yogesh.patel/execution/25_9_2026_PRD_work/OCT2017_Test/test/DME/DME-8851193-1.jpeg,1,DME,DME,DME,True,0.005491628,0.0030897066,0.003419721,0.9688129,0.004370577,0.0061678495,0.005408706,0.0032389485
/home/yogesh.patel/execution/25_9_2026_PRD_work/OCT2017_Test/test/DME/DME-8861620-1.jpeg,1,DME,DME,DME,True,0.008079834,0.01187144,0.005043012,0.9621091,0.005551626,0.004133751,0.0024058793,0.0008053159
/home/yogesh.patel/execution/25_9_2026_PRD_work/OCT2017_Test/test/DME/DME-8861620-2.jpeg,1,DME,DME,DME,True,0.006309748,0.002526635,0.003307062,0.9720191,0.002360763,0.0068115457,0.0049833884,0.001681746
/home/yogesh.patel/execution/25_9_2026_PRD_work/OCT2017_Test/test/DME/DME-8861620-3.jpeg,1,DME,DME,DME,True,0.007357145,0.0071949116,0.0036832343,0.96709377,0.004396033,0.005664704,0.0033020582,0.0013080878
/home/yogesh.patel/execution/25_9_2026_PRD_work/OCT2017_Test/test/DME/DME-8889771-1.jpeg,1,DME,DME,DME,True,0.0047340044,0.005489546,0.0034633507,0.96424186,0.0024675902,0.0049416986,0.009862499,0.004799396
/home/yogesh.patel/execution/25_9_2026_PRD_work/OCT2017_Test/test/DME/DME-8889771-2.jpeg,1,DME,DME,DME,True,0.005473869,0.006415853,0.003707125,0.96326923,0.0107884435,0.0053469497,0.0021353152,0.0028632446
/home/yogesh.patel/execution/25_9_2026_PRD_work/OCT2017_Test/test/DME/DME-8889771-3.jpeg,1,DME,DME,DME,True,0.008906007,0.2378581,0.008468092,0.70940787,0.012400707,0.0091981655,0.008271234,0.005489818
/home/yogesh.patel/execution/25_9_2026_PRD_work/OCT2017_Test/test/DME/DME-8889771-4.jpeg,1,DME,DME,DME,True,0.0062663723,0.011492919,0.004829424,0.9597448,0.008211765,0.0046886164,0.002521875,0.0022442732
/home/yogesh.patel/execution/25_9_2026_PRD_work/OCT2017_Test/test/DME/DME-8908847-1.jpeg,1,DME,DME,DME,True,0.0045009176,0.003526062,0.0024806568,0.9737516,0.002612067,0.0029740059,0.0062157665,0.0039390195
/home/yogesh.patel/execution/25_9_2026_PRD_work/OCT2017_Test/test/DME/DME-8989419-1.jpeg,1,DME,DME,DME,True,0.008526529,0.008187736,0.0054261275,0.95333326,0.011903189,0.007834636,0.0031392502,0.0016491932
/home/yogesh.patel/execution/25_9_2026_PRD_work/OCT2017_Test/test/DME/DME-9066695-1.jpeg,1,DME,DME,DME,True,0.0075954497,0.004719008,0.0045623705,0.9670784,0.0067306845,0.004553158,0.0031340227,0.001626944
/home/yogesh.patel/execution/25_9_2026_PRD_work/OCT2017_Test/test/DME/DME-9109143-1.jpeg,1,DME,DME,DME,True,0.016547346,0.085450366,0.008539227,0.8628847,0.005206995,0.0052063097,0.008956559,0.0072084954
/home/yogesh.patel/execution/25_9_2026_PRD_work/OCT2017_Test/test/DME/DME-910956-1.jpeg,1,DME,DME,DME,True,0.005771093,0.006755716,0.003943076,0.9665773,0.0057340926,0.0032469893,0.004558641,0.003413094
/home/yogesh.patel/execution/25_9_2026_PRD_work/OCT2017_Test/test/DME/DME-9211360-1.jpeg,1,DME,DME,DME,True,0.00431052,0.0045264163,0.0033658647,0.97174466,0.0057860846,0.0050399313,0.002240718,0.0029858681
/home/yogesh.patel/execution/25_9_2026_PRD_work/OCT2017_Test/test/DME/DME-9211360-2.jpeg,1,DME,DME,DME,True,0.019169586,0.34807616,0.010517406,0.59219515,0.019240292,0.0052192993,0.0030320704,0.0025500644
/home/yogesh.patel/execution/25_9_2026_PRD_work/OCT2017_Test/test/DME/DME-9241179-1.jpeg,1,DME,DME,DME,True,0.0013688345,0.002241986,0.0015279577,0.9812754,0.0013541786,0.0025373576,0.005590677,0.0041035814
/home/yogesh.patel/execution/25_9_2026_PRD_work/OCT2017_Test/test/DME/DME-9333524-1.jpeg,1,DME,DRUSEN,DRUSEN,False,0.01571168,0.12808704,0.0077424333,0.32715505,0.019197648,0.4846154,0.013647112,0.003843635
/home/yogesh.patel/execution/25_9_2026_PRD_work/OCT2017_Test/test/DME/DME-9361825-1.jpeg,1,DME,DME,DME,True,0.005808197,0.009913095,0.0029850488,0.96456337,0.011336398,0.003922381,0.0005369837,0.0009345128
/home/yogesh.patel/execution/25_9_2026_PRD_work/OCT2017_Test/test/DME/DME-9378346-1.jpeg,1,DME,DME,DME,True,0.01233037,0.0088946745,0.0039752466,0.9515114,0.012133325,0.0075720404,0.002255734,0.001327205
/home/yogesh.patel/execution/25_9_2026_PRD_work/OCT2017_Test/test/DME/DME-9378346-2.jpeg,1,DME,DME,DME,True,0.01583134,0.0145187825,0.0054016686,0.92905855,0.02121662,0.00930207,0.0029379164,0.0017331095
/home/yogesh.patel/execution/25_9_2026_PRD_work/OCT2017_Test/test/DME/DME-9378346-3.jpeg,1,DME,DME,DME,True,0.008421522,0.00776673,0.004942994,0.9384692,0.027031288,0.010298161,0.0014575967,0.0016126685
/home/yogesh.patel/execution/25_9_2026_PRD_work/OCT2017_Test/test/DME/DME-9428363-1.jpeg,1,DME,DME,DME,True,0.0067976536,0.011875103,0.004146799,0.9402266,0.006921787,0.014047209,0.0049990253,0.010985907
/home/yogesh.patel/execution/25_9_2026_PRD_work/OCT2017_Test/test/DME/DME-9488073-1.jpeg,1,DME,DME,DME,True,0.003124081,0.0021055578,0.0024342819,0.97657436,0.00512127,0.0023828156,0.005849416,0.00240819
/home/yogesh.patel/execution/25_9_2026_PRD_work/OCT2017_Test/test/DME/DME-9488073-2.jpeg,1,DME,DME,DME,True,0.008103061,0.008695305,0.0049492503,0.96521217,0.0057806782,0.0029568223,0.0030231536,0.0012795192
/home/yogesh.patel/execution/25_9_2026_PRD_work/OCT2017_Test/test/DME/DME-9504297-1.jpeg,1,DME,DME,DME,True,0.007389413,0.028626172,0.0052392543,0.9349677,0.007551314,0.0036964407,0.008817606,0.0037120604
/home/yogesh.patel/execution/25_9_2026_PRD_work/OCT2017_Test/test/DME/DME-9557298-1.jpeg,1,DME,DME,DME,True,0.0011108323,0.0008882427,0.0011159178,0.97139263,0.002027056,0.001643033,0.002831325,0.018990986
/home/yogesh.patel/execution/25_9_2026_PRD_work/OCT2017_Test/test/DME/DME-9579219-1.jpeg,1,DME,DME,DME,True,0.009512912,0.06654794,0.0066500977,0.89946735,0.01042632,0.003610084,0.002508871,0.0012764668
/home/yogesh.patel/execution/25_9_2026_PRD_work/OCT2017_Test/test/DME/DME-98994-1.jpeg,1,DME,DME,DME,True,0.006829534,0.005110887,0.004411199,0.96549517,0.006901724,0.0052541313,0.0035697303,0.0024276583
/home/yogesh.patel/execution/25_9_2026_PRD_work/OCT2017_Test/test/DME/DME-98994-2.jpeg,1,DME,DME,DME,True,0.003681432,0.0024089864,0.0022495978,0.97517735,0.002141162,0.005734803,0.005873636,0.0027330022
/home/yogesh.patel/execution/25_9_2026_PRD_work/OCT2017_Test/test/DRUSEN/DRUSEN-1083159-1.jpeg,2,DRUSEN,DRUSEN,DRUSEN,True,0.009035252,0.010512869,0.0076263337,0.006092618,0.00677694,0.9560946,0.0023985894,0.0014627326
/home/yogesh.patel/execution/25_9_2026_PRD_work/OCT2017_Test/test/DRUSEN/DRUSEN-1112835-1.jpeg,2,DRUSEN,DRUSEN,DRUSEN,True,0.010461526,0.039854463,0.012558136,0.0049073305,0.0064815013,0.91689837,0.0056223394,0.0032163097
/home/yogesh.patel/execution/25_9_2026_PRD_work/OCT2017_Test/test/DRUSEN/DRUSEN-1173253-1.jpeg,2,DRUSEN,DRUSEN,DRUSEN,True,0.00956379,0.13922666,0.009121469,0.0069718296,0.011149659,0.8168513,0.0028060297,0.004309287
/home/yogesh.patel/execution/25_9_2026_PRD_work/OCT2017_Test/test/DRUSEN/DRUSEN-1193659-1.jpeg,2,DRUSEN,DRUSEN,DRUSEN,True,0.010538534,0.0657938,0.009090899,0.005869545,0.007661896,0.8912307,0.00525099,0.0045635966
/home/yogesh.patel/execution/25_9_2026_PRD_work/OCT2017_Test/test/DRUSEN/DRUSEN-1219727-1.jpeg,2,DRUSEN,DRUSEN,DRUSEN,True,0.010283127,0.014724085,0.011196095,0.008154422,0.008085156,0.9405027,0.004152269,0.0029020635
/home/yogesh.patel/execution/25_9_2026_PRD_work/OCT2017_Test/test/DRUSEN/DRUSEN-1225603-1.jpeg,2,DRUSEN,DRUSEN,DRUSEN,True,0.010182292,0.00582735,0.0075268536,0.0056573413,0.005276037,0.9570535,0.003938764,0.0045378385
/home/yogesh.patel/execution/25_9_2026_PRD_work/OCT2017_Test/test/DRUSEN/DRUSEN-1225603-2.jpeg,2,DRUSEN,DRUSEN,DRUSEN,True,0.010189003,0.013611067,0.007964815,0.005394191,0.0054194476,0.949783,0.0038067368,0.0038317489
/home/yogesh.patel/execution/25_9_2026_PRD_work/OCT2017_Test/test/DRUSEN/DRUSEN-1237848-1.jpeg,2,DRUSEN,DRUSEN,DRUSEN,True,0.0090839695,0.0039577885,0.0075724223,0.004846202,0.0052073044,0.96360785,0.002635444,0.0030890664
/home/yogesh.patel/execution/25_9_2026_PRD_work/OCT2017_Test/test/DRUSEN/DRUSEN-1237848-2.jpeg,2,DRUSEN,DRUSEN,DRUSEN,True,0.011218701,0.0030593714,0.006919997,0.011749375,0.0051395246,0.95520645,0.0032133516,0.0034932732
/home/yogesh.patel/execution/25_9_2026_PRD_work/OCT2017_Test/test/DRUSEN/DRUSEN-1237848-3.jpeg,2,DRUSEN,DRUSEN,DRUSEN,True,0.012347902,0.003415366,0.0066240015,0.009033918,0.005199699,0.95471627,0.0044559278,0.0042068674
/home/yogesh.patel/execution/25_9_2026_PRD_work/OCT2017_Test/test/DRUSEN/DRUSEN-1246453-1.jpeg,2,DRUSEN,DRUSEN,DRUSEN,True,0.010707059,0.04521971,0.007795954,0.005434981,0.0055293036,0.91284645,0.007523446,0.004943032
/home/yogesh.patel/execution/25_9_2026_PRD_work/OCT2017_Test/test/DRUSEN/DRUSEN-1487749-1.jpeg,2,DRUSEN,DRUSEN,DRUSEN,True,0.009572496,0.010487973,0.010112229,0.0071390076,0.0055912286,0.9498491,0.0038530023,0.0033948887
/home/yogesh.patel/execution/25_9_2026_PRD_work/OCT2017_Test/test/DRUSEN/DRUSEN-1487749-2.jpeg,2,DRUSEN,DRUSEN,DRUSEN,True,0.010467433,0.008486427,0.010932665,0.008160256,0.0053506363,0.9501888,0.0031779036,0.0032358512
/home/yogesh.patel/execution/25_9_2026_PRD_work/OCT2017_Test/test/DRUSEN/DRUSEN-1487749-3.jpeg,2,DRUSEN,DRUSEN,DRUSEN,True,0.010521885,0.010160224,0.009807963,0.00925571,0.0045020925,0.9512497,0.0025059353,0.0019963775
/home/yogesh.patel/execution/25_9_2026_PRD_work/OCT2017_Test/test/DRUSEN/DRUSEN-1487749-4.jpeg,2,DRUSEN,DRUSEN,DRUSEN,True,0.014633041,0.010726293,0.01670965,0.007168215,0.0058819563,0.93712395,0.0028298288,0.004927079
/home/yogesh.patel/execution/25_9_2026_PRD_work/OCT2017_Test/test/DRUSEN/DRUSEN-1530990-1.jpeg,2,DRUSEN,DRUSEN,DRUSEN,True,0.008041733,0.013205551,0.0064563793,0.007186162,0.0050258986,0.95518255,0.00293353,0.0019681936
/home/yogesh.patel/execution/25_9_2026_PRD_work/OCT2017_Test/test/DRUSEN/DRUSEN-1730592-1.jpeg,2,DRUSEN,DRUSEN,DRUSEN,True,0.007463039,0.02623313,0.01097809,0.0073258206,0.005068864,0.93713516,0.0034161932,0.002379723
/home/yogesh.patel/execution/25_9_2026_PRD_work/OCT2017_Test/test/DRUSEN/DRUSEN-1786810-1.jpeg,2,DRUSEN,DRUSEN,DRUSEN,True,0.0066938708,0.009868155,0.0037120369,0.011584804,0.005886063,0.9546164,0.004518031,0.0031206643
/home/yogesh.patel/execution/25_9_2026_PRD_work/OCT2017_Test/test/DRUSEN/DRUSEN-1786810-2.jpeg,2,DRUSEN,DRUSEN,DRUSEN,True,0.0077457125,0.011238934,0.006858405,0.007061553,0.0069982256,0.9554168,0.0017949318,0.0028854401
/home/yogesh.patel/execution/25_9_2026_PRD_work/OCT2017_Test/test/DRUSEN/DRUSEN-1786810-3.jpeg,2,DRUSEN,DRUSEN,DRUSEN,True,0.008887858,0.012728009,0.00625852,0.004582016,0.008906682,0.9539137,0.0018536256,0.0028696854
/home/yogesh.patel/execution/25_9_2026_PRD_work/OCT2017_Test/test/DRUSEN/DRUSEN-1789270-1.jpeg,2,DRUSEN,DRUSEN,DRUSEN,True,0.008888736,0.020246418,0.0056208097,0.008630546,0.0054504294,0.9443283,0.004559643,0.0022750485
/home/yogesh.patel/execution/25_9_2026_PRD_work/OCT2017_Test/test/DRUSEN/DRUSEN-1793499-1.jpeg,2,DRUSEN,DRUSEN,DRUSEN,True,0.009706781,0.024021903,0.007950548,0.007918373,0.011545533,0.93244797,0.003729027,0.002679934
/home/yogesh.patel/execution/25_9_2026_PRD_work/OCT2017_Test/test/DRUSEN/DRUSEN-1912508-1.jpeg,2,DRUSEN,DRUSEN,DRUSEN,True,0.009972443,0.014085936,0.008159679,0.0039038276,0.0051693814,0.95274186,0.0033478239,0.002619113
/home/yogesh.patel/execution/25_9_2026_PRD_work/OCT2017_Test/test/DRUSEN/DRUSEN-1997439-1.jpeg,2,DRUSEN,DRUSEN,DRUSEN,True,0.010840336,0.007513064,0.0095700715,0.007322756,0.0066090035,0.9507753,0.0037200488,0.0036494154
/home/yogesh.patel/execution/25_9_2026_PRD_work/OCT2017_Test/test/DRUSEN/DRUSEN-1997439-2.jpeg,2,DRUSEN,DRUSEN,DRUSEN,True,0.009138161,0.009711208,0.007997727,0.01028323,0.005612312,0.952612,0.0026056103,0.0020398432
/home/yogesh.patel/execution/25_9_2026_PRD_work/OCT2017_Test/test/DRUSEN/DRUSEN-1997439-3.jpeg,2,DRUSEN,DRUSEN,DRUSEN,True,0.0076974444,0.0060702087,0.0054953084,0.009641477,0.0041693724,0.96001023,0.003314501,0.003601508
/home/yogesh.patel/execution/25_9_2026_PRD_work/OCT2017_Test/test/DRUSEN/DRUSEN-1997439-4.jpeg,2,DRUSEN,DRUSEN,DRUSEN,True,0.010012555,0.009839752,0.008580845,0.007086581,0.006594121,0.95126706,0.0033909027,0.003228134
/home/yogesh.patel/execution/25_9_2026_PRD_work/OCT2017_Test/test/DRUSEN/DRUSEN-2108193-1.jpeg,2,DRUSEN,DRUSEN,DRUSEN,True,0.009454519,0.029844848,0.009795356,0.0039497972,0.004829715,0.9347254,0.003605408,0.0037949148
/home/yogesh.patel/execution/25_9_2026_PRD_work/OCT2017_Test/test/DRUSEN/DRUSEN-2108193-2.jpeg,2,DRUSEN,DRUSEN,DRUSEN,True,0.0071424968,0.053046543,0.013274277,0.0076748915,0.0053778873,0.90627396,0.003970408,0.003239499
/home/yogesh.patel/execution/25_9_2026_PRD_work/OCT2017_Test/test/DRUSEN/DRUSEN-2128644-1.jpeg,2,DRUSEN,DRUSEN,DRUSEN,True,0.008747566,0.007046028,0.0075699654,0.0042619407,0.005471164,0.9592482,0.0034094614,0.0042458125
/home/yogesh.patel/execution/25_9_2026_PRD_work/OCT2017_Test/test/DRUSEN/DRUSEN-2128644-2.jpeg,2,DRUSEN,DRUSEN,DRUSEN,True,0.00731148,0.01673336,0.009984306,0.004180454,0.0045682807,0.9526197,0.002236645,0.0023657237
/home/yogesh.patel/execution/25_9_2026_PRD_work/OCT2017_Test/test/DRUSEN/DRUSEN-2128644-3.jpeg,2,DRUSEN,DRUSEN,DRUSEN,True,0.009699399,0.06867314,0.008210609,0.006641146,0.005282127,0.8912502,0.006290119,0.0039533144
/home/yogesh.patel/execution/25_9_2026_PRD_work/OCT2017_Test/test/DRUSEN/DRUSEN-2141150-1.jpeg,2,DRUSEN,DRUSEN,DRUSEN,True,0.013977346,0.008144688,0.0121908225,0.009215193,0.0061942316,0.9416929,0.0032638693,0.0053209756
/home/yogesh.patel/execution/25_9_2026_PRD_work/OCT2017_Test/test/DRUSEN/DRUSEN-2156263-1.jpeg,2,DRUSEN,DRUSEN,DRUSEN,True,0.006447648,0.013742741,0.006599803,0.008721358,0.005641804,0.95537794,0.0014571295,0.0020116116
/home/yogesh.patel/execution/25_9_2026_PRD_work/OCT2017_Test/test/DRUSEN/DRUSEN-2173657-1.jpeg,2,DRUSEN,DRUSEN,DRUSEN,True,0.0075408285,0.003357819,0.008195335,0.008175019,0.0049761506,0.9646422,0.0012536744,0.0018590116
/home/yogesh.patel/execution/25_9_2026_PRD_work/OCT2017_Test/test/DRUSEN/DRUSEN-2180220-1.jpeg,2,DRUSEN,DRUSEN,DRUSEN,True,0.006389101,0.0063461247,0.010523333,0.0038719235,0.005361651,0.9616914,0.002576689,0.0032397674
/home/yogesh.patel/execution/25_9_2026_PRD_work/OCT2017_Test/test/DRUSEN/DRUSEN-2185112-1.jpeg,2,DRUSEN,DRUSEN,DRUSEN,True,0.007894863,0.010680929,0.007901737,0.004436949,0.0053778095,0.95853,0.0024688155,0.0027089436
/home/yogesh.patel/execution/25_9_2026_PRD_work/OCT2017_Test/test/DRUSEN/DRUSEN-2185112-2.jpeg,2,DRUSEN,DRUSEN,DRUSEN,True,0.0055390755,0.003171066,0.00963469,0.008789695,0.0018272378,0.96379584,0.00047270488,0.006769749
/home/yogesh.patel/execution/25_9_2026_PRD_work/OCT2017_Test/test/DRUSEN/DRUSEN-2232211-1.jpeg,2,DRUSEN,DRUSEN,DRUSEN,True,0.006610971,0.004657698,0.005483477,0.0059364415,0.004866584,0.9672278,0.0026034617,0.0026136488
/home/yogesh.patel/execution/25_9_2026_PRD_work/OCT2017_Test/test/DRUSEN/DRUSEN-2253582-1.jpeg,2,DRUSEN,DRUSEN,DRUSEN,True,0.01163265,0.09358945,0.011557409,0.01602416,0.009253777,0.84667236,0.0066977036,0.004572473
/home/yogesh.patel/execution/25_9_2026_PRD_work/OCT2017_Test/test/DRUSEN/DRUSEN-2257047-1.jpeg,2,DRUSEN,DRUSEN,DRUSEN,True,0.0115316035,0.039546393,0.010827331,0.006383071,0.009059429,0.9139984,0.004168311,0.004485382
/home/yogesh.patel/execution/25_9_2026_PRD_work/OCT2017_Test/test/DRUSEN/DRUSEN-2257047-2.jpeg,2,DRUSEN,DRUSEN,DRUSEN,True,0.00732372,0.012058627,0.010594075,0.003277481,0.0044265683,0.9561137,0.0032935091,0.0029123498
/home/yogesh.patel/execution/25_9_2026_PRD_work/OCT2017_Test/test/DRUSEN/DRUSEN-2257047-3.jpeg,2,DRUSEN,DRUSEN,DRUSEN,True,0.009948231,0.007914737,0.008727909,0.00723131,0.005858501,0.95451164,0.0022329844,0.0035746323
/home/yogesh.patel/execution/25_9_2026_PRD_work/OCT2017_Test/test/DRUSEN/DRUSEN-2257047-4.jpeg,2,DRUSEN,DRUSEN,DRUSEN,True,0.014610475,0.035014547,0.014255511,0.0057322024,0.0074370573,0.912501,0.004715861,0.005733263
/home/yogesh.patel/execution/25_9_2026_PRD_work/OCT2017_Test/test/DRUSEN/DRUSEN-2257047-5.jpeg,2,DRUSEN,DRUSEN,DRUSEN,True,0.0073871356,0.007235063,0.008791624,0.007637884,0.0041766902,0.96086466,0.0017967577,0.0021100673
/home/yogesh.patel/execution/25_9_2026_PRD_work/OCT2017_Test/test/DRUSEN/DRUSEN-2257047-6.jpeg,2,DRUSEN,DRUSEN,DRUSEN,True,0.009837179,0.03641871,0.012996357,0.0051260823,0.0069594975,0.9223645,0.0035064537,0.0027912492
/home/yogesh.patel/execution/25_9_2026_PRD_work/OCT2017_Test/test/DRUSEN/DRUSEN-2257047-7.jpeg,2,DRUSEN,DRUSEN,DRUSEN,True,0.008975539,0.0108253695,0.008512974,0.009021498,0.004373465,0.9536261,0.0031467257,0.0015183694
/home/yogesh.patel/execution/25_9_2026_PRD_work/OCT2017_Test/test/DRUSEN/DRUSEN-2257047-8.jpeg,2,DRUSEN,DRUSEN,DRUSEN,True,0.014317304,0.07207098,0.01282489,0.0056847013,0.011614665,0.87342876,0.005005112,0.0050535807
/home/yogesh.patel/execution/25_9_2026_PRD_work/OCT2017_Test/test/DRUSEN/DRUSEN-228939-1.jpeg,2,DRUSEN,DRUSEN,DRUSEN,True,0.009117684,0.0072672134,0.008489604,0.008565958,0.0057454873,0.9554308,0.002714701,0.0026684392
/home/yogesh.patel/execution/25_9_2026_PRD_work/OCT2017_Test/test/DRUSEN/DRUSEN-228939-2.jpeg,2,DRUSEN,DRUSEN,DRUSEN,True,0.008490564,0.0070314645,0.012590723,0.008582542,0.0035970141,0.9559691,0.0013883623,0.0023502174
/home/yogesh.patel/execution/25_9_2026_PRD_work/OCT2017_Test/test/DRUSEN/DRUSEN-2308158-1.jpeg,2,DRUSEN,DRUSEN,DRUSEN,True,0.005352391,0.009469703,0.0035787227,0.002758344,0.0045750523,0.9671186,0.00396923,0.0031778833
/home/yogesh.patel/execution/25_9_2026_PRD_work/OCT2017_Test/test/DRUSEN/DRUSEN-2403178-1.jpeg,2,DRUSEN,DRUSEN,DRUSEN,True,0.017383391,0.11466807,0.013896339,0.011035576,0.008564602,0.8205677,0.007926104,0.0059582614
/home/yogesh.patel/execution/25_9_2026_PRD_work/OCT2017_Test/test/DRUSEN/DRUSEN-2403178-2.jpeg,2,DRUSEN,DRUSEN,DRUSEN,True,0.013011489,0.14595073,0.011310584,0.007928318,0.007838118,0.80077946,0.008713177,0.0044681164
/home/yogesh.patel/execution/25_9_2026_PRD_work/OCT2017_Test/test/DRUSEN/DRUSEN-2403178-3.jpeg,2,DRUSEN,DRUSEN,DRUSEN,True,0.014662671,0.041948926,0.00948791,0.0063721873,0.009025075,0.9109732,0.0041143955,0.0034155825
/home/yogesh.patel/execution/25_9_2026_PRD_work/OCT2017_Test/test/DRUSEN/DRUSEN-2403178-4.jpeg,2,DRUSEN,DRUSEN,DRUSEN,True,0.0102206925,0.031107279,0.012857455,0.005303897,0.006809287,0.92418903,0.004331702,0.0051806155
/home/yogesh.patel/execution/25_9_2026_PRD_work/OCT2017_Test/test/DRUSEN/DRUSEN-2403178-5.jpeg,2,DRUSEN,DRUSEN,DRUSEN,True,0.007542905,0.008838309,0.0068155276,0.0040873988,0.0041505843,0.9625383,0.0029813636,0.003045562
/home/yogesh.patel/execution/25_9_2026_PRD_work/OCT2017_Test/test/DRUSEN/DRUSEN-2403178-6.jpeg,2,DRUSEN,DRUSEN,DRUSEN,True,0.011218187,0.043821655,0.010349898,0.0074023833,0.009773994,0.9099932,0.0042127445,0.003227972
/home/yogesh.patel/execution/25_9_2026_PRD_work/OCT2017_Test/test/DRUSEN/DRUSEN-2443068-1.jpeg,2,DRUSEN,DRUSEN,DRUSEN,True,0.009602848,0.007844713,0.0090997,0.006939986,0.009668409,0.94867325,0.004083751,0.004087234
/home/yogesh.patel/execution/25_9_2026_PRD_work/OCT2017_Test/test/DRUSEN/DRUSEN-2489093-1.jpeg,2,DRUSEN,DRUSEN,DRUSEN,True,0.0074690846,0.010741808,0.008607087,0.0030416623,0.004509612,0.9601587,0.0028516306,0.002620489
/home/yogesh.patel/execution/25_9_2026_PRD_work/OCT2017_Test/test/DRUSEN/DRUSEN-2489093-2.jpeg,2,DRUSEN,DRUSEN,DRUSEN,True,0.007269548,0.0050043175,0.008848798,0.0056363284,0.005044103,0.9643408,0.0015217289,0.002334297
/home/yogesh.patel/execution/25_9_2026_PRD_work/OCT2017_Test/test/DRUSEN/DRUSEN-2510299-1.jpeg,2,DRUSEN,DRUSEN,DRUSEN,True,0.011720793,0.04699355,0.010339574,0.0083311545,0.005201638,0.90806913,0.0050037173,0.0043404386
/home/yogesh.patel/execution/25_9_2026_PRD_work/OCT2017_Test/test/DRUSEN/DRUSEN-2510299-2.jpeg,2,DRUSEN,DRUSEN,DRUSEN,True,0.00872293,0.02271486,0.005632513,0.0071124677,0.0055743884,0.9434206,0.004502366,0.0023198205
/home/yogesh.patel/execution/25_9_2026_PRD_work/OCT2017_Test/test/DRUSEN/DRUSEN-2541184-1.jpeg,2,DRUSEN,DRUSEN,DRUSEN,True,0.008807954,0.008574593,0.008391074,0.0065598194,0.0042807455,0.9570194,0.0033554048,0.0030109943
/home/yogesh.patel/execution/25_9_2026_PRD_work/OCT2017_Test/test/DRUSEN/DRUSEN-2785977-1.jpeg,2,DRUSEN,DRUSEN,DRUSEN,True,0.010643324,0.015112549,0.009519129,0.0056971563,0.008080333,0.9440764,0.0035144647,0.0033566358
/home/yogesh.patel/execution/25_9_2026_PRD_work/OCT2017_Test/test/DRUSEN/DRUSEN-2951435-1.jpeg,2,DRUSEN,DRUSEN,DRUSEN,True,0.008501551,0.026474547,0.009049483,0.00561634,0.0052854554,0.938055,0.0031525055,0.003865222
/home/yogesh.patel/execution/25_9_2026_PRD_work/OCT2017_Test/test/DRUSEN/DRUSEN-3017923-1.jpeg,2,DRUSEN,DRUSEN,DRUSEN,True,0.00968015,0.031015687,0.008250171,0.004148425,0.0053761024,0.9337559,0.0037849818,0.0039886283
/home/yogesh.patel/execution/25_9_2026_PRD_work/OCT2017_Test/test/DRUSEN/DRUSEN-303435-1.jpeg,2,DRUSEN,DRUSEN,DRUSEN,True,0.0069345944,0.0024599426,0.007948497,0.0057167104,0.004124832,0.9677164,0.0010871547,0.0040119165
/home/yogesh.patel/execution/25_9_2026_PRD_work/OCT2017_Test/test/DRUSEN/DRUSEN-3214955-1.jpeg,2,DRUSEN,DRUSEN,DRUSEN,True,0.009843457,0.01455332,0.0083641615,0.0038122842,0.009898306,0.9420453,0.0045249616,0.0069582127
/home/yogesh.patel/execution/25_9_2026_PRD_work/OCT2017_Test/test/DRUSEN/DRUSEN-3241692-1.jpeg,2,DRUSEN,DRUSEN,DRUSEN,True,0.008726164,0.021389535,0.0073765283,0.0050956714,0.00483685,0.9498539,0.001587194,0.0011340979
/home/yogesh.patel/execution/25_9_2026_PRD_work/OCT2017_Test/test/DRUSEN/DRUSEN-3276918-1.jpeg,2,DRUSEN,DRUSEN,DRUSEN,True,0.009828915,0.008072117,0.010070545,0.005767061,0.004677911,0.95676374,0.0023332918,0.0024864734
/home/yogesh.patel/execution/25_9_2026_PRD_work/OCT2017_Test/test/DRUSEN/DRUSEN-3276918-2.jpeg,2,DRUSEN,DRUSEN,DRUSEN,True,0.01593418,0.011946938,0.009122344,0.009526632,0.0049616154,0.94129866,0.0038035493,0.0034060038
/home/yogesh.patel/execution/25_9_2026_PRD_work/OCT2017_Test/test/DRUSEN/DRUSEN-3317878-1.jpeg,2,DRUSEN,DRUSEN,DRUSEN,True,0.00876582,0.009042478,0.010121138,0.008645348,0.005404075,0.9537772,0.0020426898,0.0022011017
/home/yogesh.patel/execution/25_9_2026_PRD_work/OCT2017_Test/test/DRUSEN/DRUSEN-3424668-1.jpeg,2,DRUSEN,DRUSEN,DRUSEN,True,0.0073912945,0.013738495,0.008570451,0.007807408,0.007613944,0.9508844,0.002265445,0.0017286259
/home/yogesh.patel/execution/25_9_2026_PRD_work/OCT2017_Test/test/DRUSEN/DRUSEN-3424668-2.jpeg,2,DRUSEN,DRUSEN,DRUSEN,True,0.012035162,0.04230213,0.012840603,0.006224562,0.007989528,0.909842,0.00599228,0.0027736893
/home/yogesh.patel/execution/25_9_2026_PRD_work/OCT2017_Test/test/DRUSEN/DRUSEN-3424668-3.jpeg,2,DRUSEN,DRUSEN,DRUSEN,True,0.008495595,0.024097314,0.009009928,0.008255696,0.0070629762,0.93449026,0.005697364,0.0028909456
/home/yogesh.patel/execution/25_9_2026_PRD_work/OCT2017_Test/test/DRUSEN/DRUSEN-3424668-4.jpeg,2,DRUSEN,DRUSEN,DRUSEN,True,0.007240202,0.005331162,0.008782579,0.0062145414,0.0043759574,0.9632474,0.001919233,0.0028888548
/home/yogesh.patel/execution/25_9_2026_PRD_work/OCT2017_Test/test/DRUSEN/DRUSEN-3439251-1.jpeg,2,DRUSEN,DRUSEN,DRUSEN,True,0.006099231,0.00775624,0.00844682,0.0024165132,0.0028140496,0.96811926,0.0013464456,0.003001454
/home/yogesh.patel/execution/25_9_2026_PRD_work/OCT2017_Test/test/DRUSEN/DRUSEN-3439251-2.jpeg,2,DRUSEN,DRUSEN,DRUSEN,True,0.009508829,0.03175857,0.016995683,0.0047776927,0.006513184,0.92533857,0.0013576479,0.003749734
/home/yogesh.patel/execution/25_9_2026_PRD_work/OCT2017_Test/test/DRUSEN/DRUSEN-3482415-1.jpeg,2,DRUSEN,DRUSEN,DRUSEN,True,0.0055699996,0.005588969,0.0038072336,0.0064270254,0.0032843603,0.9709635,0.0026548826,0.0017040621
/home/yogesh.patel/execution/25_9_2026_PRD_work/OCT2017_Test/test/DRUSEN/DRUSEN-349021-1.jpeg,2,DRUSEN,DRUSEN,DRUSEN,True,0.013905103,0.04673853,0.015186233,0.007321589,0.005765159,0.9044933,0.0029673583,0.0036227803
/home/yogesh.patel/execution/25_9_2026_PRD_work/OCT2017_Test/test/DRUSEN/DRUSEN-349021-2.jpeg,2,DRUSEN,DRUSEN,DRUSEN,True,0.016198784,0.1895315,0.014881824,0.006830699,0.007979672,0.75364184,0.005965824,0.0049697994
/home/yogesh.patel/execution/25_9_2026_PRD_work/OCT2017_Test/test/DRUSEN/DRUSEN-3571629-1.jpeg,2,DRUSEN,DRUSEN,DRUSEN,True,0.011893189,0.030075043,0.009352781,0.0085935155,0.0105851665,0.92155373,0.0049940133,0.0029526018
/home/yogesh.patel/execution/25_9_2026_PRD_work/OCT2017_Test/test/DRUSEN/DRUSEN-364469-1.jpeg,2,DRUSEN,DRUSEN,DRUSEN,True,0.008700341,0.0199962,0.008842203,0.006583412,0.0070871795,0.9433749,0.0024357338,0.002980042
/home/yogesh.patel/execution/25_9_2026_PRD_work/OCT2017_Test/test/DRUSEN/DRUSEN-364469-2.jpeg,2,DRUSEN,DRUSEN,DRUSEN,True,0.008279447,0.008456835,0.01320043,0.0061480966,0.0048052007,0.95451534,0.0018812665,0.002713295
/home/yogesh.patel/execution/25_9_2026_PRD_work/OCT2017_Test/test/DRUSEN/DRUSEN-364469-3.jpeg,2,DRUSEN,DRUSEN,DRUSEN,True,0.010049604,0.005754037,0.007873129,0.008976688,0.0064532747,0.95481884,0.0029719763,0.0031023286
/home/yogesh.patel/execution/25_9_2026_PRD_work/OCT2017_Test/test/DRUSEN/DRUSEN-364469-4.jpeg,2,DRUSEN,DRUSEN,DRUSEN,True,0.0085768225,0.009756697,0.010115778,0.008988742,0.0066663865,0.9505963,0.0024169728,0.0028823465
/home/yogesh.patel/execution/25_9_2026_PRD_work/OCT2017_Test/test/DRUSEN/DRUSEN-4240777-1.jpeg,2,DRUSEN,DRUSEN,DRUSEN,True,0.008030924,0.006130742,0.006501389,0.009663282,0.005949564,0.95894814,0.002558012,0.0022179198
/home/yogesh.patel/execution/25_9_2026_PRD_work/OCT2017_Test/test/DRUSEN/DRUSEN-4291972-1.jpeg,2,DRUSEN,DRUSEN,DRUSEN,True,0.008948992,0.061601322,0.007377246,0.004971096,0.009087137,0.9003995,0.00493941,0.002675226
/home/yogesh.patel/execution/25_9_2026_PRD_work/OCT2017_Test/test/DRUSEN/DRUSEN-4293095-1.jpeg,2,DRUSEN,DRUSEN,DRUSEN,True,0.0076752296,0.029186772,0.006560102,0.005070296,0.0052119484,0.93949014,0.0034042953,0.003401224
/home/yogesh.patel/execution/25_9_2026_PRD_work/OCT2017_Test/test/DRUSEN/DRUSEN-4293095-2.jpeg,2,DRUSEN,DRUSEN,DRUSEN,True,0.0065261894,0.015106848,0.009504935,0.004146289,0.0035685974,0.95631135,0.0015031472,0.0033326712
/home/yogesh.patel/execution/25_9_2026_PRD_work/OCT2017_Test/test/DRUSEN/DRUSEN-4304015-1.jpeg,2,DRUSEN,DRUSEN,DRUSEN,True,0.0124489935,0.0263731,0.011221776,0.008661359,0.0064171483,0.92797107,0.004219227,0.002687389
/home/yogesh.patel/execution/25_9_2026_PRD_work/OCT2017_Test/test/DRUSEN/DRUSEN-4314625-1.jpeg,2,DRUSEN,DRUSEN,DRUSEN,True,0.008642033,0.10600416,0.013427452,0.0038040327,0.0071858056,0.853511,0.0046901554,0.002735434
/home/yogesh.patel/execution/25_9_2026_PRD_work/OCT2017_Test/test/DRUSEN/DRUSEN-4343867-1.jpeg,2,DRUSEN,DRUSEN,DRUSEN,True,0.008044793,0.029001758,0.011459469,0.00286816,0.0043776925,0.938573,0.0017820738,0.0038930732
/home/yogesh.patel/execution/25_9_2026_PRD_work/OCT2017_Test/test/DRUSEN/DRUSEN-4343867-2.jpeg,2,DRUSEN,DRUSEN,DRUSEN,True,0.011697001,0.020549402,0.009427386,0.008199591,0.0067522274,0.9393445,0.0021753307,0.0018545681
/home/yogesh.patel/execution/25_9_2026_PRD_work/OCT2017_Test/test/DRUSEN/DRUSEN-4379246-1.jpeg,2,DRUSEN,DRUSEN,DRUSEN,True,0.008898078,0.035178933,0.011348329,0.0074398005,0.0066122636,0.92598516,0.0017586444,0.002778827
/home/yogesh.patel/execution/25_9_2026_PRD_work/OCT2017_Test/test/DRUSEN/DRUSEN-4379246-2.jpeg,2,DRUSEN,DRUSEN,DRUSEN,True,0.01003183,0.05717262,0.012499813,0.006281699,0.008981406,0.89822704,0.0031586261,0.003646948
/home/yogesh.patel/execution/25_9_2026_PRD_work/OCT2017_Test/test/DRUSEN/DRUSEN-457907-1.jpeg,2,DRUSEN,DRUSEN,DRUSEN,True,0.008791477,0.016926708,0.004556252,0.013872932,0.004683101,0.94427335,0.003921526,0.0029747582
/home/yogesh.patel/execution/25_9_2026_PRD_work/OCT2017_Test/test/DRUSEN/DRUSEN-4666680-1.jpeg,2,DRUSEN,DRUSEN,DRUSEN,True,0.009656275,0.0072255973,0.0094595,0.007803917,0.005413098,0.9554185,0.0025257168,0.0024974188
/home/yogesh.patel/execution/25_9_2026_PRD_work/OCT2017_Test/test/DRUSEN/DRUSEN-4666680-2.jpeg,2,DRUSEN,DRUSEN,DRUSEN,True,0.009958012,0.005645745,0.010618562,0.008656507,0.004562749,0.95426446,0.0030156043,0.0032782918
/home/yogesh.patel/execution/25_9_2026_PRD_work/OCT2017_Test/test/DRUSEN/DRUSEN-4696998-1.jpeg,2,DRUSEN,DRUSEN,DRUSEN,True,0.010934571,0.009752779,0.008157526,0.008594682,0.0057889563,0.9527525,0.0025376035,0.001481565
/home/yogesh.patel/execution/25_9_2026_PRD_work/OCT2017_Test/test/DRUSEN/DRUSEN-4878077-1.jpeg,2,DRUSEN,DRUSEN,DRUSEN,True,0.010469155,0.017192967,0.009668835,0.003802484,0.0038399117,0.95173687,0.002231912,0.0010578313
/home/yogesh.patel/execution/25_9_2026_PRD_work/OCT2017_Test/test/DRUSEN/DRUSEN-4878077-2.jpeg,2,DRUSEN,DRUSEN,DRUSEN,True,0.008872756,0.0061610807,0.0079404665,0.008427791,0.0052236128,0.95883447,0.002482559,0.0020572995
/home/yogesh.patel/execution/25_9_2026_PRD_work/OCT2017_Test/test/DRUSEN/DRUSEN-4878077-3.jpeg,2,DRUSEN,DRUSEN,DRUSEN,True,0.008773049,0.0048436862,0.007820434,0.009980943,0.006857793,0.95601183,0.0024118214,0.0033004903
/home/yogesh.patel/execution/25_9_2026_PRD_work/OCT2017_Test/test/DRUSEN/DRUSEN-4878077-4.jpeg,2,DRUSEN,DRUSEN,DRUSEN,True,0.007989799,0.008211393,0.0068331496,0.0056288904,0.005149066,0.96215796,0.0022205696,0.0018091821
/home/yogesh.patel/execution/25_9_2026_PRD_work/OCT2017_Test/test/DRUSEN/DRUSEN-4878077-5.jpeg,2,DRUSEN,DRUSEN,DRUSEN,True,0.0075726793,0.008365884,0.00772649,0.0082613295,0.0069565177,0.95549655,0.0031316632,0.0024889533
/home/yogesh.patel/execution/25_9_2026_PRD_work/OCT2017_Test/test/DRUSEN/DRUSEN-4878077-6.jpeg,2,DRUSEN,DRUSEN,DRUSEN,True,0.0073341886,0.009414434,0.008976418,0.0057908124,0.00596256,0.956498,0.0023194153,0.003704249
/home/yogesh.patel/execution/25_9_2026_PRD_work/OCT2017_Test/test/DRUSEN/DRUSEN-4904794-1.jpeg,2,DRUSEN,DRUSEN,DRUSEN,True,0.0064464435,0.008397298,0.010398488,0.0033416594,0.0034505408,0.9617295,0.0021689523,0.0040670647
/home/yogesh.patel/execution/25_9_2026_PRD_work/OCT2017_Test/test/DRUSEN/DRUSEN-4951152-1.jpeg,2,DRUSEN,DRUSEN,DRUSEN,True,0.0067836647,0.018592028,0.008663698,0.0046137455,0.004987402,0.94916236,0.004175348,0.003021663
/home/yogesh.patel/execution/25_9_2026_PRD_work/OCT2017_Test/test/DRUSEN/DRUSEN-4973287-1.jpeg,2,DRUSEN,DRUSEN,DRUSEN,True,0.0077411397,0.0075794654,0.014219723,0.0050490084,0.004108253,0.95706177,0.0014592354,0.0027814445
/home/yogesh.patel/execution/25_9_2026_PRD_work/OCT2017_Test/test/DRUSEN/DRUSEN-5094722-1.jpeg,2,DRUSEN,DRUSEN,DRUSEN,True,0.009070444,0.013233122,0.007923588,0.003953377,0.005069227,0.95623577,0.0027810775,0.0017333836
/home/yogesh.patel/execution/25_9_2026_PRD_work/OCT2017_Test/test/DRUSEN/DRUSEN-525301-1.jpeg,2,DRUSEN,DRUSEN,DRUSEN,True,0.008311357,0.01270623,0.01247375,0.0054797446,0.007395923,0.948543,0.002385268,0.0027046415
/home/yogesh.patel/execution/25_9_2026_PRD_work/OCT2017_Test/test/DRUSEN/DRUSEN-5331157-1.jpeg,2,DRUSEN,DRUSEN,DRUSEN,True,0.017145636,0.060839087,0.011254904,0.012947566,0.0072054574,0.88278735,0.0040445616,0.0037754164
/home/yogesh.patel/execution/25_9_2026_PRD_work/OCT2017_Test/test/DRUSEN/DRUSEN-538779-1.jpeg,2,DRUSEN,DRUSEN,DRUSEN,True,0.010621813,0.0132428,0.011375373,0.00815694,0.0059568933,0.9457562,0.0029942591,0.0018956937
/home/yogesh.patel/execution/25_9_2026_PRD_work/OCT2017_Test/test/DRUSEN/DRUSEN-5443411-1.jpeg,2,DRUSEN,DRUSEN,DRUSEN,True,0.0063446257,0.027831689,0.007486816,0.0051404624,0.005439302,0.94246507,0.002975764,0.002316321
/home/yogesh.patel/execution/25_9_2026_PRD_work/OCT2017_Test/test/DRUSEN/DRUSEN-5477211-1.jpeg,2,DRUSEN,DRUSEN,DRUSEN,True,0.006275555,0.014160408,0.0074555166,0.007018576,0.007957361,0.95198274,0.0021259785,0.0030238486
/home/yogesh.patel/execution/25_9_2026_PRD_work/OCT2017_Test/test/DRUSEN/DRUSEN-5477211-2.jpeg,2,DRUSEN,DRUSEN,DRUSEN,True,0.008504611,0.010942651,0.010639259,0.0046969745,0.006103564,0.9541929,0.0027328737,0.0021871796
/home/yogesh.patel/execution/25_9_2026_PRD_work/OCT2017_Test/test/DRUSEN/DRUSEN-5710007-1.jpeg,2,DRUSEN,DRUSEN,DRUSEN,True,0.0063290927,0.007932508,0.014037616,0.005372825,0.005151071,0.9589169,0.0011500325,0.0011098892
/home/yogesh.patel/execution/25_9_2026_PRD_work/OCT2017_Test/test/DRUSEN/DRUSEN-5710007-2.jpeg,2,DRUSEN,DRUSEN,DRUSEN,True,0.0049954103,0.0028040623,0.009729776,0.0040866937,0.0037539876,0.9713477,0.0008100506,0.0024723215
/home/yogesh.patel/execution/25_9_2026_PRD_work/OCT2017_Test/test/DRUSEN/DRUSEN-5753467-1.jpeg,2,DRUSEN,DRUSEN,DRUSEN,True,0.008913943,0.0020361256,0.013713239,0.005280621,0.004399609,0.9624566,0.0011483328,0.002051574
/home/yogesh.patel/execution/25_9_2026_PRD_work/OCT2017_Test/test/DRUSEN/DRUSEN-5801431-1.jpeg,2,DRUSEN,DRUSEN,DRUSEN,True,0.007846761,0.03196904,0.010841957,0.01298188,0.0070047043,0.9231101,0.0030696855,0.003175917
/home/yogesh.patel/execution/25_9_2026_PRD_work/OCT2017_Test/test/DRUSEN/DRUSEN-584218-1.jpeg,2,DRUSEN,DRUSEN,DRUSEN,True,0.010148402,0.017578086,0.008899333,0.0051035704,0.0064348895,0.94511104,0.0033816136,0.0033431286
/home/yogesh.patel/execution/25_9_2026_PRD_work/OCT2017_Test/test/DRUSEN/DRUSEN-5864720-1.jpeg,2,DRUSEN,DRUSEN,DRUSEN,True,0.0063325698,0.010761483,0.009529513,0.0038026955,0.005173681,0.95919806,0.0020549013,0.0031471788
/home/yogesh.patel/execution/25_9_2026_PRD_work/OCT2017_Test/test/DRUSEN/DRUSEN-5864720-2.jpeg,2,DRUSEN,DRUSEN,DRUSEN,True,0.0066962917,0.010100956,0.010690425,0.003936202,0.0058617555,0.9564401,0.001561175,0.0047131153
/home/yogesh.patel/execution/25_9_2026_PRD_work/OCT2017_Test/test/DRUSEN/DRUSEN-5929729-1.jpeg,2,DRUSEN,DRUSEN,DRUSEN,True,0.0071184696,0.029319173,0.011501373,0.0025531452,0.0030569653,0.9393541,0.002794567,0.0043022432
/home/yogesh.patel/execution/25_9_2026_PRD_work/OCT2017_Test/test/DRUSEN/DRUSEN-609387-1.jpeg,2,DRUSEN,DRUSEN,DRUSEN,True,0.005868802,0.008229703,0.008944687,0.004518419,0.004751518,0.96424794,0.0017029013,0.0017360558
/home/yogesh.patel/execution/25_9_2026_PRD_work/OCT2017_Test/test/DRUSEN/DRUSEN-609387-2.jpeg,2,DRUSEN,DRUSEN,DRUSEN,True,0.008661902,0.01073296,0.008469383,0.006959201,0.006099758,0.95320964,0.0034714267,0.00239573
/home/yogesh.patel/execution/25_9_2026_PRD_work/OCT2017_Test/test/DRUSEN/DRUSEN-609387-3.jpeg,2,DRUSEN,DRUSEN,DRUSEN,True,0.008103217,0.030312635,0.008874343,0.005778141,0.007326028,0.93341,0.003467225,0.002728422
/home/yogesh.patel/execution/25_9_2026_PRD_work/OCT2017_Test/test/DRUSEN/DRUSEN-6190971-1.jpeg,2,DRUSEN,DRUSEN,DRUSEN,True,0.008272391,0.011276236,0.009879448,0.0058912714,0.006694974,0.9501164,0.0033071754,0.004562107
/home/yogesh.patel/execution/25_9_2026_PRD_work/OCT2017_Test/test/DRUSEN/DRUSEN-6190971-2.jpeg,2,DRUSEN,DRUSEN,DRUSEN,True,0.009026017,0.009538418,0.009210722,0.008272765,0.0043261074,0.95421475,0.0030207445,0.0023904697
/home/yogesh.patel/execution/25_9_2026_PRD_work/OCT2017_Test/test/DRUSEN/DRUSEN-6193297-1.jpeg,2,DRUSEN,DRUSEN,DRUSEN,True,0.00408136,0.00349305,0.0051681004,0.009163897,0.0029430718,0.970942,0.0013443059,0.002864175
/home/yogesh.patel/execution/25_9_2026_PRD_work/OCT2017_Test/test/DRUSEN/DRUSEN-6193297-2.jpeg,2,DRUSEN,DRUSEN,DRUSEN,True,0.0047781803,0.0028876676,0.0065450743,0.008128633,0.0027259989,0.97074497,0.0010785272,0.003111047
/home/yogesh.patel/execution/25_9_2026_PRD_work/OCT2017_Test/test/DRUSEN/DRUSEN-6193297-3.jpeg,2,DRUSEN,DRUSEN,DRUSEN,True,0.0060554342,0.008118331,0.007063571,0.011280661,0.0052206186,0.9594087,0.0014898683,0.0013627618
/home/yogesh.patel/execution/25_9_2026_PRD_work/OCT2017_Test/test/DRUSEN/DRUSEN-6193297-4.jpeg,2,DRUSEN,DRUSEN,DRUSEN,True,0.008008485,0.011864167,0.008342745,0.0055806753,0.003500572,0.95725834,0.002967847,0.0024772447
/home/yogesh.patel/execution/25_9_2026_PRD_work/OCT2017_Test/test/DRUSEN/DRUSEN-6193297-5.jpeg,2,DRUSEN,DRUSEN,DRUSEN,True,0.0041318424,0.0037194418,0.0070299287,0.005876182,0.0021803326,0.97373676,0.0010773919,0.002248111
/home/yogesh.patel/execution/25_9_2026_PRD_work/OCT2017_Test/test/DRUSEN/DRUSEN-6264369-1.jpeg,2,DRUSEN,DRUSEN,DRUSEN,True,0.00880404,0.012750653,0.0085938955,0.0077688894,0.0073895366,0.94809765,0.0025574735,0.0040378966
/home/yogesh.patel/execution/25_9_2026_PRD_work/OCT2017_Test/test/DRUSEN/DRUSEN-7064008-1.jpeg,2,DRUSEN,DRUSEN,DRUSEN,True,0.008164363,0.013584108,0.007252271,0.0060830615,0.005243935,0.95472336,0.0029089423,0.0020400311
/home/yogesh.patel/execution/25_9_2026_PRD_work/OCT2017_Test/test/DRUSEN/DRUSEN-7199590-1.jpeg,2,DRUSEN,DRUSEN,DRUSEN,True,0.0076082577,0.023332356,0.0063695563,0.0066280705,0.0071589095,0.94483024,0.0019468444,0.0021257198
/home/yogesh.patel/execution/25_9_2026_PRD_work/OCT2017_Test/test/DRUSEN/DRUSEN-732516-1.jpeg,2,DRUSEN,DRUSEN,DRUSEN,True,0.0092164,0.014253065,0.006936241,0.0060168495,0.005086521,0.95120484,0.004312961,0.0029730597
/home/yogesh.patel/execution/25_9_2026_PRD_work/OCT2017_Test/test/DRUSEN/DRUSEN-732516-2.jpeg,2,DRUSEN,DRUSEN,DRUSEN,True,0.006847094,0.008019716,0.004604756,0.010115134,0.0046707285,0.9594381,0.0036180613,0.0026865143
/home/yogesh.patel/execution/25_9_2026_PRD_work/OCT2017_Test/test/DRUSEN/DRUSEN-732516-3.jpeg,2,DRUSEN,DRUSEN,DRUSEN,True,0.0065512024,0.0069053806,0.007680637,0.0068782005,0.0038478265,0.9643328,0.0020509616,0.0017528506
/home/yogesh.patel/execution/25_9_2026_PRD_work/OCT2017_Test/test/DRUSEN/DRUSEN-7345121-1.jpeg,2,DRUSEN,DRUSEN,DRUSEN,True,0.0140425125,0.16926078,0.025072478,0.0073612556,0.01236482,0.7628712,0.0034301388,0.005596803
/home/yogesh.patel/execution/25_9_2026_PRD_work/OCT2017_Test/test/DRUSEN/DRUSEN-7350225-1.jpeg,2,DRUSEN,DRUSEN,DRUSEN,True,0.0084069595,0.005397526,0.011700147,0.005890311,0.004872823,0.9571561,0.0026777063,0.0038984201
/home/yogesh.patel/execution/25_9_2026_PRD_work/OCT2017_Test/test/DRUSEN/DRUSEN-7373858-1.jpeg,2,DRUSEN,DRUSEN,DRUSEN,True,0.011236854,0.009704198,0.009844001,0.011953205,0.009592439,0.94214994,0.0020849847,0.0034343852
/home/yogesh.patel/execution/25_9_2026_PRD_work/OCT2017_Test/test/DRUSEN/DRUSEN-7393104-1.jpeg,2,DRUSEN,DRUSEN,DRUSEN,True,0.0116821425,0.11414696,0.010127441,0.007087189,0.0080827745,0.8402456,0.004211927,0.0044158595
/home/yogesh.patel/execution/25_9_2026_PRD_work/OCT2017_Test/test/DRUSEN/DRUSEN-7513011-1.jpeg,2,DRUSEN,DRUSEN,DRUSEN,True,0.009653832,0.041885592,0.012164956,0.008685167,0.009318007,0.9131735,0.0025892055,0.0025297995
/home/yogesh.patel/execution/25_9_2026_PRD_work/OCT2017_Test/test/DRUSEN/DRUSEN-7555604-1.jpeg,2,DRUSEN,DRUSEN,DRUSEN,True,0.007858704,0.016248014,0.011768152,0.007927293,0.005956798,0.94555706,0.0025887936,0.0020952495
/home/yogesh.patel/execution/25_9_2026_PRD_work/OCT2017_Test/test/DRUSEN/DRUSEN-7555604-2.jpeg,2,DRUSEN,DRUSEN,DRUSEN,True,0.010149346,0.035588756,0.010715665,0.0054699033,0.0053394004,0.92433155,0.004464113,0.0039413003
/home/yogesh.patel/execution/25_9_2026_PRD_work/OCT2017_Test/test/DRUSEN/DRUSEN-7557808-1.jpeg,2,DRUSEN,DRUSEN,DRUSEN,True,0.008160065,0.006445125,0.008228973,0.0047658603,0.0052360883,0.9627757,0.0021119737,0.0022761987
/home/yogesh.patel/execution/25_9_2026_PRD_work/OCT2017_Test/test/DRUSEN/DRUSEN-7563760-1.jpeg,2,DRUSEN,DRUSEN,DRUSEN,True,0.007427994,0.0080090435,0.0060665696,0.006472636,0.005293521,0.95918995,0.004340405,0.0031998192
/home/yogesh.patel/execution/25_9_2026_PRD_work/OCT2017_Test/test/DRUSEN/DRUSEN-7675318-1.jpeg,2,DRUSEN,DRUSEN,DRUSEN,True,0.005522803,0.0061567826,0.0076507577,0.004464865,0.0036036354,0.9662679,0.0016353213,0.004697929
/home/yogesh.patel/execution/25_9_2026_PRD_work/OCT2017_Test/test/DRUSEN/DRUSEN-7675318-2.jpeg,2,DRUSEN,DRUSEN,DRUSEN,True,0.0062422017,0.004418164,0.007259286,0.0028950567,0.0037270545,0.9703059,0.0020128216,0.0031394092
/home/yogesh.patel/execution/25_9_2026_PRD_work/OCT2017_Test/test/DRUSEN/DRUSEN-7710023-1.jpeg,2,DRUSEN,DRUSEN,DRUSEN,True,0.012902905,0.18794008,0.014495403,0.008124547,0.012099261,0.7579616,0.0032209326,0.0032553603
/home/yogesh.patel/execution/25_9_2026_PRD_work/OCT2017_Test/test/DRUSEN/DRUSEN-7710023-2.jpeg,2,DRUSEN,DRUSEN,DRUSEN,True,0.014973479,0.1392651,0.012945186,0.0091253435,0.011127583,0.80194235,0.005475399,0.0051455842
/home/yogesh.patel/execution/25_9_2026_PRD_work/OCT2017_Test/test/DRUSEN/DRUSEN-7763772-1.jpeg,2,DRUSEN,DRUSEN,DRUSEN,True,0.008531582,0.006316467,0.008997172,0.006678945,0.006353208,0.9574947,0.0035265165,0.002101504
/home/yogesh.patel/execution/25_9_2026_PRD_work/OCT2017_Test/test/DRUSEN/DRUSEN-781814-1.jpeg,2,DRUSEN,DRUSEN,DRUSEN,True,0.007254779,0.0033183517,0.0050120293,0.004712352,0.0029408683,0.9736655,0.0010864374,0.0020097082
/home/yogesh.patel/execution/25_9_2026_PRD_work/OCT2017_Test/test/DRUSEN/DRUSEN-783692-1.jpeg,2,DRUSEN,DRUSEN,DRUSEN,True,0.0072251484,0.00452408,0.0066778883,0.003988333,0.004324652,0.9676591,0.0026848137,0.0029159125
/home/yogesh.patel/execution/25_9_2026_PRD_work/OCT2017_Test/test/DRUSEN/DRUSEN-7915033-1.jpeg,2,DRUSEN,DRUSEN,DRUSEN,True,0.008228153,0.04003503,0.0074588037,0.00393538,0.0043713544,0.93291223,0.0015990807,0.0014599145
/home/yogesh.patel/execution/25_9_2026_PRD_work/OCT2017_Test/test/DRUSEN/DRUSEN-7915033-2.jpeg,2,DRUSEN,DRUSEN,DRUSEN,True,0.005040453,0.0055340966,0.0051888195,0.0042661047,0.0032277084,0.97283834,0.0017237393,0.0021806736
/home/yogesh.patel/execution/25_9_2026_PRD_work/OCT2017_Test/test/DRUSEN/DRUSEN-7915033-3.jpeg,2,DRUSEN,DRUSEN,DRUSEN,True,0.0072641596,0.008698971,0.005736931,0.003859841,0.0044941334,0.9625509,0.0035251097,0.003870012
/home/yogesh.patel/execution/25_9_2026_PRD_work/OCT2017_Test/test/DRUSEN/DRUSEN-8023853-1.jpeg,2,DRUSEN,DRUSEN,DRUSEN,True,0.006196419,0.0051395474,0.010361277,0.011361489,0.004983245,0.95744115,0.0019939004,0.002522881
/home/yogesh.patel/execution/25_9_2026_PRD_work/OCT2017_Test/test/DRUSEN/DRUSEN-8039905-1.jpeg,2,DRUSEN,DRUSEN,DRUSEN,True,0.009748874,0.053993568,0.0074346527,0.005304548,0.011068567,0.9064737,0.0026488868,0.0033271492
/home/yogesh.patel/execution/25_9_2026_PRD_work/OCT2017_Test/test/DRUSEN/DRUSEN-8074563-1.jpeg,2,DRUSEN,DRUSEN,DRUSEN,True,0.008654305,0.0036164608,0.008157597,0.0064480314,0.0059699244,0.96041596,0.0020925389,0.0046452577
/home/yogesh.patel/execution/25_9_2026_PRD_work/OCT2017_Test/test/DRUSEN/DRUSEN-8074563-2.jpeg,2,DRUSEN,DRUSEN,DRUSEN,True,0.008131005,0.0026801408,0.008243724,0.007855604,0.0064560906,0.96100163,0.0016479571,0.003983921
/home/yogesh.patel/execution/25_9_2026_PRD_work/OCT2017_Test/test/DRUSEN/DRUSEN-8074563-3.jpeg,2,DRUSEN,DRUSEN,DRUSEN,True,0.0075760386,0.0063385675,0.007855927,0.0054748803,0.0062860446,0.961354,0.0020254788,0.0030890342
/home/yogesh.patel/execution/25_9_2026_PRD_work/OCT2017_Test/test/DRUSEN/DRUSEN-8086850-1.jpeg,2,DRUSEN,DRUSEN,DRUSEN,True,0.0061896713,0.0045938417,0.0051864963,0.007103651,0.005347223,0.9668537,0.0019108598,0.0028146224
/home/yogesh.patel/execution/25_9_2026_PRD_work/OCT2017_Test/test/DRUSEN/DRUSEN-8086850-2.jpeg,2,DRUSEN,DRUSEN,DRUSEN,True,0.00485116,0.0028884977,0.007561418,0.0032994587,0.0026459305,0.9737429,0.00085254863,0.0041581136
/home/yogesh.patel/execution/25_9_2026_PRD_work/OCT2017_Test/test/DRUSEN/DRUSEN-8086850-3.jpeg,2,DRUSEN,DRUSEN,DRUSEN,True,0.0073715784,0.011420057,0.0070355055,0.0088308565,0.0065918467,0.9539104,0.0024352728,0.002404516
/home/yogesh.patel/execution/25_9_2026_PRD_work/OCT2017_Test/test/DRUSEN/DRUSEN-8086850-4.jpeg,2,DRUSEN,DRUSEN,DRUSEN,True,0.0067894603,0.0065738373,0.006299605,0.004758862,0.004251808,0.9676702,0.0015168706,0.0021393844
/home/yogesh.patel/execution/25_9_2026_PRD_work/OCT2017_Test/test/DRUSEN/DRUSEN-8086850-5.jpeg,2,DRUSEN,DRUSEN,DRUSEN,True,0.0062411865,0.0089254975,0.0062291296,0.004761219,0.005228894,0.96472955,0.0021653299,0.0017191545
/home/yogesh.patel/execution/25_9_2026_PRD_work/OCT2017_Test/test/DRUSEN/DRUSEN-8086850-6.jpeg,2,DRUSEN,DRUSEN,DRUSEN,True,0.006247819,0.022402193,0.007228041,0.006802006,0.0056430236,0.9468735,0.0017771164,0.0030263762
/home/yogesh.patel/execution/25_9_2026_PRD_work/OCT2017_Test/test/DRUSEN/DRUSEN-8086850-7.jpeg,2,DRUSEN,DRUSEN,DRUSEN,True,0.007189515,0.0032455497,0.006623684,0.0049330536,0.004233919,0.969635,0.0013931432,0.002746111
/home/yogesh.patel/execution/25_9_2026_PRD_work/OCT2017_Test/test/DRUSEN/DRUSEN-8086850-8.jpeg,2,DRUSEN,DRUSEN,DRUSEN,True,0.0060794954,0.0030176027,0.0076826825,0.004510366,0.004343266,0.96661514,0.0013914512,0.0063600047
/home/yogesh.patel/execution/25_9_2026_PRD_work/OCT2017_Test/test/DRUSEN/DRUSEN-8117834-1.jpeg,2,DRUSEN,DRUSEN,DRUSEN,True,0.009099811,0.0054488196,0.0074954336,0.0075083147,0.0038464225,0.9623561,0.0016186137,0.0026265704
/home/yogesh.patel/execution/25_9_2026_PRD_work/OCT2017_Test/test/DRUSEN/DRUSEN-8213975-1.jpeg,2,DRUSEN,DRUSEN,DRUSEN,True,0.010790204,0.031044286,0.011809907,0.0052858996,0.006761152,0.92596614,0.0030737508,0.00526874
/home/yogesh.patel/execution/25_9_2026_PRD_work/OCT2017_Test/test/DRUSEN/DRUSEN-8251771-1.jpeg,2,DRUSEN,DRUSEN,DRUSEN,True,0.006919654,0.013590983,0.005736002,0.011843729,0.005594968,0.95117724,0.0027088234,0.002428645
/home/yogesh.patel/execution/25_9_2026_PRD_work/OCT2017_Test/test/DRUSEN/DRUSEN-8261063-1.jpeg,2,DRUSEN,DRUSEN,DRUSEN,True,0.0071603255,0.0032920165,0.005662469,0.0059999605,0.0055070333,0.9668787,0.0024859456,0.0030134919
/home/yogesh.patel/execution/25_9_2026_PRD_work/OCT2017_Test/test/DRUSEN/DRUSEN-8261063-2.jpeg,2,DRUSEN,DRUSEN,DRUSEN,True,0.00995134,0.0033404927,0.008879193,0.0067878687,0.0043719364,0.9606697,0.0028767642,0.003122714
/home/yogesh.patel/execution/25_9_2026_PRD_work/OCT2017_Test/test/DRUSEN/DRUSEN-8261063-3.jpeg,2,DRUSEN,DRUSEN,DRUSEN,True,0.004784245,0.0017056458,0.004690307,0.0022052843,0.0023056609,0.97861755,0.0023344795,0.0033568176
/home/yogesh.patel/execution/25_9_2026_PRD_work/OCT2017_Test/test/DRUSEN/DRUSEN-8261063-4.jpeg,2,DRUSEN,DRUSEN,DRUSEN,True,0.008301373,0.0033449014,0.0073136324,0.0056095193,0.0033593336,0.9667714,0.0023706204,0.002929163
/home/yogesh.patel/execution/25_9_2026_PRD_work/OCT2017_Test/test/DRUSEN/DRUSEN-8261063-5.jpeg,2,DRUSEN,DRUSEN,DRUSEN,True,0.010675151,0.0064354376,0.0086535085,0.0051598274,0.005287002,0.9536788,0.004059821,0.0060505206
/home/yogesh.patel/execution/25_9_2026_PRD_work/OCT2017_Test/test/DRUSEN/DRUSEN-8261063-6.jpeg,2,DRUSEN,DRUSEN,DRUSEN,True,0.009463125,0.0038392618,0.009183374,0.007273888,0.0043266527,0.9603008,0.0024749967,0.0031379042
/home/yogesh.patel/execution/25_9_2026_PRD_work/OCT2017_Test/test/DRUSEN/DRUSEN-8261063-7.jpeg,2,DRUSEN,DRUSEN,DRUSEN,True,0.009445966,0.004892284,0.010672049,0.008164424,0.0052862023,0.95430684,0.0035505504,0.003681637
/home/yogesh.patel/execution/25_9_2026_PRD_work/OCT2017_Test/test/DRUSEN/DRUSEN-827677-1.jpeg,2,DRUSEN,DRUSEN,DRUSEN,True,0.0124684125,0.005266486,0.010005804,0.011136841,0.0077242614,0.9483189,0.0023012501,0.0027779825
/home/yogesh.patel/execution/25_9_2026_PRD_work/OCT2017_Test/test/DRUSEN/DRUSEN-8281517-1.jpeg,2,DRUSEN,DRUSEN,DRUSEN,True,0.005474685,0.0020661107,0.0034375987,0.0034142106,0.0039390824,0.9776814,0.0018337269,0.0021531165
/home/yogesh.patel/execution/25_9_2026_PRD_work/OCT2017_Test/test/DRUSEN/DRUSEN-8292670-1.jpeg,2,DRUSEN,DRUSEN,DRUSEN,True,0.0060866494,0.003769636,0.005360889,0.0066884956,0.0035501013,0.97123957,0.00152905,0.0017756186
/home/yogesh.patel/execution/25_9_2026_PRD_work/OCT2017_Test/test/DRUSEN/DRUSEN-8319985-1.jpeg,2,DRUSEN,DRUSEN,DRUSEN,True,0.0032303075,0.014860237,0.005309076,0.004533268,0.004454093,0.95964026,0.0036931979,0.004279493
/home/yogesh.patel/execution/25_9_2026_PRD_work/OCT2017_Test/test/DRUSEN/DRUSEN-8339642-1.jpeg,2,DRUSEN,DRUSEN,DRUSEN,True,0.007918197,0.0032569515,0.0069337557,0.0027912566,0.0061346306,0.9641939,0.004226739,0.0045446795
/home/yogesh.patel/execution/25_9_2026_PRD_work/OCT2017_Test/test/DRUSEN/DRUSEN-8345703-1.jpeg,2,DRUSEN,DRUSEN,DRUSEN,True,0.0065741516,0.00937014,0.009051134,0.0035543593,0.00495502,0.9589658,0.004525947,0.0030034203
/home/yogesh.patel/execution/25_9_2026_PRD_work/OCT2017_Test/test/DRUSEN/DRUSEN-8345703-2.jpeg,2,DRUSEN,DRUSEN,DRUSEN,True,0.007531328,0.0033843385,0.007958739,0.0041976157,0.0049732085,0.9640408,0.0033584097,0.004555633
/home/yogesh.patel/execution/25_9_2026_PRD_work/OCT2017_Test/test/DRUSEN/DRUSEN-8351260-1.jpeg,2,DRUSEN,DRUSEN,DRUSEN,True,0.009935999,0.004102886,0.01097151,0.009851384,0.0060589183,0.95289856,0.0033347546,0.0028460247
/home/yogesh.patel/execution/25_9_2026_PRD_work/OCT2017_Test/test/DRUSEN/DRUSEN-8351260-2.jpeg,2,DRUSEN,DRUSEN,DRUSEN,True,0.010439414,0.0050930143,0.012760519,0.004958515,0.0069458564,0.95434713,0.0026283918,0.0028271906
/home/yogesh.patel/execution/25_9_2026_PRD_work/OCT2017_Test/test/DRUSEN/DRUSEN-8389446-1.jpeg,2,DRUSEN,DRUSEN,DRUSEN,True,0.007476628,0.0067793382,0.007954826,0.010525355,0.005810874,0.9553282,0.003327239,0.0027975284
/home/yogesh.patel/execution/25_9_2026_PRD_work/OCT2017_Test/test/DRUSEN/DRUSEN-8389446-2.jpeg,2,DRUSEN,DRUSEN,DRUSEN,True,0.0074893846,0.008110357,0.011531973,0.0058008004,0.005317152,0.9572175,0.0019784179,0.0025545
/home/yogesh.patel/execution/25_9_2026_PRD_work/OCT2017_Test/test/DRUSEN/DRUSEN-8389446-3.jpeg,2,DRUSEN,DRUSEN,DRUSEN,True,0.0063882354,0.0047167675,0.009211405,0.0044333474,0.0035613114,0.9651643,0.0015109708,0.0050136284
/home/yogesh.patel/execution/25_9_2026_PRD_work/OCT2017_Test/test/DRUSEN/DRUSEN-8440718-1.jpeg,2,DRUSEN,DRUSEN,DRUSEN,True,0.0077207214,0.03313599,0.008605891,0.0049171657,0.0050134496,0.9348505,0.0035628658,0.0021933462
/home/yogesh.patel/execution/25_9_2026_PRD_work/OCT2017_Test/test/DRUSEN/DRUSEN-8440718-2.jpeg,2,DRUSEN,DRUSEN,DRUSEN,True,0.0074266936,0.025909383,0.007240751,0.004301259,0.005417924,0.944622,0.0023668364,0.0027151976
/home/yogesh.patel/execution/25_9_2026_PRD_work/OCT2017_Test/test/DRUSEN/DRUSEN-8440718-3.jpeg,2,DRUSEN,DRUSEN,DRUSEN,True,0.006517686,0.008962982,0.008037461,0.0060455226,0.00451487,0.96180177,0.0021935017,0.0019261467
/home/yogesh.patel/execution/25_9_2026_PRD_work/OCT2017_Test/test/DRUSEN/DRUSEN-8440718-4.jpeg,2,DRUSEN,DRUSEN,DRUSEN,True,0.0072094267,0.012089504,0.006685598,0.009518958,0.00461196,0.95537716,0.0018837984,0.0026236388
/home/yogesh.patel/execution/25_9_2026_PRD_work/OCT2017_Test/test/DRUSEN/DRUSEN-8440718-5.jpeg,2,DRUSEN,DRUSEN,DRUSEN,True,0.005803946,0.00517531,0.007630024,0.0052228193,0.003456848,0.9692983,0.0015072175,0.0019055159
/home/yogesh.patel/execution/25_9_2026_PRD_work/OCT2017_Test/test/DRUSEN/DRUSEN-8549730-1.jpeg,2,DRUSEN,DRUSEN,DRUSEN,True,0.011372176,0.03573381,0.012010592,0.009637086,0.00551548,0.92096215,0.002329842,0.002438912
/home/yogesh.patel/execution/25_9_2026_PRD_work/OCT2017_Test/test/DRUSEN/DRUSEN-8549730-2.jpeg,2,DRUSEN,DRUSEN,DRUSEN,True,0.007590449,0.015433209,0.008612338,0.0066467393,0.0045786574,0.95411396,0.0015194796,0.0015051637
/home/yogesh.patel/execution/25_9_2026_PRD_work/OCT2017_Test/test/DRUSEN/DRUSEN-8549730-3.jpeg,2,DRUSEN,DRUSEN,DRUSEN,True,0.0073572863,0.006170402,0.0074888207,0.007476586,0.0038844582,0.963868,0.0018260665,0.001928341
/home/yogesh.patel/execution/25_9_2026_PRD_work/OCT2017_Test/test/DRUSEN/DRUSEN-8549730-4.jpeg,2,DRUSEN,DRUSEN,DRUSEN,True,0.008734735,0.025671672,0.008864146,0.010033872,0.008017844,0.930816,0.0048752734,0.0029863773
/home/yogesh.patel/execution/25_9_2026_PRD_work/OCT2017_Test/test/DRUSEN/DRUSEN-8549730-5.jpeg,2,DRUSEN,DRUSEN,DRUSEN,True,0.0059335446,0.0014037802,0.0053151944,0.007520408,0.0033889762,0.9728391,0.0014237906,0.002175157
/home/yogesh.patel/execution/25_9_2026_PRD_work/OCT2017_Test/test/DRUSEN/DRUSEN-8549730-6.jpeg,2,DRUSEN,DRUSEN,DRUSEN,True,0.006481947,0.009305801,0.0069806525,0.009143792,0.0038971917,0.9599973,0.001956045,0.002237257
/home/yogesh.patel/execution/25_9_2026_PRD_work/OCT2017_Test/test/DRUSEN/DRUSEN-8549730-7.jpeg,2,DRUSEN,DRUSEN,DRUSEN,True,0.011990692,0.040052056,0.0065210853,0.040530704,0.008208964,0.88570493,0.0031628988,0.003828725
/home/yogesh.patel/execution/25_9_2026_PRD_work/OCT2017_Test/test/DRUSEN/DRUSEN-8577392-1.jpeg,2,DRUSEN,DRUSEN,DRUSEN,True,0.00932979,0.010909898,0.006762736,0.0064742807,0.004235406,0.95572776,0.0031934748,0.0033666312
/home/yogesh.patel/execution/25_9_2026_PRD_work/OCT2017_Test/test/DRUSEN/DRUSEN-8605472-1.jpeg,2,DRUSEN,DRUSEN,DRUSEN,True,0.010209332,0.063295044,0.01420962,0.005992671,0.008833086,0.89113855,0.0032112421,0.0031104637
/home/yogesh.patel/execution/25_9_2026_PRD_work/OCT2017_Test/test/DRUSEN/DRUSEN-8656509-1.jpeg,2,DRUSEN,DRUSEN,DRUSEN,True,0.009218662,0.034317315,0.007987653,0.0045057796,0.004769738,0.93079793,0.004078828,0.004324031
/home/yogesh.patel/execution/25_9_2026_PRD_work/OCT2017_Test/test/DRUSEN/DRUSEN-8708331-1.jpeg,2,DRUSEN,DRUSEN,DRUSEN,True,0.011287044,0.019274812,0.008876503,0.0056568016,0.007117834,0.9409988,0.0033625793,0.003425707
/home/yogesh.patel/execution/25_9_2026_PRD_work/OCT2017_Test/test/DRUSEN/DRUSEN-8811857-1.jpeg,2,DRUSEN,DRUSEN,DRUSEN,True,0.006246664,0.005377728,0.0074398513,0.0067842277,0.0040175486,0.96491075,0.0024163637,0.0028068707
/home/yogesh.patel/execution/25_9_2026_PRD_work/OCT2017_Test/test/DRUSEN/DRUSEN-8811857-2.jpeg,2,DRUSEN,DRUSEN,DRUSEN,True,0.008689549,0.023359075,0.008621211,0.0053385757,0.005253602,0.9410633,0.004191016,0.0034837744
/home/yogesh.patel/execution/25_9_2026_PRD_work/OCT2017_Test/test/DRUSEN/DRUSEN-8854406-1.jpeg,2,DRUSEN,DRUSEN,DRUSEN,True,0.008086698,0.0069820913,0.006356708,0.007956012,0.0034895458,0.9624206,0.0024771562,0.002231172
/home/yogesh.patel/execution/25_9_2026_PRD_work/OCT2017_Test/test/DRUSEN/DRUSEN-8854406-2.jpeg,2,DRUSEN,DRUSEN,DRUSEN,True,0.013637118,0.005808723,0.0057811984,0.011783402,0.0027779567,0.9572387,0.0013730123,0.0015999381
/home/yogesh.patel/execution/25_9_2026_PRD_work/OCT2017_Test/test/DRUSEN/DRUSEN-8870525-1.jpeg,2,DRUSEN,DRUSEN,DRUSEN,True,0.007362967,0.014501494,0.0069616726,0.0066013704,0.009704279,0.9509093,0.0014376037,0.0025213005
/home/yogesh.patel/execution/25_9_2026_PRD_work/OCT2017_Test/test/DRUSEN/DRUSEN-8870525-2.jpeg,2,DRUSEN,DRUSEN,DRUSEN,True,0.020681007,0.43175185,0.015076889,0.021729672,0.017941892,0.47719434,0.0070115267,0.0086127855
/home/yogesh.patel/execution/25_9_2026_PRD_work/OCT2017_Test/test/DRUSEN/DRUSEN-8870525-3.jpeg,2,DRUSEN,DRUSEN,DRUSEN,True,0.012285049,0.22773778,0.010056674,0.008374349,0.010108616,0.7210072,0.005314391,0.0051159887
/home/yogesh.patel/execution/25_9_2026_PRD_work/OCT2017_Test/test/DRUSEN/DRUSEN-9049813-1.jpeg,2,DRUSEN,DRUSEN,DRUSEN,True,0.0071019046,0.009161487,0.011647385,0.0043498673,0.0044040964,0.9580211,0.002011865,0.0033023416
/home/yogesh.patel/execution/25_9_2026_PRD_work/OCT2017_Test/test/DRUSEN/DRUSEN-9059831-1.jpeg,2,DRUSEN,DRUSEN,DRUSEN,True,0.00852082,0.011330504,0.008474009,0.003922926,0.0044127824,0.95826197,0.0023969437,0.0026800986
/home/yogesh.patel/execution/25_9_2026_PRD_work/OCT2017_Test/test/DRUSEN/DRUSEN-9059831-2.jpeg,2,DRUSEN,DRUSEN,DRUSEN,True,0.0049291933,0.0071041333,0.009864955,0.002713109,0.00394352,0.9641022,0.004278167,0.0030647386
/home/yogesh.patel/execution/25_9_2026_PRD_work/OCT2017_Test/test/DRUSEN/DRUSEN-907869-1.jpeg,2,DRUSEN,DRUSEN,DRUSEN,True,0.0064205425,0.0026263439,0.011963923,0.003526022,0.003295919,0.9622148,0.0012981212,0.008654298
/home/yogesh.patel/execution/25_9_2026_PRD_work/OCT2017_Test/test/DRUSEN/DRUSEN-907869-2.jpeg,2,DRUSEN,DRUSEN,DRUSEN,True,0.0075632045,0.004645829,0.009557518,0.0087058805,0.004612671,0.9600564,0.0017393734,0.0031191125
/home/yogesh.patel/execution/25_9_2026_PRD_work/OCT2017_Test/test/DRUSEN/DRUSEN-9087597-1.jpeg,2,DRUSEN,DRUSEN,DRUSEN,True,0.013550715,0.03635551,0.0144332815,0.0061783125,0.007883315,0.9147536,0.0030234146,0.0038217667
/home/yogesh.patel/execution/25_9_2026_PRD_work/OCT2017_Test/test/DRUSEN/DRUSEN-9087597-2.jpeg,2,DRUSEN,DRUSEN,DRUSEN,True,0.007523904,0.023286095,0.008862963,0.008765418,0.0054737483,0.9405854,0.0026738814,0.0028285387
/home/yogesh.patel/execution/25_9_2026_PRD_work/OCT2017_Test/test/DRUSEN/DRUSEN-9155039-1.jpeg,2,DRUSEN,DRUSEN,DRUSEN,True,0.011206255,0.07458578,0.01137319,0.0061246394,0.011059876,0.87390673,0.0055310535,0.006212533
/home/yogesh.patel/execution/25_9_2026_PRD_work/OCT2017_Test/test/DRUSEN/DRUSEN-9201573-1.jpeg,2,DRUSEN,DRUSEN,DRUSEN,True,0.008469712,0.007838109,0.013566636,0.0050330725,0.003957423,0.9561766,0.002138154,0.0028202974
/home/yogesh.patel/execution/25_9_2026_PRD_work/OCT2017_Test/test/DRUSEN/DRUSEN-9225057-1.jpeg,2,DRUSEN,DRUSEN,DRUSEN,True,0.006484252,0.004104259,0.0057412838,0.0028150622,0.0047841137,0.9673959,0.0028220133,0.0058531524
/home/yogesh.patel/execution/25_9_2026_PRD_work/OCT2017_Test/test/DRUSEN/DRUSEN-9225057-2.jpeg,2,DRUSEN,DRUSEN,DRUSEN,True,0.007007788,0.004230616,0.0069009187,0.0017700357,0.003961289,0.96886104,0.0020624541,0.005205772
/home/yogesh.patel/execution/25_9_2026_PRD_work/OCT2017_Test/test/DRUSEN/DRUSEN-9280370-1.jpeg,2,DRUSEN,DRUSEN,DRUSEN,True,0.010251251,0.0156060755,0.009495214,0.0072670076,0.004804475,0.9461548,0.0027793376,0.0036419255
/home/yogesh.patel/execution/25_9_2026_PRD_work/OCT2017_Test/test/DRUSEN/DRUSEN-9442692-1.jpeg,2,DRUSEN,DRUSEN,DRUSEN,True,0.008958564,0.0068328585,0.008115145,0.007125402,0.0077226358,0.95690936,0.0015381579,0.002798022
/home/yogesh.patel/execution/25_9_2026_PRD_work/OCT2017_Test/test/DRUSEN/DRUSEN-9504181-1.jpeg,2,DRUSEN,DRUSEN,DRUSEN,True,0.005192898,0.0026937572,0.0052880817,0.007082372,0.0034811073,0.9720819,0.0019945414,0.002185359
/home/yogesh.patel/execution/25_9_2026_PRD_work/OCT2017_Test/test/DRUSEN/DRUSEN-9504181-2.jpeg,2,DRUSEN,DRUSEN,DRUSEN,True,0.011685342,0.007259826,0.0076225973,0.010775693,0.0032358924,0.9537512,0.0023193222,0.0033500784
/home/yogesh.patel/execution/25_9_2026_PRD_work/OCT2017_Test/test/DRUSEN/DRUSEN-95633-1.jpeg,2,DRUSEN,DRUSEN,DRUSEN,True,0.0071628555,0.0063297367,0.0077659315,0.007955952,0.0046122624,0.9613858,0.0019358819,0.0028516839
/home/yogesh.patel/execution/25_9_2026_PRD_work/OCT2017_Test/test/DRUSEN/DRUSEN-956663-1.jpeg,2,DRUSEN,DRUSEN,DRUSEN,True,0.007971972,0.006864094,0.00834009,0.00525504,0.00516384,0.9593908,0.0036183572,0.0033958498
/home/yogesh.patel/execution/25_9_2026_PRD_work/OCT2017_Test/test/DRUSEN/DRUSEN-9624303-1.jpeg,2,DRUSEN,DRUSEN,DRUSEN,True,0.006402098,0.013553571,0.0033178413,0.01025711,0.006017904,0.9543284,0.0039228285,0.002200203
/home/yogesh.patel/execution/25_9_2026_PRD_work/OCT2017_Test/test/DRUSEN/DRUSEN-9624303-2.jpeg,2,DRUSEN,DRUSEN,DRUSEN,True,0.0043445006,0.0031551651,0.002962829,0.010130169,0.0030545935,0.97347426,0.0012292871,0.0016491949
/home/yogesh.patel/execution/25_9_2026_PRD_work/OCT2017_Test/test/DRUSEN/DRUSEN-9642260-1.jpeg,2,DRUSEN,DRUSEN,DRUSEN,True,0.0065574013,0.013173977,0.0070122806,0.0090124775,0.0056120288,0.9527175,0.0031233234,0.002790957
/home/yogesh.patel/execution/25_9_2026_PRD_work/OCT2017_Test/test/DRUSEN/DRUSEN-9689334-1.jpeg,2,DRUSEN,DRUSEN,DRUSEN,True,0.006698299,0.008489142,0.007806145,0.009752086,0.0059969206,0.9577036,0.0020532745,0.0015005023
/home/yogesh.patel/execution/25_9_2026_PRD_work/OCT2017_Test/test/DRUSEN/DRUSEN-9734808-1.jpeg,2,DRUSEN,DRUSEN,DRUSEN,True,0.0060014506,0.0047024908,0.007387682,0.005889263,0.0054408214,0.96643704,0.0019106431,0.0022306642
/home/yogesh.patel/execution/25_9_2026_PRD_work/OCT2017_Test/test/DRUSEN/DRUSEN-9734808-2.jpeg,2,DRUSEN,CNV,CNV,False,0.007972309,0.7497764,0.0059988233,0.003852123,0.01022653,0.21328901,0.0049338615,0.0039508897
/home/yogesh.patel/execution/25_9_2026_PRD_work/OCT2017_Test/test/DRUSEN/DRUSEN-9800172-1.jpeg,2,DRUSEN,DRUSEN,DRUSEN,True,0.008390751,0.008915543,0.012419538,0.0052334424,0.004954931,0.95401424,0.0026606626,0.0034108453
/home/yogesh.patel/execution/25_9_2026_PRD_work/OCT2017_Test/test/DRUSEN/DRUSEN-987193-1.jpeg,2,DRUSEN,DRUSEN,DRUSEN,True,0.008820801,0.004969296,0.00685002,0.004376721,0.0050394996,0.96690637,0.0015072546,0.0015300737
/home/yogesh.patel/execution/25_9_2026_PRD_work/OCT2017_Test/test/NORMAL/NORMAL-1017237-1.jpeg,3,NORMAL,NORMAL,NORMAL,True,0.012922336,0.011002259,0.009396122,0.007082355,0.005722659,0.013797747,0.006090871,0.93398565
/home/yogesh.patel/execution/25_9_2026_PRD_work/OCT2017_Test/test/NORMAL/NORMAL-101880-1.jpeg,3,NORMAL,NORMAL,NORMAL,True,0.0068056965,0.008124788,0.00908977,0.006011581,0.007310082,0.0039170464,0.004832637,0.9539083
/home/yogesh.patel/execution/25_9_2026_PRD_work/OCT2017_Test/test/NORMAL/NORMAL-1025847-1.jpeg,3,NORMAL,NORMAL,NORMAL,True,0.009700952,0.0059755626,0.008542608,0.0034282191,0.0046252767,0.012742829,0.0045295847,0.95045495
/home/yogesh.patel/execution/25_9_2026_PRD_work/OCT2017_Test/test/NORMAL/NORMAL-1038998-1.jpeg,3,NORMAL,NORMAL,NORMAL,True,0.01107655,0.0033511932,0.005964832,0.012637409,0.0082277395,0.007948434,0.0052694227,0.94552433
/home/yogesh.patel/execution/25_9_2026_PRD_work/OCT2017_Test/test/NORMAL/NORMAL-1042462-1.jpeg,3,NORMAL,NORMAL,NORMAL,True,0.013048279,0.0055207415,0.008858709,0.0064477227,0.008882417,0.04524168,0.0038705175,0.9081299
/home/yogesh.patel/execution/25_9_2026_PRD_work/OCT2017_Test/test/NORMAL/NORMAL-1058176-1.jpeg,3,NORMAL,NORMAL,NORMAL,True,0.0077572507,0.0031966055,0.005976626,0.004098888,0.0051770196,0.006588144,0.0034130858,0.9637924
/home/yogesh.patel/execution/25_9_2026_PRD_work/OCT2017_Test/test/NORMAL/NORMAL-1063128-1.jpeg,3,NORMAL,NORMAL,NORMAL,True,0.009548452,0.00459744,0.0065625594,0.005838295,0.0066192215,0.012545159,0.0042706225,0.95001835
/home/yogesh.patel/execution/25_9_2026_PRD_work/OCT2017_Test/test/NORMAL/NORMAL-1073137-1.jpeg,3,NORMAL,NORMAL,NORMAL,True,0.0062022004,0.0040601054,0.0061042365,0.0031014697,0.005288263,0.005231972,0.0036404934,0.96637136
/home/yogesh.patel/execution/25_9_2026_PRD_work/OCT2017_Test/test/NORMAL/NORMAL-1081406-1.jpeg,3,NORMAL,NORMAL,NORMAL,True,0.012600053,0.009291268,0.012491766,0.012390975,0.018567782,0.14727949,0.0070026536,0.780376
/home/yogesh.patel/execution/25_9_2026_PRD_work/OCT2017_Test/test/NORMAL/NORMAL-112928-1.jpeg,3,NORMAL,NORMAL,NORMAL,True,0.009721402,0.0056869285,0.007164661,0.0052075847,0.004540367,0.00960263,0.0046953596,0.953381
/home/yogesh.patel/execution/25_9_2026_PRD_work/OCT2017_Test/test/NORMAL/NORMAL-119840-1.jpeg,3,NORMAL,NORMAL,NORMAL,True,0.009344801,0.008619127,0.0068466743,0.029419336,0.0067256037,0.007466646,0.0069526834,0.92462516
/home/yogesh.patel/execution/25_9_2026_PRD_work/OCT2017_Test/test/NORMAL/NORMAL-12494-1.jpeg,3,NORMAL,NORMAL,NORMAL,True,0.0061792717,0.0028609145,0.005962729,0.0029696266,0.0040226094,0.0041661486,0.002334763,0.9715039
/home/yogesh.patel/execution/25_9_2026_PRD_work/OCT2017_Test/test/NORMAL/NORMAL-12494-2.jpeg,3,NORMAL,NORMAL,NORMAL,True,0.00814366,0.0051681185,0.006163902,0.004980705,0.0045057493,0.0069938544,0.0049236035,0.9591204
/home/yogesh.patel/execution/25_9_2026_PRD_work/OCT2017_Test/test/NORMAL/NORMAL-12494-3.jpeg,3,NORMAL,NORMAL,NORMAL,True,0.0073209004,0.0028329748,0.006602404,0.006241312,0.004435393,0.014088111,0.004033421,0.9544455
/home/yogesh.patel/execution/25_9_2026_PRD_work/OCT2017_Test/test/NORMAL/NORMAL-12494-4.jpeg,3,NORMAL,NORMAL,NORMAL,True,0.009798057,0.009194685,0.008451429,0.0069055296,0.003864775,0.013029685,0.006425248,0.9423307
/home/yogesh.patel/execution/25_9_2026_PRD_work/OCT2017_Test/test/NORMAL/NORMAL-12494-5.jpeg,3,NORMAL,NORMAL,NORMAL,True,0.0071502444,0.007984879,0.0076270904,0.0054802257,0.004225038,0.0068301447,0.0033804462,0.95732194
/home/yogesh.patel/execution/25_9_2026_PRD_work/OCT2017_Test/test/NORMAL/NORMAL-133321-1.jpeg,3,NORMAL,NORMAL,NORMAL,True,0.006986111,0.0033101216,0.0050709834,0.03139029,0.006481864,0.0040785745,0.006184876,0.9364972
/home/yogesh.patel/execution/25_9_2026_PRD_work/OCT2017_Test/test/NORMAL/NORMAL-138971-1.jpeg,3,NORMAL,NORMAL,NORMAL,True,0.0072530047,0.0038710164,0.0059512616,0.00489323,0.005624502,0.009683685,0.0038664765,0.9588568
/home/yogesh.patel/execution/25_9_2026_PRD_work/OCT2017_Test/test/NORMAL/NORMAL-15208-1.jpeg,3,NORMAL,NORMAL,NORMAL,True,0.008354548,0.0069483705,0.008659699,0.0041634757,0.005031087,0.0076441923,0.0042360583,0.9549625
/home/yogesh.patel/execution/25_9_2026_PRD_work/OCT2017_Test/test/NORMAL/NORMAL-15307-1.jpeg,3,NORMAL,NORMAL,NORMAL,True,0.0074397842,0.007012324,0.006573521,0.008419247,0.0051655783,0.006133618,0.0041081156,0.95514786
/home/yogesh.patel/execution/25_9_2026_PRD_work/OCT2017_Test/test/NORMAL/NORMAL-153950-1.jpeg,3,NORMAL,NORMAL,NORMAL,True,0.008420127,0.004346302,0.007081319,0.0025203668,0.0052531557,0.010392638,0.0042024623,0.95778364
/home/yogesh.patel/execution/25_9_2026_PRD_work/OCT2017_Test/test/NORMAL/NORMAL-1746717-1.jpeg,3,NORMAL,NORMAL,NORMAL,True,0.007861851,0.005037305,0.0071290936,0.0031822494,0.0053392793,0.0049615433,0.0046665967,0.96182215
/home/yogesh.patel/execution/25_9_2026_PRD_work/OCT2017_Test/test/NORMAL/NORMAL-1759350-1.jpeg,3,NORMAL,NORMAL,NORMAL,True,0.006331456,0.00678773,0.0068192985,0.005293335,0.006307016,0.011185702,0.0053729326,0.95190245
/home/yogesh.patel/execution/25_9_2026_PRD_work/OCT2017_Test/test/NORMAL/NORMAL-1781140-1.jpeg,3,NORMAL,NORMAL,NORMAL,True,0.007207235,0.0035051107,0.006380722,0.0028302604,0.0058157747,0.007937003,0.004433895,0.96188986
/home/yogesh.patel/execution/25_9_2026_PRD_work/OCT2017_Test/test/NORMAL/NORMAL-1791409-1.jpeg,3,NORMAL,NORMAL,NORMAL,True,0.009271525,0.0029415276,0.0063046454,0.0071091345,0.0053676413,0.009360605,0.0046118516,0.955033
/home/yogesh.patel/execution/25_9_2026_PRD_work/OCT2017_Test/test/NORMAL/NORMAL-1831654-1.jpeg,3,NORMAL,NORMAL,NORMAL,True,0.008486181,0.004395233,0.006761161,0.007679087,0.0074760406,0.006899732,0.004130483,0.954172
/home/yogesh.patel/execution/25_9_2026_PRD_work/OCT2017_Test/test/NORMAL/NORMAL-1853526-1.jpeg,3,NORMAL,NORMAL,NORMAL,True,0.010245631,0.0031448756,0.0052197855,0.003927561,0.006191222,0.007630338,0.0040287436,0.95961195
/home/yogesh.patel/execution/25_9_2026_PRD_work/OCT2017_Test/test/NORMAL/NORMAL-1860310-1.jpeg,3,NORMAL,NORMAL,NORMAL,True,0.0067881034,0.003943783,0.0050488412,0.0063782996,0.004756886,0.003374498,0.0038363414,0.96587324
/home/yogesh.patel/execution/25_9_2026_PRD_work/OCT2017_Test/test/NORMAL/NORMAL-1897894-1.jpeg,3,NORMAL,NORMAL,NORMAL,True,0.008314135,0.010543506,0.010650947,0.0043161223,0.0050310446,0.0064720945,0.0057172077,0.94895494
/home/yogesh.patel/execution/25_9_2026_PRD_work/OCT2017_Test/test/NORMAL/NORMAL-1907560-1.jpeg,3,NORMAL,NORMAL,NORMAL,True,0.0069350656,0.0046653193,0.005711701,0.0021152298,0.0044705495,0.009539409,0.004150026,0.96241266
/home/yogesh.patel/execution/25_9_2026_PRD_work/OCT2017_Test/test/NORMAL/NORMAL-1908313-1.jpeg,3,NORMAL,NORMAL,NORMAL,True,0.009022623,0.003976885,0.006942746,0.010069918,0.006057217,0.009103702,0.005014486,0.9498125
/home/yogesh.patel/execution/25_9_2026_PRD_work/OCT2017_Test/test/NORMAL/NORMAL-1951042-1.jpeg,3,NORMAL,NORMAL,NORMAL,True,0.010426169,0.007880052,0.0076147527,0.0058592334,0.005247662,0.010411453,0.005734024,0.9468267
/home/yogesh.patel/execution/25_9_2026_PRD_work/OCT2017_Test/test/NORMAL/NORMAL-1957379-1.jpeg,3,NORMAL,NORMAL,NORMAL,True,0.0064723976,0.0067868866,0.0052604834,0.004341195,0.0063040047,0.004056918,0.0028525016,0.9639256
/home/yogesh.patel/execution/25_9_2026_PRD_work/OCT2017_Test/test/NORMAL/NORMAL-197082-1.jpeg,3,NORMAL,NORMAL,NORMAL,True,0.010477858,0.00601208,0.00787919,0.0042706295,0.008232368,0.042651936,0.007919139,0.91255677
/home/yogesh.patel/execution/25_9_2026_PRD_work/OCT2017_Test/test/NORMAL/NORMAL-1983894-1.jpeg,3,NORMAL,NORMAL,NORMAL,True,0.007941605,0.0057018916,0.007540679,0.010084054,0.008577923,0.00651083,0.0049657803,0.9486772
/home/yogesh.patel/execution/25_9_2026_PRD_work/OCT2017_Test/test/NORMAL/NORMAL-1988065-1.jpeg,3,NORMAL,NORMAL,NORMAL,True,0.0075886296,0.0055834423,0.008666302,0.0031206408,0.0070087374,0.0046863123,0.0028680845,0.9604778
/home/yogesh.patel/execution/25_9_2026_PRD_work/OCT2017_Test/test/NORMAL/NORMAL-1989796-1.jpeg,3,NORMAL,NORMAL,NORMAL,True,0.0088695865,0.0060198996,0.0062870313,0.0037079444,0.0040915995,0.007773905,0.003251803,0.9599982
/home/yogesh.patel/execution/25_9_2026_PRD_work/OCT2017_Test/test/NORMAL/NORMAL-1998191-1.jpeg,3,NORMAL,NORMAL,NORMAL,True,0.0077625634,0.0048896763,0.008142043,0.00325936,0.005719166,0.0041155126,0.0037975542,0.96231407
/home/yogesh.patel/execution/25_9_2026_PRD_work/OCT2017_Test/test/NORMAL/NORMAL-2010714-1.jpeg,3,NORMAL,NORMAL,NORMAL,True,0.0074980618,0.007045615,0.0057835225,0.0057957056,0.0058873254,0.0038907276,0.0035253244,0.96057373
/home/yogesh.patel/execution/25_9_2026_PRD_work/OCT2017_Test/test/NORMAL/NORMAL-2011412-1.jpeg,3,NORMAL,NORMAL,NORMAL,True,0.0067298785,0.003966959,0.0052051926,0.0055240314,0.0042963447,0.0074362075,0.004142237,0.9626991
/home/yogesh.patel/execution/25_9_2026_PRD_work/OCT2017_Test/test/NORMAL/NORMAL-2019006-1.jpeg,3,NORMAL,NORMAL,NORMAL,True,0.009221146,0.0055599594,0.007446461,0.006107024,0.005438191,0.016034672,0.005557171,0.9446353
/home/yogesh.patel/execution/25_9_2026_PRD_work/OCT2017_Test/test/NORMAL/NORMAL-2019423-1.jpeg,3,NORMAL,NORMAL,NORMAL,True,0.010884557,0.0066193086,0.0077364715,0.006620451,0.006219558,0.010509031,0.0061591566,0.9452515
/home/yogesh.patel/execution/25_9_2026_PRD_work/OCT2017_Test/test/NORMAL/NORMAL-2055634-1.jpeg,3,NORMAL,NORMAL,NORMAL,True,0.009048337,0.002570355,0.00597564,0.00896711,0.00805041,0.004733562,0.004157841,0.9564968
/home/yogesh.patel/execution/25_9_2026_PRD_work/OCT2017_Test/test/NORMAL/NORMAL-2059629-1.jpeg,3,NORMAL,NORMAL,NORMAL,True,0.010544361,0.004536782,0.0067248573,0.005767359,0.0062795286,0.010043471,0.00469203,0.95141155
/home/yogesh.patel/execution/25_9_2026_PRD_work/OCT2017_Test/test/NORMAL/NORMAL-2075832-1.jpeg,3,NORMAL,NORMAL,NORMAL,True,0.009560137,0.0073988778,0.0071971775,0.010441008,0.005947482,0.007275695,0.0071515515,0.9450282
/home/yogesh.patel/execution/25_9_2026_PRD_work/OCT2017_Test/test/NORMAL/NORMAL-2082689-1.jpeg,3,NORMAL,NORMAL,NORMAL,True,0.009505491,0.005067758,0.0060175774,0.011281753,0.0056404755,0.009820728,0.005522189,0.947144
/home/yogesh.patel/execution/25_9_2026_PRD_work/OCT2017_Test/test/NORMAL/NORMAL-2095710-1.jpeg,3,NORMAL,NORMAL,NORMAL,True,0.007895381,0.004528166,0.0065230867,0.0076602204,0.0066056172,0.006108347,0.004380316,0.9562989
/home/yogesh.patel/execution/25_9_2026_PRD_work/OCT2017_Test/test/NORMAL/NORMAL-2113822-1.jpeg,3,NORMAL,NORMAL,NORMAL,True,0.007954869,0.006280346,0.0075454004,0.004750579,0.005823301,0.009141332,0.0037142136,0.95479006
/home/yogesh.patel/execution/25_9_2026_PRD_work/OCT2017_Test/test/NORMAL/NORMAL-2120559-1.jpeg,3,NORMAL,NORMAL,NORMAL,True,0.008306505,0.0046798587,0.0061261444,0.003429783,0.0069540194,0.0046078227,0.0026712108,0.96322465
/home/yogesh.patel/execution/25_9_2026_PRD_work/OCT2017_Test/test/NORMAL/NORMAL-2120559-2.jpeg,3,NORMAL,NORMAL,NORMAL,True,0.008424093,0.0037499676,0.0069354493,0.004880626,0.005605429,0.005837589,0.0031614653,0.9614054
/home/yogesh.patel/execution/25_9_2026_PRD_work/OCT2017_Test/test/NORMAL/NORMAL-2120559-3.jpeg,3,NORMAL,NORMAL,NORMAL,True,0.005917051,0.0044068387,0.0048922724,0.0033126236,0.0065634563,0.0037200986,0.0029923676,0.9681953
/home/yogesh.patel/execution/25_9_2026_PRD_work/OCT2017_Test/test/NORMAL/NORMAL-2126186-1.jpeg,3,NORMAL,NORMAL,NORMAL,True,0.006477053,0.006598499,0.0067009884,0.0036791225,0.004224105,0.005820887,0.0044237557,0.96207553
/home/yogesh.patel/execution/25_9_2026_PRD_work/OCT2017_Test/test/NORMAL/NORMAL-2131138-1.jpeg,3,NORMAL,NORMAL,NORMAL,True,0.007955843,0.0037967584,0.0058821132,0.0071363035,0.00529595,0.0076862075,0.0037824686,0.9584643
/home/yogesh.patel/execution/25_9_2026_PRD_work/OCT2017_Test/test/NORMAL/NORMAL-2158556-1.jpeg,3,NORMAL,NORMAL,NORMAL,True,0.008035794,0.006702118,0.0070462376,0.003037521,0.0057627372,0.0071925446,0.0035914448,0.9586316
/home/yogesh.patel/execution/25_9_2026_PRD_work/OCT2017_Test/test/NORMAL/NORMAL-2167295-1.jpeg,3,NORMAL,NORMAL,NORMAL,True,0.00856499,0.00464076,0.006915378,0.0098539665,0.006011053,0.012521398,0.0073124687,0.94418
/home/yogesh.patel/execution/25_9_2026_PRD_work/OCT2017_Test/test/NORMAL/NORMAL-2181272-1.jpeg,3,NORMAL,NORMAL,NORMAL,True,0.006869125,0.005245683,0.0064937742,0.0063058925,0.003921191,0.005009384,0.00377395,0.96238106
/home/yogesh.patel/execution/25_9_2026_PRD_work/OCT2017_Test/test/NORMAL/NORMAL-2182640-1.jpeg,3,NORMAL,DRUSEN,DRUSEN,False,0.013415569,0.008465336,0.010621789,0.0045530056,0.01528215,0.77932876,0.008008373,0.16032507
/home/yogesh.patel/execution/25_9_2026_PRD_work/OCT2017_Test/test/NORMAL/NORMAL-2192790-1.jpeg,3,NORMAL,NORMAL,NORMAL,True,0.0076029724,0.006561233,0.006765614,0.0036937147,0.0048055155,0.00710797,0.0046513244,0.9588117
/home/yogesh.patel/execution/25_9_2026_PRD_work/OCT2017_Test/test/NORMAL/NORMAL-2197972-1.jpeg,3,NORMAL,NORMAL,NORMAL,True,0.007733952,0.0052870573,0.005281518,0.005157723,0.005786794,0.006538598,0.0053072716,0.95890707
/home/yogesh.patel/execution/25_9_2026_PRD_work/OCT2017_Test/test/NORMAL/NORMAL-2226488-1.jpeg,3,NORMAL,NORMAL,NORMAL,True,0.008644715,0.0067243897,0.0066923313,0.010089914,0.004365405,0.004873214,0.0038088288,0.95480114
/home/yogesh.patel/execution/25_9_2026_PRD_work/OCT2017_Test/test/NORMAL/NORMAL-2231056-1.jpeg,3,NORMAL,NORMAL,NORMAL,True,0.007351394,0.0070265094,0.007942982,0.004983121,0.005068037,0.009232932,0.0035722374,0.9548228
/home/yogesh.patel/execution/25_9_2026_PRD_work/OCT2017_Test/test/NORMAL/NORMAL-223814-1.jpeg,3,NORMAL,NORMAL,NORMAL,True,0.009542932,0.0044088005,0.0066670547,0.0078713205,0.006382209,0.008479153,0.004216484,0.95243216
/home/yogesh.patel/execution/25_9_2026_PRD_work/OCT2017_Test/test/NORMAL/NORMAL-2244950-1.jpeg,3,NORMAL,NORMAL,NORMAL,True,0.007207221,0.0032257256,0.004771118,0.004071472,0.0037499953,0.004910466,0.0032736391,0.9687903
/home/yogesh.patel/execution/25_9_2026_PRD_work/OCT2017_Test/test/NORMAL/NORMAL-2287992-1.jpeg,3,NORMAL,NORMAL,NORMAL,True,0.0061544147,0.0029615702,0.0050020367,0.0065496257,0.0057410877,0.004216647,0.004434998,0.9649396
/home/yogesh.patel/execution/25_9_2026_PRD_work/OCT2017_Test/test/NORMAL/NORMAL-2305502-1.jpeg,3,NORMAL,NORMAL,NORMAL,True,0.008328498,0.0039892886,0.0058379257,0.0051237578,0.006325316,0.007495326,0.003837918,0.959062
/home/yogesh.patel/execution/25_9_2026_PRD_work/OCT2017_Test/test/NORMAL/NORMAL-2312921-1.jpeg,3,NORMAL,NORMAL,NORMAL,True,0.0096296,0.016220128,0.0067266384,0.037701014,0.008465872,0.0043786787,0.0039195255,0.9129585
/home/yogesh.patel/execution/25_9_2026_PRD_work/OCT2017_Test/test/NORMAL/NORMAL-2316423-1.jpeg,3,NORMAL,NORMAL,NORMAL,True,0.0059402627,0.0044620517,0.006120238,0.0036214157,0.004477331,0.006767525,0.0037968745,0.9648143
/home/yogesh.patel/execution/25_9_2026_PRD_work/OCT2017_Test/test/NORMAL/NORMAL-2335256-1.jpeg,3,NORMAL,NORMAL,NORMAL,True,0.0074111,0.006908777,0.0059671034,0.0031868403,0.004888283,0.005094235,0.0043801134,0.9621636
/home/yogesh.patel/execution/25_9_2026_PRD_work/OCT2017_Test/test/NORMAL/NORMAL-2342517-1.jpeg,3,NORMAL,NORMAL,NORMAL,True,0.00807255,0.0059852954,0.011719551,0.004937975,0.0052457172,0.009549765,0.005057099,0.94943213
/home/yogesh.patel/execution/25_9_2026_PRD_work/OCT2017_Test/test/NORMAL/NORMAL-2350851-1.jpeg,3,NORMAL,NORMAL,NORMAL,True,0.010160313,0.0033507363,0.006150089,0.009003093,0.006264927,0.007495562,0.0043600225,0.9532152
/home/yogesh.patel/execution/25_9_2026_PRD_work/OCT2017_Test/test/NORMAL/NORMAL-2351012-1.jpeg,3,NORMAL,NORMAL,NORMAL,True,0.009921305,0.005787183,0.006249538,0.008511048,0.0069033857,0.005375491,0.0037990357,0.95345306
/home/yogesh.patel/execution/25_9_2026_PRD_work/OCT2017_Test/test/NORMAL/NORMAL-2362579-1.jpeg,3,NORMAL,NORMAL,NORMAL,True,0.006960903,0.004499892,0.008929435,0.003979906,0.0051762774,0.005626747,0.0031039836,0.9617229
/home/yogesh.patel/execution/25_9_2026_PRD_work/OCT2017_Test/test/NORMAL/NORMAL-2366700-1.jpeg,3,NORMAL,NORMAL,NORMAL,True,0.006555995,0.007196291,0.0055857883,0.0043444075,0.0050686756,0.006591598,0.0051534376,0.9595037
/home/yogesh.patel/execution/25_9_2026_PRD_work/OCT2017_Test/test/NORMAL/NORMAL-2373878-1.jpeg,3,NORMAL,NORMAL,NORMAL,True,0.0077213007,0.006425149,0.0066495626,0.0050215754,0.0051205973,0.0069892877,0.0047026495,0.95737
/home/yogesh.patel/execution/25_9_2026_PRD_work/OCT2017_Test/test/NORMAL/NORMAL-2377429-1.jpeg,3,NORMAL,NORMAL,NORMAL,True,0.007791806,0.0030925844,0.006879193,0.005098226,0.0072314045,0.00905293,0.004283383,0.95657045
/home/yogesh.patel/execution/25_9_2026_PRD_work/OCT2017_Test/test/NORMAL/NORMAL-2392366-1.jpeg,3,NORMAL,NORMAL,NORMAL,True,0.0076977992,0.0069893324,0.005546466,0.00683303,0.008816136,0.0065831747,0.0039896164,0.95354444
/home/yogesh.patel/execution/25_9_2026_PRD_work/OCT2017_Test/test/NORMAL/NORMAL-2397754-1.jpeg,3,NORMAL,NORMAL,NORMAL,True,0.011625188,0.005326494,0.007432822,0.009722254,0.010008086,0.023199037,0.004580454,0.92810565
/home/yogesh.patel/execution/25_9_2026_PRD_work/OCT2017_Test/test/NORMAL/NORMAL-2403175-1.jpeg,3,NORMAL,NORMAL,NORMAL,True,0.008351155,0.013103126,0.0077833715,0.0047003236,0.0065537835,0.010441145,0.006260849,0.94280624
/home/yogesh.patel/execution/25_9_2026_PRD_work/OCT2017_Test/test/NORMAL/NORMAL-2416187-1.jpeg,3,NORMAL,NORMAL,NORMAL,True,0.01271249,0.008998542,0.0073876507,0.016268484,0.006225711,0.0067313705,0.0073793693,0.93429637
/home/yogesh.patel/execution/25_9_2026_PRD_work/OCT2017_Test/test/NORMAL/NORMAL-2421067-1.jpeg,3,NORMAL,NORMAL,NORMAL,True,0.0109568285,0.0030015982,0.006131888,0.010671667,0.0071681207,0.0068071005,0.003907856,0.9513549
/home/yogesh.patel/execution/25_9_2026_PRD_work/OCT2017_Test/test/NORMAL/NORMAL-2424949-1.jpeg,3,NORMAL,NORMAL,NORMAL,True,0.011275565,0.0029759838,0.005728585,0.0131873125,0.0063870735,0.009817798,0.0044334545,0.94619435
/home/yogesh.patel/execution/25_9_2026_PRD_work/OCT2017_Test/test/NORMAL/NORMAL-2434258-1.jpeg,3,NORMAL,NORMAL,NORMAL,True,0.007777319,0.0037217054,0.0050601824,0.0057470766,0.0046835425,0.0049964334,0.0035118628,0.9645019
/home/yogesh.patel/execution/25_9_2026_PRD_work/OCT2017_Test/test/NORMAL/NORMAL-2436365-1.jpeg,3,NORMAL,NORMAL,NORMAL,True,0.0071276203,0.0075418204,0.006230746,0.0035828736,0.006224483,0.004290212,0.0035320036,0.9614703
/home/yogesh.patel/execution/25_9_2026_PRD_work/OCT2017_Test/test/NORMAL/NORMAL-2448954-1.jpeg,3,NORMAL,NORMAL,NORMAL,True,0.0066093784,0.0028753055,0.0056159366,0.010538917,0.0040341644,0.009279865,0.0054823756,0.955564
/home/yogesh.patel/execution/25_9_2026_PRD_work/OCT2017_Test/test/NORMAL/NORMAL-2459401-1.jpeg,3,NORMAL,NORMAL,NORMAL,True,0.008889489,0.007011706,0.0058874954,0.0071208035,0.0045305486,0.008800531,0.0052894508,0.95247
/home/yogesh.patel/execution/25_9_2026_PRD_work/OCT2017_Test/test/NORMAL/NORMAL-2460548-1.jpeg,3,NORMAL,NORMAL,NORMAL,True,0.007584707,0.0030457857,0.005720079,0.004108444,0.005789242,0.0071894666,0.0030053603,0.96355695
/home/yogesh.patel/execution/25_9_2026_PRD_work/OCT2017_Test/test/NORMAL/NORMAL-2476896-1.jpeg,3,NORMAL,NORMAL,NORMAL,True,0.0095938295,0.012850611,0.008245108,0.0064032655,0.004826745,0.011163175,0.007321421,0.9395958
/home/yogesh.patel/execution/25_9_2026_PRD_work/OCT2017_Test/test/NORMAL/NORMAL-2493975-1.jpeg,3,NORMAL,NORMAL,NORMAL,True,0.008707109,0.008037967,0.0075591127,0.006581882,0.005721821,0.0068155173,0.0055630715,0.95101357
/home/yogesh.patel/execution/25_9_2026_PRD_work/OCT2017_Test/test/NORMAL/NORMAL-2504667-1.jpeg,3,NORMAL,NORMAL,NORMAL,True,0.008468013,0.006370324,0.0068819905,0.007722117,0.0048106005,0.009211494,0.0064071734,0.9501283
/home/yogesh.patel/execution/25_9_2026_PRD_work/OCT2017_Test/test/NORMAL/NORMAL-2509453-1.jpeg,3,NORMAL,NORMAL,NORMAL,True,0.010466253,0.0040767454,0.0071776924,0.0043542776,0.0038995626,0.0038833427,0.002762713,0.96337944
/home/yogesh.patel/execution/25_9_2026_PRD_work/OCT2017_Test/test/NORMAL/NORMAL-2517546-1.jpeg,3,NORMAL,NORMAL,NORMAL,True,0.0074210986,0.002549856,0.005196958,0.0062008495,0.004398044,0.0031646253,0.0028663732,0.9682022
/home/yogesh.patel/execution/25_9_2026_PRD_work/OCT2017_Test/test/NORMAL/NORMAL-2549549-1.jpeg,3,NORMAL,NORMAL,NORMAL,True,0.0067738737,0.0039816,0.0064575076,0.0032428103,0.005893584,0.008718322,0.0035253654,0.96140695
/home/yogesh.patel/execution/25_9_2026_PRD_work/OCT2017_Test/test/NORMAL/NORMAL-2551333-1.jpeg,3,NORMAL,NORMAL,NORMAL,True,0.008154042,0.0036803745,0.0062930495,0.0040143696,0.0048055616,0.0076427385,0.0030323013,0.96237767
/home/yogesh.patel/execution/25_9_2026_PRD_work/OCT2017_Test/test/NORMAL/NORMAL-2569106-1.jpeg,3,NORMAL,NORMAL,NORMAL,True,0.010688014,0.0057539297,0.0064459895,0.0074787727,0.004711967,0.006194257,0.0039201514,0.95480704
/home/yogesh.patel/execution/25_9_2026_PRD_work/OCT2017_Test/test/NORMAL/NORMAL-2570020-1.jpeg,3,NORMAL,NORMAL,NORMAL,True,0.009150603,0.003370956,0.0059340056,0.006138818,0.005984121,0.008946869,0.004720605,0.9557539
/home/yogesh.patel/execution/25_9_2026_PRD_work/OCT2017_Test/test/NORMAL/NORMAL-2579419-1.jpeg,3,NORMAL,NORMAL,NORMAL,True,0.0070393095,0.0021837563,0.0046369582,0.0033155046,0.0050742463,0.00655255,0.0036459253,0.96755165
/home/yogesh.patel/execution/25_9_2026_PRD_work/OCT2017_Test/test/NORMAL/NORMAL-2598368-1.jpeg,3,NORMAL,NORMAL,NORMAL,True,0.007490868,0.0025508013,0.004725705,0.0023370052,0.006568992,0.0045695463,0.0034647004,0.96829236
/home/yogesh.patel/execution/25_9_2026_PRD_work/OCT2017_Test/test/NORMAL/NORMAL-2602596-1.jpeg,3,NORMAL,NORMAL,NORMAL,True,0.00783324,0.0040541617,0.00494722,0.010453647,0.0046776934,0.0070904456,0.0036129095,0.95733076
/home/yogesh.patel/execution/25_9_2026_PRD_work/OCT2017_Test/test/NORMAL/NORMAL-2627129-1.jpeg,3,NORMAL,NORMAL,NORMAL,True,0.008652572,0.006576301,0.00622185,0.0076719406,0.004419889,0.0044620503,0.0045397864,0.9574556
/home/yogesh.patel/execution/25_9_2026_PRD_work/OCT2017_Test/test/NORMAL/NORMAL-2633503-1.jpeg,3,NORMAL,NORMAL,NORMAL,True,0.011661901,0.0047296872,0.00626151,0.0108903255,0.0063220495,0.013600238,0.005388396,0.94114584
/home/yogesh.patel/execution/25_9_2026_PRD_work/OCT2017_Test/test/NORMAL/NORMAL-2636641-1.jpeg,3,NORMAL,NORMAL,NORMAL,True,0.009559695,0.0043301685,0.006136635,0.0042741126,0.003356572,0.0050126114,0.0035137024,0.9638165
/home/yogesh.patel/execution/25_9_2026_PRD_work/OCT2017_Test/test/NORMAL/NORMAL-2665491-1.jpeg,3,NORMAL,NORMAL,NORMAL,True,0.00919208,0.0059628678,0.0065905526,0.0066765887,0.0061877747,0.009729641,0.005393144,0.9502673
/home/yogesh.patel/execution/25_9_2026_PRD_work/OCT2017_Test/test/NORMAL/NORMAL-269181-1.jpeg,3,NORMAL,NORMAL,NORMAL,True,0.0071530966,0.0029679907,0.0057947487,0.0020232429,0.0037502158,0.006258887,0.003030278,0.9690215
/home/yogesh.patel/execution/25_9_2026_PRD_work/OCT2017_Test/test/NORMAL/NORMAL-2705520-1.jpeg,3,NORMAL,NORMAL,NORMAL,True,0.007565251,0.006244655,0.0067162877,0.0041703843,0.005304467,0.010192947,0.0026365311,0.95716953
/home/yogesh.patel/execution/25_9_2026_PRD_work/OCT2017_Test/test/NORMAL/NORMAL-2709055-1.jpeg,3,NORMAL,NORMAL,NORMAL,True,0.0070915474,0.005522516,0.0065839305,0.013329823,0.0058741756,0.0067313085,0.0044623003,0.95040447
/home/yogesh.patel/execution/25_9_2026_PRD_work/OCT2017_Test/test/NORMAL/NORMAL-2733663-1.jpeg,3,NORMAL,NORMAL,NORMAL,True,0.008039665,0.008772133,0.008027522,0.0065872893,0.005977073,0.008021204,0.004193076,0.95038205
/home/yogesh.patel/execution/25_9_2026_PRD_work/OCT2017_Test/test/NORMAL/NORMAL-2739821-1.jpeg,3,NORMAL,NORMAL,NORMAL,True,0.014778879,0.003332613,0.0074917497,0.005343405,0.006321719,0.009619193,0.0037111617,0.9494012
/home/yogesh.patel/execution/25_9_2026_PRD_work/OCT2017_Test/test/NORMAL/NORMAL-2769622-1.jpeg,3,NORMAL,NORMAL,NORMAL,True,0.00827225,0.00783546,0.010738871,0.0050221705,0.0052426574,0.012725294,0.004768871,0.94539434
/home/yogesh.patel/execution/25_9_2026_PRD_work/OCT2017_Test/test/NORMAL/NORMAL-2769622-2.jpeg,3,NORMAL,NORMAL,NORMAL,True,0.011802402,0.0048238994,0.0064298874,0.017881313,0.006501832,0.012381262,0.005977132,0.9342022
/home/yogesh.patel/execution/25_9_2026_PRD_work/OCT2017_Test/test/NORMAL/NORMAL-279206-1.jpeg,3,NORMAL,NORMAL,NORMAL,True,0.008090675,0.0075385054,0.006767014,0.004122542,0.0043087224,0.006205155,0.0042435788,0.9587238
/home/yogesh.patel/execution/25_9_2026_PRD_work/OCT2017_Test/test/NORMAL/NORMAL-283376-1.jpeg,3,NORMAL,NORMAL,NORMAL,True,0.008266189,0.008133526,0.0068346984,0.0049458314,0.005850774,0.007199465,0.00449956,0.95427
/home/yogesh.patel/execution/25_9_2026_PRD_work/OCT2017_Test/test/NORMAL/NORMAL-285896-1.jpeg,3,NORMAL,NORMAL,NORMAL,True,0.007873472,0.006598673,0.0071158195,0.008508253,0.006365417,0.0075977314,0.0062028505,0.94973785
/home/yogesh.patel/execution/25_9_2026_PRD_work/OCT2017_Test/test/NORMAL/NORMAL-2973935-1.jpeg,3,NORMAL,NORMAL,NORMAL,True,0.0073004044,0.002456142,0.00537608,0.00476706,0.0040174443,0.0042784214,0.0032179405,0.9685864
/home/yogesh.patel/execution/25_9_2026_PRD_work/OCT2017_Test/test/NORMAL/NORMAL-3059523-1.jpeg,3,NORMAL,NORMAL,NORMAL,True,0.0060715773,0.0067043253,0.0061777635,0.009040708,0.0059759417,0.004964633,0.0043200892,0.95674497
/home/yogesh.patel/execution/25_9_2026_PRD_work/OCT2017_Test/test/NORMAL/NORMAL-307151-1.jpeg,3,NORMAL,NORMAL,NORMAL,True,0.0074439584,0.006477281,0.007813956,0.0056780903,0.0067773876,0.008828706,0.0042116484,0.952769
/home/yogesh.patel/execution/25_9_2026_PRD_work/OCT2017_Test/test/NORMAL/NORMAL-307151-2.jpeg,3,NORMAL,NORMAL,NORMAL,True,0.0125868535,0.0057155318,0.0077992603,0.021195032,0.010873904,0.01098093,0.005155193,0.92569333
/home/yogesh.patel/execution/25_9_2026_PRD_work/OCT2017_Test/test/NORMAL/NORMAL-3077276-1.jpeg,3,NORMAL,NORMAL,NORMAL,True,0.0086322045,0.0031476994,0.0058562695,0.0028388035,0.008048598,0.010049615,0.0033816712,0.9580452
/home/yogesh.patel/execution/25_9_2026_PRD_work/OCT2017_Test/test/NORMAL/NORMAL-3100637-1.jpeg,3,NORMAL,NORMAL,NORMAL,True,0.006363885,0.0025076082,0.0052782567,0.0070188614,0.0062144087,0.005759877,0.0038483632,0.9630088
/home/yogesh.patel/execution/25_9_2026_PRD_work/OCT2017_Test/test/NORMAL/NORMAL-3103940-1.jpeg,3,NORMAL,NORMAL,NORMAL,True,0.0107205715,0.0029677965,0.0066395784,0.0061737355,0.006934512,0.008433419,0.0046484796,0.9534819
/home/yogesh.patel/execution/25_9_2026_PRD_work/OCT2017_Test/test/NORMAL/NORMAL-3108564-1.jpeg,3,NORMAL,NORMAL,NORMAL,True,0.0067548207,0.0065146936,0.0073277093,0.006159,0.0048880475,0.008059685,0.003289212,0.9570068
/home/yogesh.patel/execution/25_9_2026_PRD_work/OCT2017_Test/test/NORMAL/NORMAL-3134896-1.jpeg,3,NORMAL,NORMAL,NORMAL,True,0.00677747,0.0035622572,0.007428716,0.0034883681,0.0034871043,0.005454928,0.0030012783,0.9668
/home/yogesh.patel/execution/25_9_2026_PRD_work/OCT2017_Test/test/NORMAL/NORMAL-3166591-1.jpeg,3,NORMAL,NORMAL,NORMAL,True,0.007731058,0.005539164,0.006441747,0.0044627828,0.0053088767,0.008333636,0.0049265595,0.95725614
/home/yogesh.patel/execution/25_9_2026_PRD_work/OCT2017_Test/test/NORMAL/NORMAL-3220509-1.jpeg,3,NORMAL,NORMAL,NORMAL,True,0.0064275693,0.0040262,0.004991138,0.004699065,0.005495983,0.0069236695,0.0037058848,0.9637306
/home/yogesh.patel/execution/25_9_2026_PRD_work/OCT2017_Test/test/NORMAL/NORMAL-3244919-1.jpeg,3,NORMAL,NORMAL,NORMAL,True,0.008301598,0.00467645,0.0061871805,0.0061324453,0.0046371585,0.007131449,0.0052963207,0.9576374
/home/yogesh.patel/execution/25_9_2026_PRD_work/OCT2017_Test/test/NORMAL/NORMAL-3256489-1.jpeg,3,NORMAL,NORMAL,NORMAL,True,0.0068359384,0.017284816,0.008641728,0.006381416,0.0045499294,0.0029334335,0.0020488023,0.9513239
/home/yogesh.patel/execution/25_9_2026_PRD_work/OCT2017_Test/test/NORMAL/NORMAL-3277704-1.jpeg,3,NORMAL,NORMAL,NORMAL,True,0.00932817,0.0032164897,0.012747276,0.0052474835,0.005159603,0.0043961117,0.003024129,0.95688087
/home/yogesh.patel/execution/25_9_2026_PRD_work/OCT2017_Test/test/NORMAL/NORMAL-3300015-1.jpeg,3,NORMAL,NORMAL,NORMAL,True,0.0071037025,0.0063778916,0.0074508805,0.004842452,0.0058143847,0.009732016,0.0043532033,0.9543255
/home/yogesh.patel/execution/25_9_2026_PRD_work/OCT2017_Test/test/NORMAL/NORMAL-3307598-1.jpeg,3,NORMAL,NORMAL,NORMAL,True,0.008020808,0.00605154,0.006321387,0.008701923,0.005977981,0.012482475,0.006252411,0.9461915
/home/yogesh.patel/execution/25_9_2026_PRD_work/OCT2017_Test/test/NORMAL/NORMAL-3307598-2.jpeg,3,NORMAL,NORMAL,NORMAL,True,0.010815684,0.003478072,0.0063970983,0.0064286957,0.0059429808,0.012850209,0.004391197,0.9496961
/home/yogesh.patel/execution/25_9_2026_PRD_work/OCT2017_Test/test/NORMAL/NORMAL-3308307-1.jpeg,3,NORMAL,NORMAL,NORMAL,True,0.008914009,0.0069499877,0.007692334,0.003866549,0.005562178,0.010993893,0.004967025,0.951054
/home/yogesh.patel/execution/25_9_2026_PRD_work/OCT2017_Test/test/NORMAL/NORMAL-330905-1.jpeg,3,NORMAL,NORMAL,NORMAL,True,0.008920351,0.0063275965,0.006072634,0.0037612962,0.0037820993,0.007222556,0.005668006,0.9582456
/home/yogesh.patel/execution/25_9_2026_PRD_work/OCT2017_Test/test/NORMAL/NORMAL-3320960-1.jpeg,3,NORMAL,NORMAL,NORMAL,True,0.0077042496,0.0038921689,0.004641379,0.0075571355,0.006005354,0.0064920047,0.005173891,0.9585338
/home/yogesh.patel/execution/25_9_2026_PRD_work/OCT2017_Test/test/NORMAL/NORMAL-3326661-1.jpeg,3,NORMAL,NORMAL,NORMAL,True,0.009353887,0.006104476,0.0075684343,0.0051081986,0.005166929,0.0067524975,0.0037781515,0.95616746
/home/yogesh.patel/execution/25_9_2026_PRD_work/OCT2017_Test/test/NORMAL/NORMAL-3330006-1.jpeg,3,NORMAL,NORMAL,NORMAL,True,0.007836782,0.008360401,0.011177313,0.006335256,0.0039315894,0.010138619,0.0050060186,0.947214
/home/yogesh.patel/execution/25_9_2026_PRD_work/OCT2017_Test/test/NORMAL/NORMAL-3332063-1.jpeg,3,NORMAL,NORMAL,NORMAL,True,0.00854972,0.0049475,0.005537491,0.004173255,0.0051019955,0.0045471205,0.00494837,0.9621945
/home/yogesh.patel/execution/25_9_2026_PRD_work/OCT2017_Test/test/NORMAL/NORMAL-33350-1.jpeg,3,NORMAL,NORMAL,NORMAL,True,0.0064612925,0.0027590313,0.0049866326,0.0055639404,0.005233295,0.005531155,0.0028234296,0.9666412
/home/yogesh.patel/execution/25_9_2026_PRD_work/OCT2017_Test/test/NORMAL/NORMAL-33350-2.jpeg,3,NORMAL,NORMAL,NORMAL,True,0.006997764,0.0023020469,0.004574132,0.0054263375,0.00567652,0.006842555,0.0035002574,0.9646804
/home/yogesh.patel/execution/25_9_2026_PRD_work/OCT2017_Test/test/NORMAL/NORMAL-33350-3.jpeg,3,NORMAL,NORMAL,NORMAL,True,0.016881151,0.11154258,0.010840427,0.042019505,0.020288376,0.051781137,0.012974372,0.7336725
/home/yogesh.patel/execution/25_9_2026_PRD_work/OCT2017_Test/test/NORMAL/NORMAL-3340309-1.jpeg,3,NORMAL,NORMAL,NORMAL,True,0.0065584597,0.008637759,0.009057107,0.0029322074,0.0046247514,0.0040759374,0.0036343527,0.9604794
/home/yogesh.patel/execution/25_9_2026_PRD_work/OCT2017_Test/test/NORMAL/NORMAL-3346049-1.jpeg,3,NORMAL,NORMAL,NORMAL,True,0.006502146,0.0041098217,0.0047600917,0.0029154313,0.0042378474,0.0031715578,0.0026046745,0.9716984
/home/yogesh.patel/execution/25_9_2026_PRD_work/OCT2017_Test/test/NORMAL/NORMAL-3347645-1.jpeg,3,NORMAL,NORMAL,NORMAL,True,0.006925298,0.0027299724,0.0059174905,0.0035678307,0.005212035,0.0059845815,0.0038001973,0.9658626
/home/yogesh.patel/execution/25_9_2026_PRD_work/OCT2017_Test/test/NORMAL/NORMAL-3354044-1.jpeg,3,NORMAL,NORMAL,NORMAL,True,0.0074411584,0.0048927274,0.006258362,0.0039514913,0.0042238263,0.006019604,0.003071714,0.96414113
/home/yogesh.patel/execution/25_9_2026_PRD_work/OCT2017_Test/test/NORMAL/NORMAL-3361560-1.jpeg,3,NORMAL,NORMAL,NORMAL,True,0.010021337,0.0072869416,0.0062046275,0.0052797003,0.0059136297,0.00756394,0.0049879723,0.95274186
/home/yogesh.patel/execution/25_9_2026_PRD_work/OCT2017_Test/test/NORMAL/NORMAL-3361750-1.jpeg,3,NORMAL,NORMAL,NORMAL,True,0.006952531,0.0064459518,0.004985746,0.008074279,0.00568279,0.0027060371,0.0039632297,0.96118945
/home/yogesh.patel/execution/25_9_2026_PRD_work/OCT2017_Test/test/NORMAL/NORMAL-33637-1.jpeg,3,NORMAL,NORMAL,NORMAL,True,0.009253279,0.0040588393,0.0057357573,0.0048115104,0.005003022,0.0063932794,0.004396378,0.960348
/home/yogesh.patel/execution/25_9_2026_PRD_work/OCT2017_Test/test/NORMAL/NORMAL-3373954-1.jpeg,3,NORMAL,NORMAL,NORMAL,True,0.008103576,0.004543007,0.005805792,0.004506782,0.006409578,0.00930847,0.0048372904,0.95648557
/home/yogesh.patel/execution/25_9_2026_PRD_work/OCT2017_Test/test/NORMAL/NORMAL-3380901-1.jpeg,3,NORMAL,NORMAL,NORMAL,True,0.008989808,0.006441285,0.009422475,0.003765011,0.0050529423,0.007834637,0.004939361,0.9535544
/home/yogesh.patel/execution/25_9_2026_PRD_work/OCT2017_Test/test/NORMAL/NORMAL-338568-1.jpeg,3,NORMAL,NORMAL,NORMAL,True,0.007891466,0.007222983,0.0056997673,0.0043743355,0.004973,0.006929456,0.0034345947,0.9594745
/home/yogesh.patel/execution/25_9_2026_PRD_work/OCT2017_Test/test/NORMAL/NORMAL-3390782-1.jpeg,3,NORMAL,NORMAL,NORMAL,True,0.007046642,0.01111686,0.0066612987,0.0051537473,0.0063238773,0.0068100346,0.0053064055,0.9515812
/home/yogesh.patel/execution/25_9_2026_PRD_work/OCT2017_Test/test/NORMAL/NORMAL-3398969-1.jpeg,3,NORMAL,NORMAL,NORMAL,True,0.009140926,0.007969049,0.007938738,0.0056730323,0.005567377,0.017638968,0.0045901765,0.94148165
/home/yogesh.patel/execution/25_9_2026_PRD_work/OCT2017_Test/test/NORMAL/NORMAL-3399839-1.jpeg,3,NORMAL,NORMAL,NORMAL,True,0.0079410635,0.0070767626,0.0056421864,0.005370377,0.0038036087,0.008285039,0.0043220003,0.95755905
/home/yogesh.patel/execution/25_9_2026_PRD_work/OCT2017_Test/test/NORMAL/NORMAL-3416330-1.jpeg,3,NORMAL,NORMAL,NORMAL,True,0.0130816735,0.0017974913,0.005632747,0.01043545,0.0053573465,0.008360981,0.0055081127,0.9498261
/home/yogesh.patel/execution/25_9_2026_PRD_work/OCT2017_Test/test/NORMAL/NORMAL-3431386-1.jpeg,3,NORMAL,NORMAL,NORMAL,True,0.0076814126,0.004898648,0.0057352516,0.007984352,0.0054039517,0.0038797716,0.0019910138,0.96242553
/home/yogesh.patel/execution/25_9_2026_PRD_work/OCT2017_Test/test/NORMAL/NORMAL-3451887-1.jpeg,3,NORMAL,NORMAL,NORMAL,True,0.010065025,0.0054101194,0.0072873184,0.0060976646,0.0052980036,0.0077195507,0.0039340244,0.9541883
/home/yogesh.patel/execution/25_9_2026_PRD_work/OCT2017_Test/test/NORMAL/NORMAL-3465750-1.jpeg,3,NORMAL,NORMAL,NORMAL,True,0.010314653,0.0033481298,0.007307937,0.004370315,0.006016194,0.009702583,0.0034951586,0.95544493
/home/yogesh.patel/execution/25_9_2026_PRD_work/OCT2017_Test/test/NORMAL/NORMAL-3466714-1.jpeg,3,NORMAL,NORMAL,NORMAL,True,0.007153343,0.0057263537,0.0051971646,0.0054938635,0.0043167835,0.0056783375,0.003448531,0.9629856
/home/yogesh.patel/execution/25_9_2026_PRD_work/OCT2017_Test/test/NORMAL/NORMAL-3475211-1.jpeg,3,NORMAL,NORMAL,NORMAL,True,0.009343526,0.0061789993,0.0077179726,0.00433167,0.0057627372,0.0072218874,0.0061308932,0.95331246
/home/yogesh.patel/execution/25_9_2026_PRD_work/OCT2017_Test/test/NORMAL/NORMAL-348347-1.jpeg,3,NORMAL,NORMAL,NORMAL,True,0.0070851753,0.0032506364,0.0052514994,0.0031151443,0.0051381453,0.0040873843,0.0034863565,0.9685857
/home/yogesh.patel/execution/25_9_2026_PRD_work/OCT2017_Test/test/NORMAL/NORMAL-349021-1.jpeg,3,NORMAL,NORMAL,NORMAL,True,0.007920593,0.0055792937,0.007764255,0.002743543,0.005543684,0.01179401,0.0036432417,0.9550115
/home/yogesh.patel/execution/25_9_2026_PRD_work/OCT2017_Test/test/NORMAL/NORMAL-351109-1.jpeg,3,NORMAL,NORMAL,NORMAL,True,0.00928171,0.0046311445,0.0073558902,0.0057735834,0.00432872,0.009521041,0.0035724868,0.9555353
/home/yogesh.patel/execution/25_9_2026_PRD_work/OCT2017_Test/test/NORMAL/NORMAL-351109-2.jpeg,3,NORMAL,NORMAL,NORMAL,True,0.008058751,0.0047889366,0.006576373,0.004935946,0.0064538782,0.007841178,0.004367383,0.95697755
/home/yogesh.patel/execution/25_9_2026_PRD_work/OCT2017_Test/test/NORMAL/NORMAL-3531215-1.jpeg,3,NORMAL,NORMAL,NORMAL,True,0.0072816527,0.0054615284,0.00813753,0.0039437064,0.005329315,0.010026788,0.0036372726,0.95618224
/home/yogesh.patel/execution/25_9_2026_PRD_work/OCT2017_Test/test/NORMAL/NORMAL-3538316-1.jpeg,3,NORMAL,NORMAL,NORMAL,True,0.0068498338,0.0020831588,0.004718178,0.004664297,0.0068789297,0.006315324,0.0035813632,0.9649089
/home/yogesh.patel/execution/25_9_2026_PRD_work/OCT2017_Test/test/NORMAL/NORMAL-3561306-1.jpeg,3,NORMAL,NORMAL,NORMAL,True,0.009296322,0.0042696265,0.005672935,0.0036996785,0.0037365463,0.00679258,0.0056233923,0.9609089
/home/yogesh.patel/execution/25_9_2026_PRD_work/OCT2017_Test/test/NORMAL/NORMAL-3561306-2.jpeg,3,NORMAL,NORMAL,NORMAL,True,0.012023293,0.004464846,0.0048565804,0.011973683,0.0050714253,0.005229346,0.0044270805,0.9519539
/home/yogesh.patel/execution/25_9_2026_PRD_work/OCT2017_Test/test/NORMAL/NORMAL-366503-1.jpeg,3,NORMAL,NORMAL,NORMAL,True,0.009471146,0.0056610545,0.007186113,0.007539353,0.0064981044,0.0083113685,0.0041593774,0.95117354
/home/yogesh.patel/execution/25_9_2026_PRD_work/OCT2017_Test/test/NORMAL/NORMAL-366503-2.jpeg,3,NORMAL,NORMAL,NORMAL,True,0.018032482,0.010100339,0.012706966,0.008882481,0.012303892,0.051603675,0.0087023545,0.87766784
/home/yogesh.patel/execution/25_9_2026_PRD_work/OCT2017_Test/test/NORMAL/NORMAL-36734-1.jpeg,3,NORMAL,NORMAL,NORMAL,True,0.008466494,0.004528196,0.006897977,0.0042818245,0.005664811,0.0071513522,0.0029047925,0.9601045
/home/yogesh.patel/execution/25_9_2026_PRD_work/OCT2017_Test/test/NORMAL/NORMAL-37818-1.jpeg,3,NORMAL,NORMAL,NORMAL,True,0.008395324,0.0041116034,0.006270161,0.006314486,0.0049682106,0.0065116156,0.003987334,0.95944124
/home/yogesh.patel/execution/25_9_2026_PRD_work/OCT2017_Test/test/NORMAL/NORMAL-395557-1.jpeg,3,NORMAL,NORMAL,NORMAL,True,0.0060627344,0.0035116652,0.006634705,0.0038100358,0.0049618813,0.0055744373,0.003147287,0.96629727
/home/yogesh.patel/execution/25_9_2026_PRD_work/OCT2017_Test/test/NORMAL/NORMAL-402066-1.jpeg,3,NORMAL,NORMAL,NORMAL,True,0.007984032,0.0035996034,0.0047982563,0.006685503,0.0053973435,0.005993406,0.003950306,0.9615916
/home/yogesh.patel/execution/25_9_2026_PRD_work/OCT2017_Test/test/NORMAL/NORMAL-402066-2.jpeg,3,NORMAL,NORMAL,NORMAL,True,0.010513151,0.0053886943,0.008083234,0.0045519257,0.007839909,0.006507759,0.00536767,0.9517477
/home/yogesh.patel/execution/25_9_2026_PRD_work/OCT2017_Test/test/NORMAL/NORMAL-402066-3.jpeg,3,NORMAL,NORMAL,NORMAL,True,0.012782631,0.0055357236,0.007742359,0.004651588,0.0061910017,0.0057886913,0.003984756,0.9533233
/home/yogesh.patel/execution/25_9_2026_PRD_work/OCT2017_Test/test/NORMAL/NORMAL-402066-4.jpeg,3,NORMAL,NORMAL,NORMAL,True,0.0110429125,0.0038960106,0.005694591,0.006693647,0.0050422978,0.010146408,0.004747088,0.952737
/home/yogesh.patel/execution/25_9_2026_PRD_work/OCT2017_Test/test/NORMAL/NORMAL-402066-5.jpeg,3,NORMAL,NORMAL,NORMAL,True,0.011103783,0.008057696,0.008133608,0.00860002,0.0057606925,0.00932569,0.005455774,0.94356275
/home/yogesh.patel/execution/25_9_2026_PRD_work/OCT2017_Test/test/NORMAL/NORMAL-438684-1.jpeg,3,NORMAL,NORMAL,NORMAL,True,0.007405994,0.0033477566,0.0068465155,0.0030005665,0.004440966,0.005505061,0.0036163412,0.96583676
/home/yogesh.patel/execution/25_9_2026_PRD_work/OCT2017_Test/test/NORMAL/NORMAL-438684-2.jpeg,3,NORMAL,NORMAL,NORMAL,True,0.008357843,0.0042352094,0.008288098,0.0043482324,0.0047448096,0.008002686,0.0037198719,0.9583032
/home/yogesh.patel/execution/25_9_2026_PRD_work/OCT2017_Test/test/NORMAL/NORMAL-438684-3.jpeg,3,NORMAL,NORMAL,NORMAL,True,0.008036134,0.0058559002,0.00887173,0.003750726,0.0056889616,0.004805254,0.002792148,0.9601992
/home/yogesh.patel/execution/25_9_2026_PRD_work/OCT2017_Test/test/NORMAL/NORMAL-443980-1.jpeg,3,NORMAL,NORMAL,NORMAL,True,0.008823524,0.0049992767,0.006219087,0.005146672,0.0058316984,0.0064361715,0.0053584515,0.95718503
/home/yogesh.patel/execution/25_9_2026_PRD_work/OCT2017_Test/test/NORMAL/NORMAL-446851-1.jpeg,3,NORMAL,NORMAL,NORMAL,True,0.008241649,0.012011237,0.006331518,0.010717298,0.007902499,0.0038622986,0.0031037254,0.94782984
/home/yogesh.patel/execution/25_9_2026_PRD_work/OCT2017_Test/test/NORMAL/NORMAL-446851-2.jpeg,3,NORMAL,NORMAL,NORMAL,True,0.009884691,0.006781149,0.0060593355,0.010516366,0.0050277747,0.008941805,0.0045690592,0.9482197
/home/yogesh.patel/execution/25_9_2026_PRD_work/OCT2017_Test/test/NORMAL/NORMAL-447690-1.jpeg,3,NORMAL,NORMAL,NORMAL,True,0.0056125857,0.002245196,0.0048415437,0.0035909056,0.00371613,0.0036160506,0.0022467093,0.974131
/home/yogesh.patel/execution/25_9_2026_PRD_work/OCT2017_Test/test/NORMAL/NORMAL-447690-2.jpeg,3,NORMAL,NORMAL,NORMAL,True,0.007469029,0.00749373,0.0073466892,0.00493696,0.0044610053,0.005173263,0.003828947,0.95929027
/home/yogesh.patel/execution/25_9_2026_PRD_work/OCT2017_Test/test/NORMAL/NORMAL-450532-1.jpeg,3,NORMAL,NORMAL,NORMAL,True,0.00786976,0.0077124205,0.0073390505,0.006209269,0.0047996347,0.01128647,0.005972014,0.94881135
/home/yogesh.patel/execution/25_9_2026_PRD_work/OCT2017_Test/test/NORMAL/NORMAL-450923-1.jpeg,3,NORMAL,NORMAL,NORMAL,True,0.009046712,0.013779285,0.008578404,0.008677636,0.005431888,0.011420966,0.007177029,0.93588793
/home/yogesh.patel/execution/25_9_2026_PRD_work/OCT2017_Test/test/NORMAL/NORMAL-450923-2.jpeg,3,NORMAL,NORMAL,NORMAL,True,0.007859163,0.015415147,0.008595058,0.0043519535,0.0074450877,0.007546161,0.007526572,0.9412609
/home/yogesh.patel/execution/25_9_2026_PRD_work/OCT2017_Test/test/NORMAL/NORMAL-460711-1.jpeg,3,NORMAL,NORMAL,NORMAL,True,0.0077614235,0.0039699357,0.0067860386,0.004332551,0.0057928986,0.00770228,0.0034493455,0.9602056
/home/yogesh.patel/execution/25_9_2026_PRD_work/OCT2017_Test/test/NORMAL/NORMAL-460844-1.jpeg,3,NORMAL,NORMAL,NORMAL,True,0.00880195,0.005927142,0.005993025,0.0065335687,0.0056269174,0.0068473206,0.005584712,0.95468533
/home/yogesh.patel/execution/25_9_2026_PRD_work/OCT2017_Test/test/NORMAL/NORMAL-466978-1.jpeg,3,NORMAL,NORMAL,NORMAL,True,0.008185449,0.0049369843,0.007420907,0.0023984306,0.0057298318,0.0036083667,0.0040328996,0.9636872
/home/yogesh.patel/execution/25_9_2026_PRD_work/OCT2017_Test/test/NORMAL/NORMAL-469935-1.jpeg,3,NORMAL,NORMAL,NORMAL,True,0.008111828,0.0049518324,0.007272488,0.0077695474,0.006016482,0.00729989,0.0058252434,0.95275277
/home/yogesh.patel/execution/25_9_2026_PRD_work/OCT2017_Test/test/NORMAL/NORMAL-4761187-1.jpeg,3,NORMAL,NORMAL,NORMAL,True,0.0095353,0.0058736084,0.008273911,0.0044755517,0.0045041195,0.009314725,0.004568233,0.9534545
/home/yogesh.patel/execution/25_9_2026_PRD_work/OCT2017_Test/test/NORMAL/NORMAL-4790999-1.jpeg,3,NORMAL,NORMAL,NORMAL,True,0.011197118,0.0046416605,0.007373301,0.008455333,0.007251087,0.00774161,0.005646988,0.9476928
/home/yogesh.patel/execution/25_9_2026_PRD_work/OCT2017_Test/test/NORMAL/NORMAL-48053-1.jpeg,3,NORMAL,NORMAL,NORMAL,True,0.009825687,0.0045060846,0.0077853585,0.0036618016,0.005995977,0.0038777418,0.002525836,0.9618216
/home/yogesh.patel/execution/25_9_2026_PRD_work/OCT2017_Test/test/NORMAL/NORMAL-4839633-1.jpeg,3,NORMAL,NORMAL,NORMAL,True,0.007623849,0.0067236484,0.005916351,0.0074297315,0.0056345854,0.007788505,0.0064677284,0.9524156
/home/yogesh.patel/execution/25_9_2026_PRD_work/OCT2017_Test/test/NORMAL/NORMAL-486271-1.jpeg,3,NORMAL,NORMAL,NORMAL,True,0.0063355155,0.0069091157,0.0053737736,0.004151865,0.0025967886,0.002459514,0.0025147824,0.9696585
/home/yogesh.patel/execution/25_9_2026_PRD_work/OCT2017_Test/test/NORMAL/NORMAL-508852-1.jpeg,3,NORMAL,NORMAL,NORMAL,True,0.0060762037,0.0055354517,0.006364641,0.003980716,0.004978098,0.0021713455,0.0029985218,0.96789503
/home/yogesh.patel/execution/25_9_2026_PRD_work/OCT2017_Test/test/NORMAL/NORMAL-508852-2.jpeg,3,NORMAL,NORMAL,NORMAL,True,0.008083103,0.006994583,0.0073718247,0.0034113622,0.0067397202,0.006310091,0.0036228446,0.95746636
/home/yogesh.patel/execution/25_9_2026_PRD_work/OCT2017_Test/test/NORMAL/NORMAL-519372-1.jpeg,3,NORMAL,NORMAL,NORMAL,True,0.005331848,0.004185195,0.0060820486,0.008103613,0.0049086693,0.012009336,0.00533678,0.95404243
/home/yogesh.patel/execution/25_9_2026_PRD_work/OCT2017_Test/test/NORMAL/NORMAL-524640-1.jpeg,3,NORMAL,NORMAL,NORMAL,True,0.007067419,0.004639986,0.005006036,0.0043368666,0.0043455707,0.00782251,0.0044036503,0.96237785
/home/yogesh.patel/execution/25_9_2026_PRD_work/OCT2017_Test/test/NORMAL/NORMAL-544457-1.jpeg,3,NORMAL,NORMAL,NORMAL,True,0.008825342,0.004554208,0.0071000475,0.011630726,0.004420137,0.014898398,0.0058971867,0.9426739
/home/yogesh.patel/execution/25_9_2026_PRD_work/OCT2017_Test/test/NORMAL/NORMAL-544711-1.jpeg,3,NORMAL,NORMAL,NORMAL,True,0.0070041474,0.008100308,0.0054232697,0.008197672,0.0045120725,0.007182733,0.0072401133,0.9523397
/home/yogesh.patel/execution/25_9_2026_PRD_work/OCT2017_Test/test/NORMAL/NORMAL-547422-1.jpeg,3,NORMAL,NORMAL,NORMAL,True,0.0066551417,0.0066387276,0.00601507,0.0017335637,0.0035377701,0.0025042663,0.003660688,0.96925485
/home/yogesh.patel/execution/25_9_2026_PRD_work/OCT2017_Test/test/NORMAL/NORMAL-547422-2.jpeg,3,NORMAL,NORMAL,NORMAL,True,0.0065263743,0.0061517884,0.0063605616,0.0024415264,0.0039069317,0.0033092655,0.0037173573,0.96758616
/home/yogesh.patel/execution/25_9_2026_PRD_work/OCT2017_Test/test/NORMAL/NORMAL-549356-1.jpeg,3,NORMAL,NORMAL,NORMAL,True,0.008145452,0.0037294587,0.007971669,0.007943862,0.003540881,0.010364089,0.005509221,0.9527954
/home/yogesh.patel/execution/25_9_2026_PRD_work/OCT2017_Test/test/NORMAL/NORMAL-549356-2.jpeg,3,NORMAL,NORMAL,NORMAL,True,0.007867333,0.008945089,0.006915888,0.0022871161,0.004423716,0.0046537225,0.004817763,0.96008945
/home/yogesh.patel/execution/25_9_2026_PRD_work/OCT2017_Test/test/NORMAL/NORMAL-549356-3.jpeg,3,NORMAL,NORMAL,NORMAL,True,0.009969632,0.008395593,0.0074805017,0.008526831,0.006885997,0.01750715,0.007104731,0.9341296
/home/yogesh.patel/execution/25_9_2026_PRD_work/OCT2017_Test/test/NORMAL/NORMAL-552739-1.jpeg,3,NORMAL,NORMAL,NORMAL,True,0.0079163825,0.004617768,0.0064348383,0.005585443,0.00494221,0.0040881964,0.004173648,0.96224153
/home/yogesh.patel/execution/25_9_2026_PRD_work/OCT2017_Test/test/NORMAL/NORMAL-557437-1.jpeg,3,NORMAL,NORMAL,NORMAL,True,0.010300114,0.007990045,0.008600168,0.0054299454,0.005662854,0.00751588,0.0052103195,0.94929063
/home/yogesh.patel/execution/25_9_2026_PRD_work/OCT2017_Test/test/NORMAL/NORMAL-557437-2.jpeg,3,NORMAL,NORMAL,NORMAL,True,0.007881592,0.005127356,0.007983599,0.0056514475,0.005880609,0.008507432,0.004849456,0.9541185
/home/yogesh.patel/execution/25_9_2026_PRD_work/OCT2017_Test/test/NORMAL/NORMAL-565818-1.jpeg,3,NORMAL,NORMAL,NORMAL,True,0.0077339564,0.005140174,0.006738697,0.0045369016,0.004672026,0.004535247,0.004062959,0.96257997
/home/yogesh.patel/execution/25_9_2026_PRD_work/OCT2017_Test/test/NORMAL/NORMAL-566040-1.jpeg,3,NORMAL,NORMAL,NORMAL,True,0.007236649,0.0052233147,0.0056414143,0.0041666003,0.0046695145,0.007029074,0.0038396388,0.9621937
/home/yogesh.patel/execution/25_9_2026_PRD_work/OCT2017_Test/test/NORMAL/NORMAL-568518-1.jpeg,3,NORMAL,NORMAL,NORMAL,True,0.012830803,0.007175863,0.0092395255,0.0037064839,0.0054691397,0.01024665,0.0046666097,0.9466649
/home/yogesh.patel/execution/25_9_2026_PRD_work/OCT2017_Test/test/NORMAL/NORMAL-568518-2.jpeg,3,NORMAL,NORMAL,NORMAL,True,0.005948475,0.004513386,0.0064603346,0.007554352,0.0054976325,0.018523173,0.0023181164,0.94918454
/home/yogesh.patel/execution/25_9_2026_PRD_work/OCT2017_Test/test/NORMAL/NORMAL-571157-1.jpeg,3,NORMAL,NORMAL,NORMAL,True,0.00892556,0.0060109673,0.0062586367,0.0074922373,0.0060114204,0.007487086,0.0045628664,0.95325124
/home/yogesh.patel/execution/25_9_2026_PRD_work/OCT2017_Test/test/NORMAL/NORMAL-571484-1.jpeg,3,NORMAL,NORMAL,NORMAL,True,0.0089302715,0.0031433653,0.0059796027,0.009198635,0.005147006,0.005411663,0.003763896,0.9584255
/home/yogesh.patel/execution/25_9_2026_PRD_work/OCT2017_Test/test/NORMAL/NORMAL-572972-1.jpeg,3,NORMAL,NORMAL,NORMAL,True,0.0067001767,0.0066808905,0.005892962,0.0053405473,0.0043967804,0.0067151864,0.0045170523,0.95975643
/home/yogesh.patel/execution/25_9_2026_PRD_work/OCT2017_Test/test/NORMAL/NORMAL-574089-1.jpeg,3,NORMAL,NORMAL,NORMAL,True,0.007959067,0.0033250737,0.0058006193,0.009087897,0.006467887,0.005565589,0.004293588,0.9575003
/home/yogesh.patel/execution/25_9_2026_PRD_work/OCT2017_Test/test/NORMAL/NORMAL-582215-1.jpeg,3,NORMAL,NORMAL,NORMAL,True,0.0077962526,0.0031514703,0.0061022565,0.004530198,0.008529948,0.015070747,0.0042196736,0.9505995
/home/yogesh.patel/execution/25_9_2026_PRD_work/OCT2017_Test/test/NORMAL/NORMAL-588227-1.jpeg,3,NORMAL,NORMAL,NORMAL,True,0.011765963,0.005391379,0.009543096,0.006199949,0.0054057557,0.007841197,0.004010275,0.9498424
/home/yogesh.patel/execution/25_9_2026_PRD_work/OCT2017_Test/test/NORMAL/NORMAL-60471-1.jpeg,3,NORMAL,NORMAL,NORMAL,True,0.0076823197,0.0039034786,0.00549468,0.010500967,0.0082280645,0.0043460173,0.0031294846,0.956715
/home/yogesh.patel/execution/25_9_2026_PRD_work/OCT2017_Test/test/NORMAL/NORMAL-605310-1.jpeg,3,NORMAL,NORMAL,NORMAL,True,0.00791636,0.0035862003,0.0062404815,0.016211003,0.0064829905,0.0046475846,0.0039252145,0.95099014
/home/yogesh.patel/execution/25_9_2026_PRD_work/OCT2017_Test/test/NORMAL/NORMAL-626127-1.jpeg,3,NORMAL,NORMAL,NORMAL,True,0.009730501,0.003561383,0.006900926,0.0067026643,0.004575646,0.01672099,0.004581868,0.947226
/home/yogesh.patel/execution/25_9_2026_PRD_work/OCT2017_Test/test/NORMAL/NORMAL-628048-1.jpeg,3,NORMAL,NORMAL,NORMAL,True,0.007049262,0.00433149,0.005322905,0.007598515,0.005831184,0.0053641163,0.003196368,0.9613062
/home/yogesh.patel/execution/25_9_2026_PRD_work/OCT2017_Test/test/NORMAL/NORMAL-629493-1.jpeg,3,NORMAL,NORMAL,NORMAL,True,0.008042062,0.004983404,0.006491897,0.003139625,0.004935526,0.007373107,0.0043092393,0.96072525
/home/yogesh.patel/execution/25_9_2026_PRD_work/OCT2017_Test/test/NORMAL/NORMAL-651257-1.jpeg,3,NORMAL,NORMAL,NORMAL,True,0.006875017,0.0048354194,0.006050465,0.00462611,0.0059820144,0.009633053,0.0038457979,0.95815206
/home/yogesh.patel/execution/25_9_2026_PRD_work/OCT2017_Test/test/NORMAL/NORMAL-655117-1.jpeg,3,NORMAL,NORMAL,NORMAL,True,0.011581635,0.004507154,0.008236516,0.007813087,0.0076735434,0.0050831074,0.0052909185,0.94981396
/home/yogesh.patel/execution/25_9_2026_PRD_work/OCT2017_Test/test/NORMAL/NORMAL-655447-1.jpeg,3,NORMAL,NORMAL,NORMAL,True,0.006923357,0.007034091,0.005640245,0.0042158565,0.005974996,0.0024606662,0.0042645065,0.9634863
/home/yogesh.patel/execution/25_9_2026_PRD_work/OCT2017_Test/test/NORMAL/NORMAL-664536-1.jpeg,3,NORMAL,NORMAL,NORMAL,True,0.013314839,0.010028532,0.010629719,0.006924156,0.0065531335,0.01120205,0.0064958525,0.93485165
/home/yogesh.patel/execution/25_9_2026_PRD_work/OCT2017_Test/test/NORMAL/NORMAL-66515-1.jpeg,3,NORMAL,NORMAL,NORMAL,True,0.007749482,0.00876141,0.0077168373,0.0042051934,0.0059235324,0.008318312,0.0043524955,0.9529727
/home/yogesh.patel/execution/25_9_2026_PRD_work/OCT2017_Test/test/NORMAL/NORMAL-672619-1.jpeg,3,NORMAL,NORMAL,NORMAL,True,0.0089394525,0.007802909,0.006147541,0.007909771,0.007831637,0.006986472,0.0041631744,0.95021904
/home/yogesh.patel/execution/25_9_2026_PRD_work/OCT2017_Test/test/NORMAL/NORMAL-692554-1.jpeg,3,NORMAL,NORMAL,NORMAL,True,0.007417223,0.0044235764,0.0054933853,0.0075684674,0.0073478427,0.0057522682,0.003782082,0.9582151
/home/yogesh.patel/execution/25_9_2026_PRD_work/OCT2017_Test/test/NORMAL/NORMAL-693575-1.jpeg,3,NORMAL,NORMAL,NORMAL,True,0.009029781,0.008126442,0.0070851063,0.0038940099,0.004721812,0.0071197012,0.005711375,0.95431185
/home/yogesh.patel/execution/25_9_2026_PRD_work/OCT2017_Test/test/NORMAL/NORMAL-697826-1.jpeg,3,NORMAL,NORMAL,NORMAL,True,0.010047279,0.005079678,0.007753806,0.0076886616,0.0070640696,0.02241489,0.006083401,0.9338683
/home/yogesh.patel/execution/25_9_2026_PRD_work/OCT2017_Test/test/NORMAL/NORMAL-744709-1.jpeg,3,NORMAL,NORMAL,NORMAL,True,0.0039086086,0.0039691795,0.0043714703,0.004491609,0.003147559,0.0025856001,0.00196787,0.97555816
/home/yogesh.patel/execution/25_9_2026_PRD_work/OCT2017_Test/test/NORMAL/NORMAL-755659-1.jpeg,3,NORMAL,NORMAL,NORMAL,True,0.009974275,0.0036695087,0.005541734,0.008156786,0.0059604,0.006184766,0.004386434,0.95612603
/home/yogesh.patel/execution/25_9_2026_PRD_work/OCT2017_Test/test/NORMAL/NORMAL-758272-1.jpeg,3,NORMAL,NORMAL,NORMAL,True,0.007973104,0.005609126,0.0045460425,0.0031733392,0.0038839222,0.00586497,0.004482173,0.96446735
/home/yogesh.patel/execution/25_9_2026_PRD_work/OCT2017_Test/test/NORMAL/NORMAL-76914-1.jpeg,3,NORMAL,NORMAL,NORMAL,True,0.007769674,0.004465243,0.006467865,0.009838832,0.006893462,0.007140451,0.005310684,0.9521138
/home/yogesh.patel/execution/25_9_2026_PRD_work/OCT2017_Test/test/NORMAL/NORMAL-772481-1.jpeg,3,NORMAL,NORMAL,NORMAL,True,0.009596793,0.003707024,0.0061203595,0.009942295,0.006124452,0.0040746187,0.0030531632,0.95738125
/home/yogesh.patel/execution/25_9_2026_PRD_work/OCT2017_Test/test/NORMAL/NORMAL-84466-1.jpeg,3,NORMAL,NORMAL,NORMAL,True,0.008887793,0.002893703,0.005510297,0.0056474917,0.005408934,0.006110542,0.00373057,0.9618107
/home/yogesh.patel/execution/25_9_2026_PRD_work/OCT2017_Test/test/NORMAL/NORMAL-85367-1.jpeg,3,NORMAL,NORMAL,NORMAL,True,0.01018923,0.0039922125,0.0066823936,0.0101396125,0.0054449365,0.004484884,0.004013426,0.95505315
/home/yogesh.patel/execution/25_9_2026_PRD_work/OCT2017_Test/test/NORMAL/NORMAL-9251-1.jpeg,3,NORMAL,NORMAL,NORMAL,True,0.006212628,0.0029272833,0.005121783,0.006499248,0.0036750722,0.005210903,0.0040942486,0.9662588
/home/yogesh.patel/execution/25_9_2026_PRD_work/OCT2017_Test/test/NORMAL/NORMAL-98720-1.jpeg,3,NORMAL,NORMAL,NORMAL,True,0.0077010165,0.003199388,0.0050275945,0.003459477,0.0054010535,0.005813026,0.0033441924,0.9660542
