path,class,label,prob_CNV_normalized,prob_DME_normalized,prob_DRUSEN_normalized,prob_NORMAL_normalized
/home/yogesh.patel/execution/25_9_2026_PRD_work/OCT2017_Test/test/CNV/CNV-1016042-1.jpeg,CNV,0,0.9889181,0.004727457,0.0022826428,0.0040717917
/home/yogesh.patel/execution/25_9_2026_PRD_work/OCT2017_Test/test/CNV/CNV-1016042-2.jpeg,CNV,0,0.98228955,0.009723693,0.0028369583,0.0051498166
/home/yogesh.patel/execution/25_9_2026_PRD_work/OCT2017_Test/test/CNV/CNV-1016042-3.jpeg,CNV,0,0.96780086,0.022964442,0.006008066,0.0032265948
/home/yogesh.patel/execution/25_9_2026_PRD_work/OCT2017_Test/test/CNV/CNV-1016042-4.jpeg,CNV,0,0.9896194,0.003915689,0.0034535013,0.0030114776
/home/yogesh.patel/execution/25_9_2026_PRD_work/OCT2017_Test/test/CNV/CNV-103044-1.jpeg,CNV,0,0.98977125,0.0049180463,0.0028131185,0.0024976172
/home/yogesh.patel/execution/25_9_2026_PRD_work/OCT2017_Test/test/CNV/CNV-103044-10.jpeg,CNV,0,0.9772877,0.0028749364,0.016421633,0.003415768
/home/yogesh.patel/execution/25_9_2026_PRD_work/OCT2017_Test/test/CNV/CNV-103044-11.jpeg,CNV,0,0.9878833,0.005854424,0.0045048497,0.0017574583
/home/yogesh.patel/execution/25_9_2026_PRD_work/OCT2017_Test/test/CNV/CNV-103044-12.jpeg,CNV,0,0.9912509,0.0012812535,0.004315398,0.0031524303
/home/yogesh.patel/execution/25_9_2026_PRD_work/OCT2017_Test/test/CNV/CNV-103044-2.jpeg,CNV,0,0.9921274,0.003124469,0.0026333923,0.002114704
/home/yogesh.patel/execution/25_9_2026_PRD_work/OCT2017_Test/test/CNV/CNV-103044-3.jpeg,CNV,0,0.9834038,0.0021555964,0.0120953685,0.0023452395
/home/yogesh.patel/execution/25_9_2026_PRD_work/OCT2017_Test/test/CNV/CNV-103044-4.jpeg,CNV,0,0.99271125,0.0031635817,0.0018097976,0.0023154165
/home/yogesh.patel/execution/25_9_2026_PRD_work/OCT2017_Test/test/CNV/CNV-103044-5.jpeg,CNV,0,0.9747854,0.00242341,0.020587623,0.0022035863
/home/yogesh.patel/execution/25_9_2026_PRD_work/OCT2017_Test/test/CNV/CNV-103044-6.jpeg,CNV,0,0.98589396,0.0011942618,0.010320518,0.0025912535
/home/yogesh.patel/execution/25_9_2026_PRD_work/OCT2017_Test/test/CNV/CNV-103044-7.jpeg,CNV,0,0.9867392,0.0017425719,0.008521532,0.0029966773
/home/yogesh.patel/execution/25_9_2026_PRD_work/OCT2017_Test/test/CNV/CNV-103044-8.jpeg,CNV,0,0.9807517,0.0025539473,0.0135475695,0.0031467758
/home/yogesh.patel/execution/25_9_2026_PRD_work/OCT2017_Test/test/CNV/CNV-103044-9.jpeg,CNV,0,0.9916596,0.0017600138,0.0028008304,0.0037795256
/home/yogesh.patel/execution/25_9_2026_PRD_work/OCT2017_Test/test/CNV/CNV-1083927-1.jpeg,CNV,0,0.97129023,0.017650887,0.009152153,0.0019067558
/home/yogesh.patel/execution/25_9_2026_PRD_work/OCT2017_Test/test/CNV/CNV-1112835-1.jpeg,CNV,0,0.9885092,0.003179631,0.0020483714,0.006262794
/home/yogesh.patel/execution/25_9_2026_PRD_work/OCT2017_Test/test/CNV/CNV-1112835-2.jpeg,CNV,0,0.98880374,0.0038401245,0.0020431424,0.0053129913
/home/yogesh.patel/execution/25_9_2026_PRD_work/OCT2017_Test/test/CNV/CNV-1130960-1.jpeg,CNV,0,0.9835944,0.011060631,0.0023113124,0.0030336503
/home/yogesh.patel/execution/25_9_2026_PRD_work/OCT2017_Test/test/CNV/CNV-1131664-1.jpeg,CNV,0,0.9897861,0.0036499423,0.0029763482,0.0035876404
/home/yogesh.patel/execution/25_9_2026_PRD_work/OCT2017_Test/test/CNV/CNV-1136126-1.jpeg,CNV,0,0.987077,0.0013624396,0.0074354867,0.004125045
/home/yogesh.patel/execution/25_9_2026_PRD_work/OCT2017_Test/test/CNV/CNV-1177084-1.jpeg,CNV,0,0.9466092,0.046336852,0.004527635,0.0025263333
/home/yogesh.patel/execution/25_9_2026_PRD_work/OCT2017_Test/test/CNV/CNV-1188386-1.jpeg,CNV,0,0.9788872,0.013263125,0.005094854,0.0027548037
/home/yogesh.patel/execution/25_9_2026_PRD_work/OCT2017_Test/test/CNV/CNV-1188386-2.jpeg,CNV,0,0.97836286,0.005583319,0.013965902,0.0020879859
/home/yogesh.patel/execution/25_9_2026_PRD_work/OCT2017_Test/test/CNV/CNV-1188386-3.jpeg,CNV,0,0.98852825,0.0062213475,0.0028885927,0.002361808
/home/yogesh.patel/execution/25_9_2026_PRD_work/OCT2017_Test/test/CNV/CNV-1188386-4.jpeg,CNV,0,0.9892316,0.0047163228,0.0027134947,0.0033385884
/home/yogesh.patel/execution/25_9_2026_PRD_work/OCT2017_Test/test/CNV/CNV-1260317-1.jpeg,CNV,0,0.9864558,0.005643536,0.0030508987,0.0048497478
/home/yogesh.patel/execution/25_9_2026_PRD_work/OCT2017_Test/test/CNV/CNV-1290410-1.jpeg,CNV,0,0.9895602,0.003156108,0.00396568,0.0033179922
/home/yogesh.patel/execution/25_9_2026_PRD_work/OCT2017_Test/test/CNV/CNV-1290410-2.jpeg,CNV,0,0.98459446,0.0021528134,0.008021182,0.0052315705
/home/yogesh.patel/execution/25_9_2026_PRD_work/OCT2017_Test/test/CNV/CNV-1290410-3.jpeg,CNV,0,0.985584,0.0060381214,0.0059481417,0.002429721
/home/yogesh.patel/execution/25_9_2026_PRD_work/OCT2017_Test/test/CNV/CNV-1305450-1.jpeg,CNV,0,0.9906324,0.002556683,0.0034444032,0.0033665008
/home/yogesh.patel/execution/25_9_2026_PRD_work/OCT2017_Test/test/CNV/CNV-1305450-2.jpeg,CNV,0,0.9839375,0.0054506706,0.007589409,0.0030224288
/home/yogesh.patel/execution/25_9_2026_PRD_work/OCT2017_Test/test/CNV/CNV-1305450-3.jpeg,CNV,0,0.95091105,0.040300176,0.003747668,0.005041081
/home/yogesh.patel/execution/25_9_2026_PRD_work/OCT2017_Test/test/CNV/CNV-1305450-4.jpeg,CNV,0,0.98483634,0.009399198,0.002357913,0.003406609
/home/yogesh.patel/execution/25_9_2026_PRD_work/OCT2017_Test/test/CNV/CNV-137351-1.jpeg,CNV,0,0.98760515,0.0020387196,0.0083969645,0.0019591595
/home/yogesh.patel/execution/25_9_2026_PRD_work/OCT2017_Test/test/CNV/CNV-1415351-1.jpeg,CNV,0,0.98065203,0.0085276775,0.008517305,0.0023029835
/home/yogesh.patel/execution/25_9_2026_PRD_work/OCT2017_Test/test/CNV/CNV-154835-1.jpeg,CNV,0,0.98709625,0.0033424704,0.004945189,0.004616077
/home/yogesh.patel/execution/25_9_2026_PRD_work/OCT2017_Test/test/CNV/CNV-154835-2.jpeg,CNV,0,0.9836587,0.0025674894,0.0053586145,0.0084152585
/home/yogesh.patel/execution/25_9_2026_PRD_work/OCT2017_Test/test/CNV/CNV-163081-1.jpeg,CNV,0,0.9885335,0.003936737,0.0040462743,0.0034834903
/home/yogesh.patel/execution/25_9_2026_PRD_work/OCT2017_Test/test/CNV/CNV-163081-10.jpeg,CNV,0,0.98657066,0.0049987906,0.006035411,0.0023951887
/home/yogesh.patel/execution/25_9_2026_PRD_work/OCT2017_Test/test/CNV/CNV-163081-2.jpeg,CNV,0,0.9915889,0.0030364862,0.002851271,0.002523407
/home/yogesh.patel/execution/25_9_2026_PRD_work/OCT2017_Test/test/CNV/CNV-163081-3.jpeg,CNV,0,0.9888431,0.0025763796,0.0055587105,0.0030218465
/home/yogesh.patel/execution/25_9_2026_PRD_work/OCT2017_Test/test/CNV/CNV-163081-4.jpeg,CNV,0,0.99207085,0.002092863,0.003173054,0.00266323
/home/yogesh.patel/execution/25_9_2026_PRD_work/OCT2017_Test/test/CNV/CNV-163081-5.jpeg,CNV,0,0.9927276,0.0011439575,0.004440669,0.001687804
/home/yogesh.patel/execution/25_9_2026_PRD_work/OCT2017_Test/test/CNV/CNV-163081-6.jpeg,CNV,0,0.9903186,0.004410031,0.0027446782,0.0025266695
/home/yogesh.patel/execution/25_9_2026_PRD_work/OCT2017_Test/test/CNV/CNV-163081-7.jpeg,CNV,0,0.98698354,0.006142954,0.0037940503,0.0030794533
/home/yogesh.patel/execution/25_9_2026_PRD_work/OCT2017_Test/test/CNV/CNV-163081-8.jpeg,CNV,0,0.9925771,0.0018987596,0.0023062618,0.0032178839
/home/yogesh.patel/execution/25_9_2026_PRD_work/OCT2017_Test/test/CNV/CNV-163081-9.jpeg,CNV,0,0.9885575,0.004885551,0.004012482,0.0025444622
/home/yogesh.patel/execution/25_9_2026_PRD_work/OCT2017_Test/test/CNV/CNV-1632795-1.jpeg,CNV,0,0.9878735,0.0043069827,0.0026770579,0.00514242
/home/yogesh.patel/execution/25_9_2026_PRD_work/OCT2017_Test/test/CNV/CNV-1641792-1.jpeg,CNV,0,0.97192127,0.008790024,0.015724722,0.0035639305
/home/yogesh.patel/execution/25_9_2026_PRD_work/OCT2017_Test/test/CNV/CNV-1641792-2.jpeg,CNV,0,0.9925872,0.0018884169,0.0033284447,0.0021959317
/home/yogesh.patel/execution/25_9_2026_PRD_work/OCT2017_Test/test/CNV/CNV-1699976-1.jpeg,CNV,0,0.99149567,0.0012937536,0.0018758145,0.005334711
/home/yogesh.patel/execution/25_9_2026_PRD_work/OCT2017_Test/test/CNV/CNV-1699976-2.jpeg,CNV,0,0.989105,0.002264996,0.0015748374,0.0070551927
/home/yogesh.patel/execution/25_9_2026_PRD_work/OCT2017_Test/test/CNV/CNV-1699976-3.jpeg,CNV,0,0.98530114,0.0042840405,0.0031730242,0.0072418563
/home/yogesh.patel/execution/25_9_2026_PRD_work/OCT2017_Test/test/CNV/CNV-1699976-4.jpeg,CNV,0,0.9906118,0.0031245432,0.0012700099,0.004993663
/home/yogesh.patel/execution/25_9_2026_PRD_work/OCT2017_Test/test/CNV/CNV-1699976-5.jpeg,CNV,0,0.98982036,0.0044055157,0.0011566054,0.0046174233
/home/yogesh.patel/execution/25_9_2026_PRD_work/OCT2017_Test/test/CNV/CNV-1704482-1.jpeg,CNV,0,0.9905538,0.0048757694,0.0026087486,0.0019617274
/home/yogesh.patel/execution/25_9_2026_PRD_work/OCT2017_Test/test/CNV/CNV-172472-1.jpeg,CNV,0,0.98717064,0.001240536,0.008756495,0.002832375
/home/yogesh.patel/execution/25_9_2026_PRD_work/OCT2017_Test/test/CNV/CNV-172472-10.jpeg,CNV,0,0.99185365,0.0033331567,0.0022402245,0.0025729656
/home/yogesh.patel/execution/25_9_2026_PRD_work/OCT2017_Test/test/CNV/CNV-172472-11.jpeg,CNV,0,0.9884047,0.004420138,0.0038859474,0.0032892583
/home/yogesh.patel/execution/25_9_2026_PRD_work/OCT2017_Test/test/CNV/CNV-172472-2.jpeg,CNV,0,0.9927737,0.0024589493,0.0016714254,0.0030958846
/home/yogesh.patel/execution/25_9_2026_PRD_work/OCT2017_Test/test/CNV/CNV-172472-3.jpeg,CNV,0,0.9900777,0.0038775487,0.0033409111,0.0027038653
/home/yogesh.patel/execution/25_9_2026_PRD_work/OCT2017_Test/test/CNV/CNV-172472-4.jpeg,CNV,0,0.9899536,0.004059465,0.0021010316,0.0038858692
/home/yogesh.patel/execution/25_9_2026_PRD_work/OCT2017_Test/test/CNV/CNV-172472-5.jpeg,CNV,0,0.98761475,0.0061103073,0.0035592297,0.0027156558
/home/yogesh.patel/execution/25_9_2026_PRD_work/OCT2017_Test/test/CNV/CNV-172472-6.jpeg,CNV,0,0.98931044,0.003109744,0.0056584436,0.0019213578
/home/yogesh.patel/execution/25_9_2026_PRD_work/OCT2017_Test/test/CNV/CNV-172472-7.jpeg,CNV,0,0.9898992,0.00091302773,0.006367749,0.0028199803
/home/yogesh.patel/execution/25_9_2026_PRD_work/OCT2017_Test/test/CNV/CNV-172472-8.jpeg,CNV,0,0.99288106,0.0015467785,0.0029647858,0.002607442
/home/yogesh.patel/execution/25_9_2026_PRD_work/OCT2017_Test/test/CNV/CNV-172472-9.jpeg,CNV,0,0.9885775,0.004842247,0.0022870572,0.0042932117
/home/yogesh.patel/execution/25_9_2026_PRD_work/OCT2017_Test/test/CNV/CNV-1730592-1.jpeg,CNV,0,0.992848,0.001682148,0.0023601826,0.0031096793
/home/yogesh.patel/execution/25_9_2026_PRD_work/OCT2017_Test/test/CNV/CNV-1730592-2.jpeg,CNV,0,0.9870456,0.0060762493,0.003958795,0.0029193142
/home/yogesh.patel/execution/25_9_2026_PRD_work/OCT2017_Test/test/CNV/CNV-1731375-1.jpeg,CNV,0,0.9868224,0.0060720886,0.0011151432,0.0059903422
/home/yogesh.patel/execution/25_9_2026_PRD_work/OCT2017_Test/test/CNV/CNV-1731375-2.jpeg,CNV,0,0.9879627,0.0028611089,0.0065581966,0.0026179475
/home/yogesh.patel/execution/25_9_2026_PRD_work/OCT2017_Test/test/CNV/CNV-1731375-3.jpeg,CNV,0,0.9563185,0.0015240858,0.03919637,0.0029610563
/home/yogesh.patel/execution/25_9_2026_PRD_work/OCT2017_Test/test/CNV/CNV-1784116-1.jpeg,CNV,0,0.9751551,0.016480638,0.005437669,0.0029265478
/home/yogesh.patel/execution/25_9_2026_PRD_work/OCT2017_Test/test/CNV/CNV-1894770-1.jpeg,CNV,0,0.9493515,0.043066178,0.004437679,0.0031446673
/home/yogesh.patel/execution/25_9_2026_PRD_work/OCT2017_Test/test/CNV/CNV-1894770-2.jpeg,CNV,0,0.9556781,0.013230804,0.02724157,0.0038495741
/home/yogesh.patel/execution/25_9_2026_PRD_work/OCT2017_Test/test/CNV/CNV-1980926-1.jpeg,CNV,0,0.9847219,0.008560325,0.004027269,0.0026905013
/home/yogesh.patel/execution/25_9_2026_PRD_work/OCT2017_Test/test/CNV/CNV-198660-1.jpeg,CNV,0,0.98953116,0.0018371938,0.0027157466,0.005915881
/home/yogesh.patel/execution/25_9_2026_PRD_work/OCT2017_Test/test/CNV/CNV-1997439-1.jpeg,CNV,0,0.97482544,0.0075084595,0.014199055,0.003467034
/home/yogesh.patel/execution/25_9_2026_PRD_work/OCT2017_Test/test/CNV/CNV-1997439-2.jpeg,CNV,0,0.9027436,0.0861743,0.0047486415,0.0063334745
/home/yogesh.patel/execution/25_9_2026_PRD_work/OCT2017_Test/test/CNV/CNV-1997439-3.jpeg,CNV,0,0.98996913,0.0047825915,0.0017215688,0.0035267796
/home/yogesh.patel/execution/25_9_2026_PRD_work/OCT2017_Test/test/CNV/CNV-1997439-4.jpeg,CNV,0,0.98402655,0.008666581,0.0024114377,0.0048954384
/home/yogesh.patel/execution/25_9_2026_PRD_work/OCT2017_Test/test/CNV/CNV-1997439-5.jpeg,CNV,0,0.9847797,0.0085885655,0.0034536477,0.0031780056
/home/yogesh.patel/execution/25_9_2026_PRD_work/OCT2017_Test/test/CNV/CNV-1997439-6.jpeg,CNV,0,0.9886924,0.0049505862,0.002068736,0.004288234
/home/yogesh.patel/execution/25_9_2026_PRD_work/OCT2017_Test/test/CNV/CNV-1997439-7.jpeg,CNV,0,0.9908612,0.002724342,0.0037434867,0.0026710257
/home/yogesh.patel/execution/25_9_2026_PRD_work/OCT2017_Test/test/CNV/CNV-2025105-1.jpeg,CNV,0,0.97403544,0.0062245554,0.017562712,0.00217726
/home/yogesh.patel/execution/25_9_2026_PRD_work/OCT2017_Test/test/CNV/CNV-204397-1.jpeg,CNV,0,0.98704916,0.0055051213,0.003065777,0.0043798746
/home/yogesh.patel/execution/25_9_2026_PRD_work/OCT2017_Test/test/CNV/CNV-2116022-1.jpeg,CNV,0,0.9898915,0.0032084938,0.0041417615,0.0027581542
/home/yogesh.patel/execution/25_9_2026_PRD_work/OCT2017_Test/test/CNV/CNV-2141150-1.jpeg,CNV,0,0.9879542,0.004828234,0.003857283,0.0033602584
/home/yogesh.patel/execution/25_9_2026_PRD_work/OCT2017_Test/test/CNV/CNV-2141150-2.jpeg,CNV,0,0.9924199,0.0027473613,0.0028864418,0.00194631
/home/yogesh.patel/execution/25_9_2026_PRD_work/OCT2017_Test/test/CNV/CNV-2158821-1.jpeg,CNV,0,0.9937453,0.0011235587,0.0018772354,0.0032538734
/home/yogesh.patel/execution/25_9_2026_PRD_work/OCT2017_Test/test/CNV/CNV-2158821-2.jpeg,CNV,0,0.9907537,0.0028427243,0.0017798359,0.004623716
/home/yogesh.patel/execution/25_9_2026_PRD_work/OCT2017_Test/test/CNV/CNV-2168793-1.jpeg,CNV,0,0.99325085,0.002075881,0.0020498002,0.0026235252
/home/yogesh.patel/execution/25_9_2026_PRD_work/OCT2017_Test/test/CNV/CNV-2177326-1.jpeg,CNV,0,0.9922254,0.0023123263,0.0016269344,0.0038353454
/home/yogesh.patel/execution/25_9_2026_PRD_work/OCT2017_Test/test/CNV/CNV-218676-1.jpeg,CNV,0,0.9883092,0.0025577075,0.0020174077,0.0071156463
/home/yogesh.patel/execution/25_9_2026_PRD_work/OCT2017_Test/test/CNV/CNV-2192440-1.jpeg,CNV,0,0.9891982,0.005934506,0.00342528,0.0014419765
/home/yogesh.patel/execution/25_9_2026_PRD_work/OCT2017_Test/test/CNV/CNV-2192440-2.jpeg,CNV,0,0.98756844,0.0045611407,0.002938985,0.004931364
/home/yogesh.patel/execution/25_9_2026_PRD_work/OCT2017_Test/test/CNV/CNV-2350851-1.jpeg,CNV,0,0.9768985,0.016165538,0.0037949749,0.0031409627
/home/yogesh.patel/execution/25_9_2026_PRD_work/OCT2017_Test/test/CNV/CNV-2438783-1.jpeg,CNV,0,0.98745465,0.0053974483,0.0029717465,0.0041761086
/home/yogesh.patel/execution/25_9_2026_PRD_work/OCT2017_Test/test/CNV/CNV-2438783-2.jpeg,CNV,0,0.9883654,0.0047417926,0.0024421916,0.004450542
/home/yogesh.patel/execution/25_9_2026_PRD_work/OCT2017_Test/test/CNV/CNV-2541184-1.jpeg,CNV,0,0.9847186,0.0022832258,0.010528335,0.0024697797
/home/yogesh.patel/execution/25_9_2026_PRD_work/OCT2017_Test/test/CNV/CNV-2632189-1.jpeg,CNV,0,0.99147546,0.0025571168,0.0033592063,0.0026081933
/home/yogesh.patel/execution/25_9_2026_PRD_work/OCT2017_Test/test/CNV/CNV-2692822-1.jpeg,CNV,0,0.9832414,0.009596414,0.0043404424,0.0028217537
/home/yogesh.patel/execution/25_9_2026_PRD_work/OCT2017_Test/test/CNV/CNV-2725524-1.jpeg,CNV,0,0.987775,0.004315724,0.0041412436,0.003768014
/home/yogesh.patel/execution/25_9_2026_PRD_work/OCT2017_Test/test/CNV/CNV-2725524-2.jpeg,CNV,0,0.9698905,0.023111891,0.0050669913,0.0019305939
/home/yogesh.patel/execution/25_9_2026_PRD_work/OCT2017_Test/test/CNV/CNV-2760476-1.jpeg,CNV,0,0.98824126,0.0062777796,0.0029267997,0.0025542432
/home/yogesh.patel/execution/25_9_2026_PRD_work/OCT2017_Test/test/CNV/CNV-2959614-1.jpeg,CNV,0,0.9829168,0.0064894594,0.004034384,0.0065593678
/home/yogesh.patel/execution/25_9_2026_PRD_work/OCT2017_Test/test/CNV/CNV-2959614-2.jpeg,CNV,0,0.99066705,0.0031062118,0.0030329677,0.0031937838
/home/yogesh.patel/execution/25_9_2026_PRD_work/OCT2017_Test/test/CNV/CNV-2959614-3.jpeg,CNV,0,0.975363,0.0062572863,0.016247595,0.0021320723
/home/yogesh.patel/execution/25_9_2026_PRD_work/OCT2017_Test/test/CNV/CNV-2959614-4.jpeg,CNV,0,0.9875229,0.0035971787,0.0068787746,0.0020011188
/home/yogesh.patel/execution/25_9_2026_PRD_work/OCT2017_Test/test/CNV/CNV-3030629-1.jpeg,CNV,0,0.980308,0.014687921,0.0026899376,0.0023142041
/home/yogesh.patel/execution/25_9_2026_PRD_work/OCT2017_Test/test/CNV/CNV-3080163-1.jpeg,CNV,0,0.9829258,0.007200245,0.0020374143,0.007836534
/home/yogesh.patel/execution/25_9_2026_PRD_work/OCT2017_Test/test/CNV/CNV-3080163-2.jpeg,CNV,0,0.9833097,0.0062169875,0.0025570393,0.007916271
/home/yogesh.patel/execution/25_9_2026_PRD_work/OCT2017_Test/test/CNV/CNV-3119854-1.jpeg,CNV,0,0.9860712,0.0051222653,0.0022880218,0.006518408
/home/yogesh.patel/execution/25_9_2026_PRD_work/OCT2017_Test/test/CNV/CNV-3163547-1.jpeg,CNV,0,0.98949015,0.004480955,0.0018653916,0.004163506
/home/yogesh.patel/execution/25_9_2026_PRD_work/OCT2017_Test/test/CNV/CNV-3200277-1.jpeg,CNV,0,0.9881624,0.007417878,0.0030103063,0.0014094014
/home/yogesh.patel/execution/25_9_2026_PRD_work/OCT2017_Test/test/CNV/CNV-3200277-2.jpeg,CNV,0,0.9901777,0.0022192153,0.0039674607,0.0036356547
/home/yogesh.patel/execution/25_9_2026_PRD_work/OCT2017_Test/test/CNV/CNV-3213586-1.jpeg,CNV,0,0.99257606,0.0015492481,0.003738555,0.0021362114
/home/yogesh.patel/execution/25_9_2026_PRD_work/OCT2017_Test/test/CNV/CNV-3241692-1.jpeg,CNV,0,0.9786426,0.0029753894,0.016017709,0.0023643624
/home/yogesh.patel/execution/25_9_2026_PRD_work/OCT2017_Test/test/CNV/CNV-3241692-2.jpeg,CNV,0,0.98088574,0.009172405,0.0075821043,0.0023597942
/home/yogesh.patel/execution/25_9_2026_PRD_work/OCT2017_Test/test/CNV/CNV-328435-1.jpeg,CNV,0,0.8641871,0.025220403,0.06059107,0.05000136
/home/yogesh.patel/execution/25_9_2026_PRD_work/OCT2017_Test/test/CNV/CNV-3300060-1.jpeg,CNV,0,0.96257347,0.03229643,0.0020300993,0.003100075
/home/yogesh.patel/execution/25_9_2026_PRD_work/OCT2017_Test/test/CNV/CNV-338282-1.jpeg,CNV,0,0.980647,0.008101989,0.008287788,0.0029632763
/home/yogesh.patel/execution/25_9_2026_PRD_work/OCT2017_Test/test/CNV/CNV-3424668-1.jpeg,CNV,0,0.97376996,0.018117093,0.005478762,0.0026342394
/home/yogesh.patel/execution/25_9_2026_PRD_work/OCT2017_Test/test/CNV/CNV-3432812-1.jpeg,CNV,0,0.9495545,0.0019185616,0.04416523,0.004361717
/home/yogesh.patel/execution/25_9_2026_PRD_work/OCT2017_Test/test/CNV/CNV-3459091-1.jpeg,CNV,0,0.9921014,0.0033669767,0.0018284309,0.0027031412
/home/yogesh.patel/execution/25_9_2026_PRD_work/OCT2017_Test/test/CNV/CNV-3541867-1.jpeg,CNV,0,0.9714721,0.004120229,0.020428345,0.0039793085
/home/yogesh.patel/execution/25_9_2026_PRD_work/OCT2017_Test/test/CNV/CNV-3616460-1.jpeg,CNV,0,0.9910904,0.001999251,0.0043579023,0.0025523873
/home/yogesh.patel/execution/25_9_2026_PRD_work/OCT2017_Test/test/CNV/CNV-3618489-1.jpeg,CNV,0,0.9151791,0.02232119,0.0057691135,0.056730583
/home/yogesh.patel/execution/25_9_2026_PRD_work/OCT2017_Test/test/CNV/CNV-3618489-2.jpeg,CNV,0,0.9910921,0.003146584,0.0038720386,0.0018892849
/home/yogesh.patel/execution/25_9_2026_PRD_work/OCT2017_Test/test/CNV/CNV-364469-1.jpeg,CNV,0,0.9874932,0.0023602552,0.0073351716,0.0028113925
/home/yogesh.patel/execution/25_9_2026_PRD_work/OCT2017_Test/test/CNV/CNV-364469-2.jpeg,CNV,0,0.97395194,0.0049826093,0.019402882,0.0016625711
/home/yogesh.patel/execution/25_9_2026_PRD_work/OCT2017_Test/test/CNV/CNV-364469-3.jpeg,CNV,0,0.98687744,0.0017954813,0.009517096,0.0018098983
/home/yogesh.patel/execution/25_9_2026_PRD_work/OCT2017_Test/test/CNV/CNV-3734032-1.jpeg,CNV,0,0.9896033,0.003162603,0.0028189304,0.0044152234
/home/yogesh.patel/execution/25_9_2026_PRD_work/OCT2017_Test/test/CNV/CNV-375851-1.jpeg,CNV,0,0.99154,0.0014999632,0.002519415,0.0044406005
/home/yogesh.patel/execution/25_9_2026_PRD_work/OCT2017_Test/test/CNV/CNV-3847391-1.jpeg,CNV,0,0.96612585,0.009110021,0.020251429,0.0045127394
/home/yogesh.patel/execution/25_9_2026_PRD_work/OCT2017_Test/test/CNV/CNV-412653-1.jpeg,CNV,0,0.9875189,0.0038649263,0.004820148,0.0037959798
/home/yogesh.patel/execution/25_9_2026_PRD_work/OCT2017_Test/test/CNV/CNV-417468-1.jpeg,CNV,0,0.9894435,0.007056625,0.0015127494,0.0019871644
/home/yogesh.patel/execution/25_9_2026_PRD_work/OCT2017_Test/test/CNV/CNV-4244160-1.jpeg,CNV,0,0.9851437,0.0077310805,0.00414035,0.0029848837
/home/yogesh.patel/execution/25_9_2026_PRD_work/OCT2017_Test/test/CNV/CNV-4244160-2.jpeg,CNV,0,0.9827249,0.007455816,0.004281221,0.0055381274
/home/yogesh.patel/execution/25_9_2026_PRD_work/OCT2017_Test/test/CNV/CNV-4244160-3.jpeg,CNV,0,0.9884883,0.004604053,0.002283254,0.0046243723
/home/yogesh.patel/execution/25_9_2026_PRD_work/OCT2017_Test/test/CNV/CNV-4274486-1.jpeg,CNV,0,0.9628833,0.0146497805,0.021063697,0.0014032106
/home/yogesh.patel/execution/25_9_2026_PRD_work/OCT2017_Test/test/CNV/CNV-4283050-1.jpeg,CNV,0,0.85348195,0.14025235,0.0034127538,0.0028529915
/home/yogesh.patel/execution/25_9_2026_PRD_work/OCT2017_Test/test/CNV/CNV-4283050-2.jpeg,CNV,0,0.9895089,0.0056502894,0.0019516544,0.002889161
/home/yogesh.patel/execution/25_9_2026_PRD_work/OCT2017_Test/test/CNV/CNV-4464785-1.jpeg,CNV,0,0.9890448,0.006203821,0.003120094,0.0016313721
/home/yogesh.patel/execution/25_9_2026_PRD_work/OCT2017_Test/test/CNV/CNV-451136-1.jpeg,CNV,0,0.98453695,0.007532091,0.0029802942,0.004950638
/home/yogesh.patel/execution/25_9_2026_PRD_work/OCT2017_Test/test/CNV/CNV-451136-2.jpeg,CNV,0,0.98505425,0.0029429777,0.0050234385,0.00697932
/home/yogesh.patel/execution/25_9_2026_PRD_work/OCT2017_Test/test/CNV/CNV-451136-3.jpeg,CNV,0,0.9859338,0.005808688,0.0054654367,0.0027921575
/home/yogesh.patel/execution/25_9_2026_PRD_work/OCT2017_Test/test/CNV/CNV-451136-4.jpeg,CNV,0,0.98823416,0.0062827785,0.0026727924,0.0028103
/home/yogesh.patel/execution/25_9_2026_PRD_work/OCT2017_Test/test/CNV/CNV-451136-5.jpeg,CNV,0,0.98578215,0.006372538,0.004163763,0.0036815775
/home/yogesh.patel/execution/25_9_2026_PRD_work/OCT2017_Test/test/CNV/CNV-451136-6.jpeg,CNV,0,0.9785284,0.009364186,0.0021152424,0.009992193
/home/yogesh.patel/execution/25_9_2026_PRD_work/OCT2017_Test/test/CNV/CNV-451136-7.jpeg,CNV,0,0.9827499,0.004082678,0.008446655,0.004720853
/home/yogesh.patel/execution/25_9_2026_PRD_work/OCT2017_Test/test/CNV/CNV-457527-1.jpeg,CNV,0,0.9847798,0.0060353954,0.003891565,0.0052933386
/home/yogesh.patel/execution/25_9_2026_PRD_work/OCT2017_Test/test/CNV/CNV-457907-1.jpeg,CNV,0,0.9583558,0.02583531,0.0027883626,0.01302053
/home/yogesh.patel/execution/25_9_2026_PRD_work/OCT2017_Test/test/CNV/CNV-460403-1.jpeg,CNV,0,0.97409433,0.010667106,0.013512956,0.001725596
/home/yogesh.patel/execution/25_9_2026_PRD_work/OCT2017_Test/test/CNV/CNV-4643364-1.jpeg,CNV,0,0.98935765,0.0031790293,0.0023204873,0.0051428475
/home/yogesh.patel/execution/25_9_2026_PRD_work/OCT2017_Test/test/CNV/CNV-4674526-1.jpeg,CNV,0,0.9879083,0.0028625955,0.0038529877,0.005376058
/home/yogesh.patel/execution/25_9_2026_PRD_work/OCT2017_Test/test/CNV/CNV-4740418-1.jpeg,CNV,0,0.9659209,0.025411693,0.0034673759,0.0052000443
/home/yogesh.patel/execution/25_9_2026_PRD_work/OCT2017_Test/test/CNV/CNV-4775389-1.jpeg,CNV,0,0.9783888,0.011125171,0.0050817034,0.005404384
/home/yogesh.patel/execution/25_9_2026_PRD_work/OCT2017_Test/test/CNV/CNV-4884091-1.jpeg,CNV,0,0.9858094,0.0064865034,0.0058851726,0.0018190253
/home/yogesh.patel/execution/25_9_2026_PRD_work/OCT2017_Test/test/CNV/CNV-4907724-1.jpeg,CNV,0,0.9787014,0.006358005,0.013895772,0.0010448375
/home/yogesh.patel/execution/25_9_2026_PRD_work/OCT2017_Test/test/CNV/CNV-4974377-1.jpeg,CNV,0,0.9897975,0.0021774028,0.004265106,0.0037600694
/home/yogesh.patel/execution/25_9_2026_PRD_work/OCT2017_Test/test/CNV/CNV-5054419-1.jpeg,CNV,0,0.98567295,0.008695032,0.002506212,0.0031258608
/home/yogesh.patel/execution/25_9_2026_PRD_work/OCT2017_Test/test/CNV/CNV-5054419-2.jpeg,CNV,0,0.98783934,0.005097196,0.003167835,0.0038955898
/home/yogesh.patel/execution/25_9_2026_PRD_work/OCT2017_Test/test/CNV/CNV-53018-1.jpeg,CNV,0,0.8670553,0.07157472,0.058653116,0.0027168756
/home/yogesh.patel/execution/25_9_2026_PRD_work/OCT2017_Test/test/CNV/CNV-53018-2.jpeg,CNV,0,0.98583406,0.001746278,0.009885954,0.0025336996
/home/yogesh.patel/execution/25_9_2026_PRD_work/OCT2017_Test/test/CNV/CNV-538779-1.jpeg,CNV,0,0.99018186,0.0038693573,0.0013589413,0.0045897793
/home/yogesh.patel/execution/25_9_2026_PRD_work/OCT2017_Test/test/CNV/CNV-538779-2.jpeg,CNV,0,0.989171,0.0039343634,0.0020062984,0.0048882575
/home/yogesh.patel/execution/25_9_2026_PRD_work/OCT2017_Test/test/CNV/CNV-5409617-1.jpeg,CNV,0,0.99120814,0.00308986,0.0031190696,0.002582975
/home/yogesh.patel/execution/25_9_2026_PRD_work/OCT2017_Test/test/CNV/CNV-5429703-1.jpeg,CNV,0,0.9856354,0.0064414805,0.0028715935,0.00505152
/home/yogesh.patel/execution/25_9_2026_PRD_work/OCT2017_Test/test/CNV/CNV-5429703-2.jpeg,CNV,0,0.98854357,0.003020904,0.004061242,0.0043743136
/home/yogesh.patel/execution/25_9_2026_PRD_work/OCT2017_Test/test/CNV/CNV-5431636-1.jpeg,CNV,0,0.9464824,0.006722795,0.044815063,0.0019797003
/home/yogesh.patel/execution/25_9_2026_PRD_work/OCT2017_Test/test/CNV/CNV-5431636-2.jpeg,CNV,0,0.9909192,0.0023454942,0.002579688,0.00415566
/home/yogesh.patel/execution/25_9_2026_PRD_work/OCT2017_Test/test/CNV/CNV-5457415-1.jpeg,CNV,0,0.98734176,0.0043125004,0.0029037052,0.005442052
/home/yogesh.patel/execution/25_9_2026_PRD_work/OCT2017_Test/test/CNV/CNV-5536678-1.jpeg,CNV,0,0.9871718,0.0018756019,0.007549711,0.003402783
/home/yogesh.patel/execution/25_9_2026_PRD_work/OCT2017_Test/test/CNV/CNV-5536678-2.jpeg,CNV,0,0.978587,0.009275308,0.0034511562,0.00868653
/home/yogesh.patel/execution/25_9_2026_PRD_work/OCT2017_Test/test/CNV/CNV-5557306-1.jpeg,CNV,0,0.99147993,0.0022410545,0.002594992,0.0036839945
/home/yogesh.patel/execution/25_9_2026_PRD_work/OCT2017_Test/test/CNV/CNV-5594757-1.jpeg,CNV,0,0.9921684,0.0026500411,0.002372,0.0028095674
/home/yogesh.patel/execution/25_9_2026_PRD_work/OCT2017_Test/test/CNV/CNV-5594757-2.jpeg,CNV,0,0.988472,0.0046874494,0.002531864,0.0043087066
/home/yogesh.patel/execution/25_9_2026_PRD_work/OCT2017_Test/test/CNV/CNV-5603164-1.jpeg,CNV,0,0.9905927,0.0029953315,0.002968685,0.0034431946
/home/yogesh.patel/execution/25_9_2026_PRD_work/OCT2017_Test/test/CNV/CNV-564246-1.jpeg,CNV,0,0.9875846,0.0086062085,0.0016196677,0.0021895114
/home/yogesh.patel/execution/25_9_2026_PRD_work/OCT2017_Test/test/CNV/CNV-5674369-1.jpeg,CNV,0,0.98656154,0.0055500623,0.0059140422,0.0019743594
/home/yogesh.patel/execution/25_9_2026_PRD_work/OCT2017_Test/test/CNV/CNV-5674369-2.jpeg,CNV,0,0.98947066,0.00488436,0.002729948,0.0029149756
/home/yogesh.patel/execution/25_9_2026_PRD_work/OCT2017_Test/test/CNV/CNV-5674369-3.jpeg,CNV,0,0.9835309,0.005915387,0.007806981,0.0027468153
/home/yogesh.patel/execution/25_9_2026_PRD_work/OCT2017_Test/test/CNV/CNV-5674369-4.jpeg,CNV,0,0.9796549,0.0047283666,0.011797873,0.003818849
/home/yogesh.patel/execution/25_9_2026_PRD_work/OCT2017_Test/test/CNV/CNV-5674369-5.jpeg,CNV,0,0.9839158,0.0060861334,0.005917013,0.004081085
/home/yogesh.patel/execution/25_9_2026_PRD_work/OCT2017_Test/test/CNV/CNV-5760454-1.jpeg,CNV,0,0.9703561,0.0053329417,0.021376204,0.0029347227
/home/yogesh.patel/execution/25_9_2026_PRD_work/OCT2017_Test/test/CNV/CNV-5813701-1.jpeg,CNV,0,0.9920909,0.0042681987,0.0016716286,0.0019692907
/home/yogesh.patel/execution/25_9_2026_PRD_work/OCT2017_Test/test/CNV/CNV-5813701-2.jpeg,CNV,0,0.9718068,0.020887205,0.004545331,0.0027606266
/home/yogesh.patel/execution/25_9_2026_PRD_work/OCT2017_Test/test/CNV/CNV-5813701-3.jpeg,CNV,0,0.9048209,0.08511738,0.00618306,0.003878668
/home/yogesh.patel/execution/25_9_2026_PRD_work/OCT2017_Test/test/CNV/CNV-5824631-1.jpeg,CNV,0,0.9897753,0.0048494134,0.0034446358,0.0019306364
/home/yogesh.patel/execution/25_9_2026_PRD_work/OCT2017_Test/test/CNV/CNV-5861916-1.jpeg,CNV,0,0.90052813,0.09149558,0.0026040538,0.005372237
/home/yogesh.patel/execution/25_9_2026_PRD_work/OCT2017_Test/test/CNV/CNV-5861916-2.jpeg,CNV,0,0.97601813,0.017810166,0.0031810016,0.002990735
/home/yogesh.patel/execution/25_9_2026_PRD_work/OCT2017_Test/test/CNV/CNV-5861916-3.jpeg,CNV,0,0.9842944,0.011439346,0.0014440146,0.0028222085
/home/yogesh.patel/execution/25_9_2026_PRD_work/OCT2017_Test/test/CNV/CNV-5861916-4.jpeg,CNV,0,0.9911074,0.004414562,0.001442125,0.0030359179
/home/yogesh.patel/execution/25_9_2026_PRD_work/OCT2017_Test/test/CNV/CNV-5861916-5.jpeg,CNV,0,0.9811628,0.013015687,0.0019055858,0.003915923
/home/yogesh.patel/execution/25_9_2026_PRD_work/OCT2017_Test/test/CNV/CNV-5904584-1.jpeg,CNV,0,0.93409103,0.061097763,0.003449441,0.0013616878
/home/yogesh.patel/execution/25_9_2026_PRD_work/OCT2017_Test/test/CNV/CNV-5904584-2.jpeg,CNV,0,0.9901721,0.002331626,0.003977864,0.0035184382
/home/yogesh.patel/execution/25_9_2026_PRD_work/OCT2017_Test/test/CNV/CNV-5904584-3.jpeg,CNV,0,0.98969406,0.004594361,0.0038757015,0.0018358708
/home/yogesh.patel/execution/25_9_2026_PRD_work/OCT2017_Test/test/CNV/CNV-5969175-1.jpeg,CNV,0,0.99029064,0.0017371367,0.0056348937,0.0023372674
/home/yogesh.patel/execution/25_9_2026_PRD_work/OCT2017_Test/test/CNV/CNV-5969175-2.jpeg,CNV,0,0.98195505,0.007971978,0.0069901827,0.0030827739
/home/yogesh.patel/execution/25_9_2026_PRD_work/OCT2017_Test/test/CNV/CNV-6053140-1.jpeg,CNV,0,0.72601444,0.006306937,0.26147336,0.0062053055
/home/yogesh.patel/execution/25_9_2026_PRD_work/OCT2017_Test/test/CNV/CNV-6190971-1.jpeg,CNV,0,0.9809967,0.013461995,0.0032771395,0.0022641749
/home/yogesh.patel/execution/25_9_2026_PRD_work/OCT2017_Test/test/CNV/CNV-6215140-1.jpeg,CNV,0,0.98812944,0.0042172694,0.0034970958,0.004156131
/home/yogesh.patel/execution/25_9_2026_PRD_work/OCT2017_Test/test/CNV/CNV-6215140-2.jpeg,CNV,0,0.9902858,0.0038522896,0.0032642207,0.002597672
/home/yogesh.patel/execution/25_9_2026_PRD_work/OCT2017_Test/test/CNV/CNV-624911-1.jpeg,CNV,0,0.9735424,0.017928958,0.0055717654,0.0029568758
/home/yogesh.patel/execution/25_9_2026_PRD_work/OCT2017_Test/test/CNV/CNV-624911-2.jpeg,CNV,0,0.98852545,0.006151351,0.003181233,0.0021419665
/home/yogesh.patel/execution/25_9_2026_PRD_work/OCT2017_Test/test/CNV/CNV-624911-3.jpeg,CNV,0,0.98635226,0.009217588,0.0031475571,0.0012825546
/home/yogesh.patel/execution/25_9_2026_PRD_work/OCT2017_Test/test/CNV/CNV-6256161-1.jpeg,CNV,0,0.85915184,0.0027840487,0.13389817,0.0041660112
/home/yogesh.patel/execution/25_9_2026_PRD_work/OCT2017_Test/test/CNV/CNV-732516-1.jpeg,CNV,0,0.9886927,0.0034523332,0.004897615,0.0029572826
/home/yogesh.patel/execution/25_9_2026_PRD_work/OCT2017_Test/test/CNV/CNV-732516-2.jpeg,CNV,0,0.98730713,0.0051198616,0.003909678,0.0036633245
/home/yogesh.patel/execution/25_9_2026_PRD_work/OCT2017_Test/test/CNV/CNV-732516-3.jpeg,CNV,0,0.9893471,0.0025853901,0.0044172998,0.0036502152
/home/yogesh.patel/execution/25_9_2026_PRD_work/OCT2017_Test/test/CNV/CNV-732516-4.jpeg,CNV,0,0.9856637,0.0062699364,0.0052402844,0.0028260415
/home/yogesh.patel/execution/25_9_2026_PRD_work/OCT2017_Test/test/CNV/CNV-743852-1.jpeg,CNV,0,0.9772089,0.011761572,0.009139099,0.0018904352
/home/yogesh.patel/execution/25_9_2026_PRD_work/OCT2017_Test/test/CNV/CNV-776149-1.jpeg,CNV,0,0.9900317,0.0034685833,0.002145516,0.0043541435
/home/yogesh.patel/execution/25_9_2026_PRD_work/OCT2017_Test/test/CNV/CNV-779442-1.jpeg,CNV,0,0.98515373,0.0015912665,0.010445986,0.0028090144
/home/yogesh.patel/execution/25_9_2026_PRD_work/OCT2017_Test/test/CNV/CNV-779442-2.jpeg,CNV,0,0.9509994,0.0036103919,0.039506525,0.0058837
/home/yogesh.patel/execution/25_9_2026_PRD_work/OCT2017_Test/test/CNV/CNV-779442-3.jpeg,CNV,0,0.9733081,0.0037386448,0.019993838,0.002959405
/home/yogesh.patel/execution/25_9_2026_PRD_work/OCT2017_Test/test/CNV/CNV-781814-1.jpeg,CNV,0,0.9854259,0.0038266196,0.006312155,0.0044353465
/home/yogesh.patel/execution/25_9_2026_PRD_work/OCT2017_Test/test/CNV/CNV-794538-1.jpeg,CNV,0,0.9770697,0.0013366712,0.015812973,0.005780654
/home/yogesh.patel/execution/25_9_2026_PRD_work/OCT2017_Test/test/CNV/CNV-794538-2.jpeg,CNV,0,0.990765,0.0035479642,0.0026525701,0.0030344913
/home/yogesh.patel/execution/25_9_2026_PRD_work/OCT2017_Test/test/CNV/CNV-81630-1.jpeg,CNV,0,0.98795706,0.0032529938,0.0025755567,0.0062143886
/home/yogesh.patel/execution/25_9_2026_PRD_work/OCT2017_Test/test/CNV/CNV-81630-2.jpeg,CNV,0,0.9863792,0.004158528,0.0032895363,0.0061727827
/home/yogesh.patel/execution/25_9_2026_PRD_work/OCT2017_Test/test/CNV/CNV-81630-3.jpeg,CNV,0,0.9755561,0.006793331,0.00258969,0.015060917
/home/yogesh.patel/execution/25_9_2026_PRD_work/OCT2017_Test/test/CNV/CNV-81630-4.jpeg,CNV,0,0.9738727,0.008337287,0.0071350825,0.010654875
/home/yogesh.patel/execution/25_9_2026_PRD_work/OCT2017_Test/test/CNV/CNV-827677-1.jpeg,CNV,0,0.9903,0.00353103,0.0045652,0.0016037712
/home/yogesh.patel/execution/25_9_2026_PRD_work/OCT2017_Test/test/CNV/CNV-830921-1.jpeg,CNV,0,0.726428,0.004428655,0.2643263,0.004817072
/home/yogesh.patel/execution/25_9_2026_PRD_work/OCT2017_Test/test/CNV/CNV-865813-1.jpeg,CNV,0,0.99039406,0.0026236523,0.0018630929,0.0051191705
/home/yogesh.patel/execution/25_9_2026_PRD_work/OCT2017_Test/test/CNV/CNV-904464-1.jpeg,CNV,0,0.9906691,0.0032882094,0.0019701663,0.0040726084
/home/yogesh.patel/execution/25_9_2026_PRD_work/OCT2017_Test/test/CNV/CNV-904464-2.jpeg,CNV,0,0.9920598,0.0017205875,0.0023978525,0.0038217176
/home/yogesh.patel/execution/25_9_2026_PRD_work/OCT2017_Test/test/CNV/CNV-904464-3.jpeg,CNV,0,0.9903592,0.004393896,0.0017274484,0.0035195258
/home/yogesh.patel/execution/25_9_2026_PRD_work/OCT2017_Test/test/CNV/CNV-904464-4.jpeg,CNV,0,0.989166,0.0051140077,0.0030170027,0.002703007
/home/yogesh.patel/execution/25_9_2026_PRD_work/OCT2017_Test/test/CNV/CNV-909994-1.jpeg,CNV,0,0.97307944,0.018819587,0.0060836,0.0020173714
/home/yogesh.patel/execution/25_9_2026_PRD_work/OCT2017_Test/test/CNV/CNV-933576-1.jpeg,CNV,0,0.98248184,0.006834239,0.008217826,0.0024660646
/home/yogesh.patel/execution/25_9_2026_PRD_work/OCT2017_Test/test/CNV/CNV-933576-2.jpeg,CNV,0,0.99005145,0.0019752255,0.0030373537,0.0049359053
/home/yogesh.patel/execution/25_9_2026_PRD_work/OCT2017_Test/test/CNV/CNV-933576-3.jpeg,CNV,0,0.98591846,0.0064702984,0.004924029,0.0026872342
/home/yogesh.patel/execution/25_9_2026_PRD_work/OCT2017_Test/test/CNV/CNV-933576-4.jpeg,CNV,0,0.9600678,0.027261209,0.011474244,0.0011967161
/home/yogesh.patel/execution/25_9_2026_PRD_work/OCT2017_Test/test/CNV/CNV-954024-1.jpeg,CNV,0,0.9791474,0.006192392,0.009685826,0.0049744286
/home/yogesh.patel/execution/25_9_2026_PRD_work/OCT2017_Test/test/CNV/CNV-987193-1.jpeg,CNV,0,0.9779167,0.0074431244,0.013638854,0.001001313
/home/yogesh.patel/execution/25_9_2026_PRD_work/OCT2017_Test/test/CNV/CNV-987193-2.jpeg,CNV,0,0.9887079,0.0069249216,0.003035345,0.0013317789
/home/yogesh.patel/execution/25_9_2026_PRD_work/OCT2017_Test/test/CNV/CNV-995513-1.jpeg,CNV,0,0.9891064,0.00216784,0.0042995457,0.0044261906
/home/yogesh.patel/execution/25_9_2026_PRD_work/OCT2017_Test/test/DME/DME-1081406-1.jpeg,DME,1,0.032422315,0.9490869,0.015688492,0.0028023268
/home/yogesh.patel/execution/25_9_2026_PRD_work/OCT2017_Test/test/DME/DME-1102486-1.jpeg,DME,1,0.0043554846,0.98700035,0.0044448953,0.0041993163
/home/yogesh.patel/execution/25_9_2026_PRD_work/OCT2017_Test/test/DME/DME-1102486-2.jpeg,DME,1,0.006770438,0.9859755,0.0048786146,0.0023754125
/home/yogesh.patel/execution/25_9_2026_PRD_work/OCT2017_Test/test/DME/DME-1102486-3.jpeg,DME,1,0.0040793796,0.984015,0.0073922314,0.0045134034
/home/yogesh.patel/execution/25_9_2026_PRD_work/OCT2017_Test/test/DME/DME-1102486-4.jpeg,DME,1,0.008949636,0.9845098,0.0039062616,0.002634343
/home/yogesh.patel/execution/25_9_2026_PRD_work/OCT2017_Test/test/DME/DME-11053-1.jpeg,DME,1,0.016022062,0.972285,0.005229725,0.0064632054
/home/yogesh.patel/execution/25_9_2026_PRD_work/OCT2017_Test/test/DME/DME-119840-1.jpeg,DME,1,0.018394504,0.97611296,0.003207822,0.002284724
/home/yogesh.patel/execution/25_9_2026_PRD_work/OCT2017_Test/test/DME/DME-1274315-1.jpeg,DME,1,0.007360422,0.98277915,0.005838086,0.004022362
/home/yogesh.patel/execution/25_9_2026_PRD_work/OCT2017_Test/test/DME/DME-1274315-2.jpeg,DME,1,0.0071774176,0.9849228,0.0039311247,0.0039686165
/home/yogesh.patel/execution/25_9_2026_PRD_work/OCT2017_Test/test/DME/DME-138971-1.jpeg,DME,1,0.0049371575,0.9872742,0.0060586086,0.001729942
/home/yogesh.patel/execution/25_9_2026_PRD_work/OCT2017_Test/test/DME/DME-138971-2.jpeg,DME,1,0.021738488,0.96646607,0.0087829335,0.0030125356
/home/yogesh.patel/execution/25_9_2026_PRD_work/OCT2017_Test/test/DME/DME-1430899-1.jpeg,DME,1,0.011137146,0.9849144,0.0033198837,0.0006285045
/home/yogesh.patel/execution/25_9_2026_PRD_work/OCT2017_Test/test/DME/DME-1479682-1.jpeg,DME,1,0.07187922,0.902601,0.020596448,0.00492331
/home/yogesh.patel/execution/25_9_2026_PRD_work/OCT2017_Test/test/DME/DME-15208-1.jpeg,DME,1,0.00085062825,0.9975485,0.000529065,0.0010717749
/home/yogesh.patel/execution/25_9_2026_PRD_work/OCT2017_Test/test/DME/DME-15208-2.jpeg,DME,1,0.006823163,0.9901113,0.0010770004,0.0019885246
/home/yogesh.patel/execution/25_9_2026_PRD_work/OCT2017_Test/test/DME/DME-2091157-1.jpeg,DME,1,0.0076533933,0.9692537,0.020110138,0.0029827666
/home/yogesh.patel/execution/25_9_2026_PRD_work/OCT2017_Test/test/DME/DME-2105194-1.jpeg,DME,1,0.005355344,0.9878693,0.0013527252,0.0054225894
/home/yogesh.patel/execution/25_9_2026_PRD_work/OCT2017_Test/test/DME/DME-2126962-1.jpeg,DME,1,0.00394922,0.99067223,0.0041326536,0.0012458544
/home/yogesh.patel/execution/25_9_2026_PRD_work/OCT2017_Test/test/DME/DME-2261889-1.jpeg,DME,1,0.09214726,0.89570135,0.010245402,0.0019060244
/home/yogesh.patel/execution/25_9_2026_PRD_work/OCT2017_Test/test/DME/DME-2556938-1.jpeg,DME,1,0.0041822526,0.988238,0.0038749143,0.0037048694
/home/yogesh.patel/execution/25_9_2026_PRD_work/OCT2017_Test/test/DME/DME-2630113-1.jpeg,DME,1,0.0016710322,0.98789173,0.005153264,0.0052839443
/home/yogesh.patel/execution/25_9_2026_PRD_work/OCT2017_Test/test/DME/DME-2630665-1.jpeg,DME,1,0.08550684,0.9019964,0.007312565,0.005184202
/home/yogesh.patel/execution/25_9_2026_PRD_work/OCT2017_Test/test/DME/DME-269181-1.jpeg,DME,1,0.0066564176,0.9874635,0.003411357,0.0024687457
/home/yogesh.patel/execution/25_9_2026_PRD_work/OCT2017_Test/test/DME/DME-269181-2.jpeg,DME,1,0.0037301993,0.99126756,0.0027452314,0.002257044
/home/yogesh.patel/execution/25_9_2026_PRD_work/OCT2017_Test/test/DME/DME-269181-3.jpeg,DME,1,0.003765501,0.9876412,0.003396027,0.005197259
/home/yogesh.patel/execution/25_9_2026_PRD_work/OCT2017_Test/test/DME/DME-2716523-1.jpeg,DME,1,0.00797566,0.98440903,0.0030224463,0.0045927996
/home/yogesh.patel/execution/25_9_2026_PRD_work/OCT2017_Test/test/DME/DME-2763635-1.jpeg,DME,1,0.02086094,0.9484054,0.029274946,0.001458733
/home/yogesh.patel/execution/25_9_2026_PRD_work/OCT2017_Test/test/DME/DME-30521-1.jpeg,DME,1,0.011135243,0.9827104,0.0049293027,0.0012251185
/home/yogesh.patel/execution/25_9_2026_PRD_work/OCT2017_Test/test/DME/DME-30521-10.jpeg,DME,1,0.0019375925,0.9924643,0.0026788346,0.002919266
/home/yogesh.patel/execution/25_9_2026_PRD_work/OCT2017_Test/test/DME/DME-30521-11.jpeg,DME,1,0.0071140565,0.984578,0.005171304,0.0031366048
/home/yogesh.patel/execution/25_9_2026_PRD_work/OCT2017_Test/test/DME/DME-30521-12.jpeg,DME,1,0.005476424,0.9872052,0.005683694,0.001634672
/home/yogesh.patel/execution/25_9_2026_PRD_work/OCT2017_Test/test/DME/DME-30521-13.jpeg,DME,1,0.008534937,0.98731583,0.0028153234,0.001333923
/home/yogesh.patel/execution/25_9_2026_PRD_work/OCT2017_Test/test/DME/DME-30521-2.jpeg,DME,1,0.0019167167,0.99021256,0.004701117,0.0031696255
/home/yogesh.patel/execution/25_9_2026_PRD_work/OCT2017_Test/test/DME/DME-30521-3.jpeg,DME,1,0.001846583,0.98937756,0.0048841354,0.0038917665
/home/yogesh.patel/execution/25_9_2026_PRD_work/OCT2017_Test/test/DME/DME-30521-4.jpeg,DME,1,0.004441665,0.9903774,0.003368359,0.0018125067
/home/yogesh.patel/execution/25_9_2026_PRD_work/OCT2017_Test/test/DME/DME-30521-5.jpeg,DME,1,0.0031952749,0.9931809,0.0023594003,0.0012644012
/home/yogesh.patel/execution/25_9_2026_PRD_work/OCT2017_Test/test/DME/DME-30521-6.jpeg,DME,1,0.014179372,0.97699624,0.006791198,0.0020331913
/home/yogesh.patel/execution/25_9_2026_PRD_work/OCT2017_Test/test/DME/DME-30521-7.jpeg,DME,1,0.007925178,0.9835063,0.0064171534,0.0021514061
/home/yogesh.patel/execution/25_9_2026_PRD_work/OCT2017_Test/test/DME/DME-30521-8.jpeg,DME,1,0.009515904,0.98295236,0.0033923902,0.0041393074
/home/yogesh.patel/execution/25_9_2026_PRD_work/OCT2017_Test/test/DME/DME-30521-9.jpeg,DME,1,0.0057747345,0.9886438,0.0036902106,0.0018912464
/home/yogesh.patel/execution/25_9_2026_PRD_work/OCT2017_Test/test/DME/DME-306172-1.jpeg,DME,1,0.0009766318,0.9938832,0.0026748304,0.0024653184
/home/yogesh.patel/execution/25_9_2026_PRD_work/OCT2017_Test/test/DME/DME-3064922-1.jpeg,DME,1,0.0062916814,0.9807506,0.0090264985,0.0039312076
/home/yogesh.patel/execution/25_9_2026_PRD_work/OCT2017_Test/test/DME/DME-3157783-1.jpeg,DME,1,0.0018536597,0.9898767,0.0058615142,0.0024081452
/home/yogesh.patel/execution/25_9_2026_PRD_work/OCT2017_Test/test/DME/DME-323904-1.jpeg,DME,1,0.003996575,0.98680675,0.0044283387,0.004768346
/home/yogesh.patel/execution/25_9_2026_PRD_work/OCT2017_Test/test/DME/DME-323904-2.jpeg,DME,1,0.0141774705,0.9800453,0.0038641682,0.001913068
/home/yogesh.patel/execution/25_9_2026_PRD_work/OCT2017_Test/test/DME/DME-3288089-1.jpeg,DME,1,0.6477903,0.34098646,0.005867652,0.005355544
/home/yogesh.patel/execution/25_9_2026_PRD_work/OCT2017_Test/test/DME/DME-3475211-1.jpeg,DME,1,0.12890504,0.86280566,0.0062596872,0.0020296304
/home/yogesh.patel/execution/25_9_2026_PRD_work/OCT2017_Test/test/DME/DME-3722280-1.jpeg,DME,1,0.03296356,0.95910084,0.0057593733,0.0021761933
/home/yogesh.patel/execution/25_9_2026_PRD_work/OCT2017_Test/test/DME/DME-3731953-1.jpeg,DME,1,0.002565116,0.98846006,0.008141701,0.00083312555
/home/yogesh.patel/execution/25_9_2026_PRD_work/OCT2017_Test/test/DME/DME-37503-1.jpeg,DME,1,0.0068361065,0.979206,0.009091642,0.004866152
/home/yogesh.patel/execution/25_9_2026_PRD_work/OCT2017_Test/test/DME/DME-3791742-1.jpeg,DME,1,0.009341285,0.982892,0.006793162,0.000973578
/home/yogesh.patel/execution/25_9_2026_PRD_work/OCT2017_Test/test/DME/DME-3810791-1.jpeg,DME,1,0.03909094,0.95259315,0.0057020537,0.00261386
/home/yogesh.patel/execution/25_9_2026_PRD_work/OCT2017_Test/test/DME/DME-3921035-1.jpeg,DME,1,0.0032032502,0.9879549,0.0044817,0.0043601897
/home/yogesh.patel/execution/25_9_2026_PRD_work/OCT2017_Test/test/DME/DME-4079773-1.jpeg,DME,1,0.0074637914,0.9843504,0.0039675506,0.004218323
/home/yogesh.patel/execution/25_9_2026_PRD_work/OCT2017_Test/test/DME/DME-4117019-1.jpeg,DME,1,0.019183258,0.97615093,0.0023743233,0.002291496
/home/yogesh.patel/execution/25_9_2026_PRD_work/OCT2017_Test/test/DME/DME-4146088-1.jpeg,DME,1,0.017910989,0.9768018,0.0027886946,0.0024985562
/home/yogesh.patel/execution/25_9_2026_PRD_work/OCT2017_Test/test/DME/DME-4240465-1.jpeg,DME,1,0.0043817535,0.98519546,0.005229565,0.0051931995
/home/yogesh.patel/execution/25_9_2026_PRD_work/OCT2017_Test/test/DME/DME-4240465-2.jpeg,DME,1,0.0048580165,0.99055576,0.001595015,0.0029911592
/home/yogesh.patel/execution/25_9_2026_PRD_work/OCT2017_Test/test/DME/DME-4244491-1.jpeg,DME,1,0.00095660397,0.9943329,0.0027194202,0.0019911032
/home/yogesh.patel/execution/25_9_2026_PRD_work/OCT2017_Test/test/DME/DME-4298019-1.jpeg,DME,1,0.009048896,0.978579,0.0101001505,0.0022719726
/home/yogesh.patel/execution/25_9_2026_PRD_work/OCT2017_Test/test/DME/DME-4336607-1.jpeg,DME,1,0.04173877,0.94601834,0.008450537,0.0037923676
/home/yogesh.patel/execution/25_9_2026_PRD_work/OCT2017_Test/test/DME/DME-4478609-1.jpeg,DME,1,0.007691358,0.981143,0.007267101,0.0038984816
/home/yogesh.patel/execution/25_9_2026_PRD_work/OCT2017_Test/test/DME/DME-4616882-1.jpeg,DME,1,0.0045270724,0.98383343,0.0052530593,0.006386488
/home/yogesh.patel/execution/25_9_2026_PRD_work/OCT2017_Test/test/DME/DME-462675-1.jpeg,DME,1,0.01504731,0.968586,0.0154012535,0.0009653951
/home/yogesh.patel/execution/25_9_2026_PRD_work/OCT2017_Test/test/DME/DME-4634094-1.jpeg,DME,1,0.0047716186,0.9894986,0.0030662545,0.0026634508
/home/yogesh.patel/execution/25_9_2026_PRD_work/OCT2017_Test/test/DME/DME-4634094-2.jpeg,DME,1,0.006902649,0.9856037,0.005931439,0.0015622289
/home/yogesh.patel/execution/25_9_2026_PRD_work/OCT2017_Test/test/DME/DME-4658666-1.jpeg,DME,1,0.0017541909,0.99286443,0.0018465116,0.0035348602
/home/yogesh.patel/execution/25_9_2026_PRD_work/OCT2017_Test/test/DME/DME-4732091-1.jpeg,DME,1,0.004879229,0.9854161,0.008011552,0.0016931179
/home/yogesh.patel/execution/25_9_2026_PRD_work/OCT2017_Test/test/DME/DME-4732091-2.jpeg,DME,1,0.06765707,0.90288264,0.026486324,0.0029739314
/home/yogesh.patel/execution/25_9_2026_PRD_work/OCT2017_Test/test/DME/DME-4804900-1.jpeg,DME,1,0.006761063,0.98715025,0.00309609,0.0029925737
/home/yogesh.patel/execution/25_9_2026_PRD_work/OCT2017_Test/test/DME/DME-4897748-1.jpeg,DME,1,0.0051070056,0.9866818,0.00472342,0.0034877306
/home/yogesh.patel/execution/25_9_2026_PRD_work/OCT2017_Test/test/DME/DME-4940184-1.jpeg,DME,1,0.00067602284,0.9952917,0.0008484529,0.0031838687
/home/yogesh.patel/execution/25_9_2026_PRD_work/OCT2017_Test/test/DME/DME-4989358-1.jpeg,DME,1,0.0073942887,0.98692167,0.004367022,0.0013170353
/home/yogesh.patel/execution/25_9_2026_PRD_work/OCT2017_Test/test/DME/DME-5014129-1.jpeg,DME,1,0.0014808846,0.9913006,0.00335952,0.0038589484
/home/yogesh.patel/execution/25_9_2026_PRD_work/OCT2017_Test/test/DME/DME-5014129-2.jpeg,DME,1,0.009289758,0.9784486,0.010769399,0.0014922724
/home/yogesh.patel/execution/25_9_2026_PRD_work/OCT2017_Test/test/DME/DME-5071032-1.jpeg,DME,1,0.008763882,0.98488575,0.005474815,0.00087561336
/home/yogesh.patel/execution/25_9_2026_PRD_work/OCT2017_Test/test/DME/DME-5072525-1.jpeg,DME,1,0.006457482,0.98432076,0.0071392036,0.0020825388
/home/yogesh.patel/execution/25_9_2026_PRD_work/OCT2017_Test/test/DME/DME-5434248-1.jpeg,DME,1,0.015892794,0.9761282,0.0037902945,0.0041886726
/home/yogesh.patel/execution/25_9_2026_PRD_work/OCT2017_Test/test/DME/DME-5465575-1.jpeg,DME,1,0.058360055,0.9316558,0.006836121,0.0031480154
/home/yogesh.patel/execution/25_9_2026_PRD_work/OCT2017_Test/test/DME/DME-5497895-1.jpeg,DME,1,0.018040609,0.9772101,0.0036681304,0.0010811515
/home/yogesh.patel/execution/25_9_2026_PRD_work/OCT2017_Test/test/DME/DME-563695-1.jpeg,DME,1,0.03871655,0.9495297,0.007420724,0.004333008
/home/yogesh.patel/execution/25_9_2026_PRD_work/OCT2017_Test/test/DME/DME-563695-2.jpeg,DME,1,0.0040043416,0.9902219,0.0048245727,0.0009491558
/home/yogesh.patel/execution/25_9_2026_PRD_work/OCT2017_Test/test/DME/DME-5656004-1.jpeg,DME,1,0.009018845,0.9803664,0.006854593,0.003760202
/home/yogesh.patel/execution/25_9_2026_PRD_work/OCT2017_Test/test/DME/DME-5713682-1.jpeg,DME,1,0.025322096,0.96401423,0.010023769,0.00063989183
/home/yogesh.patel/execution/25_9_2026_PRD_work/OCT2017_Test/test/DME/DME-57603-1.jpeg,DME,1,0.0054510515,0.98905134,0.0035264601,0.0019711659
/home/yogesh.patel/execution/25_9_2026_PRD_work/OCT2017_Test/test/DME/DME-5760454-1.jpeg,DME,1,0.015115455,0.978149,0.0034677498,0.003267779
/home/yogesh.patel/execution/25_9_2026_PRD_work/OCT2017_Test/test/DME/DME-5768195-1.jpeg,DME,1,0.018492104,0.97233653,0.0078032967,0.0013680538
/home/yogesh.patel/execution/25_9_2026_PRD_work/OCT2017_Test/test/DME/DME-5796574-1.jpeg,DME,1,0.0030543283,0.9886779,0.005102659,0.003165029
/home/yogesh.patel/execution/25_9_2026_PRD_work/OCT2017_Test/test/DME/DME-5796574-2.jpeg,DME,1,0.0083561195,0.9842212,0.005625613,0.00179704
/home/yogesh.patel/execution/25_9_2026_PRD_work/OCT2017_Test/test/DME/DME-5802218-1.jpeg,DME,1,0.32734895,0.6485251,0.019794311,0.0043315687
/home/yogesh.patel/execution/25_9_2026_PRD_work/OCT2017_Test/test/DME/DME-5834001-1.jpeg,DME,1,0.040695928,0.95337707,0.0024012954,0.0035257041
/home/yogesh.patel/execution/25_9_2026_PRD_work/OCT2017_Test/test/DME/DME-5843591-1.jpeg,DME,1,0.004442747,0.98592323,0.006571583,0.0030624813
/home/yogesh.patel/execution/25_9_2026_PRD_work/OCT2017_Test/test/DME/DME-5864085-1.jpeg,DME,1,0.005414508,0.9908897,0.0030207403,0.0006749973
/home/yogesh.patel/execution/25_9_2026_PRD_work/OCT2017_Test/test/DME/DME-5912153-1.jpeg,DME,1,0.08053347,0.91008043,0.0038532305,0.005532871
/home/yogesh.patel/execution/25_9_2026_PRD_work/OCT2017_Test/test/DME/DME-5975636-1.jpeg,DME,1,0.011954737,0.98327094,0.0033613623,0.0014129815
/home/yogesh.patel/execution/25_9_2026_PRD_work/OCT2017_Test/test/DME/DME-5981434-1.jpeg,DME,1,0.1890074,0.72764647,0.04217389,0.041172247
/home/yogesh.patel/execution/25_9_2026_PRD_work/OCT2017_Test/test/DME/DME-6090983-1.jpeg,DME,1,0.0113982735,0.97752964,0.0022180232,0.008854059
/home/yogesh.patel/execution/25_9_2026_PRD_work/OCT2017_Test/test/DME/DME-6151003-1.jpeg,DME,1,0.015036585,0.43960285,0.012005505,0.533355
/home/yogesh.patel/execution/25_9_2026_PRD_work/OCT2017_Test/test/DME/DME-6296605-1.jpeg,DME,1,0.012643253,0.978723,0.0051177274,0.0035159842
/home/yogesh.patel/execution/25_9_2026_PRD_work/OCT2017_Test/test/DME/DME-6314020-1.jpeg,DME,1,0.007228903,0.9883643,0.0035578224,0.0008489933
/home/yogesh.patel/execution/25_9_2026_PRD_work/OCT2017_Test/test/DME/DME-633268-1.jpeg,DME,1,0.0048768967,0.98623425,0.0076581296,0.0012307242
/home/yogesh.patel/execution/25_9_2026_PRD_work/OCT2017_Test/test/DME/DME-6383847-1.jpeg,DME,1,0.003875003,0.9903017,0.0026369286,0.0031863675
/home/yogesh.patel/execution/25_9_2026_PRD_work/OCT2017_Test/test/DME/DME-6434323-1.jpeg,DME,1,0.008349651,0.98632246,0.0032418312,0.002086041
/home/yogesh.patel/execution/25_9_2026_PRD_work/OCT2017_Test/test/DME/DME-671384-1.jpeg,DME,1,0.0034551232,0.9857855,0.0073164036,0.0034430237
/home/yogesh.patel/execution/25_9_2026_PRD_work/OCT2017_Test/test/DME/DME-6716735-1.jpeg,DME,1,0.0067380066,0.98821604,0.0032238837,0.0018220478
/home/yogesh.patel/execution/25_9_2026_PRD_work/OCT2017_Test/test/DME/DME-6716735-2.jpeg,DME,1,0.0023987992,0.9897194,0.004122437,0.0037593928
/home/yogesh.patel/execution/25_9_2026_PRD_work/OCT2017_Test/test/DME/DME-70266-1.jpeg,DME,1,0.059555087,0.9331438,0.005963145,0.0013379816
/home/yogesh.patel/execution/25_9_2026_PRD_work/OCT2017_Test/test/DME/DME-70266-2.jpeg,DME,1,0.03139115,0.96283674,0.004051697,0.0017204406
/home/yogesh.patel/execution/25_9_2026_PRD_work/OCT2017_Test/test/DME/DME-70266-3.jpeg,DME,1,0.02059688,0.970636,0.006142707,0.0026244335
/home/yogesh.patel/execution/25_9_2026_PRD_work/OCT2017_Test/test/DME/DME-7027665-1.jpeg,DME,1,0.008532638,0.98289615,0.005734817,0.0028364249
/home/yogesh.patel/execution/25_9_2026_PRD_work/OCT2017_Test/test/DME/DME-7194085-1.jpeg,DME,1,0.012617225,0.9817884,0.0018484918,0.0037459133
/home/yogesh.patel/execution/25_9_2026_PRD_work/OCT2017_Test/test/DME/DME-7239304-1.jpeg,DME,1,0.072646186,0.9212492,0.0035134193,0.0025911431
/home/yogesh.patel/execution/25_9_2026_PRD_work/OCT2017_Test/test/DME/DME-7248535-1.jpeg,DME,1,0.004778717,0.9834878,0.010411791,0.0013216924
/home/yogesh.patel/execution/25_9_2026_PRD_work/OCT2017_Test/test/DME/DME-7432714-1.jpeg,DME,1,0.0069965096,0.9867541,0.0035190445,0.002730382
/home/yogesh.patel/execution/25_9_2026_PRD_work/OCT2017_Test/test/DME/DME-7434518-1.jpeg,DME,1,0.0030873276,0.99006563,0.0026100778,0.004236914
/home/yogesh.patel/execution/25_9_2026_PRD_work/OCT2017_Test/test/DME/DME-7469235-1.jpeg,DME,1,0.05163839,0.9360009,0.008150976,0.004209835
/home/yogesh.patel/execution/25_9_2026_PRD_work/OCT2017_Test/test/DME/DME-7503514-1.jpeg,DME,1,0.006648489,0.9867834,0.0048243757,0.0017437123
/home/yogesh.patel/execution/25_9_2026_PRD_work/OCT2017_Test/test/DME/DME-7558688-1.jpeg,DME,1,0.0026256396,0.9928586,0.002403789,0.002111963
/home/yogesh.patel/execution/25_9_2026_PRD_work/OCT2017_Test/test/DME/DME-7573590-1.jpeg,DME,1,0.007959704,0.98820597,0.002943549,0.000890777
/home/yogesh.patel/execution/25_9_2026_PRD_work/OCT2017_Test/test/DME/DME-7578162-1.jpeg,DME,1,0.007888186,0.985721,0.003278548,0.003112257
/home/yogesh.patel/execution/25_9_2026_PRD_work/OCT2017_Test/test/DME/DME-7585263-1.jpeg,DME,1,0.014957284,0.9472047,0.030315578,0.007522447
/home/yogesh.patel/execution/25_9_2026_PRD_work/OCT2017_Test/test/DME/DME-7585263-2.jpeg,DME,1,0.0598094,0.9081472,0.02941156,0.0026318172
/home/yogesh.patel/execution/25_9_2026_PRD_work/OCT2017_Test/test/DME/DME-7585263-3.jpeg,DME,1,0.13788643,0.29483166,0.55845076,0.008831213
/home/yogesh.patel/execution/25_9_2026_PRD_work/OCT2017_Test/test/DME/DME-7591008-1.jpeg,DME,1,0.0071571474,0.9831778,0.006237573,0.0034275146
/home/yogesh.patel/execution/25_9_2026_PRD_work/OCT2017_Test/test/DME/DME-7614088-1.jpeg,DME,1,0.015077542,0.9777588,0.005558015,0.0016056771
/home/yogesh.patel/execution/25_9_2026_PRD_work/OCT2017_Test/test/DME/DME-7650134-1.jpeg,DME,1,0.0031117771,0.99311614,0.0016995552,0.0020725308
/home/yogesh.patel/execution/25_9_2026_PRD_work/OCT2017_Test/test/DME/DME-7650134-2.jpeg,DME,1,0.005393014,0.986022,0.0055213426,0.0030635623
/home/yogesh.patel/execution/25_9_2026_PRD_work/OCT2017_Test/test/DME/DME-7706610-1.jpeg,DME,1,0.038662262,0.9540935,0.0057237176,0.0015204798
/home/yogesh.patel/execution/25_9_2026_PRD_work/OCT2017_Test/test/DME/DME-7706610-2.jpeg,DME,1,0.023210425,0.97059155,0.003106937,0.0030910883
/home/yogesh.patel/execution/25_9_2026_PRD_work/OCT2017_Test/test/DME/DME-7706610-3.jpeg,DME,1,0.0063314144,0.9888945,0.0029076326,0.0018664141
/home/yogesh.patel/execution/25_9_2026_PRD_work/OCT2017_Test/test/DME/DME-7756213-1.jpeg,DME,1,0.024065925,0.9706637,0.0020848091,0.0031855502
/home/yogesh.patel/execution/25_9_2026_PRD_work/OCT2017_Test/test/DME/DME-7757895-1.jpeg,DME,1,0.0032214802,0.9910857,0.0042392733,0.001453584
/home/yogesh.patel/execution/25_9_2026_PRD_work/OCT2017_Test/test/DME/DME-7763916-1.jpeg,DME,1,0.0035726747,0.98475766,0.005067486,0.0066022323
/home/yogesh.patel/execution/25_9_2026_PRD_work/OCT2017_Test/test/DME/DME-7780589-1.jpeg,DME,1,0.0058282446,0.9873305,0.0051795007,0.0016618165
/home/yogesh.patel/execution/25_9_2026_PRD_work/OCT2017_Test/test/DME/DME-778975-1.jpeg,DME,1,0.004771528,0.98612314,0.007798458,0.0013069143
/home/yogesh.patel/execution/25_9_2026_PRD_work/OCT2017_Test/test/DME/DME-778975-2.jpeg,DME,1,0.0047009815,0.9887843,0.005161246,0.001353514
/home/yogesh.patel/execution/25_9_2026_PRD_work/OCT2017_Test/test/DME/DME-7793366-1.jpeg,DME,1,0.0042825066,0.990014,0.0034754286,0.0022280263
/home/yogesh.patel/execution/25_9_2026_PRD_work/OCT2017_Test/test/DME/DME-7837305-1.jpeg,DME,1,0.011361379,0.9783624,0.0034889723,0.0067872987
/home/yogesh.patel/execution/25_9_2026_PRD_work/OCT2017_Test/test/DME/DME-7837305-2.jpeg,DME,1,0.026195768,0.9645333,0.004116537,0.005154374
/home/yogesh.patel/execution/25_9_2026_PRD_work/OCT2017_Test/test/DME/DME-7837305-3.jpeg,DME,1,0.0015285325,0.976304,0.008200618,0.013966848
/home/yogesh.patel/execution/25_9_2026_PRD_work/OCT2017_Test/test/DME/DME-7837305-4.jpeg,DME,1,0.003996231,0.98871243,0.0027153532,0.0045760097
/home/yogesh.patel/execution/25_9_2026_PRD_work/OCT2017_Test/test/DME/DME-7837305-5.jpeg,DME,1,0.0036777647,0.9877353,0.0033853995,0.0052015404
/home/yogesh.patel/execution/25_9_2026_PRD_work/OCT2017_Test/test/DME/DME-7843891-1.jpeg,DME,1,0.31964427,0.6349622,0.008838116,0.036555402
/home/yogesh.patel/execution/25_9_2026_PRD_work/OCT2017_Test/test/DME/DME-7846574-1.jpeg,DME,1,0.011300364,0.9842873,0.0031809367,0.0012313399
/home/yogesh.patel/execution/25_9_2026_PRD_work/OCT2017_Test/test/DME/DME-7870558-1.jpeg,DME,1,0.004279707,0.99009883,0.002827384,0.0027940017
/home/yogesh.patel/execution/25_9_2026_PRD_work/OCT2017_Test/test/DME/DME-7870558-2.jpeg,DME,1,0.009050291,0.9854951,0.0031099624,0.0023446544
/home/yogesh.patel/execution/25_9_2026_PRD_work/OCT2017_Test/test/DME/DME-7870558-3.jpeg,DME,1,0.009545187,0.9839434,0.0042929845,0.0022184388
/home/yogesh.patel/execution/25_9_2026_PRD_work/OCT2017_Test/test/DME/DME-7870558-4.jpeg,DME,1,0.007422141,0.98443514,0.0052330615,0.0029096683
/home/yogesh.patel/execution/25_9_2026_PRD_work/OCT2017_Test/test/DME/DME-7907461-1.jpeg,DME,1,0.012733733,0.97276914,0.002665898,0.011831233
/home/yogesh.patel/execution/25_9_2026_PRD_work/OCT2017_Test/test/DME/DME-7918201-1.jpeg,DME,1,0.0047964402,0.9534545,0.004016121,0.037732985
/home/yogesh.patel/execution/25_9_2026_PRD_work/OCT2017_Test/test/DME/DME-7918201-2.jpeg,DME,1,0.006255645,0.9893433,0.0029892207,0.0014118402
/home/yogesh.patel/execution/25_9_2026_PRD_work/OCT2017_Test/test/DME/DME-7928636-1.jpeg,DME,1,0.028865915,0.9677589,0.0018743289,0.0015008567
/home/yogesh.patel/execution/25_9_2026_PRD_work/OCT2017_Test/test/DME/DME-7928636-2.jpeg,DME,1,0.017787207,0.9767006,0.003238723,0.0022734343
/home/yogesh.patel/execution/25_9_2026_PRD_work/OCT2017_Test/test/DME/DME-7934335-1.jpeg,DME,1,0.016090361,0.9780505,0.003121891,0.0027373135
/home/yogesh.patel/execution/25_9_2026_PRD_work/OCT2017_Test/test/DME/DME-7939555-1.jpeg,DME,1,0.006031549,0.9801022,0.0093824165,0.004483883
/home/yogesh.patel/execution/25_9_2026_PRD_work/OCT2017_Test/test/DME/DME-7939555-2.jpeg,DME,1,0.019142928,0.97300524,0.0063613947,0.0014904451
/home/yogesh.patel/execution/25_9_2026_PRD_work/OCT2017_Test/test/DME/DME-7939555-3.jpeg,DME,1,0.008714832,0.98336655,0.0053665135,0.0025520732
/home/yogesh.patel/execution/25_9_2026_PRD_work/OCT2017_Test/test/DME/DME-7939555-4.jpeg,DME,1,0.005258802,0.9868683,0.0054040663,0.0024687669
/home/yogesh.patel/execution/25_9_2026_PRD_work/OCT2017_Test/test/DME/DME-7939555-5.jpeg,DME,1,0.0032209037,0.9849567,0.005591962,0.006230409
/home/yogesh.patel/execution/25_9_2026_PRD_work/OCT2017_Test/test/DME/DME-7972888-1.jpeg,DME,1,0.0040199067,0.9907617,0.002785436,0.002432977
/home/yogesh.patel/execution/25_9_2026_PRD_work/OCT2017_Test/test/DME/DME-7983936-1.jpeg,DME,1,0.16414149,0.829043,0.004966332,0.0018492317
/home/yogesh.patel/execution/25_9_2026_PRD_work/OCT2017_Test/test/DME/DME-7990001-1.jpeg,DME,1,0.05542288,0.90988636,0.032205857,0.002484956
/home/yogesh.patel/execution/25_9_2026_PRD_work/OCT2017_Test/test/DME/DME-8000885-1.jpeg,DME,1,0.00585851,0.9880284,0.0037748842,0.0023381812
/home/yogesh.patel/execution/25_9_2026_PRD_work/OCT2017_Test/test/DME/DME-8019418-1.jpeg,DME,1,0.00883214,0.9855064,0.002878154,0.0027833192
/home/yogesh.patel/execution/25_9_2026_PRD_work/OCT2017_Test/test/DME/DME-8019418-2.jpeg,DME,1,0.006210801,0.9879651,0.0042221043,0.0016020441
/home/yogesh.patel/execution/25_9_2026_PRD_work/OCT2017_Test/test/DME/DME-8019418-3.jpeg,DME,1,0.008042725,0.98743176,0.002761257,0.0017642712
/home/yogesh.patel/execution/25_9_2026_PRD_work/OCT2017_Test/test/DME/DME-8019418-4.jpeg,DME,1,0.009723324,0.9805849,0.0065046116,0.0031871959
/home/yogesh.patel/execution/25_9_2026_PRD_work/OCT2017_Test/test/DME/DME-8021831-1.jpeg,DME,1,0.006625454,0.9863989,0.0014881605,0.0054875556
/home/yogesh.patel/execution/25_9_2026_PRD_work/OCT2017_Test/test/DME/DME-8056259-1.jpeg,DME,1,0.031346414,0.95001906,0.008891331,0.009743119
/home/yogesh.patel/execution/25_9_2026_PRD_work/OCT2017_Test/test/DME/DME-8080050-1.jpeg,DME,1,0.06270656,0.9268057,0.004137786,0.0063499925
/home/yogesh.patel/execution/25_9_2026_PRD_work/OCT2017_Test/test/DME/DME-8130267-1.jpeg,DME,1,0.010234775,0.9758122,0.011139453,0.0028135928
/home/yogesh.patel/execution/25_9_2026_PRD_work/OCT2017_Test/test/DME/DME-8136649-1.jpeg,DME,1,0.005192858,0.98990446,0.0025437775,0.0023588417
/home/yogesh.patel/execution/25_9_2026_PRD_work/OCT2017_Test/test/DME/DME-8167779-1.jpeg,DME,1,0.0045577446,0.9880819,0.0035468386,0.003813535
/home/yogesh.patel/execution/25_9_2026_PRD_work/OCT2017_Test/test/DME/DME-8177380-1.jpeg,DME,1,0.008651591,0.985736,0.00206207,0.00355033
/home/yogesh.patel/execution/25_9_2026_PRD_work/OCT2017_Test/test/DME/DME-8177380-2.jpeg,DME,1,0.015415996,0.97525626,0.0061595687,0.0031681745
/home/yogesh.patel/execution/25_9_2026_PRD_work/OCT2017_Test/test/DME/DME-8177380-3.jpeg,DME,1,0.0045351833,0.99086386,0.0021080507,0.0024928825
/home/yogesh.patel/execution/25_9_2026_PRD_work/OCT2017_Test/test/DME/DME-8200056-1.jpeg,DME,1,0.00989624,0.9828849,0.0040952717,0.0031236017
/home/yogesh.patel/execution/25_9_2026_PRD_work/OCT2017_Test/test/DME/DME-8200056-2.jpeg,DME,1,0.011702598,0.98068047,0.003998379,0.0036185342
/home/yogesh.patel/execution/25_9_2026_PRD_work/OCT2017_Test/test/DME/DME-8200056-3.jpeg,DME,1,0.006090428,0.98053265,0.008046867,0.00532996
/home/yogesh.patel/execution/25_9_2026_PRD_work/OCT2017_Test/test/DME/DME-8218042-1.jpeg,DME,1,0.0056530195,0.9890585,0.003932485,0.0013560132
/home/yogesh.patel/execution/25_9_2026_PRD_work/OCT2017_Test/test/DME/DME-8231523-1.jpeg,DME,1,0.01107402,0.9837393,0.003613002,0.0015736645
/home/yogesh.patel/execution/25_9_2026_PRD_work/OCT2017_Test/test/DME/DME-82328-1.jpeg,DME,1,0.004650664,0.9902596,0.0024746621,0.002615071
/home/yogesh.patel/execution/25_9_2026_PRD_work/OCT2017_Test/test/DME/DME-8366524-1.jpeg,DME,1,0.02208948,0.5960686,0.013970597,0.36787128
/home/yogesh.patel/execution/25_9_2026_PRD_work/OCT2017_Test/test/DME/DME-8366524-2.jpeg,DME,1,0.0047428645,0.9899182,0.0020935563,0.0032454063
/home/yogesh.patel/execution/25_9_2026_PRD_work/OCT2017_Test/test/DME/DME-8426419-1.jpeg,DME,1,0.005420486,0.9873346,0.006112078,0.0011328901
/home/yogesh.patel/execution/25_9_2026_PRD_work/OCT2017_Test/test/DME/DME-8426419-2.jpeg,DME,1,0.0050913966,0.98801154,0.005099247,0.0017977983
/home/yogesh.patel/execution/25_9_2026_PRD_work/OCT2017_Test/test/DME/DME-8457431-1.jpeg,DME,1,0.02927302,0.9642892,0.00482034,0.001617486
/home/yogesh.patel/execution/25_9_2026_PRD_work/OCT2017_Test/test/DME/DME-8469406-1.jpeg,DME,1,0.011929106,0.97776455,0.0028887463,0.007417557
/home/yogesh.patel/execution/25_9_2026_PRD_work/OCT2017_Test/test/DME/DME-8472707-1.jpeg,DME,1,0.009842959,0.98381543,0.0025076966,0.003833914
/home/yogesh.patel/execution/25_9_2026_PRD_work/OCT2017_Test/test/DME/DME-8477096-1.jpeg,DME,1,0.05590208,0.9383493,0.003164364,0.0025842676
/home/yogesh.patel/execution/25_9_2026_PRD_work/OCT2017_Test/test/DME/DME-8525575-1.jpeg,DME,1,0.030496316,0.9633954,0.0028863214,0.0032220162
/home/yogesh.patel/execution/25_9_2026_PRD_work/OCT2017_Test/test/DME/DME-8525575-2.jpeg,DME,1,0.028482044,0.960388,0.0017678412,0.009362064
/home/yogesh.patel/execution/25_9_2026_PRD_work/OCT2017_Test/test/DME/DME-8525575-3.jpeg,DME,1,0.008774787,0.9851567,0.0016554898,0.0044129686
/home/yogesh.patel/execution/25_9_2026_PRD_work/OCT2017_Test/test/DME/DME-8525575-4.jpeg,DME,1,0.0046718386,0.9856879,0.0028704882,0.006769741
/home/yogesh.patel/execution/25_9_2026_PRD_work/OCT2017_Test/test/DME/DME-8525575-5.jpeg,DME,1,0.13077332,0.8509164,0.014597167,0.0037131459
/home/yogesh.patel/execution/25_9_2026_PRD_work/OCT2017_Test/test/DME/DME-8525575-6.jpeg,DME,1,0.011272365,0.98071295,0.0039674956,0.0040471987
/home/yogesh.patel/execution/25_9_2026_PRD_work/OCT2017_Test/test/DME/DME-8525575-7.jpeg,DME,1,0.030497218,0.9590494,0.004360681,0.006092764
/home/yogesh.patel/execution/25_9_2026_PRD_work/OCT2017_Test/test/DME/DME-8525575-8.jpeg,DME,1,0.0038411804,0.9916687,0.0018369864,0.0026531164
/home/yogesh.patel/execution/25_9_2026_PRD_work/OCT2017_Test/test/DME/DME-8589279-1.jpeg,DME,1,0.17675434,0.77444524,0.046060447,0.002739981
/home/yogesh.patel/execution/25_9_2026_PRD_work/OCT2017_Test/test/DME/DME-8602716-1.jpeg,DME,1,0.0039239586,0.98818696,0.0064592706,0.0014298131
/home/yogesh.patel/execution/25_9_2026_PRD_work/OCT2017_Test/test/DME/DME-8602716-2.jpeg,DME,1,0.018172618,0.97639835,0.0026112832,0.0028177553
/home/yogesh.patel/execution/25_9_2026_PRD_work/OCT2017_Test/test/DME/DME-8602716-3.jpeg,DME,1,0.0031884592,0.9895418,0.004249463,0.0030202495
/home/yogesh.patel/execution/25_9_2026_PRD_work/OCT2017_Test/test/DME/DME-8602716-4.jpeg,DME,1,0.029264975,0.96523416,0.0038264045,0.0016743751
/home/yogesh.patel/execution/25_9_2026_PRD_work/OCT2017_Test/test/DME/DME-8615417-1.jpeg,DME,1,0.015951999,0.97875375,0.0036618933,0.0016323843
/home/yogesh.patel/execution/25_9_2026_PRD_work/OCT2017_Test/test/DME/DME-8615417-2.jpeg,DME,1,0.0058576697,0.9891104,0.0032557186,0.0017761808
/home/yogesh.patel/execution/25_9_2026_PRD_work/OCT2017_Test/test/DME/DME-8635355-1.jpeg,DME,1,0.01876865,0.9751443,0.004611077,0.0014759969
/home/yogesh.patel/execution/25_9_2026_PRD_work/OCT2017_Test/test/DME/DME-8635355-2.jpeg,DME,1,0.019721052,0.9707785,0.008059338,0.0014411168
/home/yogesh.patel/execution/25_9_2026_PRD_work/OCT2017_Test/test/DME/DME-8729675-1.jpeg,DME,1,0.0023705894,0.98754454,0.0038985682,0.0061863195
/home/yogesh.patel/execution/25_9_2026_PRD_work/OCT2017_Test/test/DME/DME-8729675-2.jpeg,DME,1,0.018709026,0.93828946,0.018305017,0.024696473
/home/yogesh.patel/execution/25_9_2026_PRD_work/OCT2017_Test/test/DME/DME-8732456-1.jpeg,DME,1,0.052487828,0.8652949,0.07694275,0.005274548
/home/yogesh.patel/execution/25_9_2026_PRD_work/OCT2017_Test/test/DME/DME-8766603-1.jpeg,DME,1,0.013782174,0.98009384,0.0040062256,0.002117782
/home/yogesh.patel/execution/25_9_2026_PRD_work/OCT2017_Test/test/DME/DME-8807486-1.jpeg,DME,1,0.017281333,0.97695374,0.0038466225,0.0019182911
/home/yogesh.patel/execution/25_9_2026_PRD_work/OCT2017_Test/test/DME/DME-8847144-1.jpeg,DME,1,0.0058723367,0.97593635,0.011587923,0.006603383
/home/yogesh.patel/execution/25_9_2026_PRD_work/OCT2017_Test/test/DME/DME-8851193-1.jpeg,DME,1,0.003148555,0.98726547,0.006285326,0.0033006393
/home/yogesh.patel/execution/25_9_2026_PRD_work/OCT2017_Test/test/DME/DME-8861620-1.jpeg,DME,1,0.012127084,0.9828275,0.004222769,0.00082265784
/home/yogesh.patel/execution/25_9_2026_PRD_work/OCT2017_Test/test/DME/DME-8861620-2.jpeg,DME,1,0.0025702287,0.9887899,0.0069290693,0.0017107622
/home/yogesh.patel/execution/25_9_2026_PRD_work/OCT2017_Test/test/DME/DME-8861620-3.jpeg,DME,1,0.007332308,0.9855617,0.005772879,0.0013330675
/home/yogesh.patel/execution/25_9_2026_PRD_work/OCT2017_Test/test/DME/DME-8889771-1.jpeg,DME,1,0.005604594,0.98445016,0.0050452654,0.00489998
/home/yogesh.patel/execution/25_9_2026_PRD_work/OCT2017_Test/test/DME/DME-8889771-2.jpeg,DME,1,0.0065608793,0.98504335,0.0054678144,0.0029279666
/home/yogesh.patel/execution/25_9_2026_PRD_work/OCT2017_Test/test/DME/DME-8889771-3.jpeg,DME,1,0.24726556,0.7374655,0.00956196,0.005706944
/home/yogesh.patel/execution/25_9_2026_PRD_work/OCT2017_Test/test/DME/DME-8889771-4.jpeg,DME,1,0.011749401,0.98116297,0.00479325,0.0022943576
/home/yogesh.patel/execution/25_9_2026_PRD_work/OCT2017_Test/test/DME/DME-8908847-1.jpeg,DME,1,0.0035827018,0.9893932,0.0030217778,0.0040022926
/home/yogesh.patel/execution/25_9_2026_PRD_work/OCT2017_Test/test/DME/DME-8989419-1.jpeg,DME,1,0.008432231,0.9818008,0.008068586,0.0016984398
/home/yogesh.patel/execution/25_9_2026_PRD_work/OCT2017_Test/test/DME/DME-9066695-1.jpeg,DME,1,0.0048252726,0.9888554,0.0046556876,0.0016635802
/home/yogesh.patel/execution/25_9_2026_PRD_work/OCT2017_Test/test/DME/DME-9109143-1.jpeg,DME,1,0.08894133,0.89813673,0.0054190066,0.0075029894
/home/yogesh.patel/execution/25_9_2026_PRD_work/OCT2017_Test/test/DME/DME-910956-1.jpeg,DME,1,0.0068936367,0.98631036,0.0033132778,0.0034827737
/home/yogesh.patel/execution/25_9_2026_PRD_work/OCT2017_Test/test/DME/DME-9211360-1.jpeg,DME,1,0.0045986287,0.98724747,0.0051203365,0.0030335034
/home/yogesh.patel/execution/25_9_2026_PRD_work/OCT2017_Test/test/DME/DME-9211360-2.jpeg,DME,1,0.3671532,0.6246516,0.0055053537,0.0026898258
/home/yogesh.patel/execution/25_9_2026_PRD_work/OCT2017_Test/test/DME/DME-9241179-1.jpeg,DME,1,0.0022642703,0.9910288,0.0025625776,0.004144369
/home/yogesh.patel/execution/25_9_2026_PRD_work/OCT2017_Test/test/DME/DME-9333524-1.jpeg,DME,1,0.1357284,0.34667233,0.5135264,0.004072937
/home/yogesh.patel/execution/25_9_2026_PRD_work/OCT2017_Test/test/DME/DME-9361825-1.jpeg,DME,1,0.010122289,0.9849183,0.0040051537,0.0009542336
/home/yogesh.patel/execution/25_9_2026_PRD_work/OCT2017_Test/test/DME/DME-9378346-1.jpeg,DME,1,0.009176339,0.98164254,0.0078118215,0.0013692331
/home/yogesh.patel/execution/25_9_2026_PRD_work/OCT2017_Test/test/DME/DME-9378346-2.jpeg,DME,1,0.015209084,0.973231,0.0097443415,0.0018155109
/home/yogesh.patel/execution/25_9_2026_PRD_work/OCT2017_Test/test/DME/DME-9378346-3.jpeg,DME,1,0.008105992,0.9794629,0.010748,0.0016831124
/home/yogesh.patel/execution/25_9_2026_PRD_work/OCT2017_Test/test/DME/DME-9428363-1.jpeg,DME,1,0.012152983,0.9622281,0.014375917,0.01124298
/home/yogesh.patel/execution/25_9_2026_PRD_work/OCT2017_Test/test/DME/DME-9488073-1.jpeg,DME,1,0.0021409458,0.9929875,0.0024228634,0.002448664
/home/yogesh.patel/execution/25_9_2026_PRD_work/OCT2017_Test/test/DME/DME-9488073-2.jpeg,DME,1,0.008889598,0.9867794,0.0030228912,0.0013081095
/home/yogesh.patel/execution/25_9_2026_PRD_work/OCT2017_Test/test/DME/DME-9504297-1.jpeg,DME,1,0.029481053,0.96288925,0.00380683,0.003822916
/home/yogesh.patel/execution/25_9_2026_PRD_work/OCT2017_Test/test/DME/DME-9557298-1.jpeg,DME,1,0.00089458085,0.9783241,0.0016547571,0.0191265
/home/yogesh.patel/execution/25_9_2026_PRD_work/OCT2017_Test/test/DME/DME-9579219-1.jpeg,DME,1,0.0685424,0.9264246,0.003718279,0.0013147228
/home/yogesh.patel/execution/25_9_2026_PRD_work/OCT2017_Test/test/DME/DME-98994-1.jpeg,DME,1,0.0052243182,0.98692346,0.0053707417,0.0024815379
/home/yogesh.patel/execution/25_9_2026_PRD_work/OCT2017_Test/test/DME/DME-98994-2.jpeg,DME,1,0.002443057,0.9889694,0.005815911,0.0027716553
/home/yogesh.patel/execution/25_9_2026_PRD_work/OCT2017_Test/test/DRUSEN/DRUSEN-1083159-1.jpeg,DRUSEN,2,0.010791696,0.006254209,0.9814525,0.0015015277
/home/yogesh.patel/execution/25_9_2026_PRD_work/OCT2017_Test/test/DRUSEN/DRUSEN-1112835-1.jpeg,DRUSEN,2,0.041305248,0.0050859675,0.9502754,0.0033333902
/home/yogesh.patel/execution/25_9_2026_PRD_work/OCT2017_Test/test/DRUSEN/DRUSEN-1173253-1.jpeg,DRUSEN,2,0.14392447,0.0072070747,0.8444137,0.004454692
/home/yogesh.patel/execution/25_9_2026_PRD_work/OCT2017_Test/test/DRUSEN/DRUSEN-1193659-1.jpeg,DRUSEN,2,0.0680069,0.0060669794,0.92120904,0.0047171023
/home/yogesh.patel/execution/25_9_2026_PRD_work/OCT2017_Test/test/DRUSEN/DRUSEN-1219727-1.jpeg,DRUSEN,2,0.015237855,0.008438956,0.9733198,0.0030033258
/home/yogesh.patel/execution/25_9_2026_PRD_work/OCT2017_Test/test/DRUSEN/DRUSEN-1225603-1.jpeg,DRUSEN,2,0.0059885867,0.0058138743,0.98353416,0.0046633957
/home/yogesh.patel/execution/25_9_2026_PRD_work/OCT2017_Test/test/DRUSEN/DRUSEN-1225603-2.jpeg,DRUSEN,2,0.013994229,0.0055460418,0.9765201,0.0039396156
/home/yogesh.patel/execution/25_9_2026_PRD_work/OCT2017_Test/test/DRUSEN/DRUSEN-1237848-1.jpeg,DRUSEN,2,0.0040571857,0.0049679116,0.9878083,0.0031666465
/home/yogesh.patel/execution/25_9_2026_PRD_work/OCT2017_Test/test/DRUSEN/DRUSEN-1237848-2.jpeg,DRUSEN,2,0.0031426242,0.012069103,0.9811999,0.0035883335
/home/yogesh.patel/execution/25_9_2026_PRD_work/OCT2017_Test/test/DRUSEN/DRUSEN-1237848-3.jpeg,DRUSEN,2,0.0035160212,0.009300159,0.98285294,0.0043308493
/home/yogesh.patel/execution/25_9_2026_PRD_work/OCT2017_Test/test/DRUSEN/DRUSEN-1246453-1.jpeg,DRUSEN,2,0.04669315,0.005612075,0.94259065,0.0051040957
/home/yogesh.patel/execution/25_9_2026_PRD_work/OCT2017_Test/test/DRUSEN/DRUSEN-1487749-1.jpeg,DRUSEN,2,0.010802642,0.0073531987,0.97834736,0.0034967454
/home/yogesh.patel/execution/25_9_2026_PRD_work/OCT2017_Test/test/DRUSEN/DRUSEN-1487749-2.jpeg,DRUSEN,2,0.00874825,0.008412016,0.97950405,0.0033356836
/home/yogesh.patel/execution/25_9_2026_PRD_work/OCT2017_Test/test/DRUSEN/DRUSEN-1487749-3.jpeg,DRUSEN,2,0.01044579,0.0095158545,0.97798586,0.0020524883
/home/yogesh.patel/execution/25_9_2026_PRD_work/OCT2017_Test/test/DRUSEN/DRUSEN-1487749-4.jpeg,DRUSEN,2,0.0111738555,0.0074673137,0.97622615,0.0051326654
/home/yogesh.patel/execution/25_9_2026_PRD_work/OCT2017_Test/test/DRUSEN/DRUSEN-1530990-1.jpeg,DRUSEN,2,0.013508928,0.0073512527,0.9771264,0.0020134097
/home/yogesh.patel/execution/25_9_2026_PRD_work/OCT2017_Test/test/DRUSEN/DRUSEN-1730592-1.jpeg,DRUSEN,2,0.026959032,0.007528535,0.9630669,0.0024455728
/home/yogesh.patel/execution/25_9_2026_PRD_work/OCT2017_Test/test/DRUSEN/DRUSEN-1786810-1.jpeg,DRUSEN,2,0.010077875,0.011831007,0.9749041,0.0031869854
/home/yogesh.patel/execution/25_9_2026_PRD_work/OCT2017_Test/test/DRUSEN/DRUSEN-1786810-2.jpeg,DRUSEN,2,0.011508194,0.0072307326,0.9783065,0.002954569
/home/yogesh.patel/execution/25_9_2026_PRD_work/OCT2017_Test/test/DRUSEN/DRUSEN-1786810-3.jpeg,DRUSEN,2,0.013066519,0.0047038775,0.97928363,0.0029460066
/home/yogesh.patel/execution/25_9_2026_PRD_work/OCT2017_Test/test/DRUSEN/DRUSEN-1789270-1.jpeg,DRUSEN,2,0.020755332,0.008847483,0.96806496,0.002332234
/home/yogesh.patel/execution/25_9_2026_PRD_work/OCT2017_Test/test/DRUSEN/DRUSEN-1793499-1.jpeg,DRUSEN,2,0.024839927,0.008188019,0.96420085,0.0027711946
/home/yogesh.patel/execution/25_9_2026_PRD_work/OCT2017_Test/test/DRUSEN/DRUSEN-1912508-1.jpeg,DRUSEN,2,0.014471594,0.0040107104,0.9788269,0.0026908217
/home/yogesh.patel/execution/25_9_2026_PRD_work/OCT2017_Test/test/DRUSEN/DRUSEN-1997439-1.jpeg,DRUSEN,2,0.0077513354,0.007554992,0.9809285,0.0037651542
/home/yogesh.patel/execution/25_9_2026_PRD_work/OCT2017_Test/test/DRUSEN/DRUSEN-1997439-2.jpeg,DRUSEN,2,0.009963828,0.01055073,0.97739255,0.0020929063
/home/yogesh.patel/execution/25_9_2026_PRD_work/OCT2017_Test/test/DRUSEN/DRUSEN-1997439-3.jpeg,DRUSEN,2,0.00619837,0.009845039,0.9802791,0.0036775472
/home/yogesh.patel/execution/25_9_2026_PRD_work/OCT2017_Test/test/DRUSEN/DRUSEN-1997439-4.jpeg,DRUSEN,2,0.010129229,0.0072950628,0.9792526,0.003323103
/home/yogesh.patel/execution/25_9_2026_PRD_work/OCT2017_Test/test/DRUSEN/DRUSEN-2108193-1.jpeg,DRUSEN,2,0.03069463,0.004062261,0.9613401,0.0039029687
/home/yogesh.patel/execution/25_9_2026_PRD_work/OCT2017_Test/test/DRUSEN/DRUSEN-2108193-2.jpeg,DRUSEN,2,0.054673918,0.007910344,0.93407685,0.003338881
/home/yogesh.patel/execution/25_9_2026_PRD_work/OCT2017_Test/test/DRUSEN/DRUSEN-2128644-1.jpeg,DRUSEN,2,0.0072281635,0.004372109,0.9840442,0.0043555642
/home/yogesh.patel/execution/25_9_2026_PRD_work/OCT2017_Test/test/DRUSEN/DRUSEN-2128644-2.jpeg,DRUSEN,2,0.017146606,0.0042836946,0.97614557,0.0024241477
/home/yogesh.patel/execution/25_9_2026_PRD_work/OCT2017_Test/test/DRUSEN/DRUSEN-2128644-3.jpeg,DRUSEN,2,0.07075928,0.006842889,0.9183244,0.0040734075
/home/yogesh.patel/execution/25_9_2026_PRD_work/OCT2017_Test/test/DRUSEN/DRUSEN-2141150-1.jpeg,DRUSEN,2,0.008445572,0.009555625,0.9764813,0.005517545
/home/yogesh.patel/execution/25_9_2026_PRD_work/OCT2017_Test/test/DRUSEN/DRUSEN-2156263-1.jpeg,DRUSEN,2,0.0140253,0.008900674,0.97502106,0.0020529716
/home/yogesh.patel/execution/25_9_2026_PRD_work/OCT2017_Test/test/DRUSEN/DRUSEN-2173657-1.jpeg,DRUSEN,2,0.0034332331,0.008358624,0.9863074,0.0019007636
/home/yogesh.patel/execution/25_9_2026_PRD_work/OCT2017_Test/test/DRUSEN/DRUSEN-2180220-1.jpeg,DRUSEN,2,0.0065078503,0.003970596,0.98619926,0.00332233
/home/yogesh.patel/execution/25_9_2026_PRD_work/OCT2017_Test/test/DRUSEN/DRUSEN-2185112-1.jpeg,DRUSEN,2,0.010939575,0.0045443927,0.9817414,0.0027745424
/home/yogesh.patel/execution/25_9_2026_PRD_work/OCT2017_Test/test/DRUSEN/DRUSEN-2185112-2.jpeg,DRUSEN,2,0.0032274616,0.008946015,0.98093635,0.0068901447
/home/yogesh.patel/execution/25_9_2026_PRD_work/OCT2017_Test/test/DRUSEN/DRUSEN-2232211-1.jpeg,DRUSEN,2,0.004750641,0.006054902,0.98652864,0.0026658035
/home/yogesh.patel/execution/25_9_2026_PRD_work/OCT2017_Test/test/DRUSEN/DRUSEN-2253582-1.jpeg,DRUSEN,2,0.09740192,0.016676921,0.88116246,0.0047587375
/home/yogesh.patel/execution/25_9_2026_PRD_work/OCT2017_Test/test/DRUSEN/DRUSEN-2257047-1.jpeg,DRUSEN,2,0.04100565,0.0066186055,0.9477248,0.004650892
/home/yogesh.patel/execution/25_9_2026_PRD_work/OCT2017_Test/test/DRUSEN/DRUSEN-2257047-2.jpeg,DRUSEN,2,0.012375919,0.0033637197,0.9812714,0.0029889809
/home/yogesh.patel/execution/25_9_2026_PRD_work/OCT2017_Test/test/DRUSEN/DRUSEN-2257047-3.jpeg,DRUSEN,2,0.008132423,0.0074301995,0.9807645,0.0036729488
/home/yogesh.patel/execution/25_9_2026_PRD_work/OCT2017_Test/test/DRUSEN/DRUSEN-2257047-4.jpeg,DRUSEN,2,0.036512244,0.005977389,0.9515319,0.0059784953
/home/yogesh.patel/execution/25_9_2026_PRD_work/OCT2017_Test/test/DRUSEN/DRUSEN-2257047-5.jpeg,DRUSEN,2,0.007398967,0.007810914,0.9826322,0.002157869
/home/yogesh.patel/execution/25_9_2026_PRD_work/OCT2017_Test/test/DRUSEN/DRUSEN-2257047-6.jpeg,DRUSEN,2,0.03767321,0.0053026583,0.9541367,0.0028873982
/home/yogesh.patel/execution/25_9_2026_PRD_work/OCT2017_Test/test/DRUSEN/DRUSEN-2257047-7.jpeg,DRUSEN,2,0.0111030415,0.009252901,0.97808677,0.0015573158
/home/yogesh.patel/execution/25_9_2026_PRD_work/OCT2017_Test/test/DRUSEN/DRUSEN-2257047-8.jpeg,DRUSEN,2,0.07536928,0.00594486,0.913401,0.0052848565
/home/yogesh.patel/execution/25_9_2026_PRD_work/OCT2017_Test/test/DRUSEN/DRUSEN-228939-1.jpeg,DRUSEN,2,0.0074617225,0.008795228,0.98100317,0.0027398607
/home/yogesh.patel/execution/25_9_2026_PRD_work/OCT2017_Test/test/DRUSEN/DRUSEN-228939-2.jpeg,DRUSEN,2,0.007219657,0.008812248,0.981555,0.0024131194
/home/yogesh.patel/execution/25_9_2026_PRD_work/OCT2017_Test/test/DRUSEN/DRUSEN-2308158-1.jpeg,DRUSEN,2,0.009638133,0.0028074046,0.98432004,0.003234406
/home/yogesh.patel/execution/25_9_2026_PRD_work/OCT2017_Test/test/DRUSEN/DRUSEN-2403178-1.jpeg,DRUSEN,2,0.12042061,0.0115891965,0.861733,0.006257169
/home/yogesh.patel/execution/25_9_2026_PRD_work/OCT2017_Test/test/DRUSEN/DRUSEN-2403178-2.jpeg,DRUSEN,2,0.15217045,0.008266185,0.8349048,0.004658526
/home/yogesh.patel/execution/25_9_2026_PRD_work/OCT2017_Test/test/DRUSEN/DRUSEN-2403178-3.jpeg,DRUSEN,2,0.043573797,0.006619011,0.9462593,0.0035478834
/home/yogesh.patel/execution/25_9_2026_PRD_work/OCT2017_Test/test/DRUSEN/DRUSEN-2403178-4.jpeg,DRUSEN,2,0.03220946,0.005491823,0.9569346,0.005364173
/home/yogesh.patel/execution/25_9_2026_PRD_work/OCT2017_Test/test/DRUSEN/DRUSEN-2403178-5.jpeg,DRUSEN,2,0.00903242,0.004177168,0.983678,0.00311245
/home/yogesh.patel/execution/25_9_2026_PRD_work/OCT2017_Test/test/DRUSEN/DRUSEN-2403178-6.jpeg,DRUSEN,2,0.045437165,0.0076752766,0.9435406,0.003346973
/home/yogesh.patel/execution/25_9_2026_PRD_work/OCT2017_Test/test/DRUSEN/DRUSEN-2443068-1.jpeg,DRUSEN,2,0.008107851,0.0071727773,0.9804951,0.004224334
/home/yogesh.patel/execution/25_9_2026_PRD_work/OCT2017_Test/test/DRUSEN/DRUSEN-2489093-1.jpeg,DRUSEN,2,0.01099961,0.0031146617,0.98320234,0.0026833804
/home/yogesh.patel/execution/25_9_2026_PRD_work/OCT2017_Test/test/DRUSEN/DRUSEN-2489093-2.jpeg,DRUSEN,2,0.0051204716,0.005767152,0.9867239,0.0023884778
/home/yogesh.patel/execution/25_9_2026_PRD_work/OCT2017_Test/test/DRUSEN/DRUSEN-2510299-1.jpeg,DRUSEN,2,0.04856039,0.008608928,0.9383456,0.004485156
/home/yogesh.patel/execution/25_9_2026_PRD_work/OCT2017_Test/test/DRUSEN/DRUSEN-2510299-2.jpeg,DRUSEN,2,0.023283735,0.0072905933,0.96704775,0.0023779182
/home/yogesh.patel/execution/25_9_2026_PRD_work/OCT2017_Test/test/DRUSEN/DRUSEN-2541184-1.jpeg,DRUSEN,2,0.0087929685,0.0067268834,0.9813925,0.0030876775
/home/yogesh.patel/execution/25_9_2026_PRD_work/OCT2017_Test/test/DRUSEN/DRUSEN-2785977-1.jpeg,DRUSEN,2,0.015608223,0.0058840164,0.97504103,0.0034667295
/home/yogesh.patel/execution/25_9_2026_PRD_work/OCT2017_Test/test/DRUSEN/DRUSEN-2951435-1.jpeg,DRUSEN,2,0.02718095,0.0057661966,0.96308446,0.0039683552
/home/yogesh.patel/execution/25_9_2026_PRD_work/OCT2017_Test/test/DRUSEN/DRUSEN-3017923-1.jpeg,DRUSEN,2,0.031879343,0.004263941,0.95975703,0.0040996945
/home/yogesh.patel/execution/25_9_2026_PRD_work/OCT2017_Test/test/DRUSEN/DRUSEN-303435-1.jpeg,DRUSEN,2,0.002510389,0.005833944,0.98756146,0.0040941895
/home/yogesh.patel/execution/25_9_2026_PRD_work/OCT2017_Test/test/DRUSEN/DRUSEN-3214955-1.jpeg,DRUSEN,2,0.015044226,0.003940879,0.973822,0.0071929246
/home/yogesh.patel/execution/25_9_2026_PRD_work/OCT2017_Test/test/DRUSEN/DRUSEN-3241692-1.jpeg,DRUSEN,2,0.021882476,0.005213106,0.9717442,0.0011602343
/home/yogesh.patel/execution/25_9_2026_PRD_work/OCT2017_Test/test/DRUSEN/DRUSEN-3276918-1.jpeg,DRUSEN,2,0.00829535,0.005926548,0.98322284,0.0025552365
/home/yogesh.patel/execution/25_9_2026_PRD_work/OCT2017_Test/test/DRUSEN/DRUSEN-3276918-2.jpeg,DRUSEN,2,0.012365149,0.009860118,0.9742495,0.0035252334
/home/yogesh.patel/execution/25_9_2026_PRD_work/OCT2017_Test/test/DRUSEN/DRUSEN-3317878-1.jpeg,DRUSEN,2,0.009287043,0.008879172,0.9795732,0.002260633
/home/yogesh.patel/execution/25_9_2026_PRD_work/OCT2017_Test/test/DRUSEN/DRUSEN-3424668-1.jpeg,DRUSEN,2,0.01410293,0.008014511,0.9761081,0.0017744803
/home/yogesh.patel/execution/25_9_2026_PRD_work/OCT2017_Test/test/DRUSEN/DRUSEN-3424668-2.jpeg,DRUSEN,2,0.044012345,0.006476212,0.9466256,0.0028858255
/home/yogesh.patel/execution/25_9_2026_PRD_work/OCT2017_Test/test/DRUSEN/DRUSEN-3424668-3.jpeg,DRUSEN,2,0.024849402,0.008513359,0.96365607,0.0029811733
/home/yogesh.patel/execution/25_9_2026_PRD_work/OCT2017_Test/test/DRUSEN/DRUSEN-3424668-4.jpeg,DRUSEN,2,0.0054528587,0.0063564037,0.9852359,0.0029548001
/home/yogesh.patel/execution/25_9_2026_PRD_work/OCT2017_Test/test/DRUSEN/DRUSEN-3439251-1.jpeg,DRUSEN,2,0.007904098,0.0024625796,0.9865747,0.0030586713
/home/yogesh.patel/execution/25_9_2026_PRD_work/OCT2017_Test/test/DRUSEN/DRUSEN-3439251-2.jpeg,DRUSEN,2,0.032889146,0.0049477746,0.95827985,0.0038832214
/home/yogesh.patel/execution/25_9_2026_PRD_work/OCT2017_Test/test/DRUSEN/DRUSEN-3482415-1.jpeg,DRUSEN,2,0.005675904,0.006526996,0.9860666,0.0017305684
/home/yogesh.patel/execution/25_9_2026_PRD_work/OCT2017_Test/test/DRUSEN/DRUSEN-349021-1.jpeg,DRUSEN,2,0.04857586,0.007609406,0.9400496,0.0037651944
/home/yogesh.patel/execution/25_9_2026_PRD_work/OCT2017_Test/test/DRUSEN/DRUSEN-349021-2.jpeg,DRUSEN,2,0.19846775,0.0071527604,0.7891754,0.005204121
/home/yogesh.patel/execution/25_9_2026_PRD_work/OCT2017_Test/test/DRUSEN/DRUSEN-3571629-1.jpeg,DRUSEN,2,0.031224905,0.008922072,0.9567875,0.0030654888
/home/yogesh.patel/execution/25_9_2026_PRD_work/OCT2017_Test/test/DRUSEN/DRUSEN-364469-1.jpeg,DRUSEN,2,0.020552462,0.006766552,0.969618,0.0030629418
/home/yogesh.patel/execution/25_9_2026_PRD_work/OCT2017_Test/test/DRUSEN/DRUSEN-364469-2.jpeg,DRUSEN,2,0.008701937,0.006326285,0.9821798,0.0027919337
/home/yogesh.patel/execution/25_9_2026_PRD_work/OCT2017_Test/test/DRUSEN/DRUSEN-364469-3.jpeg,DRUSEN,2,0.0059158234,0.009229085,0.98166555,0.003189557
/home/yogesh.patel/execution/25_9_2026_PRD_work/OCT2017_Test/test/DRUSEN/DRUSEN-364469-4.jpeg,DRUSEN,2,0.010035441,0.009245546,0.9777543,0.0029646936
/home/yogesh.patel/execution/25_9_2026_PRD_work/OCT2017_Test/test/DRUSEN/DRUSEN-4240777-1.jpeg,DRUSEN,2,0.0062753246,0.009891174,0.9815632,0.0022702254
/home/yogesh.patel/execution/25_9_2026_PRD_work/OCT2017_Test/test/DRUSEN/DRUSEN-4291972-1.jpeg,DRUSEN,2,0.063529626,0.005126706,0.9285847,0.0027589684
/home/yogesh.patel/execution/25_9_2026_PRD_work/OCT2017_Test/test/DRUSEN/DRUSEN-4293095-1.jpeg,DRUSEN,2,0.029869335,0.0051888702,0.96146107,0.003480765
/home/yogesh.patel/execution/25_9_2026_PRD_work/OCT2017_Test/test/DRUSEN/DRUSEN-4293095-2.jpeg,DRUSEN,2,0.015432519,0.0042356737,0.9769273,0.0034045163
/home/yogesh.patel/execution/25_9_2026_PRD_work/OCT2017_Test/test/DRUSEN/DRUSEN-4304015-1.jpeg,DRUSEN,2,0.027310027,0.008969061,0.96093804,0.0027828608
/home/yogesh.patel/execution/25_9_2026_PRD_work/OCT2017_Test/test/DRUSEN/DRUSEN-4314625-1.jpeg,DRUSEN,2,0.109728955,0.0039376994,0.88350177,0.0028315522
/home/yogesh.patel/execution/25_9_2026_PRD_work/OCT2017_Test/test/DRUSEN/DRUSEN-4343867-1.jpeg,DRUSEN,2,0.029765664,0.0029437074,0.96329504,0.003995617
/home/yogesh.patel/execution/25_9_2026_PRD_work/OCT2017_Test/test/DRUSEN/DRUSEN-4343867-2.jpeg,DRUSEN,2,0.021186085,0.008453639,0.9684483,0.0019120283
/home/yogesh.patel/execution/25_9_2026_PRD_work/OCT2017_Test/test/DRUSEN/DRUSEN-4379246-1.jpeg,DRUSEN,2,0.036215317,0.0076589794,0.953265,0.002860692
/home/yogesh.patel/execution/25_9_2026_PRD_work/OCT2017_Test/test/DRUSEN/DRUSEN-4379246-2.jpeg,DRUSEN,2,0.059226085,0.0065073185,0.93048865,0.0037779352
/home/yogesh.patel/execution/25_9_2026_PRD_work/OCT2017_Test/test/DRUSEN/DRUSEN-457907-1.jpeg,DRUSEN,2,0.017306628,0.014184309,0.9654676,0.0030415265
/home/yogesh.patel/execution/25_9_2026_PRD_work/OCT2017_Test/test/DRUSEN/DRUSEN-4666680-1.jpeg,DRUSEN,2,0.0074265185,0.008020919,0.9819857,0.0025668642
/home/yogesh.patel/execution/25_9_2026_PRD_work/OCT2017_Test/test/DRUSEN/DRUSEN-4666680-2.jpeg,DRUSEN,2,0.0058093057,0.008907292,0.9819101,0.003373266
/home/yogesh.patel/execution/25_9_2026_PRD_work/OCT2017_Test/test/DRUSEN/DRUSEN-4696998-1.jpeg,DRUSEN,2,0.010027724,0.008836979,0.97961193,0.0015233324
/home/yogesh.patel/execution/25_9_2026_PRD_work/OCT2017_Test/test/DRUSEN/DRUSEN-4878077-1.jpeg,DRUSEN,2,0.017655721,0.003904829,0.9773532,0.0010863033
/home/yogesh.patel/execution/25_9_2026_PRD_work/OCT2017_Test/test/DRUSEN/DRUSEN-4878077-2.jpeg,DRUSEN,2,0.0063159433,0.008639629,0.98293537,0.002109011
/home/yogesh.patel/execution/25_9_2026_PRD_work/OCT2017_Test/test/DRUSEN/DRUSEN-4878077-3.jpeg,DRUSEN,2,0.0049722847,0.010245934,0.9813937,0.0033881173
/home/yogesh.patel/execution/25_9_2026_PRD_work/OCT2017_Test/test/DRUSEN/DRUSEN-4878077-4.jpeg,DRUSEN,2,0.008397761,0.0057566455,0.9839954,0.0018502438
/home/yogesh.patel/execution/25_9_2026_PRD_work/OCT2017_Test/test/DRUSEN/DRUSEN-4878077-5.jpeg,DRUSEN,2,0.008583804,0.008476526,0.9803859,0.002553787
/home/yogesh.patel/execution/25_9_2026_PRD_work/OCT2017_Test/test/DRUSEN/DRUSEN-4878077-6.jpeg,DRUSEN,2,0.009651796,0.005936813,0.9806137,0.0037976422
/home/yogesh.patel/execution/25_9_2026_PRD_work/OCT2017_Test/test/DRUSEN/DRUSEN-4904794-1.jpeg,DRUSEN,2,0.008590274,0.003418453,0.98383075,0.0041605285
/home/yogesh.patel/execution/25_9_2026_PRD_work/OCT2017_Test/test/DRUSEN/DRUSEN-4951152-1.jpeg,DRUSEN,2,0.019061126,0.0047301557,0.97311085,0.0030979032
/home/yogesh.patel/execution/25_9_2026_PRD_work/OCT2017_Test/test/DRUSEN/DRUSEN-4973287-1.jpeg,DRUSEN,2,0.0077940216,0.0051919334,0.9841538,0.0028601803
/home/yogesh.patel/execution/25_9_2026_PRD_work/OCT2017_Test/test/DRUSEN/DRUSEN-5094722-1.jpeg,DRUSEN,2,0.013570267,0.0040540984,0.9805981,0.0017775455
/home/yogesh.patel/execution/25_9_2026_PRD_work/OCT2017_Test/test/DRUSEN/DRUSEN-525301-1.jpeg,DRUSEN,2,0.01310686,0.0056525217,0.9784507,0.0027899193
/home/yogesh.patel/execution/25_9_2026_PRD_work/OCT2017_Test/test/DRUSEN/DRUSEN-5331157-1.jpeg,DRUSEN,2,0.06335099,0.01348214,0.9192355,0.0039312947
/home/yogesh.patel/execution/25_9_2026_PRD_work/OCT2017_Test/test/DRUSEN/DRUSEN-538779-1.jpeg,DRUSEN,2,0.013665732,0.008417447,0.9759606,0.001956236
/home/yogesh.patel/execution/25_9_2026_PRD_work/OCT2017_Test/test/DRUSEN/DRUSEN-5443411-1.jpeg,DRUSEN,2,0.028464934,0.0052574216,0.9639086,0.0023690234
/home/yogesh.patel/execution/25_9_2026_PRD_work/OCT2017_Test/test/DRUSEN/DRUSEN-5477211-1.jpeg,DRUSEN,2,0.014505857,0.007189797,0.97520673,0.0030976166
/home/yogesh.patel/execution/25_9_2026_PRD_work/OCT2017_Test/test/DRUSEN/DRUSEN-5477211-2.jpeg,DRUSEN,2,0.011257644,0.0048321807,0.98166007,0.0022501394
/home/yogesh.patel/execution/25_9_2026_PRD_work/OCT2017_Test/test/DRUSEN/DRUSEN-5710007-1.jpeg,DRUSEN,2,0.008149847,0.0055200327,0.98518986,0.0011402986
/home/yogesh.patel/execution/25_9_2026_PRD_work/OCT2017_Test/test/DRUSEN/DRUSEN-5710007-2.jpeg,DRUSEN,2,0.0028592143,0.0041670734,0.9904527,0.0025209486
/home/yogesh.patel/execution/25_9_2026_PRD_work/OCT2017_Test/test/DRUSEN/DRUSEN-5753467-1.jpeg,DRUSEN,2,0.0020951568,0.0054337163,0.99036,0.002111053
/home/yogesh.patel/execution/25_9_2026_PRD_work/OCT2017_Test/test/DRUSEN/DRUSEN-5801431-1.jpeg,DRUSEN,2,0.0329158,0.013366337,0.9504479,0.0032699713
/home/yogesh.patel/execution/25_9_2026_PRD_work/OCT2017_Test/test/DRUSEN/DRUSEN-584218-1.jpeg,DRUSEN,2,0.018100543,0.005255259,0.97320175,0.0034424935
/home/yogesh.patel/execution/25_9_2026_PRD_work/OCT2017_Test/test/DRUSEN/DRUSEN-5864720-1.jpeg,DRUSEN,2,0.011015845,0.0038925775,0.98187006,0.0032215668
/home/yogesh.patel/execution/25_9_2026_PRD_work/OCT2017_Test/test/DRUSEN/DRUSEN-5864720-2.jpeg,DRUSEN,2,0.010357933,0.0040363423,0.98077273,0.0048330207
/home/yogesh.patel/execution/25_9_2026_PRD_work/OCT2017_Test/test/DRUSEN/DRUSEN-5929729-1.jpeg,DRUSEN,2,0.03005465,0.0026171913,0.962918,0.004410166
/home/yogesh.patel/execution/25_9_2026_PRD_work/OCT2017_Test/test/DRUSEN/DRUSEN-609387-1.jpeg,DRUSEN,2,0.008408534,0.0046166047,0.9852011,0.0017737804
/home/yogesh.patel/execution/25_9_2026_PRD_work/OCT2017_Test/test/DRUSEN/DRUSEN-609387-2.jpeg,DRUSEN,2,0.011027419,0.0071501266,0.979361,0.002461457
/home/yogesh.patel/execution/25_9_2026_PRD_work/OCT2017_Test/test/DRUSEN/DRUSEN-609387-3.jpeg,DRUSEN,2,0.031178487,0.005943188,0.960072,0.0028063569
/home/yogesh.patel/execution/25_9_2026_PRD_work/OCT2017_Test/test/DRUSEN/DRUSEN-6190971-1.jpeg,DRUSEN,2,0.011602904,0.0060619395,0.9776409,0.0046942695
/home/yogesh.patel/execution/25_9_2026_PRD_work/OCT2017_Test/test/DRUSEN/DRUSEN-6190971-2.jpeg,DRUSEN,2,0.009788852,0.008489969,0.97926795,0.0024532322
/home/yogesh.patel/execution/25_9_2026_PRD_work/OCT2017_Test/test/DRUSEN/DRUSEN-6193297-1.jpeg,DRUSEN,2,0.003540984,0.009289649,0.9842659,0.002903479
/home/yogesh.patel/execution/25_9_2026_PRD_work/OCT2017_Test/test/DRUSEN/DRUSEN-6193297-2.jpeg,DRUSEN,2,0.0029320223,0.008253489,0.9856556,0.0031588327
/home/yogesh.patel/execution/25_9_2026_PRD_work/OCT2017_Test/test/DRUSEN/DRUSEN-6193297-3.jpeg,DRUSEN,2,0.008282571,0.011508877,0.97881824,0.0013903315
/home/yogesh.patel/execution/25_9_2026_PRD_work/OCT2017_Test/test/DRUSEN/DRUSEN-6193297-4.jpeg,DRUSEN,2,0.012141224,0.005710998,0.9796127,0.0025350945
/home/yogesh.patel/execution/25_9_2026_PRD_work/OCT2017_Test/test/DRUSEN/DRUSEN-6193297-5.jpeg,DRUSEN,2,0.003773859,0.0059621534,0.987983,0.0022810018
/home/yogesh.patel/execution/25_9_2026_PRD_work/OCT2017_Test/test/DRUSEN/DRUSEN-6264369-1.jpeg,DRUSEN,2,0.01310912,0.007987301,0.9747521,0.0041514165
/home/yogesh.patel/execution/25_9_2026_PRD_work/OCT2017_Test/test/DRUSEN/DRUSEN-7064008-1.jpeg,DRUSEN,2,0.013912006,0.0062298966,0.97776884,0.002089274
/home/yogesh.patel/execution/25_9_2026_PRD_work/OCT2017_Test/test/DRUSEN/DRUSEN-7199590-1.jpeg,DRUSEN,2,0.023883676,0.0067846854,0.96715564,0.0021759483
/home/yogesh.patel/execution/25_9_2026_PRD_work/OCT2017_Test/test/DRUSEN/DRUSEN-732516-1.jpeg,DRUSEN,2,0.014626811,0.0061746244,0.97614753,0.0030510197
/home/yogesh.patel/execution/25_9_2026_PRD_work/OCT2017_Test/test/DRUSEN/DRUSEN-732516-2.jpeg,DRUSEN,2,0.008181217,0.010318833,0.97875935,0.0027406157
/home/yogesh.patel/execution/25_9_2026_PRD_work/OCT2017_Test/test/DRUSEN/DRUSEN-732516-3.jpeg,DRUSEN,2,0.007047247,0.0070195086,0.9841444,0.0017888617
/home/yogesh.patel/execution/25_9_2026_PRD_work/OCT2017_Test/test/DRUSEN/DRUSEN-7345121-1.jpeg,DRUSEN,2,0.17909488,0.0077889464,0.8071942,0.0059219785
/home/yogesh.patel/execution/25_9_2026_PRD_work/OCT2017_Test/test/DRUSEN/DRUSEN-7350225-1.jpeg,DRUSEN,2,0.005551055,0.006057857,0.9843818,0.0040093083
/home/yogesh.patel/execution/25_9_2026_PRD_work/OCT2017_Test/test/DRUSEN/DRUSEN-7373858-1.jpeg,DRUSEN,2,0.010032857,0.012358033,0.97405845,0.0035507001
/home/yogesh.patel/execution/25_9_2026_PRD_work/OCT2017_Test/test/DRUSEN/DRUSEN-7393104-1.jpeg,DRUSEN,2,0.118177325,0.0073374268,0.86991346,0.004571777
/home/yogesh.patel/execution/25_9_2026_PRD_work/OCT2017_Test/test/DRUSEN/DRUSEN-7513011-1.jpeg,DRUSEN,2,0.043347526,0.008988306,0.94504607,0.0026180972
/home/yogesh.patel/execution/25_9_2026_PRD_work/OCT2017_Test/test/DRUSEN/DRUSEN-7555604-1.jpeg,DRUSEN,2,0.01671903,0.008157099,0.9729679,0.002155989
/home/yogesh.patel/execution/25_9_2026_PRD_work/OCT2017_Test/test/DRUSEN/DRUSEN-7555604-2.jpeg,DRUSEN,2,0.036714744,0.0056429645,0.9535763,0.0040659984
/home/yogesh.patel/execution/25_9_2026_PRD_work/OCT2017_Test/test/DRUSEN/DRUSEN-7557808-1.jpeg,DRUSEN,2,0.0066018337,0.0048817387,0.9861849,0.0023315428
/home/yogesh.patel/execution/25_9_2026_PRD_work/OCT2017_Test/test/DRUSEN/DRUSEN-7563760-1.jpeg,DRUSEN,2,0.008198667,0.0066258833,0.9818999,0.0032755786
/home/yogesh.patel/execution/25_9_2026_PRD_work/OCT2017_Test/test/DRUSEN/DRUSEN-7675318-1.jpeg,DRUSEN,2,0.006272271,0.0045486167,0.98439306,0.0047860523
/home/yogesh.patel/execution/25_9_2026_PRD_work/OCT2017_Test/test/DRUSEN/DRUSEN-7675318-2.jpeg,DRUSEN,2,0.0045048436,0.0029518546,0.98934233,0.003201001
/home/yogesh.patel/execution/25_9_2026_PRD_work/OCT2017_Test/test/DRUSEN/DRUSEN-7710023-1.jpeg,DRUSEN,2,0.19632685,0.008487103,0.79178536,0.0034006299
/home/yogesh.patel/execution/25_9_2026_PRD_work/OCT2017_Test/test/DRUSEN/DRUSEN-7710023-2.jpeg,DRUSEN,2,0.14575432,0.00955055,0.8393098,0.0053853486
/home/yogesh.patel/execution/25_9_2026_PRD_work/OCT2017_Test/test/DRUSEN/DRUSEN-7763772-1.jpeg,DRUSEN,2,0.0064944704,0.006867163,0.98447764,0.002160726
/home/yogesh.patel/execution/25_9_2026_PRD_work/OCT2017_Test/test/DRUSEN/DRUSEN-781814-1.jpeg,DRUSEN,2,0.003373317,0.0047904076,0.9897933,0.002042997
/home/yogesh.patel/execution/25_9_2026_PRD_work/OCT2017_Test/test/DRUSEN/DRUSEN-783692-1.jpeg,DRUSEN,2,0.004620711,0.0040735207,0.98832756,0.002978194
/home/yogesh.patel/execution/25_9_2026_PRD_work/OCT2017_Test/test/DRUSEN/DRUSEN-7915033-1.jpeg,DRUSEN,2,0.040921282,0.004022497,0.953564,0.0014922324
/home/yogesh.patel/execution/25_9_2026_PRD_work/OCT2017_Test/test/DRUSEN/DRUSEN-7915033-2.jpeg,DRUSEN,2,0.0056194034,0.004331866,0.98783445,0.0022142883
/home/yogesh.patel/execution/25_9_2026_PRD_work/OCT2017_Test/test/DRUSEN/DRUSEN-7915033-3.jpeg,DRUSEN,2,0.008885752,0.0039427183,0.98321843,0.0039531076
/home/yogesh.patel/execution/25_9_2026_PRD_work/OCT2017_Test/test/DRUSEN/DRUSEN-8023853-1.jpeg,DRUSEN,2,0.0052634217,0.011635326,0.98051757,0.002583688
/home/yogesh.patel/execution/25_9_2026_PRD_work/OCT2017_Test/test/DRUSEN/DRUSEN-8039905-1.jpeg,DRUSEN,2,0.05571523,0.005473691,0.9353779,0.00343324
/home/yogesh.patel/execution/25_9_2026_PRD_work/OCT2017_Test/test/DRUSEN/DRUSEN-8074563-1.jpeg,DRUSEN,2,0.0037087125,0.006612513,0.9849151,0.0047637527
/home/yogesh.patel/execution/25_9_2026_PRD_work/OCT2017_Test/test/DRUSEN/DRUSEN-8074563-2.jpeg,DRUSEN,2,0.0027473934,0.008052725,0.985116,0.0040838895
/home/yogesh.patel/execution/25_9_2026_PRD_work/OCT2017_Test/test/DRUSEN/DRUSEN-8074563-3.jpeg,DRUSEN,2,0.0064927274,0.005608035,0.9847351,0.0031641626
/home/yogesh.patel/execution/25_9_2026_PRD_work/OCT2017_Test/test/DRUSEN/DRUSEN-8086850-1.jpeg,DRUSEN,2,0.00468107,0.007238535,0.9852123,0.0028680665
/home/yogesh.patel/execution/25_9_2026_PRD_work/OCT2017_Test/test/DRUSEN/DRUSEN-8086850-2.jpeg,DRUSEN,2,0.0029351995,0.003352805,0.98948663,0.004225343
/home/yogesh.patel/execution/25_9_2026_PRD_work/OCT2017_Test/test/DRUSEN/DRUSEN-8086850-3.jpeg,DRUSEN,2,0.011694099,0.009042766,0.9768009,0.002462216
/home/yogesh.patel/execution/25_9_2026_PRD_work/OCT2017_Test/test/DRUSEN/DRUSEN-8086850-4.jpeg,DRUSEN,2,0.0067001875,0.004850328,0.986269,0.0021805037
/home/yogesh.patel/execution/25_9_2026_PRD_work/OCT2017_Test/test/DRUSEN/DRUSEN-8086850-5.jpeg,DRUSEN,2,0.009106392,0.004857715,0.9842819,0.0017539969
/home/yogesh.patel/execution/25_9_2026_PRD_work/OCT2017_Test/test/DRUSEN/DRUSEN-8086850-6.jpeg,DRUSEN,2,0.022880299,0.006947174,0.9670816,0.0030909649
/home/yogesh.patel/execution/25_9_2026_PRD_work/OCT2017_Test/test/DRUSEN/DRUSEN-8086850-7.jpeg,DRUSEN,2,0.003309895,0.005030855,0.9888587,0.0028005545
/home/yogesh.patel/execution/25_9_2026_PRD_work/OCT2017_Test/test/DRUSEN/DRUSEN-8086850-8.jpeg,DRUSEN,2,0.0030776067,0.0046000527,0.9858359,0.006486471
/home/yogesh.patel/execution/25_9_2026_PRD_work/OCT2017_Test/test/DRUSEN/DRUSEN-8117834-1.jpeg,DRUSEN,2,0.0055717328,0.0076776855,0.9840647,0.00268582
/home/yogesh.patel/execution/25_9_2026_PRD_work/OCT2017_Test/test/DRUSEN/DRUSEN-8213975-1.jpeg,DRUSEN,2,0.03208496,0.005463095,0.9570066,0.0054453597
/home/yogesh.patel/execution/25_9_2026_PRD_work/OCT2017_Test/test/DRUSEN/DRUSEN-8251771-1.jpeg,DRUSEN,2,0.01388194,0.0120972805,0.9715401,0.0024806377
/home/yogesh.patel/execution/25_9_2026_PRD_work/OCT2017_Test/test/DRUSEN/DRUSEN-8261063-1.jpeg,DRUSEN,2,0.0033619993,0.0061275098,0.98743296,0.0030775538
/home/yogesh.patel/execution/25_9_2026_PRD_work/OCT2017_Test/test/DRUSEN/DRUSEN-8261063-2.jpeg,DRUSEN,2,0.003429943,0.006969631,0.9863941,0.003206333
/home/yogesh.patel/execution/25_9_2026_PRD_work/OCT2017_Test/test/DRUSEN/DRUSEN-8261063-3.jpeg,DRUSEN,2,0.0017300651,0.0022368568,0.99262816,0.0034048765
/home/yogesh.patel/execution/25_9_2026_PRD_work/OCT2017_Test/test/DRUSEN/DRUSEN-8261063-4.jpeg,DRUSEN,2,0.0034178556,0.005731866,0.9878573,0.0029930496
/home/yogesh.patel/execution/25_9_2026_PRD_work/OCT2017_Test/test/DRUSEN/DRUSEN-8261063-5.jpeg,DRUSEN,2,0.0066254246,0.005312156,0.9818333,0.006229144
/home/yogesh.patel/execution/25_9_2026_PRD_work/OCT2017_Test/test/DRUSEN/DRUSEN-8261063-6.jpeg,DRUSEN,2,0.003939515,0.0074638287,0.98537683,0.0032198431
/home/yogesh.patel/execution/25_9_2026_PRD_work/OCT2017_Test/test/DRUSEN/DRUSEN-8261063-7.jpeg,DRUSEN,2,0.005038163,0.008407873,0.9827625,0.0037914168
/home/yogesh.patel/execution/25_9_2026_PRD_work/OCT2017_Test/test/DRUSEN/DRUSEN-827677-1.jpeg,DRUSEN,2,0.0054433956,0.011510944,0.98017436,0.0028712992
/home/yogesh.patel/execution/25_9_2026_PRD_work/OCT2017_Test/test/DRUSEN/DRUSEN-8281517-1.jpeg,DRUSEN,2,0.002096904,0.003465096,0.99225277,0.0021852066
/home/yogesh.patel/execution/25_9_2026_PRD_work/OCT2017_Test/test/DRUSEN/DRUSEN-8292670-1.jpeg,DRUSEN,2,0.0038329824,0.006800892,0.9875607,0.0018054569
/home/yogesh.patel/execution/25_9_2026_PRD_work/OCT2017_Test/test/DRUSEN/DRUSEN-8319985-1.jpeg,DRUSEN,2,0.015112414,0.004610197,0.97592527,0.0043521156
/home/yogesh.patel/execution/25_9_2026_PRD_work/OCT2017_Test/test/DRUSEN/DRUSEN-8339642-1.jpeg,DRUSEN,2,0.0033411938,0.0028634537,0.9891331,0.0046622297
/home/yogesh.patel/execution/25_9_2026_PRD_work/OCT2017_Test/test/DRUSEN/DRUSEN-8345703-1.jpeg,DRUSEN,2,0.009611447,0.0036458944,0.9836619,0.003080767
/home/yogesh.patel/execution/25_9_2026_PRD_work/OCT2017_Test/test/DRUSEN/DRUSEN-8345703-2.jpeg,DRUSEN,2,0.003466926,0.0043000495,0.98756623,0.0046668034
/home/yogesh.patel/execution/25_9_2026_PRD_work/OCT2017_Test/test/DRUSEN/DRUSEN-8351260-1.jpeg,DRUSEN,2,0.004231093,0.01015922,0.9826747,0.0029349574
/home/yogesh.patel/execution/25_9_2026_PRD_work/OCT2017_Test/test/DRUSEN/DRUSEN-8351260-2.jpeg,DRUSEN,2,0.0052655893,0.0051265326,0.9866849,0.002922989
/home/yogesh.patel/execution/25_9_2026_PRD_work/OCT2017_Test/test/DRUSEN/DRUSEN-8389446-1.jpeg,DRUSEN,2,0.0069500986,0.010790472,0.9793914,0.0028679937
/home/yogesh.patel/execution/25_9_2026_PRD_work/OCT2017_Test/test/DRUSEN/DRUSEN-8389446-2.jpeg,DRUSEN,2,0.008329565,0.0059575853,0.9830893,0.0026235434
/home/yogesh.patel/execution/25_9_2026_PRD_work/OCT2017_Test/test/DRUSEN/DRUSEN-8389446-3.jpeg,DRUSEN,2,0.0048163305,0.004526928,0.9855373,0.005119458
/home/yogesh.patel/execution/25_9_2026_PRD_work/OCT2017_Test/test/DRUSEN/DRUSEN-8440718-1.jpeg,DRUSEN,2,0.03398225,0.0050427453,0.95872563,0.002249362
/home/yogesh.patel/execution/25_9_2026_PRD_work/OCT2017_Test/test/DRUSEN/DRUSEN-8440718-2.jpeg,DRUSEN,2,0.026504468,0.00440005,0.96631795,0.0027775601
/home/yogesh.patel/execution/25_9_2026_PRD_work/OCT2017_Test/test/DRUSEN/DRUSEN-8440718-3.jpeg,DRUSEN,2,0.009157708,0.006176865,0.9826974,0.0019679933
/home/yogesh.patel/execution/25_9_2026_PRD_work/OCT2017_Test/test/DRUSEN/DRUSEN-8440718-4.jpeg,DRUSEN,2,0.012341149,0.009717097,0.97526354,0.0026782504
/home/yogesh.patel/execution/25_9_2026_PRD_work/OCT2017_Test/test/DRUSEN/DRUSEN-8440718-5.jpeg,DRUSEN,2,0.00527231,0.00532071,0.98746574,0.0019412307
/home/yogesh.patel/execution/25_9_2026_PRD_work/OCT2017_Test/test/DRUSEN/DRUSEN-8549730-1.jpeg,DRUSEN,2,0.03688568,0.009947734,0.9506491,0.0025175295
/home/yogesh.patel/execution/25_9_2026_PRD_work/OCT2017_Test/test/DRUSEN/DRUSEN-8549730-2.jpeg,DRUSEN,2,0.015785234,0.006798349,0.9758769,0.001539496
/home/yogesh.patel/execution/25_9_2026_PRD_work/OCT2017_Test/test/DRUSEN/DRUSEN-8549730-3.jpeg,DRUSEN,2,0.006299907,0.0076335054,0.98409784,0.0019688134
/home/yogesh.patel/execution/25_9_2026_PRD_work/OCT2017_Test/test/DRUSEN/DRUSEN-8549730-4.jpeg,DRUSEN,2,0.026479073,0.010349448,0.9600912,0.0030803022
/home/yogesh.patel/execution/25_9_2026_PRD_work/OCT2017_Test/test/DRUSEN/DRUSEN-8549730-5.jpeg,DRUSEN,2,0.0014266951,0.007643169,0.98871946,0.0022106636
/home/yogesh.patel/execution/25_9_2026_PRD_work/OCT2017_Test/test/DRUSEN/DRUSEN-8549730-6.jpeg,DRUSEN,2,0.009489091,0.009323891,0.9789057,0.0022813228
/home/yogesh.patel/execution/25_9_2026_PRD_work/OCT2017_Test/test/DRUSEN/DRUSEN-8549730-7.jpeg,DRUSEN,2,0.041285828,0.04177922,0.9129883,0.0039466657
/home/yogesh.patel/execution/25_9_2026_PRD_work/OCT2017_Test/test/DRUSEN/DRUSEN-8577392-1.jpeg,DRUSEN,2,0.011172696,0.006630233,0.97874933,0.0034477266
/home/yogesh.patel/execution/25_9_2026_PRD_work/OCT2017_Test/test/DRUSEN/DRUSEN-8605472-1.jpeg,DRUSEN,2,0.06569033,0.0062194527,0.924862,0.0032281734
/home/yogesh.patel/execution/25_9_2026_PRD_work/OCT2017_Test/test/DRUSEN/DRUSEN-8656509-1.jpeg,DRUSEN,2,0.03523537,0.0046263183,0.95569867,0.0044397074
/home/yogesh.patel/execution/25_9_2026_PRD_work/OCT2017_Test/test/DRUSEN/DRUSEN-8708331-1.jpeg,DRUSEN,2,0.01988414,0.005835628,0.9707462,0.0035340027
/home/yogesh.patel/execution/25_9_2026_PRD_work/OCT2017_Test/test/DRUSEN/DRUSEN-8811857-1.jpeg,DRUSEN,2,0.005488152,0.006923532,0.9847238,0.0028645059
/home/yogesh.patel/execution/25_9_2026_PRD_work/OCT2017_Test/test/DRUSEN/DRUSEN-8811857-2.jpeg,DRUSEN,2,0.024001235,0.005485337,0.96693385,0.003579546
/home/yogesh.patel/execution/25_9_2026_PRD_work/OCT2017_Test/test/DRUSEN/DRUSEN-8854406-1.jpeg,DRUSEN,2,0.007127566,0.008121778,0.98247296,0.0022776593
/home/yogesh.patel/execution/25_9_2026_PRD_work/OCT2017_Test/test/DRUSEN/DRUSEN-8854406-2.jpeg,DRUSEN,2,0.005948935,0.012067832,0.98034465,0.0016385576
/home/yogesh.patel/execution/25_9_2026_PRD_work/OCT2017_Test/test/DRUSEN/DRUSEN-8870525-1.jpeg,DRUSEN,2,0.014880449,0.006773878,0.97575855,0.002587187
/home/yogesh.patel/execution/25_9_2026_PRD_work/OCT2017_Test/test/DRUSEN/DRUSEN-8870525-2.jpeg,DRUSEN,2,0.45965832,0.02313418,0.508038,0.009169476
/home/yogesh.patel/execution/25_9_2026_PRD_work/OCT2017_Test/test/DRUSEN/DRUSEN-8870525-3.jpeg,DRUSEN,2,0.23667577,0.008703016,0.7493045,0.005316775
/home/yogesh.patel/execution/25_9_2026_PRD_work/OCT2017_Test/test/DRUSEN/DRUSEN-9049813-1.jpeg,DRUSEN,2,0.009397989,0.0044621583,0.98275226,0.0033875909
/home/yogesh.patel/execution/25_9_2026_PRD_work/OCT2017_Test/test/DRUSEN/DRUSEN-9059831-1.jpeg,DRUSEN,2,0.011606798,0.004018586,0.98162913,0.0027454528
/home/yogesh.patel/execution/25_9_2026_PRD_work/OCT2017_Test/test/DRUSEN/DRUSEN-9059831-2.jpeg,DRUSEN,2,0.0072714924,0.0027770244,0.98681456,0.0031369377
/home/yogesh.patel/execution/25_9_2026_PRD_work/OCT2017_Test/test/DRUSEN/DRUSEN-907869-1.jpeg,DRUSEN,2,0.0026881127,0.0036089502,0.9848451,0.008857838
/home/yogesh.patel/execution/25_9_2026_PRD_work/OCT2017_Test/test/DRUSEN/DRUSEN-907869-2.jpeg,DRUSEN,2,0.0047575007,0.008915143,0.98313326,0.0031940865
/home/yogesh.patel/execution/25_9_2026_PRD_work/OCT2017_Test/test/DRUSEN/DRUSEN-9087597-1.jpeg,DRUSEN,2,0.037826616,0.006428315,0.95176864,0.0039764126
/home/yogesh.patel/execution/25_9_2026_PRD_work/OCT2017_Test/test/DRUSEN/DRUSEN-9087597-2.jpeg,DRUSEN,2,0.02387178,0.008985883,0.96424264,0.0028996812
/home/yogesh.patel/execution/25_9_2026_PRD_work/OCT2017_Test/test/DRUSEN/DRUSEN-9155039-1.jpeg,DRUSEN,2,0.07762643,0.0063743237,0.90953344,0.0064658006
/home/yogesh.patel/execution/25_9_2026_PRD_work/OCT2017_Test/test/DRUSEN/DRUSEN-9201573-1.jpeg,DRUSEN,2,0.008064992,0.0051787607,0.9838543,0.0029019343
/home/yogesh.patel/execution/25_9_2026_PRD_work/OCT2017_Test/test/DRUSEN/DRUSEN-9225057-1.jpeg,DRUSEN,2,0.0041873,0.0028720188,0.98696905,0.0059715784
/home/yogesh.patel/execution/25_9_2026_PRD_work/OCT2017_Test/test/DRUSEN/DRUSEN-9225057-2.jpeg,DRUSEN,2,0.0043166582,0.0018060346,0.9885657,0.0053116465
/home/yogesh.patel/execution/25_9_2026_PRD_work/OCT2017_Test/test/DRUSEN/DRUSEN-9280370-1.jpeg,DRUSEN,2,0.016044578,0.0074711973,0.97274,0.003744257
/home/yogesh.patel/execution/25_9_2026_PRD_work/OCT2017_Test/test/DRUSEN/DRUSEN-9442692-1.jpeg,DRUSEN,2,0.007017664,0.00731812,0.9827905,0.002873699
/home/yogesh.patel/execution/25_9_2026_PRD_work/OCT2017_Test/test/DRUSEN/DRUSEN-9504181-1.jpeg,DRUSEN,2,0.0027374374,0.007197215,0.9878446,0.0022207953
/home/yogesh.patel/execution/25_9_2026_PRD_work/OCT2017_Test/test/DRUSEN/DRUSEN-9504181-2.jpeg,DRUSEN,2,0.0074449307,0.011050442,0.9780691,0.0034354958
/home/yogesh.patel/execution/25_9_2026_PRD_work/OCT2017_Test/test/DRUSEN/DRUSEN-95633-1.jpeg,DRUSEN,2,0.0064686635,0.008130571,0.98248655,0.0029142734
/home/yogesh.patel/execution/25_9_2026_PRD_work/OCT2017_Test/test/DRUSEN/DRUSEN-956663-1.jpeg,DRUSEN,2,0.007040777,0.005390305,0.9840857,0.0034832596
/home/yogesh.patel/execution/25_9_2026_PRD_work/OCT2017_Test/test/DRUSEN/DRUSEN-9624303-1.jpeg,DRUSEN,2,0.013825388,0.010462817,0.97346747,0.0022443281
/home/yogesh.patel/execution/25_9_2026_PRD_work/OCT2017_Test/test/DRUSEN/DRUSEN-9624303-2.jpeg,DRUSEN,2,0.003192166,0.0102489665,0.98489034,0.0016685352
/home/yogesh.patel/execution/25_9_2026_PRD_work/OCT2017_Test/test/DRUSEN/DRUSEN-9642260-1.jpeg,DRUSEN,2,0.013474528,0.009218088,0.9744528,0.00285463
/home/yogesh.patel/execution/25_9_2026_PRD_work/OCT2017_Test/test/DRUSEN/DRUSEN-9689334-1.jpeg,DRUSEN,2,0.00868503,0.009977117,0.9798027,0.0015351267
/home/yogesh.patel/execution/25_9_2026_PRD_work/OCT2017_Test/test/DRUSEN/DRUSEN-9734808-1.jpeg,DRUSEN,2,0.0048020887,0.006013997,0.98690605,0.0022779093
/home/yogesh.patel/execution/25_9_2026_PRD_work/OCT2017_Test/test/DRUSEN/DRUSEN-9734808-2.jpeg,DRUSEN,2,0.77227396,0.0039677084,0.21968888,0.0040694387
/home/yogesh.patel/execution/25_9_2026_PRD_work/OCT2017_Test/test/DRUSEN/DRUSEN-9800172-1.jpeg,DRUSEN,2,0.00917639,0.00538656,0.98192644,0.0035106384
/home/yogesh.patel/execution/25_9_2026_PRD_work/OCT2017_Test/test/DRUSEN/DRUSEN-987193-1.jpeg,DRUSEN,2,0.0050822105,0.0044761705,0.9888768,0.0015648407
/home/yogesh.patel/execution/25_9_2026_PRD_work/OCT2017_Test/test/NORMAL/NORMAL-1017237-1.jpeg,NORMAL,3,0.011391059,0.007332633,0.014285334,0.966991
/home/yogesh.patel/execution/25_9_2026_PRD_work/OCT2017_Test/test/NORMAL/NORMAL-101880-1.jpeg,NORMAL,3,0.008359165,0.0061849975,0.004030042,0.9814258
/home/yogesh.patel/execution/25_9_2026_PRD_work/OCT2017_Test/test/NORMAL/NORMAL-1025847-1.jpeg,NORMAL,3,0.006143896,0.003524793,0.013101798,0.97722954
/home/yogesh.patel/execution/25_9_2026_PRD_work/OCT2017_Test/test/NORMAL/NORMAL-1038998-1.jpeg,NORMAL,3,0.0034567579,0.013035496,0.0081988145,0.9753089
/home/yogesh.patel/execution/25_9_2026_PRD_work/OCT2017_Test/test/NORMAL/NORMAL-1042462-1.jpeg,NORMAL,3,0.0057189604,0.0066792243,0.046866056,0.94073576
/home/yogesh.patel/execution/25_9_2026_PRD_work/OCT2017_Test/test/NORMAL/NORMAL-1058176-1.jpeg,NORMAL,3,0.0032695958,0.004192481,0.006738576,0.9857993
/home/yogesh.patel/execution/25_9_2026_PRD_work/OCT2017_Test/test/NORMAL/NORMAL-1063128-1.jpeg,NORMAL,3,0.004725019,0.006000308,0.012893288,0.9763814
/home/yogesh.patel/execution/25_9_2026_PRD_work/OCT2017_Test/test/NORMAL/NORMAL-1073137-1.jpeg,NORMAL,3,0.0041481927,0.0031687587,0.005345484,0.9873376
/home/yogesh.patel/execution/25_9_2026_PRD_work/OCT2017_Test/test/NORMAL/NORMAL-1081406-1.jpeg,NORMAL,3,0.009787105,0.013052231,0.1551392,0.8220215
/home/yogesh.patel/execution/25_9_2026_PRD_work/OCT2017_Test/test/NORMAL/NORMAL-112928-1.jpeg,NORMAL,3,0.005839466,0.0053472654,0.009860196,0.97895306
/home/yogesh.patel/execution/25_9_2026_PRD_work/OCT2017_Test/test/NORMAL/NORMAL-119840-1.jpeg,NORMAL,3,0.008884504,0.03032514,0.0076965396,0.9530938
/home/yogesh.patel/execution/25_9_2026_PRD_work/OCT2017_Test/test/NORMAL/NORMAL-12494-1.jpeg,NORMAL,3,0.002914837,0.0030255984,0.0042446726,0.9898149
/home/yogesh.patel/execution/25_9_2026_PRD_work/OCT2017_Test/test/NORMAL/NORMAL-12494-2.jpeg,NORMAL,3,0.0052937767,0.0051018065,0.0071639037,0.98244053
/home/yogesh.patel/execution/25_9_2026_PRD_work/OCT2017_Test/test/NORMAL/NORMAL-12494-3.jpeg,NORMAL,3,0.002897864,0.006384269,0.014410799,0.97630703
/home/yogesh.patel/execution/25_9_2026_PRD_work/OCT2017_Test/test/NORMAL/NORMAL-12494-4.jpeg,NORMAL,3,0.009464805,0.0071083987,0.013412468,0.97001433
/home/yogesh.patel/execution/25_9_2026_PRD_work/OCT2017_Test/test/NORMAL/NORMAL-12494-5.jpeg,NORMAL,3,0.008167695,0.0056056967,0.0069865226,0.97924006
/home/yogesh.patel/execution/25_9_2026_PRD_work/OCT2017_Test/test/NORMAL/NORMAL-133321-1.jpeg,NORMAL,3,0.0033940352,0.032186054,0.004181969,0.960238
/home/yogesh.patel/execution/25_9_2026_PRD_work/OCT2017_Test/test/NORMAL/NORMAL-138971-1.jpeg,NORMAL,3,0.0039609103,0.005006862,0.0099085625,0.9811237
/home/yogesh.patel/execution/25_9_2026_PRD_work/OCT2017_Test/test/NORMAL/NORMAL-15208-1.jpeg,NORMAL,3,0.007135913,0.0042758514,0.007850516,0.98073775
/home/yogesh.patel/execution/25_9_2026_PRD_work/OCT2017_Test/test/NORMAL/NORMAL-15307-1.jpeg,NORMAL,3,0.0071795126,0.00861998,0.0062798564,0.97792065
/home/yogesh.patel/execution/25_9_2026_PRD_work/OCT2017_Test/test/NORMAL/NORMAL-153950-1.jpeg,NORMAL,3,0.004457549,0.0025848777,0.010658646,0.9822989
/home/yogesh.patel/execution/25_9_2026_PRD_work/OCT2017_Test/test/NORMAL/NORMAL-1746717-1.jpeg,NORMAL,3,0.0051664496,0.0032638346,0.0050887456,0.98648095
/home/yogesh.patel/execution/25_9_2026_PRD_work/OCT2017_Test/test/NORMAL/NORMAL-1759350-1.jpeg,NORMAL,3,0.006960566,0.005428119,0.011470524,0.97614074
/home/yogesh.patel/execution/25_9_2026_PRD_work/OCT2017_Test/test/NORMAL/NORMAL-1781140-1.jpeg,NORMAL,3,0.003590705,0.002899375,0.008130823,0.9853791
/home/yogesh.patel/execution/25_9_2026_PRD_work/OCT2017_Test/test/NORMAL/NORMAL-1791409-1.jpeg,NORMAL,3,0.003018672,0.0072955783,0.009606096,0.98007965
/home/yogesh.patel/execution/25_9_2026_PRD_work/OCT2017_Test/test/NORMAL/NORMAL-1831654-1.jpeg,NORMAL,3,0.004516519,0.007890991,0.00709013,0.98050237
/home/yogesh.patel/execution/25_9_2026_PRD_work/OCT2017_Test/test/NORMAL/NORMAL-1853526-1.jpeg,NORMAL,3,0.003227782,0.004031101,0.0078314915,0.9849096
/home/yogesh.patel/execution/25_9_2026_PRD_work/OCT2017_Test/test/NORMAL/NORMAL-1860310-1.jpeg,NORMAL,3,0.004026036,0.0065113273,0.0034448777,0.98601776
/home/yogesh.patel/execution/25_9_2026_PRD_work/OCT2017_Test/test/NORMAL/NORMAL-1897894-1.jpeg,NORMAL,3,0.010866382,0.004448296,0.006670291,0.978015
/home/yogesh.patel/execution/25_9_2026_PRD_work/OCT2017_Test/test/NORMAL/NORMAL-1907560-1.jpeg,NORMAL,3,0.0047666947,0.002161193,0.009746696,0.9833254
/home/yogesh.patel/execution/25_9_2026_PRD_work/OCT2017_Test/test/NORMAL/NORMAL-1908313-1.jpeg,NORMAL,3,0.0040873964,0.010349744,0.009356679,0.9762062
/home/yogesh.patel/execution/25_9_2026_PRD_work/OCT2017_Test/test/NORMAL/NORMAL-1951042-1.jpeg,NORMAL,3,0.008115587,0.0060343663,0.010722652,0.9751274
/home/yogesh.patel/execution/25_9_2026_PRD_work/OCT2017_Test/test/NORMAL/NORMAL-1957379-1.jpeg,NORMAL,3,0.0069316854,0.0044338144,0.0041434728,0.98449105
/home/yogesh.patel/execution/25_9_2026_PRD_work/OCT2017_Test/test/NORMAL/NORMAL-197082-1.jpeg,NORMAL,3,0.0062269634,0.0044232705,0.0441764,0.9451734
/home/yogesh.patel/execution/25_9_2026_PRD_work/OCT2017_Test/test/NORMAL/NORMAL-1983894-1.jpeg,NORMAL,3,0.0058723423,0.010385504,0.006705463,0.97703665
/home/yogesh.patel/execution/25_9_2026_PRD_work/OCT2017_Test/test/NORMAL/NORMAL-1988065-1.jpeg,NORMAL,3,0.0057332623,0.0032043767,0.00481206,0.9862503
/home/yogesh.patel/execution/25_9_2026_PRD_work/OCT2017_Test/test/NORMAL/NORMAL-1989796-1.jpeg,NORMAL,3,0.0061584655,0.0037932936,0.007952845,0.98209536
/home/yogesh.patel/execution/25_9_2026_PRD_work/OCT2017_Test/test/NORMAL/NORMAL-1998191-1.jpeg,NORMAL,3,0.005017221,0.003344379,0.004222864,0.98741555
/home/yogesh.patel/execution/25_9_2026_PRD_work/OCT2017_Test/test/NORMAL/NORMAL-2010714-1.jpeg,NORMAL,3,0.0072092228,0.005930289,0.0039810752,0.9828794
/home/yogesh.patel/execution/25_9_2026_PRD_work/OCT2017_Test/test/NORMAL/NORMAL-2011412-1.jpeg,NORMAL,3,0.004049462,0.005638917,0.0075908615,0.9827208
/home/yogesh.patel/execution/25_9_2026_PRD_work/OCT2017_Test/test/NORMAL/NORMAL-2019006-1.jpeg,NORMAL,3,0.005718141,0.006280769,0.01649086,0.97151023
/home/yogesh.patel/execution/25_9_2026_PRD_work/OCT2017_Test/test/NORMAL/NORMAL-2019423-1.jpeg,NORMAL,3,0.0068310695,0.006832248,0.010845229,0.9754914
/home/yogesh.patel/execution/25_9_2026_PRD_work/OCT2017_Test/test/NORMAL/NORMAL-2055634-1.jpeg,NORMAL,3,0.002642311,0.00921814,0.0048660757,0.98327345
/home/yogesh.patel/execution/25_9_2026_PRD_work/OCT2017_Test/test/NORMAL/NORMAL-2059629-1.jpeg,NORMAL,3,0.004668628,0.0059349677,0.01033535,0.97906107
/home/yogesh.patel/execution/25_9_2026_PRD_work/OCT2017_Test/test/NORMAL/NORMAL-2075832-1.jpeg,NORMAL,3,0.0076265787,0.01076233,0.0074996045,0.97411144
/home/yogesh.patel/execution/25_9_2026_PRD_work/OCT2017_Test/test/NORMAL/NORMAL-2082689-1.jpeg,NORMAL,3,0.0052067027,0.011591069,0.010089987,0.9731122
/home/yogesh.patel/execution/25_9_2026_PRD_work/OCT2017_Test/test/NORMAL/NORMAL-2095710-1.jpeg,NORMAL,3,0.0046461998,0.007859896,0.006267571,0.9812263
/home/yogesh.patel/execution/25_9_2026_PRD_work/OCT2017_Test/test/NORMAL/NORMAL-2113822-1.jpeg,NORMAL,3,0.0064416295,0.0048725773,0.009376087,0.97930974
/home/yogesh.patel/execution/25_9_2026_PRD_work/OCT2017_Test/test/NORMAL/NORMAL-2120559-1.jpeg,NORMAL,3,0.0047952216,0.0035143304,0.0047214096,0.986969
/home/yogesh.patel/execution/25_9_2026_PRD_work/OCT2017_Test/test/NORMAL/NORMAL-2120559-2.jpeg,NORMAL,3,0.0038426775,0.0050012893,0.005981911,0.9851741
/home/yogesh.patel/execution/25_9_2026_PRD_work/OCT2017_Test/test/NORMAL/NORMAL-2120559-3.jpeg,NORMAL,3,0.00449845,0.003381488,0.0037974338,0.9883226
/home/yogesh.patel/execution/25_9_2026_PRD_work/OCT2017_Test/test/NORMAL/NORMAL-2126186-1.jpeg,NORMAL,3,0.0067457315,0.0037612147,0.0059507685,0.9835423
/home/yogesh.patel/execution/25_9_2026_PRD_work/OCT2017_Test/test/NORMAL/NORMAL-2131138-1.jpeg,NORMAL,3,0.0038858072,0.0073036775,0.007866479,0.98094404
/home/yogesh.patel/execution/25_9_2026_PRD_work/OCT2017_Test/test/NORMAL/NORMAL-2158556-1.jpeg,NORMAL,3,0.006869995,0.0031136058,0.0073727057,0.98264366
/home/yogesh.patel/execution/25_9_2026_PRD_work/OCT2017_Test/test/NORMAL/NORMAL-2167295-1.jpeg,NORMAL,3,0.0047783963,0.010146217,0.012892759,0.97218263
/home/yogesh.patel/execution/25_9_2026_PRD_work/OCT2017_Test/test/NORMAL/NORMAL-2181272-1.jpeg,NORMAL,3,0.0053585223,0.006441538,0.0051171402,0.9830828
/home/yogesh.patel/execution/25_9_2026_PRD_work/OCT2017_Test/test/NORMAL/NORMAL-2182640-1.jpeg,NORMAL,3,0.008885886,0.0047791945,0.818045,0.16828986
/home/yogesh.patel/execution/25_9_2026_PRD_work/OCT2017_Test/test/NORMAL/NORMAL-2192790-1.jpeg,NORMAL,3,0.0067213727,0.003783867,0.0072814533,0.9822133
/home/yogesh.patel/execution/25_9_2026_PRD_work/OCT2017_Test/test/NORMAL/NORMAL-2197972-1.jpeg,NORMAL,3,0.005417675,0.0052851457,0.006700135,0.98259705
/home/yogesh.patel/execution/25_9_2026_PRD_work/OCT2017_Test/test/NORMAL/NORMAL-2226488-1.jpeg,NORMAL,3,0.006886296,0.0103328535,0.0049905484,0.9777903
/home/yogesh.patel/execution/25_9_2026_PRD_work/OCT2017_Test/test/NORMAL/NORMAL-2231056-1.jpeg,NORMAL,3,0.0071988106,0.0051053152,0.009459338,0.97823656
/home/yogesh.patel/execution/25_9_2026_PRD_work/OCT2017_Test/test/NORMAL/NORMAL-223814-1.jpeg,NORMAL,3,0.00453025,0.008088152,0.0087127285,0.97866887
/home/yogesh.patel/execution/25_9_2026_PRD_work/OCT2017_Test/test/NORMAL/NORMAL-2244950-1.jpeg,NORMAL,3,0.0032882083,0.004150337,0.005005582,0.98755586
/home/yogesh.patel/execution/25_9_2026_PRD_work/OCT2017_Test/test/NORMAL/NORMAL-2287992-1.jpeg,NORMAL,3,0.0030261253,0.0066923914,0.0043085595,0.98597294
/home/yogesh.patel/execution/25_9_2026_PRD_work/OCT2017_Test/test/NORMAL/NORMAL-2305502-1.jpeg,NORMAL,3,0.004088767,0.0052515254,0.007682232,0.9829775
/home/yogesh.patel/execution/25_9_2026_PRD_work/OCT2017_Test/test/NORMAL/NORMAL-2312921-1.jpeg,NORMAL,3,0.016700117,0.038816668,0.004508253,0.93997496
/home/yogesh.patel/execution/25_9_2026_PRD_work/OCT2017_Test/test/NORMAL/NORMAL-2316423-1.jpeg,NORMAL,3,0.0045546694,0.0036965846,0.006907997,0.98484075
/home/yogesh.patel/execution/25_9_2026_PRD_work/OCT2017_Test/test/NORMAL/NORMAL-2335256-1.jpeg,NORMAL,3,0.0070688627,0.0032606835,0.005212275,0.9844582
/home/yogesh.patel/execution/25_9_2026_PRD_work/OCT2017_Test/test/NORMAL/NORMAL-2342517-1.jpeg,NORMAL,3,0.006171011,0.0050911936,0.009846081,0.9788917
/home/yogesh.patel/execution/25_9_2026_PRD_work/OCT2017_Test/test/NORMAL/NORMAL-2350851-1.jpeg,NORMAL,3,0.0034434882,0.009252307,0.007703047,0.97960114
/home/yogesh.patel/execution/25_9_2026_PRD_work/OCT2017_Test/test/NORMAL/NORMAL-2351012-1.jpeg,NORMAL,3,0.005946998,0.008746083,0.005523937,0.979783
/home/yogesh.patel/execution/25_9_2026_PRD_work/OCT2017_Test/test/NORMAL/NORMAL-2362579-1.jpeg,NORMAL,3,0.0046113506,0.004078485,0.005766117,0.985544
/home/yogesh.patel/execution/25_9_2026_PRD_work/OCT2017_Test/test/NORMAL/NORMAL-2366700-1.jpeg,NORMAL,3,0.0073609105,0.0044437884,0.0067423848,0.98145294
/home/yogesh.patel/execution/25_9_2026_PRD_work/OCT2017_Test/test/NORMAL/NORMAL-2373878-1.jpeg,NORMAL,3,0.006584453,0.0051460797,0.0071625793,0.9811069
/home/yogesh.patel/execution/25_9_2026_PRD_work/OCT2017_Test/test/NORMAL/NORMAL-2377429-1.jpeg,NORMAL,3,0.0031757439,0.005235317,0.009296363,0.9822926
/home/yogesh.patel/execution/25_9_2026_PRD_work/OCT2017_Test/test/NORMAL/NORMAL-2392366-1.jpeg,NORMAL,3,0.0071762744,0.0070157917,0.0067592533,0.97904867
/home/yogesh.patel/execution/25_9_2026_PRD_work/OCT2017_Test/test/NORMAL/NORMAL-2397754-1.jpeg,NORMAL,3,0.0055119526,0.010060765,0.024006782,0.96042055
/home/yogesh.patel/execution/25_9_2026_PRD_work/OCT2017_Test/test/NORMAL/NORMAL-2403175-1.jpeg,NORMAL,3,0.013493759,0.0048404504,0.010752418,0.97091335
/home/yogesh.patel/execution/25_9_2026_PRD_work/OCT2017_Test/test/NORMAL/NORMAL-2416187-1.jpeg,NORMAL,3,0.009312419,0.016835943,0.0069661667,0.96688545
/home/yogesh.patel/execution/25_9_2026_PRD_work/OCT2017_Test/test/NORMAL/NORMAL-2421067-1.jpeg,NORMAL,3,0.0030885874,0.010980942,0.007004377,0.9789261
/home/yogesh.patel/execution/25_9_2026_PRD_work/OCT2017_Test/test/NORMAL/NORMAL-2424949-1.jpeg,NORMAL,3,0.0030611593,0.013564746,0.010098793,0.9732753
/home/yogesh.patel/execution/25_9_2026_PRD_work/OCT2017_Test/test/NORMAL/NORMAL-2434258-1.jpeg,NORMAL,3,0.0038016653,0.0058705513,0.0051037804,0.985224
/home/yogesh.patel/execution/25_9_2026_PRD_work/OCT2017_Test/test/NORMAL/NORMAL-2436365-1.jpeg,NORMAL,3,0.007720273,0.0036676505,0.0043917256,0.9842204
/home/yogesh.patel/execution/25_9_2026_PRD_work/OCT2017_Test/test/NORMAL/NORMAL-2448954-1.jpeg,NORMAL,3,0.0029392093,0.010773146,0.009486111,0.9768015
/home/yogesh.patel/execution/25_9_2026_PRD_work/OCT2017_Test/test/NORMAL/NORMAL-2459401-1.jpeg,NORMAL,3,0.007188522,0.0073003704,0.009022456,0.97648865
/home/yogesh.patel/execution/25_9_2026_PRD_work/OCT2017_Test/test/NORMAL/NORMAL-2460548-1.jpeg,NORMAL,3,0.0031146167,0.0042012897,0.00735194,0.9853322
/home/yogesh.patel/execution/25_9_2026_PRD_work/OCT2017_Test/test/NORMAL/NORMAL-2476896-1.jpeg,NORMAL,3,0.013247876,0.006601217,0.011508276,0.96864265
/home/yogesh.patel/execution/25_9_2026_PRD_work/OCT2017_Test/test/NORMAL/NORMAL-2493975-1.jpeg,NORMAL,3,0.008265696,0.0067683575,0.007008612,0.9779573
/home/yogesh.patel/execution/25_9_2026_PRD_work/OCT2017_Test/test/NORMAL/NORMAL-2504667-1.jpeg,NORMAL,3,0.0065441886,0.007932875,0.009462901,0.97606003
/home/yogesh.patel/execution/25_9_2026_PRD_work/OCT2017_Test/test/NORMAL/NORMAL-2509453-1.jpeg,NORMAL,3,0.0041783038,0.00446275,0.0039800834,0.98737884
/home/yogesh.patel/execution/25_9_2026_PRD_work/OCT2017_Test/test/NORMAL/NORMAL-2517546-1.jpeg,NORMAL,3,0.0026015819,0.006326639,0.0032288223,0.987843
/home/yogesh.patel/execution/25_9_2026_PRD_work/OCT2017_Test/test/NORMAL/NORMAL-2549549-1.jpeg,NORMAL,3,0.0040738746,0.003317963,0.0089203715,0.98368776
/home/yogesh.patel/execution/25_9_2026_PRD_work/OCT2017_Test/test/NORMAL/NORMAL-2551333-1.jpeg,NORMAL,3,0.0037642606,0.0041058683,0.007816938,0.98431295
/home/yogesh.patel/execution/25_9_2026_PRD_work/OCT2017_Test/test/NORMAL/NORMAL-2569106-1.jpeg,NORMAL,3,0.0059061064,0.0076765674,0.0063580796,0.98005927
/home/yogesh.patel/execution/25_9_2026_PRD_work/OCT2017_Test/test/NORMAL/NORMAL-2570020-1.jpeg,NORMAL,3,0.0034601926,0.0063013257,0.009183711,0.9810548
/home/yogesh.patel/execution/25_9_2026_PRD_work/OCT2017_Test/test/NORMAL/NORMAL-2579419-1.jpeg,NORMAL,3,0.002229225,0.0033845375,0.0066889822,0.98769724
/home/yogesh.patel/execution/25_9_2026_PRD_work/OCT2017_Test/test/NORMAL/NORMAL-2598368-1.jpeg,NORMAL,3,0.002608849,0.0023901877,0.0046735336,0.9903274
/home/yogesh.patel/execution/25_9_2026_PRD_work/OCT2017_Test/test/NORMAL/NORMAL-2602596-1.jpeg,NORMAL,3,0.0041414257,0.010678656,0.0072430638,0.9779368
/home/yogesh.patel/execution/25_9_2026_PRD_work/OCT2017_Test/test/NORMAL/NORMAL-2627129-1.jpeg,NORMAL,3,0.0067368685,0.007859259,0.004570996,0.9808329
/home/yogesh.patel/execution/25_9_2026_PRD_work/OCT2017_Test/test/NORMAL/NORMAL-2633503-1.jpeg,NORMAL,3,0.004874127,0.011222905,0.014015574,0.96988744
/home/yogesh.patel/execution/25_9_2026_PRD_work/OCT2017_Test/test/NORMAL/NORMAL-2636641-1.jpeg,NORMAL,3,0.0044301413,0.0043727914,0.0051283403,0.9860687
/home/yogesh.patel/execution/25_9_2026_PRD_work/OCT2017_Test/test/NORMAL/NORMAL-2665491-1.jpeg,NORMAL,3,0.0061306236,0.006864424,0.010003368,0.9770016
/home/yogesh.patel/execution/25_9_2026_PRD_work/OCT2017_Test/test/NORMAL/NORMAL-269181-1.jpeg,NORMAL,3,0.0030277227,0.0020639615,0.0063848495,0.9885234
/home/yogesh.patel/execution/25_9_2026_PRD_work/OCT2017_Test/test/NORMAL/NORMAL-2705520-1.jpeg,NORMAL,3,0.0063865804,0.004265167,0.010424607,0.9789236
/home/yogesh.patel/execution/25_9_2026_PRD_work/OCT2017_Test/test/NORMAL/NORMAL-2709055-1.jpeg,NORMAL,3,0.005658385,0.013657772,0.006896917,0.97378695
/home/yogesh.patel/execution/25_9_2026_PRD_work/OCT2017_Test/test/NORMAL/NORMAL-2733663-1.jpeg,NORMAL,3,0.009008491,0.006764779,0.008237329,0.9759894
/home/yogesh.patel/execution/25_9_2026_PRD_work/OCT2017_Test/test/NORMAL/NORMAL-2739821-1.jpeg,NORMAL,3,0.003443862,0.005521778,0.0099403,0.98109406
/home/yogesh.patel/execution/25_9_2026_PRD_work/OCT2017_Test/test/NORMAL/NORMAL-2769622-1.jpeg,NORMAL,3,0.008069663,0.0051722843,0.013105656,0.9736524
/home/yogesh.patel/execution/25_9_2026_PRD_work/OCT2017_Test/test/NORMAL/NORMAL-2769622-2.jpeg,NORMAL,3,0.004976742,0.018447872,0.012773556,0.96380186
/home/yogesh.patel/execution/25_9_2026_PRD_work/OCT2017_Test/test/NORMAL/NORMAL-279206-1.jpeg,NORMAL,3,0.007719212,0.0042213644,0.0063539,0.98170555
/home/yogesh.patel/execution/25_9_2026_PRD_work/OCT2017_Test/test/NORMAL/NORMAL-283376-1.jpeg,NORMAL,3,0.00834594,0.005074996,0.007387485,0.9791916
/home/yogesh.patel/execution/25_9_2026_PRD_work/OCT2017_Test/test/NORMAL/NORMAL-285896-1.jpeg,NORMAL,3,0.006785669,0.008749363,0.007813039,0.9766519
/home/yogesh.patel/execution/25_9_2026_PRD_work/OCT2017_Test/test/NORMAL/NORMAL-2973935-1.jpeg,NORMAL,3,0.0025060424,0.00486391,0.004365344,0.98826474
/home/yogesh.patel/execution/25_9_2026_PRD_work/OCT2017_Test/test/NORMAL/NORMAL-3059523-1.jpeg,NORMAL,3,0.006858963,0.009249235,0.005079144,0.97881263
/home/yogesh.patel/execution/25_9_2026_PRD_work/OCT2017_Test/test/NORMAL/NORMAL-307151-1.jpeg,NORMAL,3,0.0066518723,0.00583114,0.009066679,0.97845036
/home/yogesh.patel/execution/25_9_2026_PRD_work/OCT2017_Test/test/NORMAL/NORMAL-307151-2.jpeg,NORMAL,3,0.005931529,0.02199602,0.0113959145,0.96067655
/home/yogesh.patel/execution/25_9_2026_PRD_work/OCT2017_Test/test/NORMAL/NORMAL-3077276-1.jpeg,NORMAL,3,0.0032314546,0.0029143393,0.010317019,0.9835372
/home/yogesh.patel/execution/25_9_2026_PRD_work/OCT2017_Test/test/NORMAL/NORMAL-3100637-1.jpeg,NORMAL,3,0.002563243,0.0071745845,0.005887668,0.9843745
/home/yogesh.patel/execution/25_9_2026_PRD_work/OCT2017_Test/test/NORMAL/NORMAL-3103940-1.jpeg,NORMAL,3,0.003056254,0.0063577485,0.008684784,0.98190117
/home/yogesh.patel/execution/25_9_2026_PRD_work/OCT2017_Test/test/NORMAL/NORMAL-3108564-1.jpeg,NORMAL,3,0.006663011,0.0062992196,0.008243177,0.97879463
/home/yogesh.patel/execution/25_9_2026_PRD_work/OCT2017_Test/test/NORMAL/NORMAL-3134896-1.jpeg,NORMAL,3,0.003637534,0.0035620837,0.0055702007,0.9872302
/home/yogesh.patel/execution/25_9_2026_PRD_work/OCT2017_Test/test/NORMAL/NORMAL-3166591-1.jpeg,NORMAL,3,0.005677748,0.0045744367,0.008542135,0.9812057
/home/yogesh.patel/execution/25_9_2026_PRD_work/OCT2017_Test/test/NORMAL/NORMAL-3220509-1.jpeg,NORMAL,3,0.00411097,0.004798002,0.0070694447,0.98402154
/home/yogesh.patel/execution/25_9_2026_PRD_work/OCT2017_Test/test/NORMAL/NORMAL-3244919-1.jpeg,NORMAL,3,0.004793518,0.0062859626,0.0073099746,0.98161054
/home/yogesh.patel/execution/25_9_2026_PRD_work/OCT2017_Test/test/NORMAL/NORMAL-3256489-1.jpeg,NORMAL,3,0.017675018,0.0065254755,0.0029996552,0.9727999
/home/yogesh.patel/execution/25_9_2026_PRD_work/OCT2017_Test/test/NORMAL/NORMAL-3277704-1.jpeg,NORMAL,3,0.0033168546,0.005411222,0.004533285,0.9867387
/home/yogesh.patel/execution/25_9_2026_PRD_work/OCT2017_Test/test/NORMAL/NORMAL-3300015-1.jpeg,NORMAL,3,0.0065395636,0.0049652024,0.009978712,0.9785165
/home/yogesh.patel/execution/25_9_2026_PRD_work/OCT2017_Test/test/NORMAL/NORMAL-3307598-1.jpeg,NORMAL,3,0.0062167346,0.008939468,0.01282322,0.97202057
/home/yogesh.patel/execution/25_9_2026_PRD_work/OCT2017_Test/test/NORMAL/NORMAL-3307598-2.jpeg,NORMAL,3,0.003576596,0.006610803,0.013214219,0.9765984
/home/yogesh.patel/execution/25_9_2026_PRD_work/OCT2017_Test/test/NORMAL/NORMAL-3308307-1.jpeg,NORMAL,3,0.00714384,0.0039743967,0.0113005405,0.97758126
/home/yogesh.patel/execution/25_9_2026_PRD_work/OCT2017_Test/test/NORMAL/NORMAL-330905-1.jpeg,NORMAL,3,0.006486137,0.003855537,0.00740352,0.9822548
/home/yogesh.patel/execution/25_9_2026_PRD_work/OCT2017_Test/test/NORMAL/NORMAL-3320960-1.jpeg,NORMAL,3,0.0039859377,0.0077391993,0.006648408,0.98162645
/home/yogesh.patel/execution/25_9_2026_PRD_work/OCT2017_Test/test/NORMAL/NORMAL-3326661-1.jpeg,NORMAL,3,0.0062665753,0.005243843,0.006931805,0.9815577
/home/yogesh.patel/execution/25_9_2026_PRD_work/OCT2017_Test/test/NORMAL/NORMAL-3330006-1.jpeg,NORMAL,3,0.008600808,0.0065174294,0.01043016,0.9744516
/home/yogesh.patel/execution/25_9_2026_PRD_work/OCT2017_Test/test/NORMAL/NORMAL-3332063-1.jpeg,NORMAL,3,0.0050698747,0.004276479,0.004659592,0.98599404
/home/yogesh.patel/execution/25_9_2026_PRD_work/OCT2017_Test/test/NORMAL/NORMAL-33350-1.jpeg,NORMAL,3,0.0028139157,0.005674622,0.0056411843,0.98587024
/home/yogesh.patel/execution/25_9_2026_PRD_work/OCT2017_Test/test/NORMAL/NORMAL-33350-2.jpeg,NORMAL,3,0.0023508233,0.0055413125,0.0069875373,0.9851203
/home/yogesh.patel/execution/25_9_2026_PRD_work/OCT2017_Test/test/NORMAL/NORMAL-33350-3.jpeg,NORMAL,3,0.1187867,0.044748455,0.055144057,0.78132075
/home/yogesh.patel/execution/25_9_2026_PRD_work/OCT2017_Test/test/NORMAL/NORMAL-3340309-1.jpeg,NORMAL,3,0.008849027,0.0030039253,0.0041756295,0.9839714
/home/yogesh.patel/execution/25_9_2026_PRD_work/OCT2017_Test/test/NORMAL/NORMAL-3346049-1.jpeg,NORMAL,3,0.004185601,0.002969188,0.003230037,0.9896152
/home/yogesh.patel/execution/25_9_2026_PRD_work/OCT2017_Test/test/NORMAL/NORMAL-3347645-1.jpeg,NORMAL,3,0.002790969,0.003647548,0.006118297,0.9874432
/home/yogesh.patel/execution/25_9_2026_PRD_work/OCT2017_Test/test/NORMAL/NORMAL-3354044-1.jpeg,NORMAL,3,0.0049976534,0.004036232,0.006148696,0.9848174
/home/yogesh.patel/execution/25_9_2026_PRD_work/OCT2017_Test/test/NORMAL/NORMAL-3361560-1.jpeg,NORMAL,3,0.0074901306,0.0054269196,0.0077748527,0.9793081
/home/yogesh.patel/execution/25_9_2026_PRD_work/OCT2017_Test/test/NORMAL/NORMAL-3361750-1.jpeg,NORMAL,3,0.006588152,0.008252401,0.0027657335,0.9823937
/home/yogesh.patel/execution/25_9_2026_PRD_work/OCT2017_Test/test/NORMAL/NORMAL-33637-1.jpeg,NORMAL,3,0.004160302,0.004931789,0.006553099,0.9843548
/home/yogesh.patel/execution/25_9_2026_PRD_work/OCT2017_Test/test/NORMAL/NORMAL-3373954-1.jpeg,NORMAL,3,0.0046602404,0.004623081,0.009548678,0.981168
/home/yogesh.patel/execution/25_9_2026_PRD_work/OCT2017_Test/test/NORMAL/NORMAL-3380901-1.jpeg,NORMAL,3,0.0066295965,0.0038750814,0.008063682,0.9814316
/home/yogesh.patel/execution/25_9_2026_PRD_work/OCT2017_Test/test/NORMAL/NORMAL-338568-1.jpeg,NORMAL,3,0.0073854537,0.0044727297,0.007085324,0.98105645
/home/yogesh.patel/execution/25_9_2026_PRD_work/OCT2017_Test/test/NORMAL/NORMAL-3390782-1.jpeg,NORMAL,3,0.011405864,0.0052877287,0.0069870744,0.9763193
/home/yogesh.patel/execution/25_9_2026_PRD_work/OCT2017_Test/test/NORMAL/NORMAL-3398969-1.jpeg,NORMAL,3,0.008192182,0.005831877,0.018132858,0.96784306
/home/yogesh.patel/execution/25_9_2026_PRD_work/OCT2017_Test/test/NORMAL/NORMAL-3399839-1.jpeg,NORMAL,3,0.0072337994,0.0054895487,0.008468889,0.9788078
/home/yogesh.patel/execution/25_9_2026_PRD_work/OCT2017_Test/test/NORMAL/NORMAL-3416330-1.jpeg,NORMAL,3,0.0018522817,0.010753538,0.0086158365,0.9787783
/home/yogesh.patel/execution/25_9_2026_PRD_work/OCT2017_Test/test/NORMAL/NORMAL-3431386-1.jpeg,NORMAL,3,0.0050027636,0.008154051,0.0039622323,0.98288095
/home/yogesh.patel/execution/25_9_2026_PRD_work/OCT2017_Test/test/NORMAL/NORMAL-3451887-1.jpeg,NORMAL,3,0.005557872,0.0062641944,0.007930375,0.98024756
/home/yogesh.patel/execution/25_9_2026_PRD_work/OCT2017_Test/test/NORMAL/NORMAL-3465750-1.jpeg,NORMAL,3,0.003441512,0.004492207,0.009973196,0.9820931
/home/yogesh.patel/execution/25_9_2026_PRD_work/OCT2017_Test/test/NORMAL/NORMAL-3466714-1.jpeg,NORMAL,3,0.005843909,0.0056066457,0.005794907,0.9827545
/home/yogesh.patel/execution/25_9_2026_PRD_work/OCT2017_Test/test/NORMAL/NORMAL-3475211-1.jpeg,NORMAL,3,0.006363247,0.004460833,0.0074372324,0.9817387
/home/yogesh.patel/execution/25_9_2026_PRD_work/OCT2017_Test/test/NORMAL/NORMAL-348347-1.jpeg,NORMAL,3,0.003320232,0.0031818391,0.0041748947,0.989323
/home/yogesh.patel/execution/25_9_2026_PRD_work/OCT2017_Test/test/NORMAL/NORMAL-349021-1.jpeg,NORMAL,3,0.0057215993,0.0028135197,0.012094828,0.97937006
/home/yogesh.patel/execution/25_9_2026_PRD_work/OCT2017_Test/test/NORMAL/NORMAL-351109-1.jpeg,NORMAL,3,0.004747647,0.005918825,0.009760555,0.97957295
/home/yogesh.patel/execution/25_9_2026_PRD_work/OCT2017_Test/test/NORMAL/NORMAL-351109-2.jpeg,NORMAL,3,0.00491403,0.005064879,0.008046,0.9819751
/home/yogesh.patel/execution/25_9_2026_PRD_work/OCT2017_Test/test/NORMAL/NORMAL-3531215-1.jpeg,NORMAL,3,0.0055980408,0.0040422804,0.010277411,0.9800823
/home/yogesh.patel/execution/25_9_2026_PRD_work/OCT2017_Test/test/NORMAL/NORMAL-3538316-1.jpeg,NORMAL,3,0.002130081,0.0047693583,0.0064575737,0.986643
/home/yogesh.patel/execution/25_9_2026_PRD_work/OCT2017_Test/test/NORMAL/NORMAL-3561306-1.jpeg,NORMAL,3,0.0043760934,0.0037919334,0.006961959,0.98487
/home/yogesh.patel/execution/25_9_2026_PRD_work/OCT2017_Test/test/NORMAL/NORMAL-3561306-2.jpeg,NORMAL,3,0.0045858114,0.012298084,0.005371024,0.97774506
/home/yogesh.patel/execution/25_9_2026_PRD_work/OCT2017_Test/test/NORMAL/NORMAL-366503-1.jpeg,NORMAL,3,0.0058200266,0.007751071,0.008544766,0.9778841
/home/yogesh.patel/execution/25_9_2026_PRD_work/OCT2017_Test/test/NORMAL/NORMAL-366503-2.jpeg,NORMAL,3,0.010651507,0.009367192,0.054419655,0.9255616
/home/yogesh.patel/execution/25_9_2026_PRD_work/OCT2017_Test/test/NORMAL/NORMAL-36734-1.jpeg,NORMAL,3,0.004639232,0.004386819,0.0073267105,0.9836473
/home/yogesh.patel/execution/25_9_2026_PRD_work/OCT2017_Test/test/NORMAL/NORMAL-37818-1.jpeg,NORMAL,3,0.0042110733,0.006467249,0.006669148,0.9826525
/home/yogesh.patel/execution/25_9_2026_PRD_work/OCT2017_Test/test/NORMAL/NORMAL-395557-1.jpeg,NORMAL,3,0.0035862837,0.0038909942,0.005692887,0.9868299
/home/yogesh.patel/execution/25_9_2026_PRD_work/OCT2017_Test/test/NORMAL/NORMAL-402066-1.jpeg,NORMAL,3,0.003681065,0.0068368004,0.006129041,0.9833531
/home/yogesh.patel/execution/25_9_2026_PRD_work/OCT2017_Test/test/NORMAL/NORMAL-402066-2.jpeg,NORMAL,3,0.0055657057,0.00470145,0.00672153,0.9830113
/home/yogesh.patel/execution/25_9_2026_PRD_work/OCT2017_Test/test/NORMAL/NORMAL-402066-3.jpeg,NORMAL,3,0.005711057,0.004798918,0.005972037,0.983518
/home/yogesh.patel/execution/25_9_2026_PRD_work/OCT2017_Test/test/NORMAL/NORMAL-402066-4.jpeg,NORMAL,3,0.004002176,0.0068760477,0.010422897,0.9786989
/home/yogesh.patel/execution/25_9_2026_PRD_work/OCT2017_Test/test/NORMAL/NORMAL-402066-5.jpeg,NORMAL,3,0.008310791,0.00887015,0.009618614,0.97320044
/home/yogesh.patel/execution/25_9_2026_PRD_work/OCT2017_Test/test/NORMAL/NORMAL-438684-1.jpeg,NORMAL,3,0.0034241488,0.0030690362,0.0056306804,0.9878761
/home/yogesh.patel/execution/25_9_2026_PRD_work/OCT2017_Test/test/NORMAL/NORMAL-438684-2.jpeg,NORMAL,3,0.0043442976,0.004460232,0.008208815,0.9829867
/home/yogesh.patel/execution/25_9_2026_PRD_work/OCT2017_Test/test/NORMAL/NORMAL-438684-3.jpeg,NORMAL,3,0.0060084485,0.0038484337,0.0049304324,0.9852127
/home/yogesh.patel/execution/25_9_2026_PRD_work/OCT2017_Test/test/NORMAL/NORMAL-443980-1.jpeg,NORMAL,3,0.005133955,0.005285321,0.006609559,0.98297113
/home/yogesh.patel/execution/25_9_2026_PRD_work/OCT2017_Test/test/NORMAL/NORMAL-446851-1.jpeg,NORMAL,3,0.012326542,0.010998636,0.003963687,0.97271115
/home/yogesh.patel/execution/25_9_2026_PRD_work/OCT2017_Test/test/NORMAL/NORMAL-446851-2.jpeg,NORMAL,3,0.0069588856,0.010792004,0.009176173,0.97307295
/home/yogesh.patel/execution/25_9_2026_PRD_work/OCT2017_Test/test/NORMAL/NORMAL-447690-1.jpeg,NORMAL,3,0.0022826702,0.0036508408,0.0036764056,0.99039006
/home/yogesh.patel/execution/25_9_2026_PRD_work/OCT2017_Test/test/NORMAL/NORMAL-447690-2.jpeg,NORMAL,3,0.0076709744,0.0050537307,0.0052956226,0.98197967
/home/yogesh.patel/execution/25_9_2026_PRD_work/OCT2017_Test/test/NORMAL/NORMAL-450532-1.jpeg,NORMAL,3,0.007918137,0.006374892,0.011587519,0.9741194
/home/yogesh.patel/execution/25_9_2026_PRD_work/OCT2017_Test/test/NORMAL/NORMAL-450923-1.jpeg,NORMAL,3,0.014208878,0.008948177,0.011777035,0.9650659
/home/yogesh.patel/execution/25_9_2026_PRD_work/OCT2017_Test/test/NORMAL/NORMAL-450923-2.jpeg,NORMAL,3,0.015915299,0.004493155,0.007791,0.97180057
/home/yogesh.patel/execution/25_9_2026_PRD_work/OCT2017_Test/test/NORMAL/NORMAL-460711-1.jpeg,NORMAL,3,0.0040666806,0.0044381325,0.0078899795,0.9836052
/home/yogesh.patel/execution/25_9_2026_PRD_work/OCT2017_Test/test/NORMAL/NORMAL-460844-1.jpeg,NORMAL,3,0.0060854033,0.0067080217,0.0070301513,0.98017645
/home/yogesh.patel/execution/25_9_2026_PRD_work/OCT2017_Test/test/NORMAL/NORMAL-466978-1.jpeg,NORMAL,3,0.005065491,0.0024608602,0.0037022904,0.9887714
/home/yogesh.patel/execution/25_9_2026_PRD_work/OCT2017_Test/test/NORMAL/NORMAL-469935-1.jpeg,NORMAL,3,0.005090424,0.007987001,0.0075041987,0.9794184
/home/yogesh.patel/execution/25_9_2026_PRD_work/OCT2017_Test/test/NORMAL/NORMAL-4761187-1.jpeg,NORMAL,3,0.006035862,0.004599185,0.0095720375,0.97979295
/home/yogesh.patel/execution/25_9_2026_PRD_work/OCT2017_Test/test/NORMAL/NORMAL-4790999-1.jpeg,NORMAL,3,0.004792473,0.008730056,0.007993143,0.97848433
/home/yogesh.patel/execution/25_9_2026_PRD_work/OCT2017_Test/test/NORMAL/NORMAL-48053-1.jpeg,NORMAL,3,0.004627001,0.0037600624,0.003981797,0.98763114
/home/yogesh.patel/execution/25_9_2026_PRD_work/OCT2017_Test/test/NORMAL/NORMAL-4839633-1.jpeg,NORMAL,3,0.006900597,0.0076252623,0.007993477,0.97748065
/home/yogesh.patel/execution/25_9_2026_PRD_work/OCT2017_Test/test/NORMAL/NORMAL-486271-1.jpeg,NORMAL,3,0.0070273224,0.0042228983,0.0025015934,0.9862482
/home/yogesh.patel/execution/25_9_2026_PRD_work/OCT2017_Test/test/NORMAL/NORMAL-508852-1.jpeg,NORMAL,3,0.005650827,0.0040636864,0.002216603,0.9880689
/home/yogesh.patel/execution/25_9_2026_PRD_work/OCT2017_Test/test/NORMAL/NORMAL-508852-2.jpeg,NORMAL,3,0.007179952,0.0035017694,0.0064773196,0.98284096
/home/yogesh.patel/execution/25_9_2026_PRD_work/OCT2017_Test/test/NORMAL/NORMAL-519372-1.jpeg,NORMAL,3,0.004277851,0.008283018,0.01227521,0.97516394
/home/yogesh.patel/execution/25_9_2026_PRD_work/OCT2017_Test/test/NORMAL/NORMAL-524640-1.jpeg,NORMAL,3,0.0047386577,0.0044290926,0.00798886,0.98284334
/home/yogesh.patel/execution/25_9_2026_PRD_work/OCT2017_Test/test/NORMAL/NORMAL-544457-1.jpeg,NORMAL,3,0.0046769436,0.011944174,0.01529991,0.968079
/home/yogesh.patel/execution/25_9_2026_PRD_work/OCT2017_Test/test/NORMAL/NORMAL-544711-1.jpeg,NORMAL,3,0.008301022,0.0084008,0.007360712,0.9759375
/home/yogesh.patel/execution/25_9_2026_PRD_work/OCT2017_Test/test/NORMAL/NORMAL-547422-1.jpeg,NORMAL,3,0.0067733037,0.0017687054,0.0025550313,0.988903
/home/yogesh.patel/execution/25_9_2026_PRD_work/OCT2017_Test/test/NORMAL/NORMAL-547422-2.jpeg,NORMAL,3,0.0062806117,0.002492654,0.003378564,0.98784816
/home/yogesh.patel/execution/25_9_2026_PRD_work/OCT2017_Test/test/NORMAL/NORMAL-549356-1.jpeg,NORMAL,3,0.003825742,0.008148949,0.010631658,0.9773937
/home/yogesh.patel/execution/25_9_2026_PRD_work/OCT2017_Test/test/NORMAL/NORMAL-549356-2.jpeg,NORMAL,3,0.009165281,0.0023434157,0.0047682784,0.983723
/home/yogesh.patel/execution/25_9_2026_PRD_work/OCT2017_Test/test/NORMAL/NORMAL-549356-3.jpeg,NORMAL,3,0.008668126,0.008803625,0.018075459,0.9644528
/home/yogesh.patel/execution/25_9_2026_PRD_work/OCT2017_Test/test/NORMAL/NORMAL-552739-1.jpeg,NORMAL,3,0.0047287373,0.005719667,0.00418644,0.98536515
/home/yogesh.patel/execution/25_9_2026_PRD_work/OCT2017_Test/test/NORMAL/NORMAL-557437-1.jpeg,NORMAL,3,0.008235236,0.005596575,0.0077465205,0.9784216
/home/yogesh.patel/execution/25_9_2026_PRD_work/OCT2017_Test/test/NORMAL/NORMAL-557437-2.jpeg,NORMAL,3,0.005267445,0.005805856,0.008739872,0.9801868
/home/yogesh.patel/execution/25_9_2026_PRD_work/OCT2017_Test/test/NORMAL/NORMAL-565818-1.jpeg,NORMAL,3,0.0052623004,0.0046446943,0.0046430007,0.98545
/home/yogesh.patel/execution/25_9_2026_PRD_work/OCT2017_Test/test/NORMAL/NORMAL-566040-1.jpeg,NORMAL,3,0.005337469,0.00425766,0.007182692,0.9832222
/home/yogesh.patel/execution/25_9_2026_PRD_work/OCT2017_Test/test/NORMAL/NORMAL-568518-1.jpeg,NORMAL,3,0.00741466,0.0038298275,0.010587636,0.97816783
/home/yogesh.patel/execution/25_9_2026_PRD_work/OCT2017_Test/test/NORMAL/NORMAL-568518-2.jpeg,NORMAL,3,0.0046065515,0.007710289,0.01890553,0.96877766
/home/yogesh.patel/execution/25_9_2026_PRD_work/OCT2017_Test/test/NORMAL/NORMAL-571157-1.jpeg,NORMAL,3,0.0061698942,0.007690328,0.0076850406,0.9784547
/home/yogesh.patel/execution/25_9_2026_PRD_work/OCT2017_Test/test/NORMAL/NORMAL-571484-1.jpeg,NORMAL,3,0.00322007,0.0094231,0.005543719,0.98181313
/home/yogesh.patel/execution/25_9_2026_PRD_work/OCT2017_Test/test/NORMAL/NORMAL-572972-1.jpeg,NORMAL,3,0.0068277344,0.0054579307,0.0068627843,0.9808516
/home/yogesh.patel/execution/25_9_2026_PRD_work/OCT2017_Test/test/NORMAL/NORMAL-574089-1.jpeg,NORMAL,3,0.003408658,0.009316345,0.0057054944,0.9815695
/home/yogesh.patel/execution/25_9_2026_PRD_work/OCT2017_Test/test/NORMAL/NORMAL-582215-1.jpeg,NORMAL,3,0.0032377501,0.004654224,0.015483349,0.97662467
/home/yogesh.patel/execution/25_9_2026_PRD_work/OCT2017_Test/test/NORMAL/NORMAL-588227-1.jpeg,NORMAL,3,0.0055622803,0.0063964813,0.008089755,0.97995144
/home/yogesh.patel/execution/25_9_2026_PRD_work/OCT2017_Test/test/NORMAL/NORMAL-60471-1.jpeg,NORMAL,3,0.0040016575,0.010765083,0.0044553266,0.9807779
/home/yogesh.patel/execution/25_9_2026_PRD_work/OCT2017_Test/test/NORMAL/NORMAL-605310-1.jpeg,NORMAL,3,0.0036765141,0.016619258,0.004764628,0.97493964
/home/yogesh.patel/execution/25_9_2026_PRD_work/OCT2017_Test/test/NORMAL/NORMAL-626127-1.jpeg,NORMAL,3,0.0036556588,0.0068800948,0.017163621,0.9723006
/home/yogesh.patel/execution/25_9_2026_PRD_work/OCT2017_Test/test/NORMAL/NORMAL-628048-1.jpeg,NORMAL,3,0.0044262093,0.0077646766,0.005481417,0.9823277
/home/yogesh.patel/execution/25_9_2026_PRD_work/OCT2017_Test/test/NORMAL/NORMAL-629493-1.jpeg,NORMAL,3,0.005104789,0.0032160995,0.0075527,0.9841264
/home/yogesh.patel/execution/25_9_2026_PRD_work/OCT2017_Test/test/NORMAL/NORMAL-651257-1.jpeg,NORMAL,3,0.004948003,0.0047338204,0.009857341,0.9804608
/home/yogesh.patel/execution/25_9_2026_PRD_work/OCT2017_Test/test/NORMAL/NORMAL-655117-1.jpeg,NORMAL,3,0.0046599186,0.008077902,0.005255393,0.9820068
/home/yogesh.patel/execution/25_9_2026_PRD_work/OCT2017_Test/test/NORMAL/NORMAL-655447-1.jpeg,NORMAL,3,0.0071982327,0.0043142345,0.0025180862,0.9859694
/home/yogesh.patel/execution/25_9_2026_PRD_work/OCT2017_Test/test/NORMAL/NORMAL-664536-1.jpeg,NORMAL,3,0.010413775,0.0071901456,0.0116323745,0.9707637
/home/yogesh.patel/execution/25_9_2026_PRD_work/OCT2017_Test/test/NORMAL/NORMAL-66515-1.jpeg,NORMAL,3,0.0089929085,0.0043163053,0.008538103,0.97815263
/home/yogesh.patel/execution/25_9_2026_PRD_work/OCT2017_Test/test/NORMAL/NORMAL-672619-1.jpeg,NORMAL,3,0.008020108,0.008129944,0.0071809446,0.97666895
/home/yogesh.patel/execution/25_9_2026_PRD_work/OCT2017_Test/test/NORMAL/NORMAL-692554-1.jpeg,NORMAL,3,0.004532541,0.0077548996,0.0058939625,0.9818186
/home/yogesh.patel/execution/25_9_2026_PRD_work/OCT2017_Test/test/NORMAL/NORMAL-693575-1.jpeg,NORMAL,3,0.008348067,0.0040002074,0.00731387,0.98033786
/home/yogesh.patel/execution/25_9_2026_PRD_work/OCT2017_Test/test/NORMAL/NORMAL-697826-1.jpeg,NORMAL,3,0.0052419067,0.007934214,0.02313075,0.9636931
/home/yogesh.patel/execution/25_9_2026_PRD_work/OCT2017_Test/test/NORMAL/NORMAL-744709-1.jpeg,NORMAL,3,0.0040230704,0.004552593,0.0026207056,0.9888036
/home/yogesh.patel/execution/25_9_2026_PRD_work/OCT2017_Test/test/NORMAL/NORMAL-755659-1.jpeg,NORMAL,3,0.0037669328,0.008373345,0.006348969,0.98151076
/home/yogesh.patel/execution/25_9_2026_PRD_work/OCT2017_Test/test/NORMAL/NORMAL-758272-1.jpeg,NORMAL,3,0.0057287724,0.0032410289,0.005990074,0.9850401
/home/yogesh.patel/execution/25_9_2026_PRD_work/OCT2017_Test/test/NORMAL/NORMAL-76914-1.jpeg,NORMAL,3,0.0045865183,0.010106053,0.0073343846,0.97797304
/home/yogesh.patel/execution/25_9_2026_PRD_work/OCT2017_Test/test/NORMAL/NORMAL-772481-1.jpeg,NORMAL,3,0.003801666,0.010196126,0.0041786456,0.98182356
/home/yogesh.patel/execution/25_9_2026_PRD_work/OCT2017_Test/test/NORMAL/NORMAL-84466-1.jpeg,NORMAL,3,0.0029634556,0.005783624,0.0062578362,0.9849951
/home/yogesh.patel/execution/25_9_2026_PRD_work/OCT2017_Test/test/NORMAL/NORMAL-85367-1.jpeg,NORMAL,3,0.0041001705,0.01041381,0.004606165,0.98087984
/home/yogesh.patel/execution/25_9_2026_PRD_work/OCT2017_Test/test/NORMAL/NORMAL-9251-1.jpeg,NORMAL,3,0.0029842947,0.0066258265,0.0053123897,0.9850775
/home/yogesh.patel/execution/25_9_2026_PRD_work/OCT2017_Test/test/NORMAL/NORMAL-98720-1.jpeg,NORMAL,3,0.003269599,0.0035353957,0.0059405933,0.9872544
