path,class,label,prob_CNV_normalized,prob_DME_normalized,prob_DRUSEN_normalized,prob_NORMAL_normalized
/home/yogesh.patel/execution/25_9_2026_PRD_work/OCT2017_Test/test/CNV/CNV-1016042-1.jpeg,CNV,0,0.98200744,0.00779967,0.0015039966,0.0086888885
/home/yogesh.patel/execution/25_9_2026_PRD_work/OCT2017_Test/test/CNV/CNV-1016042-2.jpeg,CNV,0,0.9727439,0.019110471,0.002905826,0.005239831
/home/yogesh.patel/execution/25_9_2026_PRD_work/OCT2017_Test/test/CNV/CNV-1016042-3.jpeg,CNV,0,0.9684144,0.022323094,0.0028990847,0.0063634175
/home/yogesh.patel/execution/25_9_2026_PRD_work/OCT2017_Test/test/CNV/CNV-1016042-4.jpeg,CNV,0,0.98362225,0.0113622,0.0016812297,0.0033342629
/home/yogesh.patel/execution/25_9_2026_PRD_work/OCT2017_Test/test/CNV/CNV-103044-1.jpeg,CNV,0,0.98965764,0.0054687737,0.0013984394,0.0034751946
/home/yogesh.patel/execution/25_9_2026_PRD_work/OCT2017_Test/test/CNV/CNV-103044-10.jpeg,CNV,0,0.96535414,0.0047044777,0.023699276,0.006242077
/home/yogesh.patel/execution/25_9_2026_PRD_work/OCT2017_Test/test/CNV/CNV-103044-11.jpeg,CNV,0,0.98191,0.011899157,0.0028037082,0.0033871646
/home/yogesh.patel/execution/25_9_2026_PRD_work/OCT2017_Test/test/CNV/CNV-103044-12.jpeg,CNV,0,0.9889749,0.0024624597,0.0043055555,0.004257075
/home/yogesh.patel/execution/25_9_2026_PRD_work/OCT2017_Test/test/CNV/CNV-103044-2.jpeg,CNV,0,0.98800814,0.0054140496,0.0025124252,0.0040653613
/home/yogesh.patel/execution/25_9_2026_PRD_work/OCT2017_Test/test/CNV/CNV-103044-3.jpeg,CNV,0,0.94816804,0.004203002,0.045192216,0.0024367021
/home/yogesh.patel/execution/25_9_2026_PRD_work/OCT2017_Test/test/CNV/CNV-103044-4.jpeg,CNV,0,0.98761797,0.007313557,0.0014450197,0.0036234024
/home/yogesh.patel/execution/25_9_2026_PRD_work/OCT2017_Test/test/CNV/CNV-103044-5.jpeg,CNV,0,0.9795378,0.0021453646,0.0155375255,0.0027793562
/home/yogesh.patel/execution/25_9_2026_PRD_work/OCT2017_Test/test/CNV/CNV-103044-6.jpeg,CNV,0,0.9755731,0.003803297,0.018508486,0.0021151132
/home/yogesh.patel/execution/25_9_2026_PRD_work/OCT2017_Test/test/CNV/CNV-103044-7.jpeg,CNV,0,0.97274715,0.0024595496,0.021856831,0.00293653
/home/yogesh.patel/execution/25_9_2026_PRD_work/OCT2017_Test/test/CNV/CNV-103044-8.jpeg,CNV,0,0.9807511,0.004281557,0.011869596,0.0030977617
/home/yogesh.patel/execution/25_9_2026_PRD_work/OCT2017_Test/test/CNV/CNV-103044-9.jpeg,CNV,0,0.98512584,0.0024631764,0.006262366,0.006148596
/home/yogesh.patel/execution/25_9_2026_PRD_work/OCT2017_Test/test/CNV/CNV-1083927-1.jpeg,CNV,0,0.9654373,0.030257666,0.0024712621,0.0018338163
/home/yogesh.patel/execution/25_9_2026_PRD_work/OCT2017_Test/test/CNV/CNV-1112835-1.jpeg,CNV,0,0.9800456,0.009835197,0.0028289286,0.0072902553
/home/yogesh.patel/execution/25_9_2026_PRD_work/OCT2017_Test/test/CNV/CNV-1112835-2.jpeg,CNV,0,0.98280674,0.008111891,0.0018248467,0.007256562
/home/yogesh.patel/execution/25_9_2026_PRD_work/OCT2017_Test/test/CNV/CNV-1130960-1.jpeg,CNV,0,0.9795078,0.011729112,0.0018702436,0.006892815
/home/yogesh.patel/execution/25_9_2026_PRD_work/OCT2017_Test/test/CNV/CNV-1131664-1.jpeg,CNV,0,0.9847564,0.005740383,0.0022613092,0.0072418917
/home/yogesh.patel/execution/25_9_2026_PRD_work/OCT2017_Test/test/CNV/CNV-1136126-1.jpeg,CNV,0,0.98502517,0.0035055561,0.008474939,0.0029943604
/home/yogesh.patel/execution/25_9_2026_PRD_work/OCT2017_Test/test/CNV/CNV-1177084-1.jpeg,CNV,0,0.89702994,0.09435804,0.0032455197,0.0053664553
/home/yogesh.patel/execution/25_9_2026_PRD_work/OCT2017_Test/test/CNV/CNV-1188386-1.jpeg,CNV,0,0.98916894,0.0064477525,0.0015425886,0.0028407841
/home/yogesh.patel/execution/25_9_2026_PRD_work/OCT2017_Test/test/CNV/CNV-1188386-2.jpeg,CNV,0,0.96196175,0.031122612,0.0041366154,0.0027790004
/home/yogesh.patel/execution/25_9_2026_PRD_work/OCT2017_Test/test/CNV/CNV-1188386-3.jpeg,CNV,0,0.9806936,0.013064247,0.0017753213,0.0044668405
/home/yogesh.patel/execution/25_9_2026_PRD_work/OCT2017_Test/test/CNV/CNV-1188386-4.jpeg,CNV,0,0.9842137,0.010326065,0.0019367657,0.0035234666
/home/yogesh.patel/execution/25_9_2026_PRD_work/OCT2017_Test/test/CNV/CNV-1260317-1.jpeg,CNV,0,0.98494464,0.00799201,0.0019182743,0.0051450715
/home/yogesh.patel/execution/25_9_2026_PRD_work/OCT2017_Test/test/CNV/CNV-1290410-1.jpeg,CNV,0,0.98736566,0.00439163,0.0029271657,0.00531555
/home/yogesh.patel/execution/25_9_2026_PRD_work/OCT2017_Test/test/CNV/CNV-1290410-2.jpeg,CNV,0,0.9843923,0.006853754,0.0026285355,0.006125444
/home/yogesh.patel/execution/25_9_2026_PRD_work/OCT2017_Test/test/CNV/CNV-1290410-3.jpeg,CNV,0,0.9829216,0.008232131,0.0027148728,0.0061314604
/home/yogesh.patel/execution/25_9_2026_PRD_work/OCT2017_Test/test/CNV/CNV-1305450-1.jpeg,CNV,0,0.98976165,0.0025234888,0.003126204,0.004588654
/home/yogesh.patel/execution/25_9_2026_PRD_work/OCT2017_Test/test/CNV/CNV-1305450-2.jpeg,CNV,0,0.9751016,0.006183625,0.009049049,0.009665739
/home/yogesh.patel/execution/25_9_2026_PRD_work/OCT2017_Test/test/CNV/CNV-1305450-3.jpeg,CNV,0,0.9534635,0.03968907,0.0023007258,0.004546668
/home/yogesh.patel/execution/25_9_2026_PRD_work/OCT2017_Test/test/CNV/CNV-1305450-4.jpeg,CNV,0,0.9847072,0.008185818,0.002368273,0.0047386563
/home/yogesh.patel/execution/25_9_2026_PRD_work/OCT2017_Test/test/CNV/CNV-137351-1.jpeg,CNV,0,0.98232734,0.00969012,0.0047294293,0.0032530616
/home/yogesh.patel/execution/25_9_2026_PRD_work/OCT2017_Test/test/CNV/CNV-1415351-1.jpeg,CNV,0,0.7350085,0.24351236,0.018011134,0.003468039
/home/yogesh.patel/execution/25_9_2026_PRD_work/OCT2017_Test/test/CNV/CNV-154835-1.jpeg,CNV,0,0.9835511,0.0059684403,0.0019508977,0.008529603
/home/yogesh.patel/execution/25_9_2026_PRD_work/OCT2017_Test/test/CNV/CNV-154835-2.jpeg,CNV,0,0.97730815,0.0036399723,0.0024323969,0.016619468
/home/yogesh.patel/execution/25_9_2026_PRD_work/OCT2017_Test/test/CNV/CNV-163081-1.jpeg,CNV,0,0.9740248,0.015254725,0.0023436437,0.008376811
/home/yogesh.patel/execution/25_9_2026_PRD_work/OCT2017_Test/test/CNV/CNV-163081-10.jpeg,CNV,0,0.98294705,0.00697449,0.003642244,0.006436262
/home/yogesh.patel/execution/25_9_2026_PRD_work/OCT2017_Test/test/CNV/CNV-163081-2.jpeg,CNV,0,0.9805568,0.012508084,0.0020048341,0.004930295
/home/yogesh.patel/execution/25_9_2026_PRD_work/OCT2017_Test/test/CNV/CNV-163081-3.jpeg,CNV,0,0.977481,0.007865857,0.0071833176,0.0074698487
/home/yogesh.patel/execution/25_9_2026_PRD_work/OCT2017_Test/test/CNV/CNV-163081-4.jpeg,CNV,0,0.97489166,0.015796933,0.0025415975,0.0067697964
/home/yogesh.patel/execution/25_9_2026_PRD_work/OCT2017_Test/test/CNV/CNV-163081-5.jpeg,CNV,0,0.98617804,0.006744215,0.0032206562,0.003857057
/home/yogesh.patel/execution/25_9_2026_PRD_work/OCT2017_Test/test/CNV/CNV-163081-6.jpeg,CNV,0,0.9816288,0.012578298,0.0013661026,0.0044268267
/home/yogesh.patel/execution/25_9_2026_PRD_work/OCT2017_Test/test/CNV/CNV-163081-7.jpeg,CNV,0,0.9737269,0.017117215,0.00244338,0.0067125377
/home/yogesh.patel/execution/25_9_2026_PRD_work/OCT2017_Test/test/CNV/CNV-163081-8.jpeg,CNV,0,0.98603654,0.005739938,0.0028689771,0.005354526
/home/yogesh.patel/execution/25_9_2026_PRD_work/OCT2017_Test/test/CNV/CNV-163081-9.jpeg,CNV,0,0.96848804,0.024816765,0.0020567675,0.0046383752
/home/yogesh.patel/execution/25_9_2026_PRD_work/OCT2017_Test/test/CNV/CNV-1632795-1.jpeg,CNV,0,0.98683673,0.0032199428,0.0037344208,0.006208893
/home/yogesh.patel/execution/25_9_2026_PRD_work/OCT2017_Test/test/CNV/CNV-1641792-1.jpeg,CNV,0,0.98367935,0.0063821953,0.005020308,0.004918122
/home/yogesh.patel/execution/25_9_2026_PRD_work/OCT2017_Test/test/CNV/CNV-1641792-2.jpeg,CNV,0,0.98260665,0.011256399,0.0016906575,0.0044462895
/home/yogesh.patel/execution/25_9_2026_PRD_work/OCT2017_Test/test/CNV/CNV-1699976-1.jpeg,CNV,0,0.98298746,0.0025317944,0.0023176046,0.012163165
/home/yogesh.patel/execution/25_9_2026_PRD_work/OCT2017_Test/test/CNV/CNV-1699976-2.jpeg,CNV,0,0.9840662,0.004981393,0.0015740688,0.009378363
/home/yogesh.patel/execution/25_9_2026_PRD_work/OCT2017_Test/test/CNV/CNV-1699976-3.jpeg,CNV,0,0.98617417,0.004740552,0.0025803286,0.006504945
/home/yogesh.patel/execution/25_9_2026_PRD_work/OCT2017_Test/test/CNV/CNV-1699976-4.jpeg,CNV,0,0.98583055,0.003944403,0.0024884597,0.007736622
/home/yogesh.patel/execution/25_9_2026_PRD_work/OCT2017_Test/test/CNV/CNV-1699976-5.jpeg,CNV,0,0.98834604,0.0039318465,0.0017093031,0.0060127974
/home/yogesh.patel/execution/25_9_2026_PRD_work/OCT2017_Test/test/CNV/CNV-1704482-1.jpeg,CNV,0,0.98760396,0.0075910897,0.0015412971,0.0032636712
/home/yogesh.patel/execution/25_9_2026_PRD_work/OCT2017_Test/test/CNV/CNV-172472-1.jpeg,CNV,0,0.9862139,0.003588791,0.0029836341,0.007213561
/home/yogesh.patel/execution/25_9_2026_PRD_work/OCT2017_Test/test/CNV/CNV-172472-10.jpeg,CNV,0,0.98894274,0.0022584312,0.0031923566,0.005606435
/home/yogesh.patel/execution/25_9_2026_PRD_work/OCT2017_Test/test/CNV/CNV-172472-11.jpeg,CNV,0,0.98595697,0.0048219883,0.0024879698,0.006733059
/home/yogesh.patel/execution/25_9_2026_PRD_work/OCT2017_Test/test/CNV/CNV-172472-2.jpeg,CNV,0,0.9839324,0.0079470975,0.0021837042,0.0059368145
/home/yogesh.patel/execution/25_9_2026_PRD_work/OCT2017_Test/test/CNV/CNV-172472-3.jpeg,CNV,0,0.98757154,0.0040007727,0.0040704124,0.0043573445
/home/yogesh.patel/execution/25_9_2026_PRD_work/OCT2017_Test/test/CNV/CNV-172472-4.jpeg,CNV,0,0.9785823,0.005747384,0.0037733265,0.011896973
/home/yogesh.patel/execution/25_9_2026_PRD_work/OCT2017_Test/test/CNV/CNV-172472-5.jpeg,CNV,0,0.98219305,0.0114505375,0.0023226377,0.004033775
/home/yogesh.patel/execution/25_9_2026_PRD_work/OCT2017_Test/test/CNV/CNV-172472-6.jpeg,CNV,0,0.97867805,0.014795097,0.0042258003,0.0023010913
/home/yogesh.patel/execution/25_9_2026_PRD_work/OCT2017_Test/test/CNV/CNV-172472-7.jpeg,CNV,0,0.98797405,0.0035301922,0.005796785,0.0026989633
/home/yogesh.patel/execution/25_9_2026_PRD_work/OCT2017_Test/test/CNV/CNV-172472-8.jpeg,CNV,0,0.9896105,0.0030620876,0.0037958878,0.0035315338
/home/yogesh.patel/execution/25_9_2026_PRD_work/OCT2017_Test/test/CNV/CNV-172472-9.jpeg,CNV,0,0.98493886,0.005434581,0.0018279214,0.0077986503
/home/yogesh.patel/execution/25_9_2026_PRD_work/OCT2017_Test/test/CNV/CNV-1730592-1.jpeg,CNV,0,0.98987097,0.0051128766,0.0016848593,0.0033312223
/home/yogesh.patel/execution/25_9_2026_PRD_work/OCT2017_Test/test/CNV/CNV-1730592-2.jpeg,CNV,0,0.9857199,0.004062732,0.0030034245,0.0072139055
/home/yogesh.patel/execution/25_9_2026_PRD_work/OCT2017_Test/test/CNV/CNV-1731375-1.jpeg,CNV,0,0.9769819,0.014348191,0.001061144,0.0076088
/home/yogesh.patel/execution/25_9_2026_PRD_work/OCT2017_Test/test/CNV/CNV-1731375-2.jpeg,CNV,0,0.96985465,0.0063409237,0.020317156,0.003487187
/home/yogesh.patel/execution/25_9_2026_PRD_work/OCT2017_Test/test/CNV/CNV-1731375-3.jpeg,CNV,0,0.8758172,0.0045529986,0.11688018,0.0027496407
/home/yogesh.patel/execution/25_9_2026_PRD_work/OCT2017_Test/test/CNV/CNV-1784116-1.jpeg,CNV,0,0.8459644,0.14409812,0.007173655,0.0027638592
/home/yogesh.patel/execution/25_9_2026_PRD_work/OCT2017_Test/test/CNV/CNV-1894770-1.jpeg,CNV,0,0.9437527,0.04216551,0.0039722444,0.01010956
/home/yogesh.patel/execution/25_9_2026_PRD_work/OCT2017_Test/test/CNV/CNV-1894770-2.jpeg,CNV,0,0.98155195,0.010161925,0.004030095,0.0042559933
/home/yogesh.patel/execution/25_9_2026_PRD_work/OCT2017_Test/test/CNV/CNV-1980926-1.jpeg,CNV,0,0.975934,0.01352269,0.0016810851,0.008862177
/home/yogesh.patel/execution/25_9_2026_PRD_work/OCT2017_Test/test/CNV/CNV-198660-1.jpeg,CNV,0,0.9860188,0.0046224697,0.005069859,0.004288947
/home/yogesh.patel/execution/25_9_2026_PRD_work/OCT2017_Test/test/CNV/CNV-1997439-1.jpeg,CNV,0,0.94319546,0.04646989,0.00915409,0.0011806049
/home/yogesh.patel/execution/25_9_2026_PRD_work/OCT2017_Test/test/CNV/CNV-1997439-2.jpeg,CNV,0,0.9699757,0.023449818,0.0023778575,0.004196647
/home/yogesh.patel/execution/25_9_2026_PRD_work/OCT2017_Test/test/CNV/CNV-1997439-3.jpeg,CNV,0,0.9868703,0.007882391,0.0018645698,0.0033827296
/home/yogesh.patel/execution/25_9_2026_PRD_work/OCT2017_Test/test/CNV/CNV-1997439-4.jpeg,CNV,0,0.9808854,0.009763902,0.0011971244,0.008153611
/home/yogesh.patel/execution/25_9_2026_PRD_work/OCT2017_Test/test/CNV/CNV-1997439-5.jpeg,CNV,0,0.9830675,0.00977842,0.002713653,0.0044404017
/home/yogesh.patel/execution/25_9_2026_PRD_work/OCT2017_Test/test/CNV/CNV-1997439-6.jpeg,CNV,0,0.9827791,0.008056206,0.0018563035,0.0073084477
/home/yogesh.patel/execution/25_9_2026_PRD_work/OCT2017_Test/test/CNV/CNV-1997439-7.jpeg,CNV,0,0.9907701,0.003503261,0.0022879625,0.0034387372
/home/yogesh.patel/execution/25_9_2026_PRD_work/OCT2017_Test/test/CNV/CNV-2025105-1.jpeg,CNV,0,0.983204,0.004046195,0.011145582,0.0016041977
/home/yogesh.patel/execution/25_9_2026_PRD_work/OCT2017_Test/test/CNV/CNV-204397-1.jpeg,CNV,0,0.9850981,0.0061448873,0.0024508964,0.0063060755
/home/yogesh.patel/execution/25_9_2026_PRD_work/OCT2017_Test/test/CNV/CNV-2116022-1.jpeg,CNV,0,0.9878694,0.004520374,0.0038411529,0.003769063
/home/yogesh.patel/execution/25_9_2026_PRD_work/OCT2017_Test/test/CNV/CNV-2141150-1.jpeg,CNV,0,0.9755123,0.013131204,0.0039849207,0.0073715625
/home/yogesh.patel/execution/25_9_2026_PRD_work/OCT2017_Test/test/CNV/CNV-2141150-2.jpeg,CNV,0,0.98288,0.010854569,0.0034635437,0.0028018968
/home/yogesh.patel/execution/25_9_2026_PRD_work/OCT2017_Test/test/CNV/CNV-2158821-1.jpeg,CNV,0,0.986229,0.0063743233,0.0012803164,0.006116284
/home/yogesh.patel/execution/25_9_2026_PRD_work/OCT2017_Test/test/CNV/CNV-2158821-2.jpeg,CNV,0,0.9855501,0.0085324515,0.0013514267,0.004565984
/home/yogesh.patel/execution/25_9_2026_PRD_work/OCT2017_Test/test/CNV/CNV-2168793-1.jpeg,CNV,0,0.9865625,0.0053581437,0.0029655087,0.005113888
/home/yogesh.patel/execution/25_9_2026_PRD_work/OCT2017_Test/test/CNV/CNV-2177326-1.jpeg,CNV,0,0.98612845,0.004800738,0.0023621353,0.0067086597
/home/yogesh.patel/execution/25_9_2026_PRD_work/OCT2017_Test/test/CNV/CNV-218676-1.jpeg,CNV,0,0.9795536,0.0047800536,0.0025436294,0.013122678
/home/yogesh.patel/execution/25_9_2026_PRD_work/OCT2017_Test/test/CNV/CNV-2192440-1.jpeg,CNV,0,0.9813706,0.009687818,0.0027003346,0.006241181
/home/yogesh.patel/execution/25_9_2026_PRD_work/OCT2017_Test/test/CNV/CNV-2192440-2.jpeg,CNV,0,0.98396665,0.009283587,0.002472544,0.0042771813
/home/yogesh.patel/execution/25_9_2026_PRD_work/OCT2017_Test/test/CNV/CNV-2350851-1.jpeg,CNV,0,0.9842973,0.010319396,0.002551948,0.0028313717
/home/yogesh.patel/execution/25_9_2026_PRD_work/OCT2017_Test/test/CNV/CNV-2438783-1.jpeg,CNV,0,0.98211384,0.0099665215,0.0017926913,0.0061269207
/home/yogesh.patel/execution/25_9_2026_PRD_work/OCT2017_Test/test/CNV/CNV-2438783-2.jpeg,CNV,0,0.9785944,0.00795713,0.0025621217,0.010886354
/home/yogesh.patel/execution/25_9_2026_PRD_work/OCT2017_Test/test/CNV/CNV-2541184-1.jpeg,CNV,0,0.9823448,0.002329486,0.010825095,0.004500649
/home/yogesh.patel/execution/25_9_2026_PRD_work/OCT2017_Test/test/CNV/CNV-2632189-1.jpeg,CNV,0,0.9817454,0.00815405,0.0027841397,0.0073163635
/home/yogesh.patel/execution/25_9_2026_PRD_work/OCT2017_Test/test/CNV/CNV-2692822-1.jpeg,CNV,0,0.9780936,0.015976254,0.0032740885,0.0026560135
/home/yogesh.patel/execution/25_9_2026_PRD_work/OCT2017_Test/test/CNV/CNV-2725524-1.jpeg,CNV,0,0.983869,0.006657826,0.0022943837,0.0071787685
/home/yogesh.patel/execution/25_9_2026_PRD_work/OCT2017_Test/test/CNV/CNV-2725524-2.jpeg,CNV,0,0.97723466,0.015839182,0.0026536072,0.00427259
/home/yogesh.patel/execution/25_9_2026_PRD_work/OCT2017_Test/test/CNV/CNV-2760476-1.jpeg,CNV,0,0.98333883,0.010734684,0.0017367674,0.004189725
/home/yogesh.patel/execution/25_9_2026_PRD_work/OCT2017_Test/test/CNV/CNV-2959614-1.jpeg,CNV,0,0.9807106,0.007698644,0.0027597789,0.008830959
/home/yogesh.patel/execution/25_9_2026_PRD_work/OCT2017_Test/test/CNV/CNV-2959614-2.jpeg,CNV,0,0.9862872,0.0047846073,0.002516714,0.006411496
/home/yogesh.patel/execution/25_9_2026_PRD_work/OCT2017_Test/test/CNV/CNV-2959614-3.jpeg,CNV,0,0.9795385,0.010606645,0.0058108945,0.0040439037
/home/yogesh.patel/execution/25_9_2026_PRD_work/OCT2017_Test/test/CNV/CNV-2959614-4.jpeg,CNV,0,0.9847692,0.008386098,0.0032934179,0.0035513074
/home/yogesh.patel/execution/25_9_2026_PRD_work/OCT2017_Test/test/CNV/CNV-3030629-1.jpeg,CNV,0,0.97860163,0.014983288,0.0017434425,0.0046715755
/home/yogesh.patel/execution/25_9_2026_PRD_work/OCT2017_Test/test/CNV/CNV-3080163-1.jpeg,CNV,0,0.97413725,0.018593915,0.0014119842,0.005856937
/home/yogesh.patel/execution/25_9_2026_PRD_work/OCT2017_Test/test/CNV/CNV-3080163-2.jpeg,CNV,0,0.97474134,0.016658945,0.001425955,0.0071737976
/home/yogesh.patel/execution/25_9_2026_PRD_work/OCT2017_Test/test/CNV/CNV-3119854-1.jpeg,CNV,0,0.98719233,0.006321421,0.0010738525,0.0054123835
/home/yogesh.patel/execution/25_9_2026_PRD_work/OCT2017_Test/test/CNV/CNV-3163547-1.jpeg,CNV,0,0.9846177,0.004964382,0.0023174167,0.008100499
/home/yogesh.patel/execution/25_9_2026_PRD_work/OCT2017_Test/test/CNV/CNV-3200277-1.jpeg,CNV,0,0.9741945,0.018986436,0.002754724,0.004064336
/home/yogesh.patel/execution/25_9_2026_PRD_work/OCT2017_Test/test/CNV/CNV-3200277-2.jpeg,CNV,0,0.98655856,0.006921092,0.0026199874,0.0039003608
/home/yogesh.patel/execution/25_9_2026_PRD_work/OCT2017_Test/test/CNV/CNV-3213586-1.jpeg,CNV,0,0.98891383,0.0035161346,0.0017182394,0.00585173
/home/yogesh.patel/execution/25_9_2026_PRD_work/OCT2017_Test/test/CNV/CNV-3241692-1.jpeg,CNV,0,0.9531715,0.004314031,0.039305333,0.003209094
/home/yogesh.patel/execution/25_9_2026_PRD_work/OCT2017_Test/test/CNV/CNV-3241692-2.jpeg,CNV,0,0.98254883,0.0059090406,0.0049025035,0.0066396156
/home/yogesh.patel/execution/25_9_2026_PRD_work/OCT2017_Test/test/CNV/CNV-328435-1.jpeg,CNV,0,0.9743891,0.006596772,0.004750539,0.01426363
/home/yogesh.patel/execution/25_9_2026_PRD_work/OCT2017_Test/test/CNV/CNV-3300060-1.jpeg,CNV,0,0.9751845,0.0095157875,0.0013774119,0.013922225
/home/yogesh.patel/execution/25_9_2026_PRD_work/OCT2017_Test/test/CNV/CNV-338282-1.jpeg,CNV,0,0.97774446,0.01608789,0.0027948841,0.003372729
/home/yogesh.patel/execution/25_9_2026_PRD_work/OCT2017_Test/test/CNV/CNV-3424668-1.jpeg,CNV,0,0.9690301,0.025415309,0.0035937864,0.0019607835
/home/yogesh.patel/execution/25_9_2026_PRD_work/OCT2017_Test/test/CNV/CNV-3432812-1.jpeg,CNV,0,0.9616184,0.002444211,0.032630812,0.0033065751
/home/yogesh.patel/execution/25_9_2026_PRD_work/OCT2017_Test/test/CNV/CNV-3459091-1.jpeg,CNV,0,0.9869977,0.0075171543,0.0011756785,0.0043094456
/home/yogesh.patel/execution/25_9_2026_PRD_work/OCT2017_Test/test/CNV/CNV-3541867-1.jpeg,CNV,0,0.98587656,0.0048627234,0.0052846563,0.003976012
/home/yogesh.patel/execution/25_9_2026_PRD_work/OCT2017_Test/test/CNV/CNV-3616460-1.jpeg,CNV,0,0.9836912,0.0048993016,0.0063562747,0.0050531696
/home/yogesh.patel/execution/25_9_2026_PRD_work/OCT2017_Test/test/CNV/CNV-3618489-1.jpeg,CNV,0,0.9362784,0.048386395,0.0028497789,0.01248549
/home/yogesh.patel/execution/25_9_2026_PRD_work/OCT2017_Test/test/CNV/CNV-3618489-2.jpeg,CNV,0,0.9782757,0.015217625,0.003713951,0.002792721
/home/yogesh.patel/execution/25_9_2026_PRD_work/OCT2017_Test/test/CNV/CNV-364469-1.jpeg,CNV,0,0.98753667,0.005020441,0.0048624463,0.002580477
/home/yogesh.patel/execution/25_9_2026_PRD_work/OCT2017_Test/test/CNV/CNV-364469-2.jpeg,CNV,0,0.9781687,0.006773415,0.013524925,0.0015329482
/home/yogesh.patel/execution/25_9_2026_PRD_work/OCT2017_Test/test/CNV/CNV-364469-3.jpeg,CNV,0,0.9861273,0.0055329893,0.0065080742,0.0018316095
/home/yogesh.patel/execution/25_9_2026_PRD_work/OCT2017_Test/test/CNV/CNV-3734032-1.jpeg,CNV,0,0.9837665,0.007401999,0.001637167,0.007194321
/home/yogesh.patel/execution/25_9_2026_PRD_work/OCT2017_Test/test/CNV/CNV-375851-1.jpeg,CNV,0,0.9882824,0.0037565038,0.0039333017,0.004027835
/home/yogesh.patel/execution/25_9_2026_PRD_work/OCT2017_Test/test/CNV/CNV-3847391-1.jpeg,CNV,0,0.9776469,0.012608557,0.0060824235,0.0036620856
/home/yogesh.patel/execution/25_9_2026_PRD_work/OCT2017_Test/test/CNV/CNV-412653-1.jpeg,CNV,0,0.985626,0.0044935066,0.006425847,0.0034546813
/home/yogesh.patel/execution/25_9_2026_PRD_work/OCT2017_Test/test/CNV/CNV-417468-1.jpeg,CNV,0,0.97206944,0.020217994,0.005102152,0.0026103887
/home/yogesh.patel/execution/25_9_2026_PRD_work/OCT2017_Test/test/CNV/CNV-4244160-1.jpeg,CNV,0,0.9808011,0.011912148,0.0036278772,0.003658916
/home/yogesh.patel/execution/25_9_2026_PRD_work/OCT2017_Test/test/CNV/CNV-4244160-2.jpeg,CNV,0,0.97579366,0.014495607,0.0047581787,0.004952512
/home/yogesh.patel/execution/25_9_2026_PRD_work/OCT2017_Test/test/CNV/CNV-4244160-3.jpeg,CNV,0,0.9814364,0.009108079,0.002537664,0.0069178334
/home/yogesh.patel/execution/25_9_2026_PRD_work/OCT2017_Test/test/CNV/CNV-4274486-1.jpeg,CNV,0,0.6911557,0.19364217,0.110934295,0.0042678863
/home/yogesh.patel/execution/25_9_2026_PRD_work/OCT2017_Test/test/CNV/CNV-4283050-1.jpeg,CNV,0,0.7889431,0.20468694,0.0025464331,0.0038235367
/home/yogesh.patel/execution/25_9_2026_PRD_work/OCT2017_Test/test/CNV/CNV-4283050-2.jpeg,CNV,0,0.96756995,0.023573514,0.0027252552,0.0061312774
/home/yogesh.patel/execution/25_9_2026_PRD_work/OCT2017_Test/test/CNV/CNV-4464785-1.jpeg,CNV,0,0.9830304,0.010730146,0.002349573,0.003889909
/home/yogesh.patel/execution/25_9_2026_PRD_work/OCT2017_Test/test/CNV/CNV-451136-1.jpeg,CNV,0,0.9824314,0.011467033,0.001937756,0.0041638236
/home/yogesh.patel/execution/25_9_2026_PRD_work/OCT2017_Test/test/CNV/CNV-451136-2.jpeg,CNV,0,0.98613656,0.006489319,0.0028091623,0.0045649726
/home/yogesh.patel/execution/25_9_2026_PRD_work/OCT2017_Test/test/CNV/CNV-451136-3.jpeg,CNV,0,0.973863,0.01966476,0.003257804,0.0032144804
/home/yogesh.patel/execution/25_9_2026_PRD_work/OCT2017_Test/test/CNV/CNV-451136-4.jpeg,CNV,0,0.9790849,0.014184806,0.002793944,0.003936301
/home/yogesh.patel/execution/25_9_2026_PRD_work/OCT2017_Test/test/CNV/CNV-451136-5.jpeg,CNV,0,0.9796361,0.01323852,0.0022704266,0.004854974
/home/yogesh.patel/execution/25_9_2026_PRD_work/OCT2017_Test/test/CNV/CNV-451136-6.jpeg,CNV,0,0.9846288,0.006406554,0.0014501525,0.0075144684
/home/yogesh.patel/execution/25_9_2026_PRD_work/OCT2017_Test/test/CNV/CNV-451136-7.jpeg,CNV,0,0.9812541,0.010802539,0.0034965945,0.0044467608
/home/yogesh.patel/execution/25_9_2026_PRD_work/OCT2017_Test/test/CNV/CNV-457527-1.jpeg,CNV,0,0.98081625,0.011139343,0.0023324613,0.0057119103
/home/yogesh.patel/execution/25_9_2026_PRD_work/OCT2017_Test/test/CNV/CNV-457907-1.jpeg,CNV,0,0.9725583,0.021217357,0.0017686022,0.004455708
/home/yogesh.patel/execution/25_9_2026_PRD_work/OCT2017_Test/test/CNV/CNV-460403-1.jpeg,CNV,0,0.9650518,0.019441323,0.008034348,0.007472562
/home/yogesh.patel/execution/25_9_2026_PRD_work/OCT2017_Test/test/CNV/CNV-4643364-1.jpeg,CNV,0,0.9870132,0.003965554,0.002834047,0.0061871763
/home/yogesh.patel/execution/25_9_2026_PRD_work/OCT2017_Test/test/CNV/CNV-4674526-1.jpeg,CNV,0,0.9854434,0.0072808084,0.0023925847,0.004883172
/home/yogesh.patel/execution/25_9_2026_PRD_work/OCT2017_Test/test/CNV/CNV-4740418-1.jpeg,CNV,0,0.9772456,0.013538216,0.00249289,0.006723262
/home/yogesh.patel/execution/25_9_2026_PRD_work/OCT2017_Test/test/CNV/CNV-4775389-1.jpeg,CNV,0,0.9869619,0.0049574957,0.0029736604,0.0051069944
/home/yogesh.patel/execution/25_9_2026_PRD_work/OCT2017_Test/test/CNV/CNV-4884091-1.jpeg,CNV,0,0.98142517,0.0073272376,0.009714728,0.0015328546
/home/yogesh.patel/execution/25_9_2026_PRD_work/OCT2017_Test/test/CNV/CNV-4907724-1.jpeg,CNV,0,0.96576524,0.017652728,0.015391463,0.0011905744
/home/yogesh.patel/execution/25_9_2026_PRD_work/OCT2017_Test/test/CNV/CNV-4974377-1.jpeg,CNV,0,0.98418957,0.009442102,0.0024211684,0.0039471244
/home/yogesh.patel/execution/25_9_2026_PRD_work/OCT2017_Test/test/CNV/CNV-5054419-1.jpeg,CNV,0,0.98734033,0.007378276,0.0025621785,0.0027192193
/home/yogesh.patel/execution/25_9_2026_PRD_work/OCT2017_Test/test/CNV/CNV-5054419-2.jpeg,CNV,0,0.98568785,0.008962979,0.0020023612,0.0033468413
/home/yogesh.patel/execution/25_9_2026_PRD_work/OCT2017_Test/test/CNV/CNV-53018-1.jpeg,CNV,0,0.91253567,0.03323905,0.050929956,0.0032952903
/home/yogesh.patel/execution/25_9_2026_PRD_work/OCT2017_Test/test/CNV/CNV-53018-2.jpeg,CNV,0,0.97979254,0.0063773394,0.011045622,0.0027845236
/home/yogesh.patel/execution/25_9_2026_PRD_work/OCT2017_Test/test/CNV/CNV-538779-1.jpeg,CNV,0,0.9864778,0.0056083873,0.0017569456,0.006156863
/home/yogesh.patel/execution/25_9_2026_PRD_work/OCT2017_Test/test/CNV/CNV-538779-2.jpeg,CNV,0,0.982987,0.0057669175,0.004134208,0.0071119214
/home/yogesh.patel/execution/25_9_2026_PRD_work/OCT2017_Test/test/CNV/CNV-5409617-1.jpeg,CNV,0,0.98101324,0.011459731,0.0049055363,0.0026215108
/home/yogesh.patel/execution/25_9_2026_PRD_work/OCT2017_Test/test/CNV/CNV-5429703-1.jpeg,CNV,0,0.9809664,0.007562323,0.001996399,0.00947489
/home/yogesh.patel/execution/25_9_2026_PRD_work/OCT2017_Test/test/CNV/CNV-5429703-2.jpeg,CNV,0,0.9843581,0.0063708,0.0017526502,0.007518469
/home/yogesh.patel/execution/25_9_2026_PRD_work/OCT2017_Test/test/CNV/CNV-5431636-1.jpeg,CNV,0,0.9415192,0.011210495,0.04460706,0.002663306
/home/yogesh.patel/execution/25_9_2026_PRD_work/OCT2017_Test/test/CNV/CNV-5431636-2.jpeg,CNV,0,0.9842261,0.0070772385,0.0015808083,0.0071158935
/home/yogesh.patel/execution/25_9_2026_PRD_work/OCT2017_Test/test/CNV/CNV-5457415-1.jpeg,CNV,0,0.98511916,0.005588024,0.0021360388,0.0071567986
/home/yogesh.patel/execution/25_9_2026_PRD_work/OCT2017_Test/test/CNV/CNV-5536678-1.jpeg,CNV,0,0.98334557,0.006791101,0.002248301,0.0076150135
/home/yogesh.patel/execution/25_9_2026_PRD_work/OCT2017_Test/test/CNV/CNV-5536678-2.jpeg,CNV,0,0.9703994,0.008289024,0.003251854,0.018059708
/home/yogesh.patel/execution/25_9_2026_PRD_work/OCT2017_Test/test/CNV/CNV-5557306-1.jpeg,CNV,0,0.9873902,0.004541882,0.0022196807,0.005848313
/home/yogesh.patel/execution/25_9_2026_PRD_work/OCT2017_Test/test/CNV/CNV-5594757-1.jpeg,CNV,0,0.9881484,0.0033475424,0.0020417932,0.006462278
/home/yogesh.patel/execution/25_9_2026_PRD_work/OCT2017_Test/test/CNV/CNV-5594757-2.jpeg,CNV,0,0.9834473,0.008120551,0.001826198,0.006605875
/home/yogesh.patel/execution/25_9_2026_PRD_work/OCT2017_Test/test/CNV/CNV-5603164-1.jpeg,CNV,0,0.986415,0.007328453,0.0017284973,0.00452807
/home/yogesh.patel/execution/25_9_2026_PRD_work/OCT2017_Test/test/CNV/CNV-564246-1.jpeg,CNV,0,0.94141287,0.0518464,0.0022483896,0.0044923644
/home/yogesh.patel/execution/25_9_2026_PRD_work/OCT2017_Test/test/CNV/CNV-5674369-1.jpeg,CNV,0,0.9762305,0.011384796,0.0046766154,0.007708156
/home/yogesh.patel/execution/25_9_2026_PRD_work/OCT2017_Test/test/CNV/CNV-5674369-2.jpeg,CNV,0,0.98139185,0.012420908,0.0018346768,0.0043525808
/home/yogesh.patel/execution/25_9_2026_PRD_work/OCT2017_Test/test/CNV/CNV-5674369-3.jpeg,CNV,0,0.98613244,0.0065193265,0.0023752921,0.004972937
/home/yogesh.patel/execution/25_9_2026_PRD_work/OCT2017_Test/test/CNV/CNV-5674369-4.jpeg,CNV,0,0.97777903,0.007479916,0.008390657,0.0063504255
/home/yogesh.patel/execution/25_9_2026_PRD_work/OCT2017_Test/test/CNV/CNV-5674369-5.jpeg,CNV,0,0.9795469,0.009421885,0.0036645287,0.007366709
/home/yogesh.patel/execution/25_9_2026_PRD_work/OCT2017_Test/test/CNV/CNV-5760454-1.jpeg,CNV,0,0.97534597,0.007956492,0.0147711,0.0019264398
/home/yogesh.patel/execution/25_9_2026_PRD_work/OCT2017_Test/test/CNV/CNV-5813701-1.jpeg,CNV,0,0.98630697,0.0062164497,0.0010824344,0.0063941954
/home/yogesh.patel/execution/25_9_2026_PRD_work/OCT2017_Test/test/CNV/CNV-5813701-2.jpeg,CNV,0,0.98114395,0.014549743,0.0008486643,0.0034576058
/home/yogesh.patel/execution/25_9_2026_PRD_work/OCT2017_Test/test/CNV/CNV-5813701-3.jpeg,CNV,0,0.87030554,0.12295299,0.0041312454,0.002610228
/home/yogesh.patel/execution/25_9_2026_PRD_work/OCT2017_Test/test/CNV/CNV-5824631-1.jpeg,CNV,0,0.9743838,0.016829822,0.0040345355,0.004751884
/home/yogesh.patel/execution/25_9_2026_PRD_work/OCT2017_Test/test/CNV/CNV-5861916-1.jpeg,CNV,0,0.9723041,0.021562884,0.0018741426,0.0042588403
/home/yogesh.patel/execution/25_9_2026_PRD_work/OCT2017_Test/test/CNV/CNV-5861916-2.jpeg,CNV,0,0.9838755,0.007929287,0.0033715433,0.0048236507
/home/yogesh.patel/execution/25_9_2026_PRD_work/OCT2017_Test/test/CNV/CNV-5861916-3.jpeg,CNV,0,0.97969496,0.010000777,0.0021243107,0.008179995
/home/yogesh.patel/execution/25_9_2026_PRD_work/OCT2017_Test/test/CNV/CNV-5861916-4.jpeg,CNV,0,0.9773534,0.0154825775,0.0021803083,0.0049836556
/home/yogesh.patel/execution/25_9_2026_PRD_work/OCT2017_Test/test/CNV/CNV-5861916-5.jpeg,CNV,0,0.9748064,0.018715499,0.0024280404,0.00405008
/home/yogesh.patel/execution/25_9_2026_PRD_work/OCT2017_Test/test/CNV/CNV-5904584-1.jpeg,CNV,0,0.9376557,0.056409314,0.0033524742,0.002582524
/home/yogesh.patel/execution/25_9_2026_PRD_work/OCT2017_Test/test/CNV/CNV-5904584-2.jpeg,CNV,0,0.9851337,0.0071293735,0.002777513,0.0049593463
/home/yogesh.patel/execution/25_9_2026_PRD_work/OCT2017_Test/test/CNV/CNV-5904584-3.jpeg,CNV,0,0.9777127,0.016988711,0.0037662429,0.0015323737
/home/yogesh.patel/execution/25_9_2026_PRD_work/OCT2017_Test/test/CNV/CNV-5969175-1.jpeg,CNV,0,0.982226,0.0047500446,0.008445164,0.0045788223
/home/yogesh.patel/execution/25_9_2026_PRD_work/OCT2017_Test/test/CNV/CNV-5969175-2.jpeg,CNV,0,0.9799026,0.012693017,0.0027933894,0.0046109343
/home/yogesh.patel/execution/25_9_2026_PRD_work/OCT2017_Test/test/CNV/CNV-6053140-1.jpeg,CNV,0,0.86539084,0.0052833674,0.12610644,0.00321939
/home/yogesh.patel/execution/25_9_2026_PRD_work/OCT2017_Test/test/CNV/CNV-6190971-1.jpeg,CNV,0,0.9383979,0.057156976,0.0017749667,0.0026701672
/home/yogesh.patel/execution/25_9_2026_PRD_work/OCT2017_Test/test/CNV/CNV-6215140-1.jpeg,CNV,0,0.98295784,0.007140549,0.0028162668,0.007085305
/home/yogesh.patel/execution/25_9_2026_PRD_work/OCT2017_Test/test/CNV/CNV-6215140-2.jpeg,CNV,0,0.9783783,0.012572664,0.0023289484,0.006720077
/home/yogesh.patel/execution/25_9_2026_PRD_work/OCT2017_Test/test/CNV/CNV-624911-1.jpeg,CNV,0,0.9037307,0.08968334,0.0023816,0.004204313
/home/yogesh.patel/execution/25_9_2026_PRD_work/OCT2017_Test/test/CNV/CNV-624911-2.jpeg,CNV,0,0.9694361,0.02562515,0.0028992665,0.0020394432
/home/yogesh.patel/execution/25_9_2026_PRD_work/OCT2017_Test/test/CNV/CNV-624911-3.jpeg,CNV,0,0.9665243,0.028678484,0.0028292187,0.0019679475
/home/yogesh.patel/execution/25_9_2026_PRD_work/OCT2017_Test/test/CNV/CNV-6256161-1.jpeg,CNV,0,0.8871132,0.0037855122,0.10613992,0.002961315
/home/yogesh.patel/execution/25_9_2026_PRD_work/OCT2017_Test/test/CNV/CNV-732516-1.jpeg,CNV,0,0.9823039,0.007944182,0.0041066273,0.0056452425
/home/yogesh.patel/execution/25_9_2026_PRD_work/OCT2017_Test/test/CNV/CNV-732516-2.jpeg,CNV,0,0.98852783,0.0045982166,0.0027731932,0.00410078
/home/yogesh.patel/execution/25_9_2026_PRD_work/OCT2017_Test/test/CNV/CNV-732516-3.jpeg,CNV,0,0.98732424,0.0033136997,0.0034823134,0.005879742
/home/yogesh.patel/execution/25_9_2026_PRD_work/OCT2017_Test/test/CNV/CNV-732516-4.jpeg,CNV,0,0.9830442,0.008749239,0.002748233,0.005458334
/home/yogesh.patel/execution/25_9_2026_PRD_work/OCT2017_Test/test/CNV/CNV-743852-1.jpeg,CNV,0,0.96998453,0.025422731,0.0031229798,0.001469726
/home/yogesh.patel/execution/25_9_2026_PRD_work/OCT2017_Test/test/CNV/CNV-776149-1.jpeg,CNV,0,0.9783551,0.010238015,0.0021748117,0.009232114
/home/yogesh.patel/execution/25_9_2026_PRD_work/OCT2017_Test/test/CNV/CNV-779442-1.jpeg,CNV,0,0.9809455,0.0049053147,0.009800525,0.0043486063
/home/yogesh.patel/execution/25_9_2026_PRD_work/OCT2017_Test/test/CNV/CNV-779442-2.jpeg,CNV,0,0.97925377,0.0031559623,0.011770688,0.005819597
/home/yogesh.patel/execution/25_9_2026_PRD_work/OCT2017_Test/test/CNV/CNV-779442-3.jpeg,CNV,0,0.9691092,0.0043056686,0.022834443,0.0037507731
/home/yogesh.patel/execution/25_9_2026_PRD_work/OCT2017_Test/test/CNV/CNV-781814-1.jpeg,CNV,0,0.9729452,0.004838757,0.019704688,0.0025113293
/home/yogesh.patel/execution/25_9_2026_PRD_work/OCT2017_Test/test/CNV/CNV-794538-1.jpeg,CNV,0,0.9857563,0.0034792607,0.003695465,0.007068935
/home/yogesh.patel/execution/25_9_2026_PRD_work/OCT2017_Test/test/CNV/CNV-794538-2.jpeg,CNV,0,0.9791502,0.0074236067,0.003505764,0.009920445
/home/yogesh.patel/execution/25_9_2026_PRD_work/OCT2017_Test/test/CNV/CNV-81630-1.jpeg,CNV,0,0.96979,0.008225808,0.0051161246,0.016868085
/home/yogesh.patel/execution/25_9_2026_PRD_work/OCT2017_Test/test/CNV/CNV-81630-2.jpeg,CNV,0,0.9870791,0.0030664296,0.0034917695,0.0063627064
/home/yogesh.patel/execution/25_9_2026_PRD_work/OCT2017_Test/test/CNV/CNV-81630-3.jpeg,CNV,0,0.97996044,0.0064805746,0.0032405364,0.010318395
/home/yogesh.patel/execution/25_9_2026_PRD_work/OCT2017_Test/test/CNV/CNV-81630-4.jpeg,CNV,0,0.9748779,0.008057278,0.00465955,0.012405327
/home/yogesh.patel/execution/25_9_2026_PRD_work/OCT2017_Test/test/CNV/CNV-827677-1.jpeg,CNV,0,0.98842984,0.00499162,0.0039821966,0.0025962936
/home/yogesh.patel/execution/25_9_2026_PRD_work/OCT2017_Test/test/CNV/CNV-830921-1.jpeg,CNV,0,0.91432303,0.005345725,0.077406414,0.0029248558
/home/yogesh.patel/execution/25_9_2026_PRD_work/OCT2017_Test/test/CNV/CNV-865813-1.jpeg,CNV,0,0.9837617,0.0028998603,0.0027388704,0.010599497
/home/yogesh.patel/execution/25_9_2026_PRD_work/OCT2017_Test/test/CNV/CNV-904464-1.jpeg,CNV,0,0.98727375,0.005455567,0.0014869052,0.00578372
/home/yogesh.patel/execution/25_9_2026_PRD_work/OCT2017_Test/test/CNV/CNV-904464-2.jpeg,CNV,0,0.9864968,0.0056648236,0.0020009584,0.0058374354
/home/yogesh.patel/execution/25_9_2026_PRD_work/OCT2017_Test/test/CNV/CNV-904464-3.jpeg,CNV,0,0.9835063,0.010564088,0.001666451,0.004263196
/home/yogesh.patel/execution/25_9_2026_PRD_work/OCT2017_Test/test/CNV/CNV-904464-4.jpeg,CNV,0,0.98038524,0.010399193,0.0025242846,0.0066912915
/home/yogesh.patel/execution/25_9_2026_PRD_work/OCT2017_Test/test/CNV/CNV-909994-1.jpeg,CNV,0,0.97524637,0.019421965,0.0037929546,0.0015387367
/home/yogesh.patel/execution/25_9_2026_PRD_work/OCT2017_Test/test/CNV/CNV-933576-1.jpeg,CNV,0,0.9846271,0.006574881,0.00442468,0.0043733083
/home/yogesh.patel/execution/25_9_2026_PRD_work/OCT2017_Test/test/CNV/CNV-933576-2.jpeg,CNV,0,0.9814082,0.0044912444,0.0029800308,0.0111205885
/home/yogesh.patel/execution/25_9_2026_PRD_work/OCT2017_Test/test/CNV/CNV-933576-3.jpeg,CNV,0,0.98393744,0.010253395,0.002141272,0.0036679185
/home/yogesh.patel/execution/25_9_2026_PRD_work/OCT2017_Test/test/CNV/CNV-933576-4.jpeg,CNV,0,0.9754432,0.018384201,0.004924705,0.0012479415
/home/yogesh.patel/execution/25_9_2026_PRD_work/OCT2017_Test/test/CNV/CNV-954024-1.jpeg,CNV,0,0.980681,0.008185901,0.004998855,0.0061342856
/home/yogesh.patel/execution/25_9_2026_PRD_work/OCT2017_Test/test/CNV/CNV-987193-1.jpeg,CNV,0,0.95632976,0.036103856,0.006183041,0.0013832971
/home/yogesh.patel/execution/25_9_2026_PRD_work/OCT2017_Test/test/CNV/CNV-987193-2.jpeg,CNV,0,0.9824101,0.013530683,0.0018124747,0.0022467342
/home/yogesh.patel/execution/25_9_2026_PRD_work/OCT2017_Test/test/CNV/CNV-995513-1.jpeg,CNV,0,0.9777011,0.008421405,0.0073292525,0.0065481905
/home/yogesh.patel/execution/25_9_2026_PRD_work/OCT2017_Test/test/DME/DME-1081406-1.jpeg,DME,1,0.020867743,0.970554,0.0047972146,0.0037810805
/home/yogesh.patel/execution/25_9_2026_PRD_work/OCT2017_Test/test/DME/DME-1102486-1.jpeg,DME,1,0.0043214555,0.9902029,0.0013125351,0.004163103
/home/yogesh.patel/execution/25_9_2026_PRD_work/OCT2017_Test/test/DME/DME-1102486-2.jpeg,DME,1,0.00305464,0.9906997,0.002234868,0.0040107653
/home/yogesh.patel/execution/25_9_2026_PRD_work/OCT2017_Test/test/DME/DME-1102486-3.jpeg,DME,1,0.0015399398,0.99092644,0.0014278439,0.006105718
/home/yogesh.patel/execution/25_9_2026_PRD_work/OCT2017_Test/test/DME/DME-1102486-4.jpeg,DME,1,0.0019896256,0.9916331,0.0015494652,0.0048278123
/home/yogesh.patel/execution/25_9_2026_PRD_work/OCT2017_Test/test/DME/DME-11053-1.jpeg,DME,1,0.00944907,0.9808084,0.0016953823,0.008047127
/home/yogesh.patel/execution/25_9_2026_PRD_work/OCT2017_Test/test/DME/DME-119840-1.jpeg,DME,1,0.010097238,0.9845339,0.0026555394,0.0027132737
/home/yogesh.patel/execution/25_9_2026_PRD_work/OCT2017_Test/test/DME/DME-1274315-1.jpeg,DME,1,0.028382724,0.95913416,0.0063833725,0.006099768
/home/yogesh.patel/execution/25_9_2026_PRD_work/OCT2017_Test/test/DME/DME-1274315-2.jpeg,DME,1,0.025175083,0.9706751,0.0015388747,0.0026109237
/home/yogesh.patel/execution/25_9_2026_PRD_work/OCT2017_Test/test/DME/DME-138971-1.jpeg,DME,1,0.0017347701,0.9849306,0.0025571175,0.010777512
/home/yogesh.patel/execution/25_9_2026_PRD_work/OCT2017_Test/test/DME/DME-138971-2.jpeg,DME,1,0.0064510237,0.9836342,0.0045386176,0.005376212
/home/yogesh.patel/execution/25_9_2026_PRD_work/OCT2017_Test/test/DME/DME-1430899-1.jpeg,DME,1,0.09634306,0.89759016,0.0031098435,0.0029569431
/home/yogesh.patel/execution/25_9_2026_PRD_work/OCT2017_Test/test/DME/DME-1479682-1.jpeg,DME,1,0.008063531,0.98266476,0.005062818,0.00420893
/home/yogesh.patel/execution/25_9_2026_PRD_work/OCT2017_Test/test/DME/DME-15208-1.jpeg,DME,1,0.0022670068,0.9939995,0.0008903995,0.0028431371
/home/yogesh.patel/execution/25_9_2026_PRD_work/OCT2017_Test/test/DME/DME-15208-2.jpeg,DME,1,0.06324575,0.9305358,0.0036413607,0.0025770853
/home/yogesh.patel/execution/25_9_2026_PRD_work/OCT2017_Test/test/DME/DME-2091157-1.jpeg,DME,1,0.03587998,0.93431145,0.023524242,0.006284346
/home/yogesh.patel/execution/25_9_2026_PRD_work/OCT2017_Test/test/DME/DME-2105194-1.jpeg,DME,1,0.0058468496,0.9881631,0.0010605643,0.0049294704
/home/yogesh.patel/execution/25_9_2026_PRD_work/OCT2017_Test/test/DME/DME-2126962-1.jpeg,DME,1,0.0030735019,0.9885633,0.0033196465,0.005043536
/home/yogesh.patel/execution/25_9_2026_PRD_work/OCT2017_Test/test/DME/DME-2261889-1.jpeg,DME,1,0.23551987,0.7510921,0.008218805,0.0051692585
/home/yogesh.patel/execution/25_9_2026_PRD_work/OCT2017_Test/test/DME/DME-2556938-1.jpeg,DME,1,0.0013031352,0.9910554,0.0015517017,0.0060897404
/home/yogesh.patel/execution/25_9_2026_PRD_work/OCT2017_Test/test/DME/DME-2630113-1.jpeg,DME,1,0.007255755,0.9842338,0.0018059246,0.006704521
/home/yogesh.patel/execution/25_9_2026_PRD_work/OCT2017_Test/test/DME/DME-2630665-1.jpeg,DME,1,0.12760304,0.8617237,0.0042112363,0.006462055
/home/yogesh.patel/execution/25_9_2026_PRD_work/OCT2017_Test/test/DME/DME-269181-1.jpeg,DME,1,0.008370157,0.9847104,0.0023893095,0.004530149
/home/yogesh.patel/execution/25_9_2026_PRD_work/OCT2017_Test/test/DME/DME-269181-2.jpeg,DME,1,0.004427259,0.98917913,0.0016889927,0.0047046104
/home/yogesh.patel/execution/25_9_2026_PRD_work/OCT2017_Test/test/DME/DME-269181-3.jpeg,DME,1,0.0020950215,0.99310225,0.0017737354,0.0030290042
/home/yogesh.patel/execution/25_9_2026_PRD_work/OCT2017_Test/test/DME/DME-2716523-1.jpeg,DME,1,0.013654555,0.98091125,0.0016791595,0.0037550046
/home/yogesh.patel/execution/25_9_2026_PRD_work/OCT2017_Test/test/DME/DME-2763635-1.jpeg,DME,1,0.023945704,0.96657145,0.007777812,0.0017050693
/home/yogesh.patel/execution/25_9_2026_PRD_work/OCT2017_Test/test/DME/DME-30521-1.jpeg,DME,1,0.013431435,0.9743331,0.006204035,0.006031438
/home/yogesh.patel/execution/25_9_2026_PRD_work/OCT2017_Test/test/DME/DME-30521-10.jpeg,DME,1,0.0012991503,0.9894944,0.0021164743,0.0070899175
/home/yogesh.patel/execution/25_9_2026_PRD_work/OCT2017_Test/test/DME/DME-30521-11.jpeg,DME,1,0.0032842357,0.9888323,0.0031022471,0.004781186
/home/yogesh.patel/execution/25_9_2026_PRD_work/OCT2017_Test/test/DME/DME-30521-12.jpeg,DME,1,0.008850201,0.97994703,0.0059364536,0.0052663027
/home/yogesh.patel/execution/25_9_2026_PRD_work/OCT2017_Test/test/DME/DME-30521-13.jpeg,DME,1,0.020640567,0.9633136,0.00991101,0.006134875
/home/yogesh.patel/execution/25_9_2026_PRD_work/OCT2017_Test/test/DME/DME-30521-2.jpeg,DME,1,0.0030217988,0.9849892,0.003378957,0.008610041
/home/yogesh.patel/execution/25_9_2026_PRD_work/OCT2017_Test/test/DME/DME-30521-3.jpeg,DME,1,0.0011849527,0.98932403,0.0020839397,0.0074070767
/home/yogesh.patel/execution/25_9_2026_PRD_work/OCT2017_Test/test/DME/DME-30521-4.jpeg,DME,1,0.004573895,0.98690724,0.0035249735,0.0049938834
/home/yogesh.patel/execution/25_9_2026_PRD_work/OCT2017_Test/test/DME/DME-30521-5.jpeg,DME,1,0.005106616,0.98879886,0.0020956092,0.0039988416
/home/yogesh.patel/execution/25_9_2026_PRD_work/OCT2017_Test/test/DME/DME-30521-6.jpeg,DME,1,0.032570176,0.95360684,0.006966039,0.0068568997
/home/yogesh.patel/execution/25_9_2026_PRD_work/OCT2017_Test/test/DME/DME-30521-7.jpeg,DME,1,0.004192966,0.9856249,0.0035009196,0.006681243
/home/yogesh.patel/execution/25_9_2026_PRD_work/OCT2017_Test/test/DME/DME-30521-8.jpeg,DME,1,0.004605322,0.9836979,0.0038058932,0.007890865
/home/yogesh.patel/execution/25_9_2026_PRD_work/OCT2017_Test/test/DME/DME-30521-9.jpeg,DME,1,0.008289562,0.9810353,0.0051423563,0.00553282
/home/yogesh.patel/execution/25_9_2026_PRD_work/OCT2017_Test/test/DME/DME-306172-1.jpeg,DME,1,0.0007459236,0.9939864,0.00022190055,0.00504579
/home/yogesh.patel/execution/25_9_2026_PRD_work/OCT2017_Test/test/DME/DME-3064922-1.jpeg,DME,1,0.037204623,0.9546832,0.003923772,0.004188467
/home/yogesh.patel/execution/25_9_2026_PRD_work/OCT2017_Test/test/DME/DME-3157783-1.jpeg,DME,1,0.0012987135,0.99016464,0.0018818453,0.006654811
/home/yogesh.patel/execution/25_9_2026_PRD_work/OCT2017_Test/test/DME/DME-323904-1.jpeg,DME,1,0.00723129,0.9861923,0.001568457,0.0050079557
/home/yogesh.patel/execution/25_9_2026_PRD_work/OCT2017_Test/test/DME/DME-323904-2.jpeg,DME,1,0.0061871107,0.98848253,0.0020792803,0.0032510234
/home/yogesh.patel/execution/25_9_2026_PRD_work/OCT2017_Test/test/DME/DME-3288089-1.jpeg,DME,1,0.755527,0.236618,0.0016348768,0.006220141
/home/yogesh.patel/execution/25_9_2026_PRD_work/OCT2017_Test/test/DME/DME-3475211-1.jpeg,DME,1,0.19544977,0.7911385,0.0058701597,0.007541512
/home/yogesh.patel/execution/25_9_2026_PRD_work/OCT2017_Test/test/DME/DME-3722280-1.jpeg,DME,1,0.12238924,0.8667828,0.0058810986,0.004946851
/home/yogesh.patel/execution/25_9_2026_PRD_work/OCT2017_Test/test/DME/DME-3731953-1.jpeg,DME,1,0.004484577,0.9878526,0.0045255506,0.003137343
/home/yogesh.patel/execution/25_9_2026_PRD_work/OCT2017_Test/test/DME/DME-37503-1.jpeg,DME,1,0.004932884,0.9800253,0.006276511,0.008765328
/home/yogesh.patel/execution/25_9_2026_PRD_work/OCT2017_Test/test/DME/DME-3791742-1.jpeg,DME,1,0.011826342,0.978921,0.0037719568,0.0054807225
/home/yogesh.patel/execution/25_9_2026_PRD_work/OCT2017_Test/test/DME/DME-3810791-1.jpeg,DME,1,0.1346606,0.8543129,0.0054397685,0.005586719
/home/yogesh.patel/execution/25_9_2026_PRD_work/OCT2017_Test/test/DME/DME-3921035-1.jpeg,DME,1,0.0038211632,0.9885243,0.0021706922,0.0054838597
/home/yogesh.patel/execution/25_9_2026_PRD_work/OCT2017_Test/test/DME/DME-4079773-1.jpeg,DME,1,0.014819629,0.98000497,0.0017627298,0.0034126043
/home/yogesh.patel/execution/25_9_2026_PRD_work/OCT2017_Test/test/DME/DME-4117019-1.jpeg,DME,1,0.0446794,0.9457411,0.004233193,0.005346284
/home/yogesh.patel/execution/25_9_2026_PRD_work/OCT2017_Test/test/DME/DME-4146088-1.jpeg,DME,1,0.013455752,0.9797138,0.0023520158,0.0044784867
/home/yogesh.patel/execution/25_9_2026_PRD_work/OCT2017_Test/test/DME/DME-4240465-1.jpeg,DME,1,0.008501769,0.985148,0.0020930131,0.004257197
/home/yogesh.patel/execution/25_9_2026_PRD_work/OCT2017_Test/test/DME/DME-4240465-2.jpeg,DME,1,0.0019510699,0.99296486,0.00115109,0.0039329585
/home/yogesh.patel/execution/25_9_2026_PRD_work/OCT2017_Test/test/DME/DME-4244491-1.jpeg,DME,1,0.00078004366,0.993693,0.001095174,0.0044317595
/home/yogesh.patel/execution/25_9_2026_PRD_work/OCT2017_Test/test/DME/DME-4298019-1.jpeg,DME,1,0.011613702,0.97691154,0.00572393,0.00575085
/home/yogesh.patel/execution/25_9_2026_PRD_work/OCT2017_Test/test/DME/DME-4336607-1.jpeg,DME,1,0.023524491,0.9361183,0.031454623,0.008902584
/home/yogesh.patel/execution/25_9_2026_PRD_work/OCT2017_Test/test/DME/DME-4478609-1.jpeg,DME,1,0.0077176294,0.9849663,0.0020211774,0.00529495
/home/yogesh.patel/execution/25_9_2026_PRD_work/OCT2017_Test/test/DME/DME-4616882-1.jpeg,DME,1,0.004569637,0.98408,0.0023574543,0.008992865
/home/yogesh.patel/execution/25_9_2026_PRD_work/OCT2017_Test/test/DME/DME-462675-1.jpeg,DME,1,0.009594111,0.94888306,0.037070226,0.004452562
/home/yogesh.patel/execution/25_9_2026_PRD_work/OCT2017_Test/test/DME/DME-4634094-1.jpeg,DME,1,0.0010023448,0.99396473,0.00056511257,0.0044678063
/home/yogesh.patel/execution/25_9_2026_PRD_work/OCT2017_Test/test/DME/DME-4634094-2.jpeg,DME,1,0.006185232,0.9874066,0.0024783066,0.0039298576
/home/yogesh.patel/execution/25_9_2026_PRD_work/OCT2017_Test/test/DME/DME-4658666-1.jpeg,DME,1,0.00076525204,0.992129,0.00069951173,0.0064062257
/home/yogesh.patel/execution/25_9_2026_PRD_work/OCT2017_Test/test/DME/DME-4732091-1.jpeg,DME,1,0.00325883,0.9819038,0.010797955,0.0040394864
/home/yogesh.patel/execution/25_9_2026_PRD_work/OCT2017_Test/test/DME/DME-4732091-2.jpeg,DME,1,0.4216233,0.55183315,0.021366669,0.005176932
/home/yogesh.patel/execution/25_9_2026_PRD_work/OCT2017_Test/test/DME/DME-4804900-1.jpeg,DME,1,0.013318667,0.9716798,0.0047222576,0.010279214
/home/yogesh.patel/execution/25_9_2026_PRD_work/OCT2017_Test/test/DME/DME-4897748-1.jpeg,DME,1,0.0055293506,0.9831789,0.004497156,0.006794653
/home/yogesh.patel/execution/25_9_2026_PRD_work/OCT2017_Test/test/DME/DME-4940184-1.jpeg,DME,1,0.0023206803,0.99413097,0.00080233737,0.0027459806
/home/yogesh.patel/execution/25_9_2026_PRD_work/OCT2017_Test/test/DME/DME-4989358-1.jpeg,DME,1,0.0054984954,0.9903751,0.0022322894,0.0018941184
/home/yogesh.patel/execution/25_9_2026_PRD_work/OCT2017_Test/test/DME/DME-5014129-1.jpeg,DME,1,0.0009107822,0.99622875,0.0006226875,0.002237826
/home/yogesh.patel/execution/25_9_2026_PRD_work/OCT2017_Test/test/DME/DME-5014129-2.jpeg,DME,1,0.019234926,0.95929086,0.018152025,0.0033221007
/home/yogesh.patel/execution/25_9_2026_PRD_work/OCT2017_Test/test/DME/DME-5071032-1.jpeg,DME,1,0.015414532,0.9713346,0.009460681,0.0037901727
/home/yogesh.patel/execution/25_9_2026_PRD_work/OCT2017_Test/test/DME/DME-5072525-1.jpeg,DME,1,0.006972191,0.9833571,0.0056630373,0.00400767
/home/yogesh.patel/execution/25_9_2026_PRD_work/OCT2017_Test/test/DME/DME-5434248-1.jpeg,DME,1,0.013519786,0.97918755,0.0020677815,0.005224851
/home/yogesh.patel/execution/25_9_2026_PRD_work/OCT2017_Test/test/DME/DME-5465575-1.jpeg,DME,1,0.043332182,0.95056236,0.0025747,0.0035308006
/home/yogesh.patel/execution/25_9_2026_PRD_work/OCT2017_Test/test/DME/DME-5497895-1.jpeg,DME,1,0.022614265,0.96478975,0.007863034,0.0047329576
/home/yogesh.patel/execution/25_9_2026_PRD_work/OCT2017_Test/test/DME/DME-563695-1.jpeg,DME,1,0.027828913,0.9649925,0.003485704,0.0036928933
/home/yogesh.patel/execution/25_9_2026_PRD_work/OCT2017_Test/test/DME/DME-563695-2.jpeg,DME,1,0.0027147306,0.99296415,0.0013928168,0.0029283601
/home/yogesh.patel/execution/25_9_2026_PRD_work/OCT2017_Test/test/DME/DME-5656004-1.jpeg,DME,1,0.03133171,0.9339806,0.023366367,0.011321344
/home/yogesh.patel/execution/25_9_2026_PRD_work/OCT2017_Test/test/DME/DME-5713682-1.jpeg,DME,1,0.053612348,0.93281114,0.0088307345,0.0047458513
/home/yogesh.patel/execution/25_9_2026_PRD_work/OCT2017_Test/test/DME/DME-57603-1.jpeg,DME,1,0.0014237902,0.9930103,0.0018741508,0.003691812
/home/yogesh.patel/execution/25_9_2026_PRD_work/OCT2017_Test/test/DME/DME-5760454-1.jpeg,DME,1,0.01690965,0.9797421,0.0015309813,0.0018172419
/home/yogesh.patel/execution/25_9_2026_PRD_work/OCT2017_Test/test/DME/DME-5768195-1.jpeg,DME,1,0.0061946036,0.97961575,0.010264659,0.003925063
/home/yogesh.patel/execution/25_9_2026_PRD_work/OCT2017_Test/test/DME/DME-5796574-1.jpeg,DME,1,0.0037047719,0.9885735,0.0025509468,0.0051708035
/home/yogesh.patel/execution/25_9_2026_PRD_work/OCT2017_Test/test/DME/DME-5796574-2.jpeg,DME,1,0.010047232,0.9807565,0.00471779,0.004478467
/home/yogesh.patel/execution/25_9_2026_PRD_work/OCT2017_Test/test/DME/DME-5802218-1.jpeg,DME,1,0.94888246,0.037964348,0.0068355054,0.0063177194
/home/yogesh.patel/execution/25_9_2026_PRD_work/OCT2017_Test/test/DME/DME-5834001-1.jpeg,DME,1,0.075975515,0.91362983,0.0043142866,0.00608036
/home/yogesh.patel/execution/25_9_2026_PRD_work/OCT2017_Test/test/DME/DME-5843591-1.jpeg,DME,1,0.003854018,0.98432785,0.0043640286,0.0074541024
/home/yogesh.patel/execution/25_9_2026_PRD_work/OCT2017_Test/test/DME/DME-5864085-1.jpeg,DME,1,0.0047145514,0.98787224,0.0038269823,0.0035862
/home/yogesh.patel/execution/25_9_2026_PRD_work/OCT2017_Test/test/DME/DME-5912153-1.jpeg,DME,1,0.03572745,0.9593265,0.002054855,0.0028911852
/home/yogesh.patel/execution/25_9_2026_PRD_work/OCT2017_Test/test/DME/DME-5975636-1.jpeg,DME,1,0.0073213233,0.9825792,0.0030623877,0.0070371497
/home/yogesh.patel/execution/25_9_2026_PRD_work/OCT2017_Test/test/DME/DME-5981434-1.jpeg,DME,1,0.020119881,0.8710894,0.01707761,0.0917131
/home/yogesh.patel/execution/25_9_2026_PRD_work/OCT2017_Test/test/DME/DME-6090983-1.jpeg,DME,1,0.019620275,0.9713371,0.0024387082,0.006603929
/home/yogesh.patel/execution/25_9_2026_PRD_work/OCT2017_Test/test/DME/DME-6151003-1.jpeg,DME,1,0.011028111,0.667746,0.0083434265,0.31288245
/home/yogesh.patel/execution/25_9_2026_PRD_work/OCT2017_Test/test/DME/DME-6296605-1.jpeg,DME,1,0.006548361,0.98615277,0.0019742663,0.00532461
/home/yogesh.patel/execution/25_9_2026_PRD_work/OCT2017_Test/test/DME/DME-6314020-1.jpeg,DME,1,0.008972343,0.98421884,0.004114177,0.0026946436
/home/yogesh.patel/execution/25_9_2026_PRD_work/OCT2017_Test/test/DME/DME-633268-1.jpeg,DME,1,0.008483899,0.97552425,0.008380142,0.0076117204
/home/yogesh.patel/execution/25_9_2026_PRD_work/OCT2017_Test/test/DME/DME-6383847-1.jpeg,DME,1,0.001401386,0.99595594,0.0008957048,0.0017469553
/home/yogesh.patel/execution/25_9_2026_PRD_work/OCT2017_Test/test/DME/DME-6434323-1.jpeg,DME,1,0.016701804,0.97519714,0.002482626,0.0056184153
/home/yogesh.patel/execution/25_9_2026_PRD_work/OCT2017_Test/test/DME/DME-671384-1.jpeg,DME,1,0.004927852,0.9837182,0.0053509925,0.0060029062
/home/yogesh.patel/execution/25_9_2026_PRD_work/OCT2017_Test/test/DME/DME-6716735-1.jpeg,DME,1,0.004353452,0.9875252,0.0034174726,0.004703778
/home/yogesh.patel/execution/25_9_2026_PRD_work/OCT2017_Test/test/DME/DME-6716735-2.jpeg,DME,1,0.0020562802,0.9871915,0.0023638224,0.008388375
/home/yogesh.patel/execution/25_9_2026_PRD_work/OCT2017_Test/test/DME/DME-70266-1.jpeg,DME,1,0.03733145,0.9548314,0.004043336,0.003793745
/home/yogesh.patel/execution/25_9_2026_PRD_work/OCT2017_Test/test/DME/DME-70266-2.jpeg,DME,1,0.01427327,0.9801988,0.0025629054,0.0029650433
/home/yogesh.patel/execution/25_9_2026_PRD_work/OCT2017_Test/test/DME/DME-70266-3.jpeg,DME,1,0.00775588,0.98552966,0.0027232396,0.0039911955
/home/yogesh.patel/execution/25_9_2026_PRD_work/OCT2017_Test/test/DME/DME-7027665-1.jpeg,DME,1,0.0055718245,0.9867931,0.0040456443,0.003589423
/home/yogesh.patel/execution/25_9_2026_PRD_work/OCT2017_Test/test/DME/DME-7194085-1.jpeg,DME,1,0.0548707,0.9159248,0.0018600272,0.027344463
/home/yogesh.patel/execution/25_9_2026_PRD_work/OCT2017_Test/test/DME/DME-7239304-1.jpeg,DME,1,0.03843085,0.95638835,0.0020388165,0.003142001
/home/yogesh.patel/execution/25_9_2026_PRD_work/OCT2017_Test/test/DME/DME-7248535-1.jpeg,DME,1,0.009102192,0.9828691,0.0040623634,0.0039663147
/home/yogesh.patel/execution/25_9_2026_PRD_work/OCT2017_Test/test/DME/DME-7432714-1.jpeg,DME,1,0.008396637,0.98615676,0.0023463126,0.0031002758
/home/yogesh.patel/execution/25_9_2026_PRD_work/OCT2017_Test/test/DME/DME-7434518-1.jpeg,DME,1,0.0040812003,0.986696,0.0026372536,0.0065855524
/home/yogesh.patel/execution/25_9_2026_PRD_work/OCT2017_Test/test/DME/DME-7469235-1.jpeg,DME,1,0.043919217,0.94835836,0.0033009476,0.0044214525
/home/yogesh.patel/execution/25_9_2026_PRD_work/OCT2017_Test/test/DME/DME-7503514-1.jpeg,DME,1,0.0037691367,0.9889588,0.002587358,0.0046847584
/home/yogesh.patel/execution/25_9_2026_PRD_work/OCT2017_Test/test/DME/DME-7558688-1.jpeg,DME,1,0.0027759227,0.9915138,0.00054929394,0.005161
/home/yogesh.patel/execution/25_9_2026_PRD_work/OCT2017_Test/test/DME/DME-7573590-1.jpeg,DME,1,0.0068699843,0.98344946,0.0065919436,0.0030886729
/home/yogesh.patel/execution/25_9_2026_PRD_work/OCT2017_Test/test/DME/DME-7578162-1.jpeg,DME,1,0.011290597,0.9743951,0.005130272,0.009183993
/home/yogesh.patel/execution/25_9_2026_PRD_work/OCT2017_Test/test/DME/DME-7585263-1.jpeg,DME,1,0.015526199,0.91456187,0.060971674,0.008940242
/home/yogesh.patel/execution/25_9_2026_PRD_work/OCT2017_Test/test/DME/DME-7585263-2.jpeg,DME,1,0.17777728,0.7395559,0.07734781,0.0053190594
/home/yogesh.patel/execution/25_9_2026_PRD_work/OCT2017_Test/test/DME/DME-7585263-3.jpeg,DME,1,0.048485275,0.7272788,0.21661228,0.0076236078
/home/yogesh.patel/execution/25_9_2026_PRD_work/OCT2017_Test/test/DME/DME-7591008-1.jpeg,DME,1,0.013354913,0.96720076,0.0075831283,0.011861233
/home/yogesh.patel/execution/25_9_2026_PRD_work/OCT2017_Test/test/DME/DME-7614088-1.jpeg,DME,1,0.0038873255,0.9895432,0.0031631016,0.003406395
/home/yogesh.patel/execution/25_9_2026_PRD_work/OCT2017_Test/test/DME/DME-7650134-1.jpeg,DME,1,0.014711736,0.9791347,0.0031610122,0.002992525
/home/yogesh.patel/execution/25_9_2026_PRD_work/OCT2017_Test/test/DME/DME-7650134-2.jpeg,DME,1,0.0052868426,0.9849773,0.0037972026,0.005938576
/home/yogesh.patel/execution/25_9_2026_PRD_work/OCT2017_Test/test/DME/DME-7706610-1.jpeg,DME,1,0.02197533,0.9692786,0.004493344,0.004252793
/home/yogesh.patel/execution/25_9_2026_PRD_work/OCT2017_Test/test/DME/DME-7706610-2.jpeg,DME,1,0.024246288,0.9672045,0.0027385838,0.005810578
/home/yogesh.patel/execution/25_9_2026_PRD_work/OCT2017_Test/test/DME/DME-7706610-3.jpeg,DME,1,0.013928488,0.97431403,0.0038704264,0.007887091
/home/yogesh.patel/execution/25_9_2026_PRD_work/OCT2017_Test/test/DME/DME-7756213-1.jpeg,DME,1,0.020856561,0.9720408,0.002026592,0.005076063
/home/yogesh.patel/execution/25_9_2026_PRD_work/OCT2017_Test/test/DME/DME-7757895-1.jpeg,DME,1,0.0028670928,0.9929206,0.0011364331,0.0030758656
/home/yogesh.patel/execution/25_9_2026_PRD_work/OCT2017_Test/test/DME/DME-7763916-1.jpeg,DME,1,0.08091703,0.9040083,0.005559605,0.009514979
/home/yogesh.patel/execution/25_9_2026_PRD_work/OCT2017_Test/test/DME/DME-7780589-1.jpeg,DME,1,0.00809247,0.9824923,0.004365624,0.005049531
/home/yogesh.patel/execution/25_9_2026_PRD_work/OCT2017_Test/test/DME/DME-778975-1.jpeg,DME,1,0.0023930392,0.9900443,0.004782912,0.002779754
/home/yogesh.patel/execution/25_9_2026_PRD_work/OCT2017_Test/test/DME/DME-778975-2.jpeg,DME,1,0.0023280145,0.99348265,0.0019339289,0.002255388
/home/yogesh.patel/execution/25_9_2026_PRD_work/OCT2017_Test/test/DME/DME-7793366-1.jpeg,DME,1,0.005662556,0.98656183,0.0033644498,0.004411155
/home/yogesh.patel/execution/25_9_2026_PRD_work/OCT2017_Test/test/DME/DME-7837305-1.jpeg,DME,1,0.003910147,0.99179703,0.0007585093,0.0035342858
/home/yogesh.patel/execution/25_9_2026_PRD_work/OCT2017_Test/test/DME/DME-7837305-2.jpeg,DME,1,0.017789086,0.9663249,0.002805605,0.0130803995
/home/yogesh.patel/execution/25_9_2026_PRD_work/OCT2017_Test/test/DME/DME-7837305-3.jpeg,DME,1,0.00074988796,0.99059725,0.0014388597,0.007213965
/home/yogesh.patel/execution/25_9_2026_PRD_work/OCT2017_Test/test/DME/DME-7837305-4.jpeg,DME,1,0.0012419305,0.9937458,0.0011054985,0.003906807
/home/yogesh.patel/execution/25_9_2026_PRD_work/OCT2017_Test/test/DME/DME-7837305-5.jpeg,DME,1,0.0024730142,0.9928705,0.0012379478,0.0034184842
/home/yogesh.patel/execution/25_9_2026_PRD_work/OCT2017_Test/test/DME/DME-7843891-1.jpeg,DME,1,0.9145107,0.061843615,0.012605255,0.011040403
/home/yogesh.patel/execution/25_9_2026_PRD_work/OCT2017_Test/test/DME/DME-7846574-1.jpeg,DME,1,0.018922914,0.9722234,0.0047232844,0.004130416
/home/yogesh.patel/execution/25_9_2026_PRD_work/OCT2017_Test/test/DME/DME-7870558-1.jpeg,DME,1,0.0031224492,0.9904555,0.0019756474,0.004446398
/home/yogesh.patel/execution/25_9_2026_PRD_work/OCT2017_Test/test/DME/DME-7870558-2.jpeg,DME,1,0.0030202481,0.99382883,0.0006325395,0.0025184245
/home/yogesh.patel/execution/25_9_2026_PRD_work/OCT2017_Test/test/DME/DME-7870558-3.jpeg,DME,1,0.010819515,0.98151165,0.0026365507,0.005032296
/home/yogesh.patel/execution/25_9_2026_PRD_work/OCT2017_Test/test/DME/DME-7870558-4.jpeg,DME,1,0.0028264571,0.9916724,0.0014788216,0.0040223445
/home/yogesh.patel/execution/25_9_2026_PRD_work/OCT2017_Test/test/DME/DME-7907461-1.jpeg,DME,1,0.008354647,0.9848212,0.001323925,0.005500188
/home/yogesh.patel/execution/25_9_2026_PRD_work/OCT2017_Test/test/DME/DME-7918201-1.jpeg,DME,1,0.00079818943,0.98638564,0.0013539159,0.0114623085
/home/yogesh.patel/execution/25_9_2026_PRD_work/OCT2017_Test/test/DME/DME-7918201-2.jpeg,DME,1,0.008496959,0.98016727,0.004500197,0.006835541
/home/yogesh.patel/execution/25_9_2026_PRD_work/OCT2017_Test/test/DME/DME-7928636-1.jpeg,DME,1,0.013962026,0.9825531,0.0011678664,0.0023169694
/home/yogesh.patel/execution/25_9_2026_PRD_work/OCT2017_Test/test/DME/DME-7928636-2.jpeg,DME,1,0.028190328,0.9674276,0.002823791,0.0015583066
/home/yogesh.patel/execution/25_9_2026_PRD_work/OCT2017_Test/test/DME/DME-7934335-1.jpeg,DME,1,0.031427093,0.96030533,0.003949765,0.0043177777
/home/yogesh.patel/execution/25_9_2026_PRD_work/OCT2017_Test/test/DME/DME-7939555-1.jpeg,DME,1,0.002193992,0.98646927,0.0036895706,0.0076471954
/home/yogesh.patel/execution/25_9_2026_PRD_work/OCT2017_Test/test/DME/DME-7939555-2.jpeg,DME,1,0.00627006,0.9804036,0.0066322656,0.0066940747
/home/yogesh.patel/execution/25_9_2026_PRD_work/OCT2017_Test/test/DME/DME-7939555-3.jpeg,DME,1,0.0024622933,0.98949677,0.0021196601,0.005921258
/home/yogesh.patel/execution/25_9_2026_PRD_work/OCT2017_Test/test/DME/DME-7939555-4.jpeg,DME,1,0.005883623,0.98463666,0.0034788686,0.0060008513
/home/yogesh.patel/execution/25_9_2026_PRD_work/OCT2017_Test/test/DME/DME-7939555-5.jpeg,DME,1,0.0025326256,0.98634183,0.002615564,0.008510009
/home/yogesh.patel/execution/25_9_2026_PRD_work/OCT2017_Test/test/DME/DME-7972888-1.jpeg,DME,1,0.0067964923,0.9881618,0.0024049366,0.0026367782
/home/yogesh.patel/execution/25_9_2026_PRD_work/OCT2017_Test/test/DME/DME-7983936-1.jpeg,DME,1,0.4624536,0.52742046,0.0033214123,0.006804511
/home/yogesh.patel/execution/25_9_2026_PRD_work/OCT2017_Test/test/DME/DME-7990001-1.jpeg,DME,1,0.02242601,0.95166284,0.02320423,0.0027068835
/home/yogesh.patel/execution/25_9_2026_PRD_work/OCT2017_Test/test/DME/DME-8000885-1.jpeg,DME,1,0.011230359,0.9790278,0.0039285803,0.005813165
/home/yogesh.patel/execution/25_9_2026_PRD_work/OCT2017_Test/test/DME/DME-8019418-1.jpeg,DME,1,0.01062437,0.9840082,0.002676046,0.00269141
/home/yogesh.patel/execution/25_9_2026_PRD_work/OCT2017_Test/test/DME/DME-8019418-2.jpeg,DME,1,0.008101149,0.98515946,0.0031137948,0.0036255785
/home/yogesh.patel/execution/25_9_2026_PRD_work/OCT2017_Test/test/DME/DME-8019418-3.jpeg,DME,1,0.008037093,0.9868871,0.0019908382,0.003084965
/home/yogesh.patel/execution/25_9_2026_PRD_work/OCT2017_Test/test/DME/DME-8019418-4.jpeg,DME,1,0.015271862,0.9784264,0.0027613735,0.003540396
/home/yogesh.patel/execution/25_9_2026_PRD_work/OCT2017_Test/test/DME/DME-8021831-1.jpeg,DME,1,0.005886952,0.98814696,0.0008776315,0.005088524
/home/yogesh.patel/execution/25_9_2026_PRD_work/OCT2017_Test/test/DME/DME-8056259-1.jpeg,DME,1,0.010471341,0.9799195,0.0033974044,0.006211689
/home/yogesh.patel/execution/25_9_2026_PRD_work/OCT2017_Test/test/DME/DME-8080050-1.jpeg,DME,1,0.13580535,0.85698354,0.0031121173,0.004098971
/home/yogesh.patel/execution/25_9_2026_PRD_work/OCT2017_Test/test/DME/DME-8130267-1.jpeg,DME,1,0.014680645,0.9703652,0.009337572,0.0056165834
/home/yogesh.patel/execution/25_9_2026_PRD_work/OCT2017_Test/test/DME/DME-8136649-1.jpeg,DME,1,0.006503198,0.9845004,0.0037802213,0.005216134
/home/yogesh.patel/execution/25_9_2026_PRD_work/OCT2017_Test/test/DME/DME-8167779-1.jpeg,DME,1,0.0059026624,0.9860522,0.0028865915,0.005158489
/home/yogesh.patel/execution/25_9_2026_PRD_work/OCT2017_Test/test/DME/DME-8177380-1.jpeg,DME,1,0.0031188598,0.99100256,0.0013848076,0.004493804
/home/yogesh.patel/execution/25_9_2026_PRD_work/OCT2017_Test/test/DME/DME-8177380-2.jpeg,DME,1,0.0062761614,0.98770803,0.0021716314,0.0038442262
/home/yogesh.patel/execution/25_9_2026_PRD_work/OCT2017_Test/test/DME/DME-8177380-3.jpeg,DME,1,0.0036560525,0.9918596,0.0008495917,0.0036347036
/home/yogesh.patel/execution/25_9_2026_PRD_work/OCT2017_Test/test/DME/DME-8200056-1.jpeg,DME,1,0.0041220244,0.9899495,0.0013043161,0.004624171
/home/yogesh.patel/execution/25_9_2026_PRD_work/OCT2017_Test/test/DME/DME-8200056-2.jpeg,DME,1,0.008386272,0.98757625,0.0011204224,0.0029170476
/home/yogesh.patel/execution/25_9_2026_PRD_work/OCT2017_Test/test/DME/DME-8200056-3.jpeg,DME,1,0.005735886,0.9802693,0.0031833607,0.010811397
/home/yogesh.patel/execution/25_9_2026_PRD_work/OCT2017_Test/test/DME/DME-8218042-1.jpeg,DME,1,0.03824386,0.94899446,0.0073056733,0.0054560336
/home/yogesh.patel/execution/25_9_2026_PRD_work/OCT2017_Test/test/DME/DME-8231523-1.jpeg,DME,1,0.022774864,0.96769565,0.004637372,0.004892103
/home/yogesh.patel/execution/25_9_2026_PRD_work/OCT2017_Test/test/DME/DME-82328-1.jpeg,DME,1,0.0028517635,0.98863363,0.0028902413,0.0056243925
/home/yogesh.patel/execution/25_9_2026_PRD_work/OCT2017_Test/test/DME/DME-8366524-1.jpeg,DME,1,0.012366868,0.9433031,0.0035427327,0.04078726
/home/yogesh.patel/execution/25_9_2026_PRD_work/OCT2017_Test/test/DME/DME-8366524-2.jpeg,DME,1,0.0032902644,0.98170906,0.00333446,0.011666247
/home/yogesh.patel/execution/25_9_2026_PRD_work/OCT2017_Test/test/DME/DME-8426419-1.jpeg,DME,1,0.021344027,0.9726028,0.0036771088,0.0023760893
/home/yogesh.patel/execution/25_9_2026_PRD_work/OCT2017_Test/test/DME/DME-8426419-2.jpeg,DME,1,0.024794864,0.96714205,0.003135495,0.004927595
/home/yogesh.patel/execution/25_9_2026_PRD_work/OCT2017_Test/test/DME/DME-8457431-1.jpeg,DME,1,0.05916122,0.93423784,0.0034518752,0.003149071
/home/yogesh.patel/execution/25_9_2026_PRD_work/OCT2017_Test/test/DME/DME-8469406-1.jpeg,DME,1,0.0020254594,0.99397945,0.0004933432,0.0035017214
/home/yogesh.patel/execution/25_9_2026_PRD_work/OCT2017_Test/test/DME/DME-8472707-1.jpeg,DME,1,0.007022094,0.9892857,0.0009740082,0.0027181641
/home/yogesh.patel/execution/25_9_2026_PRD_work/OCT2017_Test/test/DME/DME-8477096-1.jpeg,DME,1,0.03273406,0.96042985,0.0030029523,0.00383309
/home/yogesh.patel/execution/25_9_2026_PRD_work/OCT2017_Test/test/DME/DME-8525575-1.jpeg,DME,1,0.02147999,0.97049105,0.0022333993,0.005795511
/home/yogesh.patel/execution/25_9_2026_PRD_work/OCT2017_Test/test/DME/DME-8525575-2.jpeg,DME,1,0.060239766,0.92669886,0.0044769472,0.008584472
/home/yogesh.patel/execution/25_9_2026_PRD_work/OCT2017_Test/test/DME/DME-8525575-3.jpeg,DME,1,0.006559931,0.9876771,0.0012918995,0.004471066
/home/yogesh.patel/execution/25_9_2026_PRD_work/OCT2017_Test/test/DME/DME-8525575-4.jpeg,DME,1,0.0042573093,0.9911015,0.00064433826,0.003996876
/home/yogesh.patel/execution/25_9_2026_PRD_work/OCT2017_Test/test/DME/DME-8525575-5.jpeg,DME,1,0.043094803,0.949884,0.0038373037,0.0031838529
/home/yogesh.patel/execution/25_9_2026_PRD_work/OCT2017_Test/test/DME/DME-8525575-6.jpeg,DME,1,0.04114084,0.9488762,0.003314164,0.00666878
/home/yogesh.patel/execution/25_9_2026_PRD_work/OCT2017_Test/test/DME/DME-8525575-7.jpeg,DME,1,0.008045579,0.9876517,0.001547991,0.0027546964
/home/yogesh.patel/execution/25_9_2026_PRD_work/OCT2017_Test/test/DME/DME-8525575-8.jpeg,DME,1,0.0043128743,0.98840624,0.0012131613,0.0060677794
/home/yogesh.patel/execution/25_9_2026_PRD_work/OCT2017_Test/test/DME/DME-8589279-1.jpeg,DME,1,0.12834758,0.8599358,0.008368482,0.003348073
/home/yogesh.patel/execution/25_9_2026_PRD_work/OCT2017_Test/test/DME/DME-8602716-1.jpeg,DME,1,0.0031892587,0.9876576,0.0047251866,0.004428002
/home/yogesh.patel/execution/25_9_2026_PRD_work/OCT2017_Test/test/DME/DME-8602716-2.jpeg,DME,1,0.019501774,0.9744728,0.002743719,0.0032817288
/home/yogesh.patel/execution/25_9_2026_PRD_work/OCT2017_Test/test/DME/DME-8602716-3.jpeg,DME,1,0.008848281,0.9849958,0.0023348578,0.0038211064
/home/yogesh.patel/execution/25_9_2026_PRD_work/OCT2017_Test/test/DME/DME-8602716-4.jpeg,DME,1,0.03657641,0.9548522,0.0036102543,0.004961168
/home/yogesh.patel/execution/25_9_2026_PRD_work/OCT2017_Test/test/DME/DME-8615417-1.jpeg,DME,1,0.008604725,0.9817108,0.0040433286,0.0056411447
/home/yogesh.patel/execution/25_9_2026_PRD_work/OCT2017_Test/test/DME/DME-8615417-2.jpeg,DME,1,0.027060544,0.9647695,0.0040229405,0.0041470123
/home/yogesh.patel/execution/25_9_2026_PRD_work/OCT2017_Test/test/DME/DME-8635355-1.jpeg,DME,1,0.03215613,0.9593398,0.0055840374,0.0029200618
/home/yogesh.patel/execution/25_9_2026_PRD_work/OCT2017_Test/test/DME/DME-8635355-2.jpeg,DME,1,0.04647449,0.93853384,0.0109518515,0.004039795
/home/yogesh.patel/execution/25_9_2026_PRD_work/OCT2017_Test/test/DME/DME-8729675-1.jpeg,DME,1,0.0021016242,0.9906455,0.002576429,0.0046763727
/home/yogesh.patel/execution/25_9_2026_PRD_work/OCT2017_Test/test/DME/DME-8729675-2.jpeg,DME,1,0.008659151,0.75624454,0.12130101,0.11379528
/home/yogesh.patel/execution/25_9_2026_PRD_work/OCT2017_Test/test/DME/DME-8732456-1.jpeg,DME,1,0.07981474,0.68505615,0.23178196,0.0033471198
/home/yogesh.patel/execution/25_9_2026_PRD_work/OCT2017_Test/test/DME/DME-8766603-1.jpeg,DME,1,0.019347215,0.97256273,0.0034490947,0.004640964
/home/yogesh.patel/execution/25_9_2026_PRD_work/OCT2017_Test/test/DME/DME-8807486-1.jpeg,DME,1,0.04664458,0.9449159,0.003571098,0.0048684697
/home/yogesh.patel/execution/25_9_2026_PRD_work/OCT2017_Test/test/DME/DME-8847144-1.jpeg,DME,1,0.008474748,0.9797574,0.0053819357,0.006385869
/home/yogesh.patel/execution/25_9_2026_PRD_work/OCT2017_Test/test/DME/DME-8851193-1.jpeg,DME,1,0.0050946386,0.98925316,0.0016112132,0.004040992
/home/yogesh.patel/execution/25_9_2026_PRD_work/OCT2017_Test/test/DME/DME-8861620-1.jpeg,DME,1,0.015135903,0.9746841,0.0052886526,0.0048913565
/home/yogesh.patel/execution/25_9_2026_PRD_work/OCT2017_Test/test/DME/DME-8861620-2.jpeg,DME,1,0.0035054625,0.982889,0.005912425,0.00769308
/home/yogesh.patel/execution/25_9_2026_PRD_work/OCT2017_Test/test/DME/DME-8861620-3.jpeg,DME,1,0.014127086,0.9751553,0.0057698702,0.0049477364
/home/yogesh.patel/execution/25_9_2026_PRD_work/OCT2017_Test/test/DME/DME-8889771-1.jpeg,DME,1,0.0027829583,0.988071,0.0028047839,0.0063412185
/home/yogesh.patel/execution/25_9_2026_PRD_work/OCT2017_Test/test/DME/DME-8889771-2.jpeg,DME,1,0.010362643,0.98395926,0.0019126944,0.0037653705
/home/yogesh.patel/execution/25_9_2026_PRD_work/OCT2017_Test/test/DME/DME-8889771-3.jpeg,DME,1,0.27361333,0.7115039,0.007850157,0.0070326556
/home/yogesh.patel/execution/25_9_2026_PRD_work/OCT2017_Test/test/DME/DME-8889771-4.jpeg,DME,1,0.015514362,0.9736434,0.006271024,0.004571178
/home/yogesh.patel/execution/25_9_2026_PRD_work/OCT2017_Test/test/DME/DME-8908847-1.jpeg,DME,1,0.0047286283,0.9898081,0.0010702845,0.0043930006
/home/yogesh.patel/execution/25_9_2026_PRD_work/OCT2017_Test/test/DME/DME-8989419-1.jpeg,DME,1,0.006573556,0.9866022,0.0041913497,0.002632904
/home/yogesh.patel/execution/25_9_2026_PRD_work/OCT2017_Test/test/DME/DME-9066695-1.jpeg,DME,1,0.003913928,0.98403096,0.004987468,0.007067604
/home/yogesh.patel/execution/25_9_2026_PRD_work/OCT2017_Test/test/DME/DME-9109143-1.jpeg,DME,1,0.022551773,0.9738591,0.0013992282,0.002189945
/home/yogesh.patel/execution/25_9_2026_PRD_work/OCT2017_Test/test/DME/DME-910956-1.jpeg,DME,1,0.008471831,0.98187554,0.003621842,0.0060307444
/home/yogesh.patel/execution/25_9_2026_PRD_work/OCT2017_Test/test/DME/DME-9211360-1.jpeg,DME,1,0.01640019,0.9753379,0.0031147995,0.0051470962
/home/yogesh.patel/execution/25_9_2026_PRD_work/OCT2017_Test/test/DME/DME-9211360-2.jpeg,DME,1,0.4132131,0.57443786,0.0059750993,0.006373953
/home/yogesh.patel/execution/25_9_2026_PRD_work/OCT2017_Test/test/DME/DME-9241179-1.jpeg,DME,1,0.0008136263,0.9933692,0.0007282648,0.0050888807
/home/yogesh.patel/execution/25_9_2026_PRD_work/OCT2017_Test/test/DME/DME-9333524-1.jpeg,DME,1,0.07798284,0.49728683,0.41933203,0.005398319
/home/yogesh.patel/execution/25_9_2026_PRD_work/OCT2017_Test/test/DME/DME-9361825-1.jpeg,DME,1,0.003892972,0.99172086,0.0015424271,0.0028437958
/home/yogesh.patel/execution/25_9_2026_PRD_work/OCT2017_Test/test/DME/DME-9378346-1.jpeg,DME,1,0.021353949,0.97335565,0.004046496,0.001243951
/home/yogesh.patel/execution/25_9_2026_PRD_work/OCT2017_Test/test/DME/DME-9378346-2.jpeg,DME,1,0.022619635,0.9729729,0.002077316,0.0023301519
/home/yogesh.patel/execution/25_9_2026_PRD_work/OCT2017_Test/test/DME/DME-9378346-3.jpeg,DME,1,0.0058134287,0.98677516,0.003174657,0.0042367675
/home/yogesh.patel/execution/25_9_2026_PRD_work/OCT2017_Test/test/DME/DME-9428363-1.jpeg,DME,1,0.008429364,0.97661465,0.001746196,0.01320979
/home/yogesh.patel/execution/25_9_2026_PRD_work/OCT2017_Test/test/DME/DME-9488073-1.jpeg,DME,1,0.00093118276,0.9942202,0.0012423658,0.003606236
/home/yogesh.patel/execution/25_9_2026_PRD_work/OCT2017_Test/test/DME/DME-9488073-2.jpeg,DME,1,0.005316671,0.98771787,0.0025438596,0.004421587
/home/yogesh.patel/execution/25_9_2026_PRD_work/OCT2017_Test/test/DME/DME-9504297-1.jpeg,DME,1,0.0702129,0.9138222,0.010629637,0.0053352816
/home/yogesh.patel/execution/25_9_2026_PRD_work/OCT2017_Test/test/DME/DME-9557298-1.jpeg,DME,1,0.0013664938,0.9968223,0.000744255,0.0010669407
/home/yogesh.patel/execution/25_9_2026_PRD_work/OCT2017_Test/test/DME/DME-9579219-1.jpeg,DME,1,0.14647086,0.8452844,0.0043191183,0.00392559
/home/yogesh.patel/execution/25_9_2026_PRD_work/OCT2017_Test/test/DME/DME-98994-1.jpeg,DME,1,0.0071235327,0.9851367,0.0042001638,0.0035395818
/home/yogesh.patel/execution/25_9_2026_PRD_work/OCT2017_Test/test/DME/DME-98994-2.jpeg,DME,1,0.0012500911,0.9947164,0.0010764708,0.0029570293
/home/yogesh.patel/execution/25_9_2026_PRD_work/OCT2017_Test/test/DRUSEN/DRUSEN-1083159-1.jpeg,DRUSEN,2,0.012665287,0.013095926,0.9717825,0.0024562823
/home/yogesh.patel/execution/25_9_2026_PRD_work/OCT2017_Test/test/DRUSEN/DRUSEN-1112835-1.jpeg,DRUSEN,2,0.038397007,0.009077035,0.94960904,0.0029169037
/home/yogesh.patel/execution/25_9_2026_PRD_work/OCT2017_Test/test/DRUSEN/DRUSEN-1173253-1.jpeg,DRUSEN,2,0.14911918,0.010054797,0.83718246,0.0036436033
/home/yogesh.patel/execution/25_9_2026_PRD_work/OCT2017_Test/test/DRUSEN/DRUSEN-1193659-1.jpeg,DRUSEN,2,0.020794898,0.0048648943,0.97094715,0.0033930598
/home/yogesh.patel/execution/25_9_2026_PRD_work/OCT2017_Test/test/DRUSEN/DRUSEN-1219727-1.jpeg,DRUSEN,2,0.029265743,0.01075687,0.9553768,0.0046005747
/home/yogesh.patel/execution/25_9_2026_PRD_work/OCT2017_Test/test/DRUSEN/DRUSEN-1225603-1.jpeg,DRUSEN,2,0.0085489685,0.014926681,0.9727447,0.0037796495
/home/yogesh.patel/execution/25_9_2026_PRD_work/OCT2017_Test/test/DRUSEN/DRUSEN-1225603-2.jpeg,DRUSEN,2,0.012268607,0.011303411,0.97292274,0.0035052015
/home/yogesh.patel/execution/25_9_2026_PRD_work/OCT2017_Test/test/DRUSEN/DRUSEN-1237848-1.jpeg,DRUSEN,2,0.0023212961,0.0052216966,0.98691696,0.0055401
/home/yogesh.patel/execution/25_9_2026_PRD_work/OCT2017_Test/test/DRUSEN/DRUSEN-1237848-2.jpeg,DRUSEN,2,0.0027683757,0.017794276,0.9754124,0.004024986
/home/yogesh.patel/execution/25_9_2026_PRD_work/OCT2017_Test/test/DRUSEN/DRUSEN-1237848-3.jpeg,DRUSEN,2,0.004903417,0.016200341,0.9749657,0.0039305864
/home/yogesh.patel/execution/25_9_2026_PRD_work/OCT2017_Test/test/DRUSEN/DRUSEN-1246453-1.jpeg,DRUSEN,2,0.060028832,0.013754877,0.9226076,0.0036087455
/home/yogesh.patel/execution/25_9_2026_PRD_work/OCT2017_Test/test/DRUSEN/DRUSEN-1487749-1.jpeg,DRUSEN,2,0.009948042,0.011805056,0.9745258,0.0037211003
/home/yogesh.patel/execution/25_9_2026_PRD_work/OCT2017_Test/test/DRUSEN/DRUSEN-1487749-2.jpeg,DRUSEN,2,0.018191664,0.01284256,0.9655663,0.0033995076
/home/yogesh.patel/execution/25_9_2026_PRD_work/OCT2017_Test/test/DRUSEN/DRUSEN-1487749-3.jpeg,DRUSEN,2,0.02025598,0.013801282,0.9634899,0.002452872
/home/yogesh.patel/execution/25_9_2026_PRD_work/OCT2017_Test/test/DRUSEN/DRUSEN-1487749-4.jpeg,DRUSEN,2,0.007651017,0.011060007,0.97767246,0.003616448
/home/yogesh.patel/execution/25_9_2026_PRD_work/OCT2017_Test/test/DRUSEN/DRUSEN-1530990-1.jpeg,DRUSEN,2,0.024254268,0.013635701,0.9573705,0.004739518
/home/yogesh.patel/execution/25_9_2026_PRD_work/OCT2017_Test/test/DRUSEN/DRUSEN-1730592-1.jpeg,DRUSEN,2,0.0116020255,0.010083071,0.97430694,0.004008008
/home/yogesh.patel/execution/25_9_2026_PRD_work/OCT2017_Test/test/DRUSEN/DRUSEN-1786810-1.jpeg,DRUSEN,2,0.0060221176,0.005851696,0.98507756,0.0030486493
/home/yogesh.patel/execution/25_9_2026_PRD_work/OCT2017_Test/test/DRUSEN/DRUSEN-1786810-2.jpeg,DRUSEN,2,0.013982164,0.0093841655,0.9717401,0.004893549
/home/yogesh.patel/execution/25_9_2026_PRD_work/OCT2017_Test/test/DRUSEN/DRUSEN-1786810-3.jpeg,DRUSEN,2,0.015529593,0.010639567,0.9699579,0.0038729385
/home/yogesh.patel/execution/25_9_2026_PRD_work/OCT2017_Test/test/DRUSEN/DRUSEN-1789270-1.jpeg,DRUSEN,2,0.011034057,0.011482767,0.9745497,0.002933446
/home/yogesh.patel/execution/25_9_2026_PRD_work/OCT2017_Test/test/DRUSEN/DRUSEN-1793499-1.jpeg,DRUSEN,2,0.027313132,0.016343966,0.95261353,0.003729293
/home/yogesh.patel/execution/25_9_2026_PRD_work/OCT2017_Test/test/DRUSEN/DRUSEN-1912508-1.jpeg,DRUSEN,2,0.010114433,0.010493272,0.9764719,0.0029203903
/home/yogesh.patel/execution/25_9_2026_PRD_work/OCT2017_Test/test/DRUSEN/DRUSEN-1997439-1.jpeg,DRUSEN,2,0.007853208,0.0142861605,0.97337765,0.004482969
/home/yogesh.patel/execution/25_9_2026_PRD_work/OCT2017_Test/test/DRUSEN/DRUSEN-1997439-2.jpeg,DRUSEN,2,0.0103415875,0.01542196,0.97047955,0.0037569187
/home/yogesh.patel/execution/25_9_2026_PRD_work/OCT2017_Test/test/DRUSEN/DRUSEN-1997439-3.jpeg,DRUSEN,2,0.0066303248,0.010782303,0.9797434,0.0028439376
/home/yogesh.patel/execution/25_9_2026_PRD_work/OCT2017_Test/test/DRUSEN/DRUSEN-1997439-4.jpeg,DRUSEN,2,0.011594748,0.012349722,0.9718571,0.00419847
/home/yogesh.patel/execution/25_9_2026_PRD_work/OCT2017_Test/test/DRUSEN/DRUSEN-2108193-1.jpeg,DRUSEN,2,0.03616764,0.008673422,0.9501454,0.005013489
/home/yogesh.patel/execution/25_9_2026_PRD_work/OCT2017_Test/test/DRUSEN/DRUSEN-2108193-2.jpeg,DRUSEN,2,0.13910085,0.012365836,0.8454066,0.0031267442
/home/yogesh.patel/execution/25_9_2026_PRD_work/OCT2017_Test/test/DRUSEN/DRUSEN-2128644-1.jpeg,DRUSEN,2,0.02101829,0.014845719,0.9592126,0.0049233725
/home/yogesh.patel/execution/25_9_2026_PRD_work/OCT2017_Test/test/DRUSEN/DRUSEN-2128644-2.jpeg,DRUSEN,2,0.014867809,0.0048914663,0.9748325,0.005408213
/home/yogesh.patel/execution/25_9_2026_PRD_work/OCT2017_Test/test/DRUSEN/DRUSEN-2128644-3.jpeg,DRUSEN,2,0.07114432,0.013681064,0.9111763,0.00399828
/home/yogesh.patel/execution/25_9_2026_PRD_work/OCT2017_Test/test/DRUSEN/DRUSEN-2141150-1.jpeg,DRUSEN,2,0.0053405734,0.01138288,0.977971,0.005305511
/home/yogesh.patel/execution/25_9_2026_PRD_work/OCT2017_Test/test/DRUSEN/DRUSEN-2156263-1.jpeg,DRUSEN,2,0.038854133,0.014394791,0.9432344,0.0035166852
/home/yogesh.patel/execution/25_9_2026_PRD_work/OCT2017_Test/test/DRUSEN/DRUSEN-2173657-1.jpeg,DRUSEN,2,0.006798158,0.01399602,0.97547364,0.0037321663
/home/yogesh.patel/execution/25_9_2026_PRD_work/OCT2017_Test/test/DRUSEN/DRUSEN-2180220-1.jpeg,DRUSEN,2,0.0064340853,0.014483515,0.9763501,0.0027322902
/home/yogesh.patel/execution/25_9_2026_PRD_work/OCT2017_Test/test/DRUSEN/DRUSEN-2185112-1.jpeg,DRUSEN,2,0.004386924,0.0049668765,0.9846761,0.0059701353
/home/yogesh.patel/execution/25_9_2026_PRD_work/OCT2017_Test/test/DRUSEN/DRUSEN-2185112-2.jpeg,DRUSEN,2,0.021108348,0.0063075796,0.96204567,0.010538409
/home/yogesh.patel/execution/25_9_2026_PRD_work/OCT2017_Test/test/DRUSEN/DRUSEN-2232211-1.jpeg,DRUSEN,2,0.0029039907,0.012514869,0.9811167,0.003464451
/home/yogesh.patel/execution/25_9_2026_PRD_work/OCT2017_Test/test/DRUSEN/DRUSEN-2253582-1.jpeg,DRUSEN,2,0.035797473,0.024300266,0.93580514,0.004097136
/home/yogesh.patel/execution/25_9_2026_PRD_work/OCT2017_Test/test/DRUSEN/DRUSEN-2257047-1.jpeg,DRUSEN,2,0.045170832,0.007960961,0.9419843,0.0048838914
/home/yogesh.patel/execution/25_9_2026_PRD_work/OCT2017_Test/test/DRUSEN/DRUSEN-2257047-2.jpeg,DRUSEN,2,0.010824302,0.0047727753,0.9811311,0.0032718687
/home/yogesh.patel/execution/25_9_2026_PRD_work/OCT2017_Test/test/DRUSEN/DRUSEN-2257047-3.jpeg,DRUSEN,2,0.0060489867,0.007935475,0.9788604,0.007155146
/home/yogesh.patel/execution/25_9_2026_PRD_work/OCT2017_Test/test/DRUSEN/DRUSEN-2257047-4.jpeg,DRUSEN,2,0.02760425,0.010978025,0.956765,0.0046526743
/home/yogesh.patel/execution/25_9_2026_PRD_work/OCT2017_Test/test/DRUSEN/DRUSEN-2257047-5.jpeg,DRUSEN,2,0.0080710435,0.009656961,0.97798604,0.00428597
/home/yogesh.patel/execution/25_9_2026_PRD_work/OCT2017_Test/test/DRUSEN/DRUSEN-2257047-6.jpeg,DRUSEN,2,0.04225115,0.014168075,0.94044197,0.003138797
/home/yogesh.patel/execution/25_9_2026_PRD_work/OCT2017_Test/test/DRUSEN/DRUSEN-2257047-7.jpeg,DRUSEN,2,0.022514429,0.012954545,0.9616504,0.002880665
/home/yogesh.patel/execution/25_9_2026_PRD_work/OCT2017_Test/test/DRUSEN/DRUSEN-2257047-8.jpeg,DRUSEN,2,0.021654705,0.008870555,0.96437705,0.005097663
/home/yogesh.patel/execution/25_9_2026_PRD_work/OCT2017_Test/test/DRUSEN/DRUSEN-228939-1.jpeg,DRUSEN,2,0.008017077,0.018981187,0.97007024,0.0029314682
/home/yogesh.patel/execution/25_9_2026_PRD_work/OCT2017_Test/test/DRUSEN/DRUSEN-228939-2.jpeg,DRUSEN,2,0.0087986505,0.017346699,0.97082037,0.0030342578
/home/yogesh.patel/execution/25_9_2026_PRD_work/OCT2017_Test/test/DRUSEN/DRUSEN-2308158-1.jpeg,DRUSEN,2,0.0059549185,0.0031509975,0.98742527,0.0034688488
/home/yogesh.patel/execution/25_9_2026_PRD_work/OCT2017_Test/test/DRUSEN/DRUSEN-2403178-1.jpeg,DRUSEN,2,0.32933483,0.013209973,0.64900225,0.008452891
/home/yogesh.patel/execution/25_9_2026_PRD_work/OCT2017_Test/test/DRUSEN/DRUSEN-2403178-2.jpeg,DRUSEN,2,0.51268023,0.004861371,0.47965625,0.0028021212
/home/yogesh.patel/execution/25_9_2026_PRD_work/OCT2017_Test/test/DRUSEN/DRUSEN-2403178-3.jpeg,DRUSEN,2,0.008244843,0.011604755,0.9778127,0.002337735
/home/yogesh.patel/execution/25_9_2026_PRD_work/OCT2017_Test/test/DRUSEN/DRUSEN-2403178-4.jpeg,DRUSEN,2,0.05352303,0.012894189,0.92683303,0.0067497855
/home/yogesh.patel/execution/25_9_2026_PRD_work/OCT2017_Test/test/DRUSEN/DRUSEN-2403178-5.jpeg,DRUSEN,2,0.0045675253,0.007847072,0.98312694,0.0044584824
/home/yogesh.patel/execution/25_9_2026_PRD_work/OCT2017_Test/test/DRUSEN/DRUSEN-2403178-6.jpeg,DRUSEN,2,0.013154011,0.012826906,0.97043365,0.0035854203
/home/yogesh.patel/execution/25_9_2026_PRD_work/OCT2017_Test/test/DRUSEN/DRUSEN-2443068-1.jpeg,DRUSEN,2,0.005561686,0.007849131,0.98023796,0.006351223
/home/yogesh.patel/execution/25_9_2026_PRD_work/OCT2017_Test/test/DRUSEN/DRUSEN-2489093-1.jpeg,DRUSEN,2,0.006737609,0.0066521447,0.981834,0.004776248
/home/yogesh.patel/execution/25_9_2026_PRD_work/OCT2017_Test/test/DRUSEN/DRUSEN-2489093-2.jpeg,DRUSEN,2,0.0061110193,0.017158236,0.97355455,0.0031761755
/home/yogesh.patel/execution/25_9_2026_PRD_work/OCT2017_Test/test/DRUSEN/DRUSEN-2510299-1.jpeg,DRUSEN,2,0.1041566,0.006452764,0.8845162,0.004874517
/home/yogesh.patel/execution/25_9_2026_PRD_work/OCT2017_Test/test/DRUSEN/DRUSEN-2510299-2.jpeg,DRUSEN,2,0.032382805,0.010370905,0.954602,0.002644315
/home/yogesh.patel/execution/25_9_2026_PRD_work/OCT2017_Test/test/DRUSEN/DRUSEN-2541184-1.jpeg,DRUSEN,2,0.0050670025,0.008616779,0.9820833,0.004232908
/home/yogesh.patel/execution/25_9_2026_PRD_work/OCT2017_Test/test/DRUSEN/DRUSEN-2785977-1.jpeg,DRUSEN,2,0.013530188,0.011371626,0.9710504,0.00404778
/home/yogesh.patel/execution/25_9_2026_PRD_work/OCT2017_Test/test/DRUSEN/DRUSEN-2951435-1.jpeg,DRUSEN,2,0.017394517,0.010386874,0.96854556,0.0036731104
/home/yogesh.patel/execution/25_9_2026_PRD_work/OCT2017_Test/test/DRUSEN/DRUSEN-3017923-1.jpeg,DRUSEN,2,0.011452915,0.008254997,0.97593,0.0043621105
/home/yogesh.patel/execution/25_9_2026_PRD_work/OCT2017_Test/test/DRUSEN/DRUSEN-303435-1.jpeg,DRUSEN,2,0.0019677924,0.008497357,0.98443455,0.0051003355
/home/yogesh.patel/execution/25_9_2026_PRD_work/OCT2017_Test/test/DRUSEN/DRUSEN-3214955-1.jpeg,DRUSEN,2,0.0059837075,0.0057499735,0.9825987,0.0056675645
/home/yogesh.patel/execution/25_9_2026_PRD_work/OCT2017_Test/test/DRUSEN/DRUSEN-3241692-1.jpeg,DRUSEN,2,0.013114309,0.007982385,0.97541934,0.0034839665
/home/yogesh.patel/execution/25_9_2026_PRD_work/OCT2017_Test/test/DRUSEN/DRUSEN-3276918-1.jpeg,DRUSEN,2,0.006158837,0.011143889,0.97882164,0.0038756009
/home/yogesh.patel/execution/25_9_2026_PRD_work/OCT2017_Test/test/DRUSEN/DRUSEN-3276918-2.jpeg,DRUSEN,2,0.013886604,0.017980766,0.963625,0.0045076045
/home/yogesh.patel/execution/25_9_2026_PRD_work/OCT2017_Test/test/DRUSEN/DRUSEN-3317878-1.jpeg,DRUSEN,2,0.00942277,0.011354563,0.9758377,0.0033849357
/home/yogesh.patel/execution/25_9_2026_PRD_work/OCT2017_Test/test/DRUSEN/DRUSEN-3424668-1.jpeg,DRUSEN,2,0.017967662,0.019886043,0.9592565,0.002889815
/home/yogesh.patel/execution/25_9_2026_PRD_work/OCT2017_Test/test/DRUSEN/DRUSEN-3424668-2.jpeg,DRUSEN,2,0.03809018,0.011838746,0.94649696,0.0035740726
/home/yogesh.patel/execution/25_9_2026_PRD_work/OCT2017_Test/test/DRUSEN/DRUSEN-3424668-3.jpeg,DRUSEN,2,0.031959515,0.005175101,0.95995927,0.0029060917
/home/yogesh.patel/execution/25_9_2026_PRD_work/OCT2017_Test/test/DRUSEN/DRUSEN-3424668-4.jpeg,DRUSEN,2,0.023175385,0.014434458,0.95752317,0.0048670433
/home/yogesh.patel/execution/25_9_2026_PRD_work/OCT2017_Test/test/DRUSEN/DRUSEN-3439251-1.jpeg,DRUSEN,2,0.010040496,0.0057585505,0.98140174,0.002799141
/home/yogesh.patel/execution/25_9_2026_PRD_work/OCT2017_Test/test/DRUSEN/DRUSEN-3439251-2.jpeg,DRUSEN,2,0.036582384,0.012828587,0.94623375,0.004355247
/home/yogesh.patel/execution/25_9_2026_PRD_work/OCT2017_Test/test/DRUSEN/DRUSEN-3482415-1.jpeg,DRUSEN,2,0.0067267893,0.010155588,0.98057145,0.0025461765
/home/yogesh.patel/execution/25_9_2026_PRD_work/OCT2017_Test/test/DRUSEN/DRUSEN-349021-1.jpeg,DRUSEN,2,0.046887446,0.01766215,0.9321446,0.0033057714
/home/yogesh.patel/execution/25_9_2026_PRD_work/OCT2017_Test/test/DRUSEN/DRUSEN-349021-2.jpeg,DRUSEN,2,0.065039776,0.015785046,0.9157089,0.0034663158
/home/yogesh.patel/execution/25_9_2026_PRD_work/OCT2017_Test/test/DRUSEN/DRUSEN-3571629-1.jpeg,DRUSEN,2,0.009452152,0.010144872,0.9770712,0.003331763
/home/yogesh.patel/execution/25_9_2026_PRD_work/OCT2017_Test/test/DRUSEN/DRUSEN-364469-1.jpeg,DRUSEN,2,0.02325215,0.010202694,0.9622939,0.0042512524
/home/yogesh.patel/execution/25_9_2026_PRD_work/OCT2017_Test/test/DRUSEN/DRUSEN-364469-2.jpeg,DRUSEN,2,0.008203059,0.008356271,0.97868776,0.004752915
/home/yogesh.patel/execution/25_9_2026_PRD_work/OCT2017_Test/test/DRUSEN/DRUSEN-364469-3.jpeg,DRUSEN,2,0.00856982,0.01177829,0.9753634,0.0042885607
/home/yogesh.patel/execution/25_9_2026_PRD_work/OCT2017_Test/test/DRUSEN/DRUSEN-364469-4.jpeg,DRUSEN,2,0.01158856,0.015733348,0.96695155,0.0057265586
/home/yogesh.patel/execution/25_9_2026_PRD_work/OCT2017_Test/test/DRUSEN/DRUSEN-4240777-1.jpeg,DRUSEN,2,0.006236248,0.01893567,0.9719327,0.0028953662
/home/yogesh.patel/execution/25_9_2026_PRD_work/OCT2017_Test/test/DRUSEN/DRUSEN-4291972-1.jpeg,DRUSEN,2,0.08041469,0.01526124,0.9013811,0.0029430306
/home/yogesh.patel/execution/25_9_2026_PRD_work/OCT2017_Test/test/DRUSEN/DRUSEN-4293095-1.jpeg,DRUSEN,2,0.018996555,0.009519298,0.9673448,0.004139301
/home/yogesh.patel/execution/25_9_2026_PRD_work/OCT2017_Test/test/DRUSEN/DRUSEN-4293095-2.jpeg,DRUSEN,2,0.008433568,0.0052456683,0.98163915,0.0046816175
/home/yogesh.patel/execution/25_9_2026_PRD_work/OCT2017_Test/test/DRUSEN/DRUSEN-4304015-1.jpeg,DRUSEN,2,0.031923328,0.012145562,0.9538527,0.0020783977
/home/yogesh.patel/execution/25_9_2026_PRD_work/OCT2017_Test/test/DRUSEN/DRUSEN-4314625-1.jpeg,DRUSEN,2,0.021581568,0.0056585246,0.9686667,0.004093226
/home/yogesh.patel/execution/25_9_2026_PRD_work/OCT2017_Test/test/DRUSEN/DRUSEN-4343867-1.jpeg,DRUSEN,2,0.03535237,0.004929008,0.95485187,0.0048667584
/home/yogesh.patel/execution/25_9_2026_PRD_work/OCT2017_Test/test/DRUSEN/DRUSEN-4343867-2.jpeg,DRUSEN,2,0.020467658,0.018264025,0.95777184,0.0034965028
/home/yogesh.patel/execution/25_9_2026_PRD_work/OCT2017_Test/test/DRUSEN/DRUSEN-4379246-1.jpeg,DRUSEN,2,0.022988563,0.01300836,0.96008,0.0039230483
/home/yogesh.patel/execution/25_9_2026_PRD_work/OCT2017_Test/test/DRUSEN/DRUSEN-4379246-2.jpeg,DRUSEN,2,0.03134773,0.010056965,0.95508325,0.003512034
/home/yogesh.patel/execution/25_9_2026_PRD_work/OCT2017_Test/test/DRUSEN/DRUSEN-457907-1.jpeg,DRUSEN,2,0.034290697,0.009185646,0.9524559,0.004067774
/home/yogesh.patel/execution/25_9_2026_PRD_work/OCT2017_Test/test/DRUSEN/DRUSEN-4666680-1.jpeg,DRUSEN,2,0.005967315,0.0048795394,0.98514986,0.0040032715
/home/yogesh.patel/execution/25_9_2026_PRD_work/OCT2017_Test/test/DRUSEN/DRUSEN-4666680-2.jpeg,DRUSEN,2,0.004762904,0.00946486,0.9833046,0.0024676179
/home/yogesh.patel/execution/25_9_2026_PRD_work/OCT2017_Test/test/DRUSEN/DRUSEN-4696998-1.jpeg,DRUSEN,2,0.008622033,0.009377645,0.97906667,0.002933622
/home/yogesh.patel/execution/25_9_2026_PRD_work/OCT2017_Test/test/DRUSEN/DRUSEN-4878077-1.jpeg,DRUSEN,2,0.029550225,0.008711546,0.9589291,0.0028091017
/home/yogesh.patel/execution/25_9_2026_PRD_work/OCT2017_Test/test/DRUSEN/DRUSEN-4878077-2.jpeg,DRUSEN,2,0.0046697664,0.010707618,0.9806195,0.0040031467
/home/yogesh.patel/execution/25_9_2026_PRD_work/OCT2017_Test/test/DRUSEN/DRUSEN-4878077-3.jpeg,DRUSEN,2,0.002061416,0.00858091,0.9822514,0.0071062334
/home/yogesh.patel/execution/25_9_2026_PRD_work/OCT2017_Test/test/DRUSEN/DRUSEN-4878077-4.jpeg,DRUSEN,2,0.011202393,0.0078023016,0.9774238,0.003571534
/home/yogesh.patel/execution/25_9_2026_PRD_work/OCT2017_Test/test/DRUSEN/DRUSEN-4878077-5.jpeg,DRUSEN,2,0.004530179,0.0091174,0.9827205,0.0036319194
/home/yogesh.patel/execution/25_9_2026_PRD_work/OCT2017_Test/test/DRUSEN/DRUSEN-4878077-6.jpeg,DRUSEN,2,0.0096928775,0.014382815,0.97158015,0.0043441453
/home/yogesh.patel/execution/25_9_2026_PRD_work/OCT2017_Test/test/DRUSEN/DRUSEN-4904794-1.jpeg,DRUSEN,2,0.008606827,0.007444343,0.9798087,0.004140155
/home/yogesh.patel/execution/25_9_2026_PRD_work/OCT2017_Test/test/DRUSEN/DRUSEN-4951152-1.jpeg,DRUSEN,2,0.016146721,0.008389136,0.9723094,0.0031547484
/home/yogesh.patel/execution/25_9_2026_PRD_work/OCT2017_Test/test/DRUSEN/DRUSEN-4973287-1.jpeg,DRUSEN,2,0.009026672,0.010832142,0.97596955,0.004171668
/home/yogesh.patel/execution/25_9_2026_PRD_work/OCT2017_Test/test/DRUSEN/DRUSEN-5094722-1.jpeg,DRUSEN,2,0.027028622,0.011416779,0.958899,0.002655607
/home/yogesh.patel/execution/25_9_2026_PRD_work/OCT2017_Test/test/DRUSEN/DRUSEN-525301-1.jpeg,DRUSEN,2,0.008937126,0.009174221,0.97809577,0.0037928415
/home/yogesh.patel/execution/25_9_2026_PRD_work/OCT2017_Test/test/DRUSEN/DRUSEN-5331157-1.jpeg,DRUSEN,2,0.043308172,0.021602968,0.9313878,0.0037011032
/home/yogesh.patel/execution/25_9_2026_PRD_work/OCT2017_Test/test/DRUSEN/DRUSEN-538779-1.jpeg,DRUSEN,2,0.0072311047,0.013336942,0.9762226,0.0032094065
/home/yogesh.patel/execution/25_9_2026_PRD_work/OCT2017_Test/test/DRUSEN/DRUSEN-5443411-1.jpeg,DRUSEN,2,0.020375686,0.0052746083,0.9710771,0.0032726703
/home/yogesh.patel/execution/25_9_2026_PRD_work/OCT2017_Test/test/DRUSEN/DRUSEN-5477211-1.jpeg,DRUSEN,2,0.00556266,0.008321319,0.97820556,0.007910481
/home/yogesh.patel/execution/25_9_2026_PRD_work/OCT2017_Test/test/DRUSEN/DRUSEN-5477211-2.jpeg,DRUSEN,2,0.013902694,0.009563898,0.9733982,0.00313521
/home/yogesh.patel/execution/25_9_2026_PRD_work/OCT2017_Test/test/DRUSEN/DRUSEN-5710007-1.jpeg,DRUSEN,2,0.0033571974,0.008876116,0.9831325,0.00463418
/home/yogesh.patel/execution/25_9_2026_PRD_work/OCT2017_Test/test/DRUSEN/DRUSEN-5710007-2.jpeg,DRUSEN,2,0.00331243,0.003887786,0.982834,0.009965805
/home/yogesh.patel/execution/25_9_2026_PRD_work/OCT2017_Test/test/DRUSEN/DRUSEN-5753467-1.jpeg,DRUSEN,2,0.004927844,0.015119565,0.97752374,0.0024288774
/home/yogesh.patel/execution/25_9_2026_PRD_work/OCT2017_Test/test/DRUSEN/DRUSEN-5801431-1.jpeg,DRUSEN,2,0.013960903,0.008832735,0.97264063,0.0045657055
/home/yogesh.patel/execution/25_9_2026_PRD_work/OCT2017_Test/test/DRUSEN/DRUSEN-584218-1.jpeg,DRUSEN,2,0.04333736,0.0090911295,0.9439231,0.0036484187
/home/yogesh.patel/execution/25_9_2026_PRD_work/OCT2017_Test/test/DRUSEN/DRUSEN-5864720-1.jpeg,DRUSEN,2,0.015497959,0.008682656,0.9717174,0.004101942
/home/yogesh.patel/execution/25_9_2026_PRD_work/OCT2017_Test/test/DRUSEN/DRUSEN-5864720-2.jpeg,DRUSEN,2,0.013869151,0.0068624113,0.9750622,0.004206259
/home/yogesh.patel/execution/25_9_2026_PRD_work/OCT2017_Test/test/DRUSEN/DRUSEN-5929729-1.jpeg,DRUSEN,2,0.014337446,0.0022713186,0.97710896,0.0062822634
/home/yogesh.patel/execution/25_9_2026_PRD_work/OCT2017_Test/test/DRUSEN/DRUSEN-609387-1.jpeg,DRUSEN,2,0.011804938,0.009486612,0.97531104,0.0033973914
/home/yogesh.patel/execution/25_9_2026_PRD_work/OCT2017_Test/test/DRUSEN/DRUSEN-609387-2.jpeg,DRUSEN,2,0.01008351,0.011700373,0.9752175,0.002998562
/home/yogesh.patel/execution/25_9_2026_PRD_work/OCT2017_Test/test/DRUSEN/DRUSEN-609387-3.jpeg,DRUSEN,2,0.028303117,0.017513944,0.9508264,0.003356562
/home/yogesh.patel/execution/25_9_2026_PRD_work/OCT2017_Test/test/DRUSEN/DRUSEN-6190971-1.jpeg,DRUSEN,2,0.015258468,0.0044900686,0.97650886,0.0037425857
/home/yogesh.patel/execution/25_9_2026_PRD_work/OCT2017_Test/test/DRUSEN/DRUSEN-6190971-2.jpeg,DRUSEN,2,0.010165804,0.013190105,0.97344875,0.0031953773
/home/yogesh.patel/execution/25_9_2026_PRD_work/OCT2017_Test/test/DRUSEN/DRUSEN-6193297-1.jpeg,DRUSEN,2,0.013828373,0.009748347,0.9728835,0.003539774
/home/yogesh.patel/execution/25_9_2026_PRD_work/OCT2017_Test/test/DRUSEN/DRUSEN-6193297-2.jpeg,DRUSEN,2,0.0038677733,0.010226163,0.9812291,0.0046769143
/home/yogesh.patel/execution/25_9_2026_PRD_work/OCT2017_Test/test/DRUSEN/DRUSEN-6193297-3.jpeg,DRUSEN,2,0.006524479,0.018571354,0.9710198,0.0038843325
/home/yogesh.patel/execution/25_9_2026_PRD_work/OCT2017_Test/test/DRUSEN/DRUSEN-6193297-4.jpeg,DRUSEN,2,0.011306234,0.0056386413,0.97899157,0.0040635383
/home/yogesh.patel/execution/25_9_2026_PRD_work/OCT2017_Test/test/DRUSEN/DRUSEN-6193297-5.jpeg,DRUSEN,2,0.0056322543,0.009638854,0.98050714,0.0042217076
/home/yogesh.patel/execution/25_9_2026_PRD_work/OCT2017_Test/test/DRUSEN/DRUSEN-6264369-1.jpeg,DRUSEN,2,0.008095401,0.00797252,0.9793278,0.004604237
/home/yogesh.patel/execution/25_9_2026_PRD_work/OCT2017_Test/test/DRUSEN/DRUSEN-7064008-1.jpeg,DRUSEN,2,0.009995706,0.009381375,0.9772206,0.0034023116
/home/yogesh.patel/execution/25_9_2026_PRD_work/OCT2017_Test/test/DRUSEN/DRUSEN-7199590-1.jpeg,DRUSEN,2,0.020716757,0.0122212665,0.963511,0.0035509402
/home/yogesh.patel/execution/25_9_2026_PRD_work/OCT2017_Test/test/DRUSEN/DRUSEN-732516-1.jpeg,DRUSEN,2,0.024053272,0.014969161,0.95805454,0.0029229743
/home/yogesh.patel/execution/25_9_2026_PRD_work/OCT2017_Test/test/DRUSEN/DRUSEN-732516-2.jpeg,DRUSEN,2,0.040574633,0.011436435,0.94496924,0.003019671
/home/yogesh.patel/execution/25_9_2026_PRD_work/OCT2017_Test/test/DRUSEN/DRUSEN-732516-3.jpeg,DRUSEN,2,0.009635271,0.009423,0.9774963,0.0034453988
/home/yogesh.patel/execution/25_9_2026_PRD_work/OCT2017_Test/test/DRUSEN/DRUSEN-7345121-1.jpeg,DRUSEN,2,0.07365454,0.015237774,0.9035293,0.007578368
/home/yogesh.patel/execution/25_9_2026_PRD_work/OCT2017_Test/test/DRUSEN/DRUSEN-7350225-1.jpeg,DRUSEN,2,0.007886808,0.015346108,0.9732178,0.0035493178
/home/yogesh.patel/execution/25_9_2026_PRD_work/OCT2017_Test/test/DRUSEN/DRUSEN-7373858-1.jpeg,DRUSEN,2,0.008750783,0.017661676,0.9691266,0.0044609862
/home/yogesh.patel/execution/25_9_2026_PRD_work/OCT2017_Test/test/DRUSEN/DRUSEN-7393104-1.jpeg,DRUSEN,2,0.040149502,0.006864711,0.94733703,0.005648697
/home/yogesh.patel/execution/25_9_2026_PRD_work/OCT2017_Test/test/DRUSEN/DRUSEN-7513011-1.jpeg,DRUSEN,2,0.03441571,0.015736744,0.94460046,0.0052470923
/home/yogesh.patel/execution/25_9_2026_PRD_work/OCT2017_Test/test/DRUSEN/DRUSEN-7555604-1.jpeg,DRUSEN,2,0.009749794,0.011726808,0.9748404,0.0036829584
/home/yogesh.patel/execution/25_9_2026_PRD_work/OCT2017_Test/test/DRUSEN/DRUSEN-7555604-2.jpeg,DRUSEN,2,0.064471126,0.0070472956,0.924536,0.0039455933
/home/yogesh.patel/execution/25_9_2026_PRD_work/OCT2017_Test/test/DRUSEN/DRUSEN-7557808-1.jpeg,DRUSEN,2,0.0067868894,0.0065631117,0.9829752,0.0036748268
/home/yogesh.patel/execution/25_9_2026_PRD_work/OCT2017_Test/test/DRUSEN/DRUSEN-7563760-1.jpeg,DRUSEN,2,0.0030132663,0.0038338732,0.98706466,0.006088243
/home/yogesh.patel/execution/25_9_2026_PRD_work/OCT2017_Test/test/DRUSEN/DRUSEN-7675318-1.jpeg,DRUSEN,2,0.012676367,0.011028784,0.97244024,0.0038545867
/home/yogesh.patel/execution/25_9_2026_PRD_work/OCT2017_Test/test/DRUSEN/DRUSEN-7675318-2.jpeg,DRUSEN,2,0.012825426,0.0082338,0.9751062,0.0038346387
/home/yogesh.patel/execution/25_9_2026_PRD_work/OCT2017_Test/test/DRUSEN/DRUSEN-7710023-1.jpeg,DRUSEN,2,0.39817324,0.0056100995,0.59093887,0.0052777757
/home/yogesh.patel/execution/25_9_2026_PRD_work/OCT2017_Test/test/DRUSEN/DRUSEN-7710023-2.jpeg,DRUSEN,2,0.035419203,0.006309834,0.9476637,0.0106072
/home/yogesh.patel/execution/25_9_2026_PRD_work/OCT2017_Test/test/DRUSEN/DRUSEN-7763772-1.jpeg,DRUSEN,2,0.00562154,0.012383621,0.9789284,0.0030664036
/home/yogesh.patel/execution/25_9_2026_PRD_work/OCT2017_Test/test/DRUSEN/DRUSEN-781814-1.jpeg,DRUSEN,2,0.006896558,0.007908463,0.9816463,0.0035486459
/home/yogesh.patel/execution/25_9_2026_PRD_work/OCT2017_Test/test/DRUSEN/DRUSEN-783692-1.jpeg,DRUSEN,2,0.0031203218,0.00429401,0.9868927,0.005693005
/home/yogesh.patel/execution/25_9_2026_PRD_work/OCT2017_Test/test/DRUSEN/DRUSEN-7915033-1.jpeg,DRUSEN,2,0.036423203,0.0088608945,0.95156497,0.0031509472
/home/yogesh.patel/execution/25_9_2026_PRD_work/OCT2017_Test/test/DRUSEN/DRUSEN-7915033-2.jpeg,DRUSEN,2,0.0058461195,0.007176378,0.98403287,0.0029446306
/home/yogesh.patel/execution/25_9_2026_PRD_work/OCT2017_Test/test/DRUSEN/DRUSEN-7915033-3.jpeg,DRUSEN,2,0.015439978,0.0090603065,0.972182,0.0033177305
/home/yogesh.patel/execution/25_9_2026_PRD_work/OCT2017_Test/test/DRUSEN/DRUSEN-8023853-1.jpeg,DRUSEN,2,0.007933515,0.0046527907,0.98338807,0.0040256255
/home/yogesh.patel/execution/25_9_2026_PRD_work/OCT2017_Test/test/DRUSEN/DRUSEN-8039905-1.jpeg,DRUSEN,2,0.058187686,0.012515453,0.92576796,0.0035289472
/home/yogesh.patel/execution/25_9_2026_PRD_work/OCT2017_Test/test/DRUSEN/DRUSEN-8074563-1.jpeg,DRUSEN,2,0.0032126296,0.00782852,0.98414063,0.0048182667
/home/yogesh.patel/execution/25_9_2026_PRD_work/OCT2017_Test/test/DRUSEN/DRUSEN-8074563-2.jpeg,DRUSEN,2,0.0026604892,0.0083007505,0.9837022,0.0053366055
/home/yogesh.patel/execution/25_9_2026_PRD_work/OCT2017_Test/test/DRUSEN/DRUSEN-8074563-3.jpeg,DRUSEN,2,0.0031588199,0.008559741,0.9829646,0.00531694
/home/yogesh.patel/execution/25_9_2026_PRD_work/OCT2017_Test/test/DRUSEN/DRUSEN-8086850-1.jpeg,DRUSEN,2,0.0066410373,0.0060932776,0.9821676,0.0050980914
/home/yogesh.patel/execution/25_9_2026_PRD_work/OCT2017_Test/test/DRUSEN/DRUSEN-8086850-2.jpeg,DRUSEN,2,0.005191413,0.0048417705,0.9827339,0.0072329203
/home/yogesh.patel/execution/25_9_2026_PRD_work/OCT2017_Test/test/DRUSEN/DRUSEN-8086850-3.jpeg,DRUSEN,2,0.015587805,0.007185425,0.972566,0.0046607233
/home/yogesh.patel/execution/25_9_2026_PRD_work/OCT2017_Test/test/DRUSEN/DRUSEN-8086850-4.jpeg,DRUSEN,2,0.008556851,0.009077277,0.97882324,0.003542582
/home/yogesh.patel/execution/25_9_2026_PRD_work/OCT2017_Test/test/DRUSEN/DRUSEN-8086850-5.jpeg,DRUSEN,2,0.0047237086,0.007879191,0.98355013,0.0038469387
/home/yogesh.patel/execution/25_9_2026_PRD_work/OCT2017_Test/test/DRUSEN/DRUSEN-8086850-6.jpeg,DRUSEN,2,0.013086125,0.0061452896,0.9749153,0.005853281
/home/yogesh.patel/execution/25_9_2026_PRD_work/OCT2017_Test/test/DRUSEN/DRUSEN-8086850-7.jpeg,DRUSEN,2,0.005443241,0.0068248897,0.98255265,0.005179224
/home/yogesh.patel/execution/25_9_2026_PRD_work/OCT2017_Test/test/DRUSEN/DRUSEN-8086850-8.jpeg,DRUSEN,2,0.005078452,0.007948438,0.9814113,0.0055618044
/home/yogesh.patel/execution/25_9_2026_PRD_work/OCT2017_Test/test/DRUSEN/DRUSEN-8117834-1.jpeg,DRUSEN,2,0.007084265,0.010110773,0.97931296,0.0034919293
/home/yogesh.patel/execution/25_9_2026_PRD_work/OCT2017_Test/test/DRUSEN/DRUSEN-8213975-1.jpeg,DRUSEN,2,0.057597443,0.01373379,0.92486215,0.0038066357
/home/yogesh.patel/execution/25_9_2026_PRD_work/OCT2017_Test/test/DRUSEN/DRUSEN-8251771-1.jpeg,DRUSEN,2,0.02381983,0.0090939505,0.9633262,0.0037600084
/home/yogesh.patel/execution/25_9_2026_PRD_work/OCT2017_Test/test/DRUSEN/DRUSEN-8261063-1.jpeg,DRUSEN,2,0.005079938,0.008482994,0.98379594,0.0026411419
/home/yogesh.patel/execution/25_9_2026_PRD_work/OCT2017_Test/test/DRUSEN/DRUSEN-8261063-2.jpeg,DRUSEN,2,0.0064268624,0.016631493,0.97349644,0.0034452328
/home/yogesh.patel/execution/25_9_2026_PRD_work/OCT2017_Test/test/DRUSEN/DRUSEN-8261063-3.jpeg,DRUSEN,2,0.0029888363,0.0037395884,0.9892019,0.0040696305
/home/yogesh.patel/execution/25_9_2026_PRD_work/OCT2017_Test/test/DRUSEN/DRUSEN-8261063-4.jpeg,DRUSEN,2,0.0061268,0.011886745,0.9791394,0.0028470536
/home/yogesh.patel/execution/25_9_2026_PRD_work/OCT2017_Test/test/DRUSEN/DRUSEN-8261063-5.jpeg,DRUSEN,2,0.0068173353,0.015067117,0.97347116,0.0046443795
/home/yogesh.patel/execution/25_9_2026_PRD_work/OCT2017_Test/test/DRUSEN/DRUSEN-8261063-6.jpeg,DRUSEN,2,0.005632469,0.015232953,0.97591454,0.0032199912
/home/yogesh.patel/execution/25_9_2026_PRD_work/OCT2017_Test/test/DRUSEN/DRUSEN-8261063-7.jpeg,DRUSEN,2,0.0042194324,0.010939889,0.98159546,0.0032451814
/home/yogesh.patel/execution/25_9_2026_PRD_work/OCT2017_Test/test/DRUSEN/DRUSEN-827677-1.jpeg,DRUSEN,2,0.0031571982,0.012959939,0.98012686,0.0037559576
/home/yogesh.patel/execution/25_9_2026_PRD_work/OCT2017_Test/test/DRUSEN/DRUSEN-8281517-1.jpeg,DRUSEN,2,0.0018351035,0.0031113136,0.9923707,0.0026828514
/home/yogesh.patel/execution/25_9_2026_PRD_work/OCT2017_Test/test/DRUSEN/DRUSEN-8292670-1.jpeg,DRUSEN,2,0.0035712358,0.009165716,0.9836619,0.0036011287
/home/yogesh.patel/execution/25_9_2026_PRD_work/OCT2017_Test/test/DRUSEN/DRUSEN-8319985-1.jpeg,DRUSEN,2,0.016016096,0.005401039,0.97098625,0.0075966017
/home/yogesh.patel/execution/25_9_2026_PRD_work/OCT2017_Test/test/DRUSEN/DRUSEN-8339642-1.jpeg,DRUSEN,2,0.0036435595,0.0044191475,0.9860864,0.005850894
/home/yogesh.patel/execution/25_9_2026_PRD_work/OCT2017_Test/test/DRUSEN/DRUSEN-8345703-1.jpeg,DRUSEN,2,0.0057664663,0.0037736169,0.9881113,0.0023486367
/home/yogesh.patel/execution/25_9_2026_PRD_work/OCT2017_Test/test/DRUSEN/DRUSEN-8345703-2.jpeg,DRUSEN,2,0.0022974375,0.0050271368,0.9878613,0.004814187
/home/yogesh.patel/execution/25_9_2026_PRD_work/OCT2017_Test/test/DRUSEN/DRUSEN-8351260-1.jpeg,DRUSEN,2,0.0048805354,0.013956344,0.9775851,0.003578022
/home/yogesh.patel/execution/25_9_2026_PRD_work/OCT2017_Test/test/DRUSEN/DRUSEN-8351260-2.jpeg,DRUSEN,2,0.0043912255,0.008310847,0.9838342,0.0034637223
/home/yogesh.patel/execution/25_9_2026_PRD_work/OCT2017_Test/test/DRUSEN/DRUSEN-8389446-1.jpeg,DRUSEN,2,0.02021524,0.0120525705,0.9629656,0.004766616
/home/yogesh.patel/execution/25_9_2026_PRD_work/OCT2017_Test/test/DRUSEN/DRUSEN-8389446-2.jpeg,DRUSEN,2,0.009360834,0.007625045,0.9771014,0.005912788
/home/yogesh.patel/execution/25_9_2026_PRD_work/OCT2017_Test/test/DRUSEN/DRUSEN-8389446-3.jpeg,DRUSEN,2,0.004100946,0.0059755472,0.98526704,0.0046564643
/home/yogesh.patel/execution/25_9_2026_PRD_work/OCT2017_Test/test/DRUSEN/DRUSEN-8440718-1.jpeg,DRUSEN,2,0.019430375,0.011487448,0.9658588,0.0032233647
/home/yogesh.patel/execution/25_9_2026_PRD_work/OCT2017_Test/test/DRUSEN/DRUSEN-8440718-2.jpeg,DRUSEN,2,0.009409218,0.008224009,0.9796929,0.002673902
/home/yogesh.patel/execution/25_9_2026_PRD_work/OCT2017_Test/test/DRUSEN/DRUSEN-8440718-3.jpeg,DRUSEN,2,0.004538776,0.0076021748,0.98450834,0.003350685
/home/yogesh.patel/execution/25_9_2026_PRD_work/OCT2017_Test/test/DRUSEN/DRUSEN-8440718-4.jpeg,DRUSEN,2,0.020949136,0.006712372,0.9691805,0.003157928
/home/yogesh.patel/execution/25_9_2026_PRD_work/OCT2017_Test/test/DRUSEN/DRUSEN-8440718-5.jpeg,DRUSEN,2,0.0075628515,0.01603931,0.9737045,0.0026933537
/home/yogesh.patel/execution/25_9_2026_PRD_work/OCT2017_Test/test/DRUSEN/DRUSEN-8549730-1.jpeg,DRUSEN,2,0.013230984,0.011512683,0.9718961,0.0033602312
/home/yogesh.patel/execution/25_9_2026_PRD_work/OCT2017_Test/test/DRUSEN/DRUSEN-8549730-2.jpeg,DRUSEN,2,0.011212327,0.011008214,0.97487754,0.0029018978
/home/yogesh.patel/execution/25_9_2026_PRD_work/OCT2017_Test/test/DRUSEN/DRUSEN-8549730-3.jpeg,DRUSEN,2,0.0059443675,0.012178884,0.9784309,0.0034458127
/home/yogesh.patel/execution/25_9_2026_PRD_work/OCT2017_Test/test/DRUSEN/DRUSEN-8549730-4.jpeg,DRUSEN,2,0.09768895,0.012124066,0.8861448,0.0040421668
/home/yogesh.patel/execution/25_9_2026_PRD_work/OCT2017_Test/test/DRUSEN/DRUSEN-8549730-5.jpeg,DRUSEN,2,0.00097376393,0.0120926555,0.9843052,0.0026283718
/home/yogesh.patel/execution/25_9_2026_PRD_work/OCT2017_Test/test/DRUSEN/DRUSEN-8549730-6.jpeg,DRUSEN,2,0.015015462,0.033590432,0.94802916,0.0033649565
/home/yogesh.patel/execution/25_9_2026_PRD_work/OCT2017_Test/test/DRUSEN/DRUSEN-8549730-7.jpeg,DRUSEN,2,0.035574052,0.07367682,0.88623756,0.004511538
/home/yogesh.patel/execution/25_9_2026_PRD_work/OCT2017_Test/test/DRUSEN/DRUSEN-8577392-1.jpeg,DRUSEN,2,0.0051855957,0.00882753,0.98158765,0.0043992247
/home/yogesh.patel/execution/25_9_2026_PRD_work/OCT2017_Test/test/DRUSEN/DRUSEN-8605472-1.jpeg,DRUSEN,2,0.06683577,0.009647701,0.91932756,0.004188914
/home/yogesh.patel/execution/25_9_2026_PRD_work/OCT2017_Test/test/DRUSEN/DRUSEN-8656509-1.jpeg,DRUSEN,2,0.03772287,0.0064916336,0.9523174,0.0034680734
/home/yogesh.patel/execution/25_9_2026_PRD_work/OCT2017_Test/test/DRUSEN/DRUSEN-8708331-1.jpeg,DRUSEN,2,0.013223173,0.0056461114,0.97612005,0.0050106836
/home/yogesh.patel/execution/25_9_2026_PRD_work/OCT2017_Test/test/DRUSEN/DRUSEN-8811857-1.jpeg,DRUSEN,2,0.0033145011,0.0072978404,0.98534346,0.0040442483
/home/yogesh.patel/execution/25_9_2026_PRD_work/OCT2017_Test/test/DRUSEN/DRUSEN-8811857-2.jpeg,DRUSEN,2,0.0051972815,0.0027822864,0.9845745,0.007445919
/home/yogesh.patel/execution/25_9_2026_PRD_work/OCT2017_Test/test/DRUSEN/DRUSEN-8854406-1.jpeg,DRUSEN,2,0.0089271935,0.009454979,0.977845,0.0037728718
/home/yogesh.patel/execution/25_9_2026_PRD_work/OCT2017_Test/test/DRUSEN/DRUSEN-8854406-2.jpeg,DRUSEN,2,0.0048991507,0.009451072,0.9836299,0.0020199332
/home/yogesh.patel/execution/25_9_2026_PRD_work/OCT2017_Test/test/DRUSEN/DRUSEN-8870525-1.jpeg,DRUSEN,2,0.0324432,0.008305075,0.9537447,0.0055069844
/home/yogesh.patel/execution/25_9_2026_PRD_work/OCT2017_Test/test/DRUSEN/DRUSEN-8870525-2.jpeg,DRUSEN,2,0.7571804,0.0041188053,0.23496869,0.0037321523
/home/yogesh.patel/execution/25_9_2026_PRD_work/OCT2017_Test/test/DRUSEN/DRUSEN-8870525-3.jpeg,DRUSEN,2,0.5826024,0.0039077494,0.41046393,0.0030259532
/home/yogesh.patel/execution/25_9_2026_PRD_work/OCT2017_Test/test/DRUSEN/DRUSEN-9049813-1.jpeg,DRUSEN,2,0.02191582,0.012794596,0.96208817,0.003201431
/home/yogesh.patel/execution/25_9_2026_PRD_work/OCT2017_Test/test/DRUSEN/DRUSEN-9059831-1.jpeg,DRUSEN,2,0.0305383,0.016663153,0.9494877,0.0033108925
/home/yogesh.patel/execution/25_9_2026_PRD_work/OCT2017_Test/test/DRUSEN/DRUSEN-9059831-2.jpeg,DRUSEN,2,0.0102897165,0.0017926537,0.98528385,0.0026338117
/home/yogesh.patel/execution/25_9_2026_PRD_work/OCT2017_Test/test/DRUSEN/DRUSEN-907869-1.jpeg,DRUSEN,2,0.0067340164,0.007987334,0.9805677,0.0047109188
/home/yogesh.patel/execution/25_9_2026_PRD_work/OCT2017_Test/test/DRUSEN/DRUSEN-907869-2.jpeg,DRUSEN,2,0.006006876,0.006031562,0.98124206,0.00671953
/home/yogesh.patel/execution/25_9_2026_PRD_work/OCT2017_Test/test/DRUSEN/DRUSEN-9087597-1.jpeg,DRUSEN,2,0.04510387,0.01384614,0.9367119,0.004338122
/home/yogesh.patel/execution/25_9_2026_PRD_work/OCT2017_Test/test/DRUSEN/DRUSEN-9087597-2.jpeg,DRUSEN,2,0.034741215,0.011462731,0.95099014,0.0028059576
/home/yogesh.patel/execution/25_9_2026_PRD_work/OCT2017_Test/test/DRUSEN/DRUSEN-9155039-1.jpeg,DRUSEN,2,0.012288009,0.008085516,0.97221076,0.0074156406
/home/yogesh.patel/execution/25_9_2026_PRD_work/OCT2017_Test/test/DRUSEN/DRUSEN-9201573-1.jpeg,DRUSEN,2,0.012246427,0.009151456,0.9751787,0.0034233818
/home/yogesh.patel/execution/25_9_2026_PRD_work/OCT2017_Test/test/DRUSEN/DRUSEN-9225057-1.jpeg,DRUSEN,2,0.003714037,0.0055216686,0.98435885,0.006405433
/home/yogesh.patel/execution/25_9_2026_PRD_work/OCT2017_Test/test/DRUSEN/DRUSEN-9225057-2.jpeg,DRUSEN,2,0.0043226397,0.004961048,0.98677075,0.0039455527
/home/yogesh.patel/execution/25_9_2026_PRD_work/OCT2017_Test/test/DRUSEN/DRUSEN-9280370-1.jpeg,DRUSEN,2,0.03402928,0.015722701,0.94526356,0.0049844272
/home/yogesh.patel/execution/25_9_2026_PRD_work/OCT2017_Test/test/DRUSEN/DRUSEN-9442692-1.jpeg,DRUSEN,2,0.005789575,0.011059233,0.97864705,0.0045041805
/home/yogesh.patel/execution/25_9_2026_PRD_work/OCT2017_Test/test/DRUSEN/DRUSEN-9504181-1.jpeg,DRUSEN,2,0.0033592626,0.007899132,0.98568773,0.0030539115
/home/yogesh.patel/execution/25_9_2026_PRD_work/OCT2017_Test/test/DRUSEN/DRUSEN-9504181-2.jpeg,DRUSEN,2,0.0047416054,0.008479,0.9841133,0.002666071
/home/yogesh.patel/execution/25_9_2026_PRD_work/OCT2017_Test/test/DRUSEN/DRUSEN-95633-1.jpeg,DRUSEN,2,0.03203271,0.01603582,0.9481426,0.003788906
/home/yogesh.patel/execution/25_9_2026_PRD_work/OCT2017_Test/test/DRUSEN/DRUSEN-956663-1.jpeg,DRUSEN,2,0.003092555,0.008896928,0.9843378,0.0036727192
/home/yogesh.patel/execution/25_9_2026_PRD_work/OCT2017_Test/test/DRUSEN/DRUSEN-9624303-1.jpeg,DRUSEN,2,0.0051386026,0.00940521,0.9826804,0.0027758523
/home/yogesh.patel/execution/25_9_2026_PRD_work/OCT2017_Test/test/DRUSEN/DRUSEN-9624303-2.jpeg,DRUSEN,2,0.009580264,0.008685708,0.9790441,0.002689987
/home/yogesh.patel/execution/25_9_2026_PRD_work/OCT2017_Test/test/DRUSEN/DRUSEN-9642260-1.jpeg,DRUSEN,2,0.024787582,0.0092898505,0.96324843,0.0026741275
/home/yogesh.patel/execution/25_9_2026_PRD_work/OCT2017_Test/test/DRUSEN/DRUSEN-9689334-1.jpeg,DRUSEN,2,0.0048893783,0.015276364,0.9772734,0.0025608018
/home/yogesh.patel/execution/25_9_2026_PRD_work/OCT2017_Test/test/DRUSEN/DRUSEN-9734808-1.jpeg,DRUSEN,2,0.005831031,0.013047325,0.978341,0.0027806675
/home/yogesh.patel/execution/25_9_2026_PRD_work/OCT2017_Test/test/DRUSEN/DRUSEN-9734808-2.jpeg,DRUSEN,2,0.25773,0.01136242,0.7268357,0.004071836
/home/yogesh.patel/execution/25_9_2026_PRD_work/OCT2017_Test/test/DRUSEN/DRUSEN-9800172-1.jpeg,DRUSEN,2,0.007901931,0.0065618386,0.9799272,0.005609055
/home/yogesh.patel/execution/25_9_2026_PRD_work/OCT2017_Test/test/DRUSEN/DRUSEN-987193-1.jpeg,DRUSEN,2,0.0046846005,0.0064391023,0.9839982,0.004878115
/home/yogesh.patel/execution/25_9_2026_PRD_work/OCT2017_Test/test/NORMAL/NORMAL-1017237-1.jpeg,NORMAL,3,0.0077592833,0.006892298,0.004679382,0.980669
/home/yogesh.patel/execution/25_9_2026_PRD_work/OCT2017_Test/test/NORMAL/NORMAL-101880-1.jpeg,NORMAL,3,0.0038344492,0.003013327,0.0021099378,0.9910423
/home/yogesh.patel/execution/25_9_2026_PRD_work/OCT2017_Test/test/NORMAL/NORMAL-1025847-1.jpeg,NORMAL,3,0.003715336,0.0027800149,0.016722057,0.97678256
/home/yogesh.patel/execution/25_9_2026_PRD_work/OCT2017_Test/test/NORMAL/NORMAL-1038998-1.jpeg,NORMAL,3,0.0022256423,0.01721664,0.0032580227,0.9772997
/home/yogesh.patel/execution/25_9_2026_PRD_work/OCT2017_Test/test/NORMAL/NORMAL-1042462-1.jpeg,NORMAL,3,0.005006417,0.011944607,0.020406295,0.96264267
/home/yogesh.patel/execution/25_9_2026_PRD_work/OCT2017_Test/test/NORMAL/NORMAL-1058176-1.jpeg,NORMAL,3,0.0035933547,0.0058572222,0.00250159,0.98804784
/home/yogesh.patel/execution/25_9_2026_PRD_work/OCT2017_Test/test/NORMAL/NORMAL-1063128-1.jpeg,NORMAL,3,0.004530876,0.006037706,0.007069023,0.9823624
/home/yogesh.patel/execution/25_9_2026_PRD_work/OCT2017_Test/test/NORMAL/NORMAL-1073137-1.jpeg,NORMAL,3,0.002016231,0.0044128923,0.0049672574,0.9886036
/home/yogesh.patel/execution/25_9_2026_PRD_work/OCT2017_Test/test/NORMAL/NORMAL-1081406-1.jpeg,NORMAL,3,0.022058189,0.025148537,0.24608877,0.7067045
/home/yogesh.patel/execution/25_9_2026_PRD_work/OCT2017_Test/test/NORMAL/NORMAL-112928-1.jpeg,NORMAL,3,0.006940325,0.0066077616,0.0051019327,0.98135
/home/yogesh.patel/execution/25_9_2026_PRD_work/OCT2017_Test/test/NORMAL/NORMAL-119840-1.jpeg,NORMAL,3,0.00737787,0.011116199,0.0046797437,0.9768262
/home/yogesh.patel/execution/25_9_2026_PRD_work/OCT2017_Test/test/NORMAL/NORMAL-12494-1.jpeg,NORMAL,3,0.0020750295,0.004514868,0.0053815097,0.98802865
/home/yogesh.patel/execution/25_9_2026_PRD_work/OCT2017_Test/test/NORMAL/NORMAL-12494-2.jpeg,NORMAL,3,0.0051037488,0.0064095794,0.005474361,0.9830123
/home/yogesh.patel/execution/25_9_2026_PRD_work/OCT2017_Test/test/NORMAL/NORMAL-12494-3.jpeg,NORMAL,3,0.0032536555,0.008238635,0.007853571,0.9806541
/home/yogesh.patel/execution/25_9_2026_PRD_work/OCT2017_Test/test/NORMAL/NORMAL-12494-4.jpeg,NORMAL,3,0.007080725,0.008404279,0.007556174,0.9769588
/home/yogesh.patel/execution/25_9_2026_PRD_work/OCT2017_Test/test/NORMAL/NORMAL-12494-5.jpeg,NORMAL,3,0.0060568345,0.005282283,0.004305423,0.9843555
/home/yogesh.patel/execution/25_9_2026_PRD_work/OCT2017_Test/test/NORMAL/NORMAL-133321-1.jpeg,NORMAL,3,0.0026446902,0.003491266,0.002791488,0.99107254
/home/yogesh.patel/execution/25_9_2026_PRD_work/OCT2017_Test/test/NORMAL/NORMAL-138971-1.jpeg,NORMAL,3,0.002899374,0.009672662,0.008081084,0.97934693
/home/yogesh.patel/execution/25_9_2026_PRD_work/OCT2017_Test/test/NORMAL/NORMAL-15208-1.jpeg,NORMAL,3,0.0061782426,0.002007372,0.0036541186,0.98816025
/home/yogesh.patel/execution/25_9_2026_PRD_work/OCT2017_Test/test/NORMAL/NORMAL-15307-1.jpeg,NORMAL,3,0.0032177123,0.0062717395,0.007845079,0.9826655
/home/yogesh.patel/execution/25_9_2026_PRD_work/OCT2017_Test/test/NORMAL/NORMAL-153950-1.jpeg,NORMAL,3,0.0068771304,0.005714833,0.020684505,0.9667235
/home/yogesh.patel/execution/25_9_2026_PRD_work/OCT2017_Test/test/NORMAL/NORMAL-1746717-1.jpeg,NORMAL,3,0.0035845912,0.00538346,0.0026202195,0.9884117
/home/yogesh.patel/execution/25_9_2026_PRD_work/OCT2017_Test/test/NORMAL/NORMAL-1759350-1.jpeg,NORMAL,3,0.0037762374,0.004036533,0.012303894,0.9798833
/home/yogesh.patel/execution/25_9_2026_PRD_work/OCT2017_Test/test/NORMAL/NORMAL-1781140-1.jpeg,NORMAL,3,0.00454782,0.004199571,0.004363759,0.9868889
/home/yogesh.patel/execution/25_9_2026_PRD_work/OCT2017_Test/test/NORMAL/NORMAL-1791409-1.jpeg,NORMAL,3,0.0029292647,0.008222972,0.0022458062,0.98660195
/home/yogesh.patel/execution/25_9_2026_PRD_work/OCT2017_Test/test/NORMAL/NORMAL-1831654-1.jpeg,NORMAL,3,0.002139377,0.0050523714,0.0038971785,0.9889111
/home/yogesh.patel/execution/25_9_2026_PRD_work/OCT2017_Test/test/NORMAL/NORMAL-1853526-1.jpeg,NORMAL,3,0.0023300305,0.0037358522,0.0069139414,0.9870202
/home/yogesh.patel/execution/25_9_2026_PRD_work/OCT2017_Test/test/NORMAL/NORMAL-1860310-1.jpeg,NORMAL,3,0.0041586384,0.0073956274,0.0030225161,0.98542327
/home/yogesh.patel/execution/25_9_2026_PRD_work/OCT2017_Test/test/NORMAL/NORMAL-1897894-1.jpeg,NORMAL,3,0.00467819,0.0062769293,0.0027409352,0.9863039
/home/yogesh.patel/execution/25_9_2026_PRD_work/OCT2017_Test/test/NORMAL/NORMAL-1907560-1.jpeg,NORMAL,3,0.004758919,0.002827991,0.0065259617,0.98588717
/home/yogesh.patel/execution/25_9_2026_PRD_work/OCT2017_Test/test/NORMAL/NORMAL-1908313-1.jpeg,NORMAL,3,0.0036672608,0.012837191,0.0037395211,0.97975606
/home/yogesh.patel/execution/25_9_2026_PRD_work/OCT2017_Test/test/NORMAL/NORMAL-1951042-1.jpeg,NORMAL,3,0.00933085,0.013703375,0.00835502,0.96861076
/home/yogesh.patel/execution/25_9_2026_PRD_work/OCT2017_Test/test/NORMAL/NORMAL-1957379-1.jpeg,NORMAL,3,0.004748033,0.0031686747,0.0084414715,0.98364186
/home/yogesh.patel/execution/25_9_2026_PRD_work/OCT2017_Test/test/NORMAL/NORMAL-197082-1.jpeg,NORMAL,3,0.008888185,0.0072570234,0.023035517,0.9608193
/home/yogesh.patel/execution/25_9_2026_PRD_work/OCT2017_Test/test/NORMAL/NORMAL-1983894-1.jpeg,NORMAL,3,0.007817502,0.0049254955,0.0036500182,0.983607
/home/yogesh.patel/execution/25_9_2026_PRD_work/OCT2017_Test/test/NORMAL/NORMAL-1988065-1.jpeg,NORMAL,3,0.0046140463,0.0035542042,0.0042061373,0.9876256
/home/yogesh.patel/execution/25_9_2026_PRD_work/OCT2017_Test/test/NORMAL/NORMAL-1989796-1.jpeg,NORMAL,3,0.003944197,0.0028994596,0.0029487698,0.99020755
/home/yogesh.patel/execution/25_9_2026_PRD_work/OCT2017_Test/test/NORMAL/NORMAL-1998191-1.jpeg,NORMAL,3,0.003865392,0.002463747,0.0034186183,0.9902522
/home/yogesh.patel/execution/25_9_2026_PRD_work/OCT2017_Test/test/NORMAL/NORMAL-2010714-1.jpeg,NORMAL,3,0.0076982663,0.0076170983,0.0026706853,0.982014
/home/yogesh.patel/execution/25_9_2026_PRD_work/OCT2017_Test/test/NORMAL/NORMAL-2011412-1.jpeg,NORMAL,3,0.004665543,0.003744477,0.017100058,0.9744899
/home/yogesh.patel/execution/25_9_2026_PRD_work/OCT2017_Test/test/NORMAL/NORMAL-2019006-1.jpeg,NORMAL,3,0.0041570384,0.004083693,0.008807268,0.982952
/home/yogesh.patel/execution/25_9_2026_PRD_work/OCT2017_Test/test/NORMAL/NORMAL-2019423-1.jpeg,NORMAL,3,0.0059227813,0.005086904,0.010082608,0.9789077
/home/yogesh.patel/execution/25_9_2026_PRD_work/OCT2017_Test/test/NORMAL/NORMAL-2055634-1.jpeg,NORMAL,3,0.0018129081,0.0051781726,0.0066260416,0.98638284
/home/yogesh.patel/execution/25_9_2026_PRD_work/OCT2017_Test/test/NORMAL/NORMAL-2059629-1.jpeg,NORMAL,3,0.0037608584,0.008391793,0.0026772062,0.9851701
/home/yogesh.patel/execution/25_9_2026_PRD_work/OCT2017_Test/test/NORMAL/NORMAL-2075832-1.jpeg,NORMAL,3,0.0042868815,0.011795387,0.0042994185,0.9796183
/home/yogesh.patel/execution/25_9_2026_PRD_work/OCT2017_Test/test/NORMAL/NORMAL-2082689-1.jpeg,NORMAL,3,0.0036415653,0.011682358,0.004604055,0.980072
/home/yogesh.patel/execution/25_9_2026_PRD_work/OCT2017_Test/test/NORMAL/NORMAL-2095710-1.jpeg,NORMAL,3,0.0032374628,0.0072300937,0.0039836895,0.9855488
/home/yogesh.patel/execution/25_9_2026_PRD_work/OCT2017_Test/test/NORMAL/NORMAL-2113822-1.jpeg,NORMAL,3,0.011275683,0.008624876,0.0061470643,0.97395235
/home/yogesh.patel/execution/25_9_2026_PRD_work/OCT2017_Test/test/NORMAL/NORMAL-2120559-1.jpeg,NORMAL,3,0.0044169775,0.0052656163,0.0036688915,0.9866485
/home/yogesh.patel/execution/25_9_2026_PRD_work/OCT2017_Test/test/NORMAL/NORMAL-2120559-2.jpeg,NORMAL,3,0.002870912,0.0057914513,0.0026617388,0.9886759
/home/yogesh.patel/execution/25_9_2026_PRD_work/OCT2017_Test/test/NORMAL/NORMAL-2120559-3.jpeg,NORMAL,3,0.0050673448,0.0031020371,0.0040628626,0.98776776
/home/yogesh.patel/execution/25_9_2026_PRD_work/OCT2017_Test/test/NORMAL/NORMAL-2126186-1.jpeg,NORMAL,3,0.005603358,0.004090405,0.006946689,0.9833595
/home/yogesh.patel/execution/25_9_2026_PRD_work/OCT2017_Test/test/NORMAL/NORMAL-2131138-1.jpeg,NORMAL,3,0.0034180786,0.007389809,0.0073239636,0.98186815
/home/yogesh.patel/execution/25_9_2026_PRD_work/OCT2017_Test/test/NORMAL/NORMAL-2158556-1.jpeg,NORMAL,3,0.0049023284,0.003653781,0.00562171,0.9858222
/home/yogesh.patel/execution/25_9_2026_PRD_work/OCT2017_Test/test/NORMAL/NORMAL-2167295-1.jpeg,NORMAL,3,0.0033538993,0.024187123,0.0072772307,0.96518177
/home/yogesh.patel/execution/25_9_2026_PRD_work/OCT2017_Test/test/NORMAL/NORMAL-2181272-1.jpeg,NORMAL,3,0.0028436414,0.0259862,0.0031408924,0.96802926
/home/yogesh.patel/execution/25_9_2026_PRD_work/OCT2017_Test/test/NORMAL/NORMAL-2182640-1.jpeg,NORMAL,3,0.009626917,0.0038850675,0.78322387,0.2032641
/home/yogesh.patel/execution/25_9_2026_PRD_work/OCT2017_Test/test/NORMAL/NORMAL-2192790-1.jpeg,NORMAL,3,0.0055263173,0.0064103375,0.0056012482,0.9824621
/home/yogesh.patel/execution/25_9_2026_PRD_work/OCT2017_Test/test/NORMAL/NORMAL-2197972-1.jpeg,NORMAL,3,0.0040708603,0.0045048473,0.0066433228,0.98478097
/home/yogesh.patel/execution/25_9_2026_PRD_work/OCT2017_Test/test/NORMAL/NORMAL-2226488-1.jpeg,NORMAL,3,0.0045289355,0.009962912,0.0023816393,0.9831265
/home/yogesh.patel/execution/25_9_2026_PRD_work/OCT2017_Test/test/NORMAL/NORMAL-2231056-1.jpeg,NORMAL,3,0.0049712723,0.0073107122,0.007413226,0.98030484
/home/yogesh.patel/execution/25_9_2026_PRD_work/OCT2017_Test/test/NORMAL/NORMAL-223814-1.jpeg,NORMAL,3,0.0029752995,0.007336904,0.0062976973,0.9833901
/home/yogesh.patel/execution/25_9_2026_PRD_work/OCT2017_Test/test/NORMAL/NORMAL-2244950-1.jpeg,NORMAL,3,0.0034611544,0.010971974,0.0033226262,0.98224425
/home/yogesh.patel/execution/25_9_2026_PRD_work/OCT2017_Test/test/NORMAL/NORMAL-2287992-1.jpeg,NORMAL,3,0.003101657,0.009156561,0.0046190643,0.98312277
/home/yogesh.patel/execution/25_9_2026_PRD_work/OCT2017_Test/test/NORMAL/NORMAL-2305502-1.jpeg,NORMAL,3,0.0048652072,0.007354389,0.004749068,0.98303133
/home/yogesh.patel/execution/25_9_2026_PRD_work/OCT2017_Test/test/NORMAL/NORMAL-2312921-1.jpeg,NORMAL,3,0.007900923,0.009525345,0.007628193,0.97494555
/home/yogesh.patel/execution/25_9_2026_PRD_work/OCT2017_Test/test/NORMAL/NORMAL-2316423-1.jpeg,NORMAL,3,0.004668197,0.0042747674,0.005682271,0.98537475
/home/yogesh.patel/execution/25_9_2026_PRD_work/OCT2017_Test/test/NORMAL/NORMAL-2335256-1.jpeg,NORMAL,3,0.0033682883,0.0030320147,0.0040223175,0.98957735
/home/yogesh.patel/execution/25_9_2026_PRD_work/OCT2017_Test/test/NORMAL/NORMAL-2342517-1.jpeg,NORMAL,3,0.004331555,0.008609368,0.0061607365,0.9808983
/home/yogesh.patel/execution/25_9_2026_PRD_work/OCT2017_Test/test/NORMAL/NORMAL-2350851-1.jpeg,NORMAL,3,0.0036629566,0.008563443,0.0034892545,0.98428434
/home/yogesh.patel/execution/25_9_2026_PRD_work/OCT2017_Test/test/NORMAL/NORMAL-2351012-1.jpeg,NORMAL,3,0.0038393696,0.012037617,0.002163104,0.98195994
/home/yogesh.patel/execution/25_9_2026_PRD_work/OCT2017_Test/test/NORMAL/NORMAL-2362579-1.jpeg,NORMAL,3,0.0029719053,0.0030006922,0.0047635115,0.9892639
/home/yogesh.patel/execution/25_9_2026_PRD_work/OCT2017_Test/test/NORMAL/NORMAL-2366700-1.jpeg,NORMAL,3,0.0053824773,0.0041229962,0.0057417033,0.98475283
/home/yogesh.patel/execution/25_9_2026_PRD_work/OCT2017_Test/test/NORMAL/NORMAL-2373878-1.jpeg,NORMAL,3,0.0054583624,0.0068998584,0.0056817094,0.9819601
/home/yogesh.patel/execution/25_9_2026_PRD_work/OCT2017_Test/test/NORMAL/NORMAL-2377429-1.jpeg,NORMAL,3,0.0017600795,0.004597177,0.0046242215,0.98901856
/home/yogesh.patel/execution/25_9_2026_PRD_work/OCT2017_Test/test/NORMAL/NORMAL-2392366-1.jpeg,NORMAL,3,0.006863805,0.004623753,0.010975509,0.9775369
/home/yogesh.patel/execution/25_9_2026_PRD_work/OCT2017_Test/test/NORMAL/NORMAL-2397754-1.jpeg,NORMAL,3,0.0023892163,0.0071311714,0.00838667,0.982093
/home/yogesh.patel/execution/25_9_2026_PRD_work/OCT2017_Test/test/NORMAL/NORMAL-2403175-1.jpeg,NORMAL,3,0.010028514,0.0047026463,0.010179711,0.97508913
/home/yogesh.patel/execution/25_9_2026_PRD_work/OCT2017_Test/test/NORMAL/NORMAL-2416187-1.jpeg,NORMAL,3,0.0033627409,0.016935294,0.0022860707,0.9774159
/home/yogesh.patel/execution/25_9_2026_PRD_work/OCT2017_Test/test/NORMAL/NORMAL-2421067-1.jpeg,NORMAL,3,0.002787673,0.01066387,0.0044627716,0.98208565
/home/yogesh.patel/execution/25_9_2026_PRD_work/OCT2017_Test/test/NORMAL/NORMAL-2424949-1.jpeg,NORMAL,3,0.00215918,0.010467478,0.015503582,0.97186977
/home/yogesh.patel/execution/25_9_2026_PRD_work/OCT2017_Test/test/NORMAL/NORMAL-2434258-1.jpeg,NORMAL,3,0.002724418,0.0053283786,0.0028946553,0.98905253
/home/yogesh.patel/execution/25_9_2026_PRD_work/OCT2017_Test/test/NORMAL/NORMAL-2436365-1.jpeg,NORMAL,3,0.0050367326,0.0040290174,0.003977307,0.9869569
/home/yogesh.patel/execution/25_9_2026_PRD_work/OCT2017_Test/test/NORMAL/NORMAL-2448954-1.jpeg,NORMAL,3,0.0041029174,0.0044598314,0.0075344928,0.98390275
/home/yogesh.patel/execution/25_9_2026_PRD_work/OCT2017_Test/test/NORMAL/NORMAL-2459401-1.jpeg,NORMAL,3,0.008472424,0.0700021,0.0053575584,0.91616786
/home/yogesh.patel/execution/25_9_2026_PRD_work/OCT2017_Test/test/NORMAL/NORMAL-2460548-1.jpeg,NORMAL,3,0.0042499225,0.0034353079,0.0039010623,0.98841375
/home/yogesh.patel/execution/25_9_2026_PRD_work/OCT2017_Test/test/NORMAL/NORMAL-2476896-1.jpeg,NORMAL,3,0.009496512,0.007162094,0.008349123,0.9749922
/home/yogesh.patel/execution/25_9_2026_PRD_work/OCT2017_Test/test/NORMAL/NORMAL-2493975-1.jpeg,NORMAL,3,0.0041128793,0.01170849,0.0066545433,0.9775241
/home/yogesh.patel/execution/25_9_2026_PRD_work/OCT2017_Test/test/NORMAL/NORMAL-2504667-1.jpeg,NORMAL,3,0.0043084375,0.0037115754,0.005103066,0.9868769
/home/yogesh.patel/execution/25_9_2026_PRD_work/OCT2017_Test/test/NORMAL/NORMAL-2509453-1.jpeg,NORMAL,3,0.0027987072,0.013131954,0.0025506276,0.9815187
/home/yogesh.patel/execution/25_9_2026_PRD_work/OCT2017_Test/test/NORMAL/NORMAL-2517546-1.jpeg,NORMAL,3,0.004705503,0.016269533,0.0036709092,0.9753541
/home/yogesh.patel/execution/25_9_2026_PRD_work/OCT2017_Test/test/NORMAL/NORMAL-2549549-1.jpeg,NORMAL,3,0.0037853152,0.0069524767,0.005030288,0.9842319
/home/yogesh.patel/execution/25_9_2026_PRD_work/OCT2017_Test/test/NORMAL/NORMAL-2551333-1.jpeg,NORMAL,3,0.004704476,0.005242029,0.0046241586,0.98542935
/home/yogesh.patel/execution/25_9_2026_PRD_work/OCT2017_Test/test/NORMAL/NORMAL-2569106-1.jpeg,NORMAL,3,0.0066695614,0.008577221,0.0057015345,0.9790517
/home/yogesh.patel/execution/25_9_2026_PRD_work/OCT2017_Test/test/NORMAL/NORMAL-2570020-1.jpeg,NORMAL,3,0.0026241024,0.011608599,0.0019741156,0.98379314
/home/yogesh.patel/execution/25_9_2026_PRD_work/OCT2017_Test/test/NORMAL/NORMAL-2579419-1.jpeg,NORMAL,3,0.0032727518,0.0017417321,0.006029109,0.9889564
/home/yogesh.patel/execution/25_9_2026_PRD_work/OCT2017_Test/test/NORMAL/NORMAL-2598368-1.jpeg,NORMAL,3,0.002081004,0.004845549,0.0058617587,0.9872117
/home/yogesh.patel/execution/25_9_2026_PRD_work/OCT2017_Test/test/NORMAL/NORMAL-2602596-1.jpeg,NORMAL,3,0.0021864146,0.0132225,0.003943227,0.98064786
/home/yogesh.patel/execution/25_9_2026_PRD_work/OCT2017_Test/test/NORMAL/NORMAL-2627129-1.jpeg,NORMAL,3,0.0054944092,0.008536423,0.004249169,0.98172003
/home/yogesh.patel/execution/25_9_2026_PRD_work/OCT2017_Test/test/NORMAL/NORMAL-2633503-1.jpeg,NORMAL,3,0.001790083,0.019708259,0.0042459867,0.9742557
/home/yogesh.patel/execution/25_9_2026_PRD_work/OCT2017_Test/test/NORMAL/NORMAL-2636641-1.jpeg,NORMAL,3,0.004655142,0.006741926,0.0047264495,0.98387647
/home/yogesh.patel/execution/25_9_2026_PRD_work/OCT2017_Test/test/NORMAL/NORMAL-2665491-1.jpeg,NORMAL,3,0.0042814566,0.00716495,0.0055627427,0.98299086
/home/yogesh.patel/execution/25_9_2026_PRD_work/OCT2017_Test/test/NORMAL/NORMAL-269181-1.jpeg,NORMAL,3,0.002885661,0.002433703,0.0023726164,0.992308
/home/yogesh.patel/execution/25_9_2026_PRD_work/OCT2017_Test/test/NORMAL/NORMAL-2705520-1.jpeg,NORMAL,3,0.002794554,0.003759108,0.0073418827,0.9861045
/home/yogesh.patel/execution/25_9_2026_PRD_work/OCT2017_Test/test/NORMAL/NORMAL-2709055-1.jpeg,NORMAL,3,0.0060387044,0.012731819,0.004286056,0.97694343
/home/yogesh.patel/execution/25_9_2026_PRD_work/OCT2017_Test/test/NORMAL/NORMAL-2733663-1.jpeg,NORMAL,3,0.008994945,0.010631375,0.0063879136,0.97398573
/home/yogesh.patel/execution/25_9_2026_PRD_work/OCT2017_Test/test/NORMAL/NORMAL-2739821-1.jpeg,NORMAL,3,0.0036120503,0.0052821813,0.009276235,0.9818296
/home/yogesh.patel/execution/25_9_2026_PRD_work/OCT2017_Test/test/NORMAL/NORMAL-2769622-1.jpeg,NORMAL,3,0.0028707776,0.001734777,0.0074897096,0.9879048
/home/yogesh.patel/execution/25_9_2026_PRD_work/OCT2017_Test/test/NORMAL/NORMAL-2769622-2.jpeg,NORMAL,3,0.0014928508,0.014250285,0.0031201146,0.98113674
/home/yogesh.patel/execution/25_9_2026_PRD_work/OCT2017_Test/test/NORMAL/NORMAL-279206-1.jpeg,NORMAL,3,0.004748507,0.005127424,0.0059331693,0.9841909
/home/yogesh.patel/execution/25_9_2026_PRD_work/OCT2017_Test/test/NORMAL/NORMAL-283376-1.jpeg,NORMAL,3,0.0059964005,0.0041855997,0.0077189556,0.98209906
/home/yogesh.patel/execution/25_9_2026_PRD_work/OCT2017_Test/test/NORMAL/NORMAL-285896-1.jpeg,NORMAL,3,0.010790117,0.00867998,0.0042368644,0.9762931
/home/yogesh.patel/execution/25_9_2026_PRD_work/OCT2017_Test/test/NORMAL/NORMAL-2973935-1.jpeg,NORMAL,3,0.0033500015,0.008827472,0.0024428125,0.98537976
/home/yogesh.patel/execution/25_9_2026_PRD_work/OCT2017_Test/test/NORMAL/NORMAL-3059523-1.jpeg,NORMAL,3,0.005554836,0.0067619164,0.0054149507,0.9822683
/home/yogesh.patel/execution/25_9_2026_PRD_work/OCT2017_Test/test/NORMAL/NORMAL-307151-1.jpeg,NORMAL,3,0.005874978,0.0042981436,0.007083204,0.9827437
/home/yogesh.patel/execution/25_9_2026_PRD_work/OCT2017_Test/test/NORMAL/NORMAL-307151-2.jpeg,NORMAL,3,0.0022145314,0.061144903,0.0062872847,0.9303533
/home/yogesh.patel/execution/25_9_2026_PRD_work/OCT2017_Test/test/NORMAL/NORMAL-3077276-1.jpeg,NORMAL,3,0.0033965737,0.0038450272,0.013330663,0.97942775
/home/yogesh.patel/execution/25_9_2026_PRD_work/OCT2017_Test/test/NORMAL/NORMAL-3100637-1.jpeg,NORMAL,3,0.0040044496,0.008322959,0.0051010414,0.9825716
/home/yogesh.patel/execution/25_9_2026_PRD_work/OCT2017_Test/test/NORMAL/NORMAL-3103940-1.jpeg,NORMAL,3,0.0018647931,0.006761915,0.003235846,0.9881375
/home/yogesh.patel/execution/25_9_2026_PRD_work/OCT2017_Test/test/NORMAL/NORMAL-3108564-1.jpeg,NORMAL,3,0.0069006598,0.011559082,0.003903408,0.9776369
/home/yogesh.patel/execution/25_9_2026_PRD_work/OCT2017_Test/test/NORMAL/NORMAL-3134896-1.jpeg,NORMAL,3,0.0036715362,0.005108339,0.016162634,0.9750575
/home/yogesh.patel/execution/25_9_2026_PRD_work/OCT2017_Test/test/NORMAL/NORMAL-3166591-1.jpeg,NORMAL,3,0.0055086263,0.007107248,0.0077074836,0.97967666
/home/yogesh.patel/execution/25_9_2026_PRD_work/OCT2017_Test/test/NORMAL/NORMAL-3220509-1.jpeg,NORMAL,3,0.0034520538,0.005659044,0.006709161,0.98417974
/home/yogesh.patel/execution/25_9_2026_PRD_work/OCT2017_Test/test/NORMAL/NORMAL-3244919-1.jpeg,NORMAL,3,0.0050889165,0.0068777376,0.004370847,0.9836625
/home/yogesh.patel/execution/25_9_2026_PRD_work/OCT2017_Test/test/NORMAL/NORMAL-3256489-1.jpeg,NORMAL,3,0.008859401,0.006339138,0.0033247205,0.9814767
/home/yogesh.patel/execution/25_9_2026_PRD_work/OCT2017_Test/test/NORMAL/NORMAL-3277704-1.jpeg,NORMAL,3,0.0020670774,0.011650649,0.0026313248,0.9836509
/home/yogesh.patel/execution/25_9_2026_PRD_work/OCT2017_Test/test/NORMAL/NORMAL-3300015-1.jpeg,NORMAL,3,0.0042428165,0.0075973156,0.0055438466,0.982616
/home/yogesh.patel/execution/25_9_2026_PRD_work/OCT2017_Test/test/NORMAL/NORMAL-3307598-1.jpeg,NORMAL,3,0.0058334176,0.010264926,0.008408725,0.97549295
/home/yogesh.patel/execution/25_9_2026_PRD_work/OCT2017_Test/test/NORMAL/NORMAL-3307598-2.jpeg,NORMAL,3,0.0042680386,0.013537727,0.006698958,0.9754953
/home/yogesh.patel/execution/25_9_2026_PRD_work/OCT2017_Test/test/NORMAL/NORMAL-3308307-1.jpeg,NORMAL,3,0.009743292,0.0074323765,0.007311529,0.9755128
/home/yogesh.patel/execution/25_9_2026_PRD_work/OCT2017_Test/test/NORMAL/NORMAL-330905-1.jpeg,NORMAL,3,0.0036832374,0.0034247034,0.00596872,0.98692334
/home/yogesh.patel/execution/25_9_2026_PRD_work/OCT2017_Test/test/NORMAL/NORMAL-3320960-1.jpeg,NORMAL,3,0.004685225,0.008473129,0.0046521416,0.9821895
/home/yogesh.patel/execution/25_9_2026_PRD_work/OCT2017_Test/test/NORMAL/NORMAL-3326661-1.jpeg,NORMAL,3,0.006785452,0.010589439,0.008024927,0.9746002
/home/yogesh.patel/execution/25_9_2026_PRD_work/OCT2017_Test/test/NORMAL/NORMAL-3330006-1.jpeg,NORMAL,3,0.016134331,0.009134943,0.010075228,0.9646555
/home/yogesh.patel/execution/25_9_2026_PRD_work/OCT2017_Test/test/NORMAL/NORMAL-3332063-1.jpeg,NORMAL,3,0.004576865,0.005602665,0.0059044445,0.98391604
/home/yogesh.patel/execution/25_9_2026_PRD_work/OCT2017_Test/test/NORMAL/NORMAL-33350-1.jpeg,NORMAL,3,0.0043122545,0.008599365,0.006855295,0.98023313
/home/yogesh.patel/execution/25_9_2026_PRD_work/OCT2017_Test/test/NORMAL/NORMAL-33350-2.jpeg,NORMAL,3,0.0034533085,0.01812377,0.011593088,0.96682984
/home/yogesh.patel/execution/25_9_2026_PRD_work/OCT2017_Test/test/NORMAL/NORMAL-33350-3.jpeg,NORMAL,3,0.015062464,0.04812203,0.116596185,0.82021934
/home/yogesh.patel/execution/25_9_2026_PRD_work/OCT2017_Test/test/NORMAL/NORMAL-3340309-1.jpeg,NORMAL,3,0.017073164,0.018111054,0.0064785737,0.9583372
/home/yogesh.patel/execution/25_9_2026_PRD_work/OCT2017_Test/test/NORMAL/NORMAL-3346049-1.jpeg,NORMAL,3,0.003907117,0.0055631776,0.0050541437,0.98547554
/home/yogesh.patel/execution/25_9_2026_PRD_work/OCT2017_Test/test/NORMAL/NORMAL-3347645-1.jpeg,NORMAL,3,0.0031034178,0.0035276322,0.005191644,0.9881773
/home/yogesh.patel/execution/25_9_2026_PRD_work/OCT2017_Test/test/NORMAL/NORMAL-3354044-1.jpeg,NORMAL,3,0.0015785169,0.0055087935,0.005038387,0.9878743
/home/yogesh.patel/execution/25_9_2026_PRD_work/OCT2017_Test/test/NORMAL/NORMAL-3361560-1.jpeg,NORMAL,3,0.0041239415,0.011428092,0.0037486712,0.9806993
/home/yogesh.patel/execution/25_9_2026_PRD_work/OCT2017_Test/test/NORMAL/NORMAL-3361750-1.jpeg,NORMAL,3,0.008010425,0.007995217,0.0040789046,0.97991544
/home/yogesh.patel/execution/25_9_2026_PRD_work/OCT2017_Test/test/NORMAL/NORMAL-33637-1.jpeg,NORMAL,3,0.0026192642,0.015108552,0.0049330182,0.9773392
/home/yogesh.patel/execution/25_9_2026_PRD_work/OCT2017_Test/test/NORMAL/NORMAL-3373954-1.jpeg,NORMAL,3,0.0049898773,0.0051011476,0.003889873,0.98601913
/home/yogesh.patel/execution/25_9_2026_PRD_work/OCT2017_Test/test/NORMAL/NORMAL-3380901-1.jpeg,NORMAL,3,0.004278893,0.005767984,0.0029123104,0.9870408
/home/yogesh.patel/execution/25_9_2026_PRD_work/OCT2017_Test/test/NORMAL/NORMAL-338568-1.jpeg,NORMAL,3,0.0055991034,0.004118426,0.0065233805,0.9837591
/home/yogesh.patel/execution/25_9_2026_PRD_work/OCT2017_Test/test/NORMAL/NORMAL-3390782-1.jpeg,NORMAL,3,0.0047217957,0.013666227,0.0068285433,0.9747834
/home/yogesh.patel/execution/25_9_2026_PRD_work/OCT2017_Test/test/NORMAL/NORMAL-3398969-1.jpeg,NORMAL,3,0.013512412,0.012894346,0.014175735,0.9594175
/home/yogesh.patel/execution/25_9_2026_PRD_work/OCT2017_Test/test/NORMAL/NORMAL-3399839-1.jpeg,NORMAL,3,0.005297274,0.0061790706,0.0030681945,0.98545545
/home/yogesh.patel/execution/25_9_2026_PRD_work/OCT2017_Test/test/NORMAL/NORMAL-3416330-1.jpeg,NORMAL,3,0.0012465997,0.0031149928,0.005031814,0.9906066
/home/yogesh.patel/execution/25_9_2026_PRD_work/OCT2017_Test/test/NORMAL/NORMAL-3431386-1.jpeg,NORMAL,3,0.0032476531,0.0100067,0.0024876778,0.984258
/home/yogesh.patel/execution/25_9_2026_PRD_work/OCT2017_Test/test/NORMAL/NORMAL-3451887-1.jpeg,NORMAL,3,0.005890619,0.011574552,0.0054376335,0.9770972
/home/yogesh.patel/execution/25_9_2026_PRD_work/OCT2017_Test/test/NORMAL/NORMAL-3465750-1.jpeg,NORMAL,3,0.0046871016,0.0027281856,0.010189288,0.98239547
/home/yogesh.patel/execution/25_9_2026_PRD_work/OCT2017_Test/test/NORMAL/NORMAL-3466714-1.jpeg,NORMAL,3,0.003962712,0.013682783,0.0028007198,0.97955376
/home/yogesh.patel/execution/25_9_2026_PRD_work/OCT2017_Test/test/NORMAL/NORMAL-3475211-1.jpeg,NORMAL,3,0.0044418727,0.0069571394,0.0053931098,0.9832079
/home/yogesh.patel/execution/25_9_2026_PRD_work/OCT2017_Test/test/NORMAL/NORMAL-348347-1.jpeg,NORMAL,3,0.003679477,0.004620213,0.0042621456,0.9874382
/home/yogesh.patel/execution/25_9_2026_PRD_work/OCT2017_Test/test/NORMAL/NORMAL-349021-1.jpeg,NORMAL,3,0.0036701905,0.005076067,0.0066138953,0.9846398
/home/yogesh.patel/execution/25_9_2026_PRD_work/OCT2017_Test/test/NORMAL/NORMAL-351109-1.jpeg,NORMAL,3,0.003286809,0.005851229,0.0070903623,0.98377156
/home/yogesh.patel/execution/25_9_2026_PRD_work/OCT2017_Test/test/NORMAL/NORMAL-351109-2.jpeg,NORMAL,3,0.004475739,0.009397164,0.0033571152,0.98276997
/home/yogesh.patel/execution/25_9_2026_PRD_work/OCT2017_Test/test/NORMAL/NORMAL-3531215-1.jpeg,NORMAL,3,0.0065585542,0.0067681037,0.0068825213,0.9797908
/home/yogesh.patel/execution/25_9_2026_PRD_work/OCT2017_Test/test/NORMAL/NORMAL-3538316-1.jpeg,NORMAL,3,0.0022401866,0.00435896,0.0068133892,0.98658746
/home/yogesh.patel/execution/25_9_2026_PRD_work/OCT2017_Test/test/NORMAL/NORMAL-3561306-1.jpeg,NORMAL,3,0.0061300024,0.005337248,0.0048485817,0.9836841
/home/yogesh.patel/execution/25_9_2026_PRD_work/OCT2017_Test/test/NORMAL/NORMAL-3561306-2.jpeg,NORMAL,3,0.0067659323,0.009557441,0.003826348,0.97985023
/home/yogesh.patel/execution/25_9_2026_PRD_work/OCT2017_Test/test/NORMAL/NORMAL-366503-1.jpeg,NORMAL,3,0.00574108,0.009432738,0.0036887876,0.9811374
/home/yogesh.patel/execution/25_9_2026_PRD_work/OCT2017_Test/test/NORMAL/NORMAL-366503-2.jpeg,NORMAL,3,0.010163707,0.015825309,0.020052658,0.9539583
/home/yogesh.patel/execution/25_9_2026_PRD_work/OCT2017_Test/test/NORMAL/NORMAL-36734-1.jpeg,NORMAL,3,0.004633627,0.006701608,0.0046221344,0.98404264
/home/yogesh.patel/execution/25_9_2026_PRD_work/OCT2017_Test/test/NORMAL/NORMAL-37818-1.jpeg,NORMAL,3,0.004799937,0.0042864433,0.0066440506,0.98426956
/home/yogesh.patel/execution/25_9_2026_PRD_work/OCT2017_Test/test/NORMAL/NORMAL-395557-1.jpeg,NORMAL,3,0.0032281498,0.003291173,0.0021825805,0.9912981
/home/yogesh.patel/execution/25_9_2026_PRD_work/OCT2017_Test/test/NORMAL/NORMAL-402066-1.jpeg,NORMAL,3,0.0022582756,0.003033621,0.0041076983,0.9906004
/home/yogesh.patel/execution/25_9_2026_PRD_work/OCT2017_Test/test/NORMAL/NORMAL-402066-2.jpeg,NORMAL,3,0.009985339,0.009470157,0.0139839575,0.96656054
/home/yogesh.patel/execution/25_9_2026_PRD_work/OCT2017_Test/test/NORMAL/NORMAL-402066-3.jpeg,NORMAL,3,0.003238848,0.0067190323,0.003236821,0.9868053
/home/yogesh.patel/execution/25_9_2026_PRD_work/OCT2017_Test/test/NORMAL/NORMAL-402066-4.jpeg,NORMAL,3,0.002865777,0.004480519,0.007980893,0.9846728
/home/yogesh.patel/execution/25_9_2026_PRD_work/OCT2017_Test/test/NORMAL/NORMAL-402066-5.jpeg,NORMAL,3,0.0086985715,0.010603413,0.006702414,0.97399557
/home/yogesh.patel/execution/25_9_2026_PRD_work/OCT2017_Test/test/NORMAL/NORMAL-438684-1.jpeg,NORMAL,3,0.005205632,0.0058827964,0.005149936,0.9837616
/home/yogesh.patel/execution/25_9_2026_PRD_work/OCT2017_Test/test/NORMAL/NORMAL-438684-2.jpeg,NORMAL,3,0.009393833,0.008820971,0.007255707,0.9745295
/home/yogesh.patel/execution/25_9_2026_PRD_work/OCT2017_Test/test/NORMAL/NORMAL-438684-3.jpeg,NORMAL,3,0.0074844337,0.00756439,0.005535981,0.9794152
/home/yogesh.patel/execution/25_9_2026_PRD_work/OCT2017_Test/test/NORMAL/NORMAL-443980-1.jpeg,NORMAL,3,0.0037245797,0.008569431,0.0023704248,0.9853356
/home/yogesh.patel/execution/25_9_2026_PRD_work/OCT2017_Test/test/NORMAL/NORMAL-446851-1.jpeg,NORMAL,3,0.010356757,0.0046776263,0.0061028977,0.97886276
/home/yogesh.patel/execution/25_9_2026_PRD_work/OCT2017_Test/test/NORMAL/NORMAL-446851-2.jpeg,NORMAL,3,0.006353973,0.011057916,0.0067294855,0.9758586
/home/yogesh.patel/execution/25_9_2026_PRD_work/OCT2017_Test/test/NORMAL/NORMAL-447690-1.jpeg,NORMAL,3,0.0031586767,0.0060741054,0.003021925,0.9877453
/home/yogesh.patel/execution/25_9_2026_PRD_work/OCT2017_Test/test/NORMAL/NORMAL-447690-2.jpeg,NORMAL,3,0.005504118,0.0111971805,0.0036067534,0.979692
/home/yogesh.patel/execution/25_9_2026_PRD_work/OCT2017_Test/test/NORMAL/NORMAL-450532-1.jpeg,NORMAL,3,0.004541484,0.010996138,0.0060341842,0.9784282
/home/yogesh.patel/execution/25_9_2026_PRD_work/OCT2017_Test/test/NORMAL/NORMAL-450923-1.jpeg,NORMAL,3,0.0154775325,0.014487615,0.0118974345,0.9581374
/home/yogesh.patel/execution/25_9_2026_PRD_work/OCT2017_Test/test/NORMAL/NORMAL-450923-2.jpeg,NORMAL,3,0.00573115,0.008381972,0.0043149716,0.9815719
/home/yogesh.patel/execution/25_9_2026_PRD_work/OCT2017_Test/test/NORMAL/NORMAL-460711-1.jpeg,NORMAL,3,0.006046824,0.0048976946,0.009068102,0.9799874
/home/yogesh.patel/execution/25_9_2026_PRD_work/OCT2017_Test/test/NORMAL/NORMAL-460844-1.jpeg,NORMAL,3,0.0054659154,0.007511349,0.004561031,0.9824617
/home/yogesh.patel/execution/25_9_2026_PRD_work/OCT2017_Test/test/NORMAL/NORMAL-466978-1.jpeg,NORMAL,3,0.0057882913,0.0016707267,0.0036786564,0.98886234
/home/yogesh.patel/execution/25_9_2026_PRD_work/OCT2017_Test/test/NORMAL/NORMAL-469935-1.jpeg,NORMAL,3,0.00456459,0.006697728,0.0064533865,0.98228425
/home/yogesh.patel/execution/25_9_2026_PRD_work/OCT2017_Test/test/NORMAL/NORMAL-4761187-1.jpeg,NORMAL,3,0.0039472757,0.004389969,0.012536302,0.97912645
/home/yogesh.patel/execution/25_9_2026_PRD_work/OCT2017_Test/test/NORMAL/NORMAL-4790999-1.jpeg,NORMAL,3,0.0032244122,0.006860847,0.0039913934,0.9859233
/home/yogesh.patel/execution/25_9_2026_PRD_work/OCT2017_Test/test/NORMAL/NORMAL-48053-1.jpeg,NORMAL,3,0.0032853407,0.0076184943,0.002511593,0.9865846
/home/yogesh.patel/execution/25_9_2026_PRD_work/OCT2017_Test/test/NORMAL/NORMAL-4839633-1.jpeg,NORMAL,3,0.005586248,0.008110888,0.0051285424,0.98117435
/home/yogesh.patel/execution/25_9_2026_PRD_work/OCT2017_Test/test/NORMAL/NORMAL-486271-1.jpeg,NORMAL,3,0.00691003,0.0057796002,0.0023037586,0.9850066
/home/yogesh.patel/execution/25_9_2026_PRD_work/OCT2017_Test/test/NORMAL/NORMAL-508852-1.jpeg,NORMAL,3,0.003133549,0.0027617128,0.0033541792,0.99075055
/home/yogesh.patel/execution/25_9_2026_PRD_work/OCT2017_Test/test/NORMAL/NORMAL-508852-2.jpeg,NORMAL,3,0.0032475719,0.003395828,0.0023767666,0.99097985
/home/yogesh.patel/execution/25_9_2026_PRD_work/OCT2017_Test/test/NORMAL/NORMAL-519372-1.jpeg,NORMAL,3,0.0026773887,0.007298673,0.006193066,0.98383087
/home/yogesh.patel/execution/25_9_2026_PRD_work/OCT2017_Test/test/NORMAL/NORMAL-524640-1.jpeg,NORMAL,3,0.004458783,0.005806734,0.006159132,0.98357534
/home/yogesh.patel/execution/25_9_2026_PRD_work/OCT2017_Test/test/NORMAL/NORMAL-544457-1.jpeg,NORMAL,3,0.004156768,0.007455578,0.008053491,0.98033416
/home/yogesh.patel/execution/25_9_2026_PRD_work/OCT2017_Test/test/NORMAL/NORMAL-544711-1.jpeg,NORMAL,3,0.007419616,0.03335566,0.008060411,0.9511643
/home/yogesh.patel/execution/25_9_2026_PRD_work/OCT2017_Test/test/NORMAL/NORMAL-547422-1.jpeg,NORMAL,3,0.0062082815,0.0029703921,0.002589588,0.9882318
/home/yogesh.patel/execution/25_9_2026_PRD_work/OCT2017_Test/test/NORMAL/NORMAL-547422-2.jpeg,NORMAL,3,0.0030957165,0.0077663003,0.0028041282,0.9863339
/home/yogesh.patel/execution/25_9_2026_PRD_work/OCT2017_Test/test/NORMAL/NORMAL-549356-1.jpeg,NORMAL,3,0.0031267132,0.0037950168,0.009005474,0.9840728
/home/yogesh.patel/execution/25_9_2026_PRD_work/OCT2017_Test/test/NORMAL/NORMAL-549356-2.jpeg,NORMAL,3,0.006137079,0.0037224242,0.004396624,0.9857439
/home/yogesh.patel/execution/25_9_2026_PRD_work/OCT2017_Test/test/NORMAL/NORMAL-549356-3.jpeg,NORMAL,3,0.0073231105,0.012983965,0.0037087551,0.97598416
/home/yogesh.patel/execution/25_9_2026_PRD_work/OCT2017_Test/test/NORMAL/NORMAL-552739-1.jpeg,NORMAL,3,0.0033558675,0.0058174003,0.0033755335,0.9874512
/home/yogesh.patel/execution/25_9_2026_PRD_work/OCT2017_Test/test/NORMAL/NORMAL-557437-1.jpeg,NORMAL,3,0.004763601,0.0108325975,0.0039207106,0.9804831
/home/yogesh.patel/execution/25_9_2026_PRD_work/OCT2017_Test/test/NORMAL/NORMAL-557437-2.jpeg,NORMAL,3,0.006385728,0.011015644,0.0067489967,0.9758496
/home/yogesh.patel/execution/25_9_2026_PRD_work/OCT2017_Test/test/NORMAL/NORMAL-565818-1.jpeg,NORMAL,3,0.0072829477,0.011506815,0.0049850363,0.9762252
/home/yogesh.patel/execution/25_9_2026_PRD_work/OCT2017_Test/test/NORMAL/NORMAL-566040-1.jpeg,NORMAL,3,0.0064942394,0.010027045,0.006431502,0.9770472
/home/yogesh.patel/execution/25_9_2026_PRD_work/OCT2017_Test/test/NORMAL/NORMAL-568518-1.jpeg,NORMAL,3,0.005718918,0.008387351,0.0078047602,0.978089
/home/yogesh.patel/execution/25_9_2026_PRD_work/OCT2017_Test/test/NORMAL/NORMAL-568518-2.jpeg,NORMAL,3,0.0017247291,0.006403454,0.026865644,0.9650062
/home/yogesh.patel/execution/25_9_2026_PRD_work/OCT2017_Test/test/NORMAL/NORMAL-571157-1.jpeg,NORMAL,3,0.0048878943,0.0140583655,0.0039459635,0.97710776
/home/yogesh.patel/execution/25_9_2026_PRD_work/OCT2017_Test/test/NORMAL/NORMAL-571484-1.jpeg,NORMAL,3,0.0036034975,0.0070449077,0.0024421758,0.9869094
/home/yogesh.patel/execution/25_9_2026_PRD_work/OCT2017_Test/test/NORMAL/NORMAL-572972-1.jpeg,NORMAL,3,0.0058034183,0.01314953,0.0060613314,0.9749857
/home/yogesh.patel/execution/25_9_2026_PRD_work/OCT2017_Test/test/NORMAL/NORMAL-574089-1.jpeg,NORMAL,3,0.0064480826,0.017920474,0.0030666855,0.97256476
/home/yogesh.patel/execution/25_9_2026_PRD_work/OCT2017_Test/test/NORMAL/NORMAL-582215-1.jpeg,NORMAL,3,0.0032187214,0.004461145,0.028146094,0.96417403
/home/yogesh.patel/execution/25_9_2026_PRD_work/OCT2017_Test/test/NORMAL/NORMAL-588227-1.jpeg,NORMAL,3,0.0038311596,0.017900193,0.004973455,0.97329515
/home/yogesh.patel/execution/25_9_2026_PRD_work/OCT2017_Test/test/NORMAL/NORMAL-60471-1.jpeg,NORMAL,3,0.005523424,0.006937407,0.0069960565,0.98054314
/home/yogesh.patel/execution/25_9_2026_PRD_work/OCT2017_Test/test/NORMAL/NORMAL-605310-1.jpeg,NORMAL,3,0.005311413,0.035507318,0.0039566816,0.9552246
/home/yogesh.patel/execution/25_9_2026_PRD_work/OCT2017_Test/test/NORMAL/NORMAL-626127-1.jpeg,NORMAL,3,0.0025185863,0.003760077,0.008383275,0.98533803
/home/yogesh.patel/execution/25_9_2026_PRD_work/OCT2017_Test/test/NORMAL/NORMAL-628048-1.jpeg,NORMAL,3,0.0047412016,0.008499776,0.003389995,0.98336905
/home/yogesh.patel/execution/25_9_2026_PRD_work/OCT2017_Test/test/NORMAL/NORMAL-629493-1.jpeg,NORMAL,3,0.0047251764,0.008742102,0.00436298,0.9821697
/home/yogesh.patel/execution/25_9_2026_PRD_work/OCT2017_Test/test/NORMAL/NORMAL-651257-1.jpeg,NORMAL,3,0.003601356,0.0055747544,0.005077995,0.9857459
/home/yogesh.patel/execution/25_9_2026_PRD_work/OCT2017_Test/test/NORMAL/NORMAL-655117-1.jpeg,NORMAL,3,0.004229678,0.005911752,0.0034617395,0.98639685
/home/yogesh.patel/execution/25_9_2026_PRD_work/OCT2017_Test/test/NORMAL/NORMAL-655447-1.jpeg,NORMAL,3,0.0039250413,0.0030683652,0.0036977394,0.9893089
/home/yogesh.patel/execution/25_9_2026_PRD_work/OCT2017_Test/test/NORMAL/NORMAL-664536-1.jpeg,NORMAL,3,0.0036690212,0.0062694857,0.0061792308,0.98388225
/home/yogesh.patel/execution/25_9_2026_PRD_work/OCT2017_Test/test/NORMAL/NORMAL-66515-1.jpeg,NORMAL,3,0.0059934943,0.02275891,0.004829444,0.96641815
/home/yogesh.patel/execution/25_9_2026_PRD_work/OCT2017_Test/test/NORMAL/NORMAL-672619-1.jpeg,NORMAL,3,0.004576626,0.0058138147,0.0045831897,0.9850264
/home/yogesh.patel/execution/25_9_2026_PRD_work/OCT2017_Test/test/NORMAL/NORMAL-692554-1.jpeg,NORMAL,3,0.0040267794,0.0057795094,0.0054585706,0.9847352
/home/yogesh.patel/execution/25_9_2026_PRD_work/OCT2017_Test/test/NORMAL/NORMAL-693575-1.jpeg,NORMAL,3,0.0050070756,0.0036567207,0.006255205,0.98508096
/home/yogesh.patel/execution/25_9_2026_PRD_work/OCT2017_Test/test/NORMAL/NORMAL-697826-1.jpeg,NORMAL,3,0.003718751,0.033768307,0.028065503,0.93444747
/home/yogesh.patel/execution/25_9_2026_PRD_work/OCT2017_Test/test/NORMAL/NORMAL-744709-1.jpeg,NORMAL,3,0.0014753477,0.0028527845,0.0015571731,0.9941147
/home/yogesh.patel/execution/25_9_2026_PRD_work/OCT2017_Test/test/NORMAL/NORMAL-755659-1.jpeg,NORMAL,3,0.0027665375,0.010086015,0.00496752,0.98217994
/home/yogesh.patel/execution/25_9_2026_PRD_work/OCT2017_Test/test/NORMAL/NORMAL-758272-1.jpeg,NORMAL,3,0.0039946446,0.0046259505,0.0034590857,0.98792034
/home/yogesh.patel/execution/25_9_2026_PRD_work/OCT2017_Test/test/NORMAL/NORMAL-76914-1.jpeg,NORMAL,3,0.0037250032,0.00962929,0.0056886114,0.9809571
/home/yogesh.patel/execution/25_9_2026_PRD_work/OCT2017_Test/test/NORMAL/NORMAL-772481-1.jpeg,NORMAL,3,0.0049328306,0.00628884,0.01205165,0.9767267
/home/yogesh.patel/execution/25_9_2026_PRD_work/OCT2017_Test/test/NORMAL/NORMAL-84466-1.jpeg,NORMAL,3,0.0036783789,0.00572241,0.0025378696,0.98806137
/home/yogesh.patel/execution/25_9_2026_PRD_work/OCT2017_Test/test/NORMAL/NORMAL-85367-1.jpeg,NORMAL,3,0.003982593,0.021235937,0.0016289947,0.97315246
/home/yogesh.patel/execution/25_9_2026_PRD_work/OCT2017_Test/test/NORMAL/NORMAL-9251-1.jpeg,NORMAL,3,0.003537287,0.012779608,0.0029189705,0.98076415
/home/yogesh.patel/execution/25_9_2026_PRD_work/OCT2017_Test/test/NORMAL/NORMAL-98720-1.jpeg,NORMAL,3,0.0035221046,0.01732192,0.002584684,0.97657126
