path,label,class,predicted_8class,predicted_external_class,correct,prob_AMD,prob_CNV,prob_CSR,prob_DME,prob_DR,prob_DRUSEN,prob_MH,prob_NORMAL
/home/yogesh.patel/execution/25_9_2026_PRD_work/OCT2017_Test/test/CNV/CNV-1016042-1.jpeg,0,CNV,CNV,CNV,True,0.007636275,0.95454854,0.009170467,0.0075815753,0.008545981,0.0014619417,0.0026092497,0.00844593
/home/yogesh.patel/execution/25_9_2026_PRD_work/OCT2017_Test/test/CNV/CNV-1016042-2.jpeg,0,CNV,CNV,CNV,True,0.007218559,0.94847137,0.006379527,0.018633613,0.0070040743,0.002833318,0.0043505155,0.0051090834
/home/yogesh.patel/execution/25_9_2026_PRD_work/OCT2017_Test/test/CNV/CNV-1016042-3.jpeg,0,CNV,CNV,CNV,True,0.011887799,0.93019736,0.009971426,0.021442147,0.011069725,0.0027846766,0.0065345457,0.0061122947
/home/yogesh.patel/execution/25_9_2026_PRD_work/OCT2017_Test/test/CNV/CNV-1016042-4.jpeg,0,CNV,CNV,CNV,True,0.0067025414,0.95608366,0.00830541,0.011044091,0.009514656,0.00163416,0.0034746055,0.0032409132
/home/yogesh.patel/execution/25_9_2026_PRD_work/OCT2017_Test/test/CNV/CNV-103044-1.jpeg,0,CNV,CNV,CNV,True,0.0060334466,0.9595181,0.006703529,0.005302225,0.010048981,0.0013558506,0.0076684216,0.0033693593
/home/yogesh.patel/execution/25_9_2026_PRD_work/OCT2017_Test/test/CNV/CNV-103044-10.jpeg,0,CNV,CNV,CNV,True,0.0069509773,0.94372857,0.006090032,0.0045990893,0.006214466,0.023168372,0.0031463075,0.006102244
/home/yogesh.patel/execution/25_9_2026_PRD_work/OCT2017_Test/test/CNV/CNV-103044-11.jpeg,0,CNV,CNV,CNV,True,0.0063518323,0.95097977,0.0087280115,0.011524334,0.012252623,0.0027153913,0.004167479,0.0032804688
/home/yogesh.patel/execution/25_9_2026_PRD_work/OCT2017_Test/test/CNV/CNV-103044-12.jpeg,0,CNV,CNV,CNV,True,0.0054535577,0.9671485,0.0064203665,0.0024081138,0.006892302,0.004210533,0.0033034722,0.0041631223
/home/yogesh.patel/execution/25_9_2026_PRD_work/OCT2017_Test/test/CNV/CNV-103044-2.jpeg,0,CNV,CNV,CNV,True,0.005199889,0.9656614,0.005174741,0.0052915947,0.009411209,0.0024555991,0.0028321596,0.003973411
/home/yogesh.patel/execution/25_9_2026_PRD_work/OCT2017_Test/test/CNV/CNV-103044-3.jpeg,0,CNV,CNV,CNV,True,0.0047417036,0.927891,0.0049633845,0.0041131186,0.007300099,0.044225756,0.0043804306,0.002384592
/home/yogesh.patel/execution/25_9_2026_PRD_work/OCT2017_Test/test/CNV/CNV-103044-4.jpeg,0,CNV,CNV,CNV,True,0.006461928,0.96151006,0.0087558385,0.0071202214,0.008268152,0.0014068203,0.0029493207,0.0035276168
/home/yogesh.patel/execution/25_9_2026_PRD_work/OCT2017_Test/test/CNV/CNV-103044-5.jpeg,0,CNV,CNV,CNV,True,0.0035346083,0.95989996,0.0063457335,0.0021023543,0.0057914276,0.015226029,0.004376298,0.0027236356
/home/yogesh.patel/execution/25_9_2026_PRD_work/OCT2017_Test/test/CNV/CNV-103044-6.jpeg,0,CNV,CNV,CNV,True,0.0059338957,0.94746643,0.009478459,0.0036937222,0.007944043,0.017975248,0.005454016,0.0020541758
/home/yogesh.patel/execution/25_9_2026_PRD_work/OCT2017_Test/test/CNV/CNV-103044-7.jpeg,0,CNV,CNV,CNV,True,0.0042598345,0.95322675,0.0041103116,0.0024101932,0.006015484,0.021418225,0.005681656,0.002877602
/home/yogesh.patel/execution/25_9_2026_PRD_work/OCT2017_Test/test/CNV/CNV-103044-8.jpeg,0,CNV,CNV,CNV,True,0.0067924014,0.9577885,0.004219588,0.004181312,0.0045299004,0.011591691,0.007871333,0.003025233
/home/yogesh.patel/execution/25_9_2026_PRD_work/OCT2017_Test/test/CNV/CNV-103044-9.jpeg,0,CNV,CNV,CNV,True,0.0057422044,0.9546072,0.011798634,0.0023868685,0.009222131,0.0060683615,0.004216439,0.0059581157
/home/yogesh.patel/execution/25_9_2026_PRD_work/OCT2017_Test/test/CNV/CNV-1083927-1.jpeg,0,CNV,CNV,CNV,True,0.009460205,0.9320363,0.0065840976,0.02921085,0.0135856485,0.0023857646,0.0049667796,0.0017703723
/home/yogesh.patel/execution/25_9_2026_PRD_work/OCT2017_Test/test/CNV/CNV-1112835-1.jpeg,0,CNV,CNV,CNV,True,0.00825379,0.93935317,0.019411286,0.00942683,0.008200637,0.0027114688,0.005655278,0.006987557
/home/yogesh.patel/execution/25_9_2026_PRD_work/OCT2017_Test/test/CNV/CNV-1112835-2.jpeg,0,CNV,CNV,CNV,True,0.00799392,0.9486061,0.013935708,0.007829606,0.009007431,0.0017613439,0.0038618506,0.0070040408
/home/yogesh.patel/execution/25_9_2026_PRD_work/OCT2017_Test/test/CNV/CNV-1130960-1.jpeg,0,CNV,CNV,CNV,True,0.0073191375,0.95170134,0.011020684,0.011396144,0.006944317,0.0018171507,0.0031041612,0.0066971406
/home/yogesh.patel/execution/25_9_2026_PRD_work/OCT2017_Test/test/CNV/CNV-1131664-1.jpeg,0,CNV,CNV,CNV,True,0.00827272,0.9554271,0.009763552,0.0055694156,0.005755161,0.00219396,0.0059918845,0.0070262044
/home/yogesh.patel/execution/25_9_2026_PRD_work/OCT2017_Test/test/CNV/CNV-1136126-1.jpeg,0,CNV,CNV,CNV,True,0.0055872947,0.96418166,0.0052623027,0.0034313772,0.0066839154,0.008295606,0.0036268532,0.0029309986
/home/yogesh.patel/execution/25_9_2026_PRD_work/OCT2017_Test/test/CNV/CNV-1177084-1.jpeg,0,CNV,CNV,CNV,True,0.007904675,0.84548634,0.0056005972,0.0889362,0.0051585576,0.0030590312,0.038796496,0.005058097
/home/yogesh.patel/execution/25_9_2026_PRD_work/OCT2017_Test/test/CNV/CNV-1188386-1.jpeg,0,CNV,CNV,CNV,True,0.0057702595,0.96822727,0.005226949,0.006311247,0.0076791835,0.0015099305,0.0024944844,0.002780642
/home/yogesh.patel/execution/25_9_2026_PRD_work/OCT2017_Test/test/CNV/CNV-1188386-2.jpeg,0,CNV,CNV,CNV,True,0.0068836655,0.93426806,0.008153062,0.030226631,0.009795276,0.0040175277,0.003956738,0.0026989966
/home/yogesh.patel/execution/25_9_2026_PRD_work/OCT2017_Test/test/CNV/CNV-1188386-3.jpeg,0,CNV,CNV,CNV,True,0.010166933,0.94430053,0.013885575,0.012579439,0.0070770285,0.00170944,0.0059799193,0.004301078
/home/yogesh.patel/execution/25_9_2026_PRD_work/OCT2017_Test/test/CNV/CNV-1188386-4.jpeg,0,CNV,CNV,CNV,True,0.008588392,0.95554256,0.008199087,0.010025256,0.0073909336,0.0018803459,0.0049525118,0.0034208247
/home/yogesh.patel/execution/25_9_2026_PRD_work/OCT2017_Test/test/CNV/CNV-1260317-1.jpeg,0,CNV,CNV,CNV,True,0.009039099,0.95363736,0.009013594,0.0077379765,0.010287375,0.0018573004,0.0034457305,0.0049815313
/home/yogesh.patel/execution/25_9_2026_PRD_work/OCT2017_Test/test/CNV/CNV-1290410-1.jpeg,0,CNV,CNV,CNV,True,0.0042724847,0.9715459,0.0041416823,0.0043212664,0.0043781456,0.0028802662,0.0032297804,0.0052303835
/home/yogesh.patel/execution/25_9_2026_PRD_work/OCT2017_Test/test/CNV/CNV-1290410-2.jpeg,0,CNV,CNV,CNV,True,0.004552349,0.9579348,0.009722942,0.006669546,0.008231047,0.0025578884,0.004370607,0.0059608105
/home/yogesh.patel/execution/25_9_2026_PRD_work/OCT2017_Test/test/CNV/CNV-1290410-3.jpeg,0,CNV,CNV,CNV,True,0.0059173205,0.95274067,0.010341738,0.00797936,0.009135735,0.0026315118,0.0053105582,0.0059431917
/home/yogesh.patel/execution/25_9_2026_PRD_work/OCT2017_Test/test/CNV/CNV-1305450-1.jpeg,0,CNV,CNV,CNV,True,0.005090725,0.96821827,0.007564165,0.002468562,0.0061428617,0.0030581583,0.0029685157,0.004488776
/home/yogesh.patel/execution/25_9_2026_PRD_work/OCT2017_Test/test/CNV/CNV-1305450-2.jpeg,0,CNV,CNV,CNV,True,0.0038850345,0.95993084,0.0061393627,0.0060874196,0.0034392052,0.0089082625,0.0020945661,0.009515358
/home/yogesh.patel/execution/25_9_2026_PRD_work/OCT2017_Test/test/CNV/CNV-1305450-3.jpeg,0,CNV,CNV,CNV,True,0.0063827243,0.9219167,0.007111693,0.0383759,0.009819162,0.002224603,0.009772904,0.0043962346
/home/yogesh.patel/execution/25_9_2026_PRD_work/OCT2017_Test/test/CNV/CNV-1305450-4.jpeg,0,CNV,CNV,CNV,True,0.004187566,0.96298504,0.009763334,0.008005243,0.005521418,0.00231603,0.002587201,0.0046341238
/home/yogesh.patel/execution/25_9_2026_PRD_work/OCT2017_Test/test/CNV/CNV-137351-1.jpeg,0,CNV,CNV,CNV,True,0.0073485835,0.9573713,0.008637626,0.0094439415,0.0055038584,0.004609278,0.003915027,0.0031704174
/home/yogesh.patel/execution/25_9_2026_PRD_work/OCT2017_Test/test/CNV/CNV-1415351-1.jpeg,0,CNV,CNV,CNV,True,0.009841642,0.7110186,0.007430491,0.2355644,0.009247498,0.017423272,0.00611918,0.0033548463
/home/yogesh.patel/execution/25_9_2026_PRD_work/OCT2017_Test/test/CNV/CNV-154835-1.jpeg,0,CNV,CNV,CNV,True,0.0048449435,0.96460974,0.006933625,0.0058534993,0.004340185,0.001913327,0.0031393562,0.008365339
/home/yogesh.patel/execution/25_9_2026_PRD_work/OCT2017_Test/test/CNV/CNV-154835-2.jpeg,0,CNV,CNV,CNV,True,0.004845886,0.95865685,0.007200215,0.0035705057,0.005266065,0.002385976,0.0017722616,0.016302295
/home/yogesh.patel/execution/25_9_2026_PRD_work/OCT2017_Test/test/CNV/CNV-163081-1.jpeg,0,CNV,CNV,CNV,True,0.013803891,0.9194699,0.018671913,0.014400311,0.011405482,0.0022123768,0.012128509,0.007907627
/home/yogesh.patel/execution/25_9_2026_PRD_work/OCT2017_Test/test/CNV/CNV-163081-10.jpeg,0,CNV,CNV,CNV,True,0.009320213,0.94986475,0.008200127,0.0067397547,0.00896659,0.0035196599,0.0071692304,0.0062196413
/home/yogesh.patel/execution/25_9_2026_PRD_work/OCT2017_Test/test/CNV/CNV-163081-2.jpeg,0,CNV,CNV,CNV,True,0.010980418,0.9381159,0.013925761,0.011966703,0.0114458185,0.0019180599,0.006930379,0.0047168997
/home/yogesh.patel/execution/25_9_2026_PRD_work/OCT2017_Test/test/CNV/CNV-163081-3.jpeg,0,CNV,CNV,CNV,True,0.006254936,0.9497031,0.010595957,0.007642327,0.007255666,0.0069791833,0.004311317,0.007257572
/home/yogesh.patel/execution/25_9_2026_PRD_work/OCT2017_Test/test/CNV/CNV-163081-4.jpeg,0,CNV,CNV,CNV,True,0.011330428,0.91894263,0.021272682,0.014890349,0.016282814,0.0023957354,0.008504067,0.006381278
/home/yogesh.patel/execution/25_9_2026_PRD_work/OCT2017_Test/test/CNV/CNV-163081-5.jpeg,0,CNV,CNV,CNV,True,0.007696552,0.959129,0.007105353,0.0065592336,0.008551415,0.0031323195,0.004074922,0.0037512651
/home/yogesh.patel/execution/25_9_2026_PRD_work/OCT2017_Test/test/CNV/CNV-163081-6.jpeg,0,CNV,CNV,CNV,True,0.010219189,0.94313204,0.009579792,0.012085013,0.015098058,0.0013125279,0.0043200715,0.004253219
/home/yogesh.patel/execution/25_9_2026_PRD_work/OCT2017_Test/test/CNV/CNV-163081-7.jpeg,0,CNV,CNV,CNV,True,0.009694712,0.93545663,0.012687054,0.01644446,0.013535386,0.002347348,0.0033856896,0.0064487155
/home/yogesh.patel/execution/25_9_2026_PRD_work/OCT2017_Test/test/CNV/CNV-163081-8.jpeg,0,CNV,CNV,CNV,True,0.008741263,0.95673835,0.0093791485,0.0055693868,0.006870837,0.0027837309,0.0047218315,0.0051954263
/home/yogesh.patel/execution/25_9_2026_PRD_work/OCT2017_Test/test/CNV/CNV-163081-9.jpeg,0,CNV,CNV,CNV,True,0.011904297,0.9220667,0.01540632,0.023627253,0.012056954,0.001958183,0.008564218,0.0044160495
/home/yogesh.patel/execution/25_9_2026_PRD_work/OCT2017_Test/test/CNV/CNV-1632795-1.jpeg,0,CNV,CNV,CNV,True,0.0041805557,0.96928555,0.004202203,0.003162675,0.006025948,0.003668003,0.0033766148,0.006098466
/home/yogesh.patel/execution/25_9_2026_PRD_work/OCT2017_Test/test/CNV/CNV-1641792-1.jpeg,0,CNV,CNV,CNV,True,0.005432028,0.964409,0.004822498,0.0062571676,0.0053706504,0.0049219597,0.003964829,0.004821776
/home/yogesh.patel/execution/25_9_2026_PRD_work/OCT2017_Test/test/CNV/CNV-1641792-2.jpeg,0,CNV,CNV,CNV,True,0.01096392,0.95009553,0.0083655575,0.010883963,0.006245042,0.0016347193,0.007512147,0.004299177
/home/yogesh.patel/execution/25_9_2026_PRD_work/OCT2017_Test/test/CNV/CNV-1699976-1.jpeg,0,CNV,CNV,CNV,True,0.0037869718,0.9640132,0.0048577827,0.0024829241,0.0063283416,0.0022728688,0.004329568,0.011928384
/home/yogesh.patel/execution/25_9_2026_PRD_work/OCT2017_Test/test/CNV/CNV-1699976-2.jpeg,0,CNV,CNV,CNV,True,0.0039962265,0.9688723,0.004710788,0.004904481,0.0033662242,0.0015497654,0.003366664,0.009233562
/home/yogesh.patel/execution/25_9_2026_PRD_work/OCT2017_Test/test/CNV/CNV-1699976-3.jpeg,0,CNV,CNV,CNV,True,0.0045266915,0.9692756,0.0034053077,0.00465932,0.004961098,0.0025361134,0.0042425315,0.0063934796
/home/yogesh.patel/execution/25_9_2026_PRD_work/OCT2017_Test/test/CNV/CNV-1699976-4.jpeg,0,CNV,CNV,CNV,True,0.004833608,0.9655916,0.0067248726,0.003863425,0.0055625685,0.002437372,0.0034088304,0.0075777904
/home/yogesh.patel/execution/25_9_2026_PRD_work/OCT2017_Test/test/CNV/CNV-1699976-5.jpeg,0,CNV,CNV,CNV,True,0.005359434,0.96953994,0.0055709803,0.0038570322,0.0048039807,0.0016767788,0.0032934032,0.0058983867
/home/yogesh.patel/execution/25_9_2026_PRD_work/OCT2017_Test/test/CNV/CNV-1704482-1.jpeg,0,CNV,CNV,CNV,True,0.004258485,0.9616025,0.0061900024,0.007391233,0.011948303,0.0015007182,0.003930933,0.003177746
/home/yogesh.patel/execution/25_9_2026_PRD_work/OCT2017_Test/test/CNV/CNV-172472-1.jpeg,0,CNV,CNV,CNV,True,0.005310441,0.96409845,0.008151148,0.0035083136,0.003475832,0.0029167272,0.005487298,0.0070517994
/home/yogesh.patel/execution/25_9_2026_PRD_work/OCT2017_Test/test/CNV/CNV-172472-10.jpeg,0,CNV,CNV,CNV,True,0.0050508915,0.96857476,0.0069398223,0.0022119172,0.0037905974,0.0031266077,0.004814445,0.005490966
/home/yogesh.patel/execution/25_9_2026_PRD_work/OCT2017_Test/test/CNV/CNV-172472-11.jpeg,0,CNV,CNV,CNV,True,0.00913817,0.9439132,0.016448932,0.0046163662,0.009828535,0.0023818763,0.0072270287,0.006445944
/home/yogesh.patel/execution/25_9_2026_PRD_work/OCT2017_Test/test/CNV/CNV-172472-2.jpeg,0,CNV,CNV,CNV,True,0.00675835,0.95351434,0.009622813,0.0077014146,0.005023522,0.0021161954,0.00951015,0.005753279
/home/yogesh.patel/execution/25_9_2026_PRD_work/OCT2017_Test/test/CNV/CNV-172472-3.jpeg,0,CNV,CNV,CNV,True,0.009244291,0.9525602,0.012999147,0.0038589374,0.0072377096,0.003926108,0.00597065,0.0042028683
/home/yogesh.patel/execution/25_9_2026_PRD_work/OCT2017_Test/test/CNV/CNV-172472-4.jpeg,0,CNV,CNV,CNV,True,0.010310986,0.9390289,0.017687228,0.00551508,0.004306144,0.003620812,0.008114706,0.011416107
/home/yogesh.patel/execution/25_9_2026_PRD_work/OCT2017_Test/test/CNV/CNV-172472-5.jpeg,0,CNV,CNV,CNV,True,0.006404309,0.9590523,0.0046071555,0.011180759,0.0059223967,0.0022679158,0.006626434,0.0039387383
/home/yogesh.patel/execution/25_9_2026_PRD_work/OCT2017_Test/test/CNV/CNV-172472-6.jpeg,0,CNV,CNV,CNV,True,0.007014347,0.9445567,0.007979493,0.01427927,0.009792406,0.004078469,0.010078552,0.0022208644
/home/yogesh.patel/execution/25_9_2026_PRD_work/OCT2017_Test/test/CNV/CNV-172472-7.jpeg,0,CNV,CNV,CNV,True,0.0059071323,0.964594,0.0050522415,0.0034466514,0.006473585,0.0056596063,0.0062317248,0.0026350932
/home/yogesh.patel/execution/25_9_2026_PRD_work/OCT2017_Test/test/CNV/CNV-172472-8.jpeg,0,CNV,CNV,CNV,True,0.006916259,0.96455127,0.006120148,0.0029845485,0.0057992274,0.0036997672,0.006486674,0.0034421072
/home/yogesh.patel/execution/25_9_2026_PRD_work/OCT2017_Test/test/CNV/CNV-172472-9.jpeg,0,CNV,CNV,CNV,True,0.009451524,0.95587826,0.010905385,0.005274234,0.0058917813,0.0017739886,0.0032563102,0.0075685517
/home/yogesh.patel/execution/25_9_2026_PRD_work/OCT2017_Test/test/CNV/CNV-1730592-1.jpeg,0,CNV,CNV,CNV,True,0.0045527425,0.9717159,0.005161773,0.0050191022,0.0053363703,0.0016539575,0.0032899885,0.003270125
/home/yogesh.patel/execution/25_9_2026_PRD_work/OCT2017_Test/test/CNV/CNV-1730592-2.jpeg,0,CNV,CNV,CNV,True,0.004155898,0.9680712,0.0066020084,0.0039899913,0.0036615422,0.00294965,0.0034849045,0.007084745
/home/yogesh.patel/execution/25_9_2026_PRD_work/OCT2017_Test/test/CNV/CNV-1731375-1.jpeg,0,CNV,CNV,CNV,True,0.0060592,0.9435782,0.015089923,0.013857616,0.0117898015,0.0010248628,0.0012516655,0.0073486497
/home/yogesh.patel/execution/25_9_2026_PRD_work/OCT2017_Test/test/CNV/CNV-1731375-2.jpeg,0,CNV,CNV,CNV,True,0.004358608,0.9371407,0.009333149,0.0061270394,0.018510872,0.019631842,0.0015283031,0.0033695614
/home/yogesh.patel/execution/25_9_2026_PRD_work/OCT2017_Test/test/CNV/CNV-1731375-3.jpeg,0,CNV,CNV,CNV,True,0.0038239192,0.8540109,0.006285399,0.004439637,0.012463311,0.11397007,0.00232562,0.0026811794
/home/yogesh.patel/execution/25_9_2026_PRD_work/OCT2017_Test/test/CNV/CNV-1784116-1.jpeg,0,CNV,CNV,CNV,True,0.008611764,0.81328636,0.007493956,0.13853188,0.009692491,0.0068965503,0.012829914,0.0026570966
/home/yogesh.patel/execution/25_9_2026_PRD_work/OCT2017_Test/test/CNV/CNV-1894770-1.jpeg,0,CNV,CNV,CNV,True,0.0066842563,0.91975045,0.0039898637,0.041093126,0.007543852,0.0038712192,0.007214716,0.009852446
/home/yogesh.patel/execution/25_9_2026_PRD_work/OCT2017_Test/test/CNV/CNV-1894770-2.jpeg,0,CNV,CNV,CNV,True,0.005415112,0.9554937,0.0054721157,0.009892146,0.0071852063,0.0039231037,0.008475673,0.0041430052
/home/yogesh.patel/execution/25_9_2026_PRD_work/OCT2017_Test/test/CNV/CNV-1980926-1.jpeg,0,CNV,CNV,CNV,True,0.008990288,0.9450845,0.011457328,0.0130952345,0.007795003,0.0016279456,0.0033676482,0.008582042
/home/yogesh.patel/execution/25_9_2026_PRD_work/OCT2017_Test/test/CNV/CNV-198660-1.jpeg,0,CNV,CNV,CNV,True,0.004930619,0.9651195,0.005613663,0.0045244936,0.0067826933,0.0049624,0.0038685154,0.0041980403
/home/yogesh.patel/execution/25_9_2026_PRD_work/OCT2017_Test/test/CNV/CNV-1997439-1.jpeg,0,CNV,CNV,CNV,True,0.0065497146,0.9175316,0.005731095,0.04520547,0.011282539,0.008905012,0.0036461293,0.0011484813
/home/yogesh.patel/execution/25_9_2026_PRD_work/OCT2017_Test/test/CNV/CNV-1997439-2.jpeg,0,CNV,CNV,CNV,True,0.0049988218,0.94018114,0.008888642,0.022729514,0.0148413135,0.002304817,0.0019880214,0.0040677395
/home/yogesh.patel/execution/25_9_2026_PRD_work/OCT2017_Test/test/CNV/CNV-1997439-3.jpeg,0,CNV,CNV,CNV,True,0.0074734455,0.9571691,0.010847497,0.0076451595,0.008429075,0.0018084531,0.0033463568,0.0032809218
/home/yogesh.patel/execution/25_9_2026_PRD_work/OCT2017_Test/test/CNV/CNV-1997439-4.jpeg,0,CNV,CNV,CNV,True,0.008366407,0.95298797,0.01079154,0.009486206,0.005712627,0.0011630768,0.003570424,0.007921713
/home/yogesh.patel/execution/25_9_2026_PRD_work/OCT2017_Test/test/CNV/CNV-1997439-5.jpeg,0,CNV,CNV,CNV,True,0.009482088,0.94655865,0.0117798485,0.009415273,0.009455652,0.0026128741,0.0064201066,0.0042754957
/home/yogesh.patel/execution/25_9_2026_PRD_work/OCT2017_Test/test/CNV/CNV-1997439-6.jpeg,0,CNV,CNV,CNV,True,0.005940289,0.9596764,0.008588966,0.007866824,0.0064142547,0.0018126664,0.0025639138,0.0071366443
/home/yogesh.patel/execution/25_9_2026_PRD_work/OCT2017_Test/test/CNV/CNV-1997439-7.jpeg,0,CNV,CNV,CNV,True,0.004529509,0.9685931,0.006576594,0.0034248454,0.00888889,0.0022367497,0.0023885835,0.003361766
/home/yogesh.patel/execution/25_9_2026_PRD_work/OCT2017_Test/test/CNV/CNV-2025105-1.jpeg,0,CNV,CNV,CNV,True,0.003568846,0.9611724,0.005355524,0.003955528,0.009408173,0.010895832,0.004075433,0.0015682509
/home/yogesh.patel/execution/25_9_2026_PRD_work/OCT2017_Test/test/CNV/CNV-204397-1.jpeg,0,CNV,CNV,CNV,True,0.007093763,0.9489844,0.020176148,0.0059196157,0.0059869555,0.0023610466,0.0034032029,0.0060748947
/home/yogesh.patel/execution/25_9_2026_PRD_work/OCT2017_Test/test/CNV/CNV-2116022-1.jpeg,0,CNV,CNV,CNV,True,0.004648835,0.9624272,0.008352156,0.0044039534,0.009350867,0.0037422255,0.0034027821,0.003671992
/home/yogesh.patel/execution/25_9_2026_PRD_work/OCT2017_Test/test/CNV/CNV-2141150-1.jpeg,0,CNV,CNV,CNV,True,0.0064931,0.9503113,0.0099264765,0.012791977,0.006395836,0.0038819758,0.0030181438,0.0071811285
/home/yogesh.patel/execution/25_9_2026_PRD_work/OCT2017_Test/test/CNV/CNV-2141150-2.jpeg,0,CNV,CNV,CNV,True,0.005144859,0.9609306,0.006312309,0.010612168,0.0073500006,0.003386197,0.0035245984,0.0027393256
/home/yogesh.patel/execution/25_9_2026_PRD_work/OCT2017_Test/test/CNV/CNV-2158821-1.jpeg,0,CNV,CNV,CNV,True,0.004002688,0.96592414,0.0057531446,0.006243086,0.007833239,0.0012539567,0.00299931,0.0059903595
/home/yogesh.patel/execution/25_9_2026_PRD_work/OCT2017_Test/test/CNV/CNV-2158821-2.jpeg,0,CNV,CNV,CNV,True,0.0047817277,0.9659199,0.004795133,0.008362502,0.0077758385,0.0013245089,0.0025652929,0.0044750385
/home/yogesh.patel/execution/25_9_2026_PRD_work/OCT2017_Test/test/CNV/CNV-2168793-1.jpeg,0,CNV,CNV,CNV,True,0.0047325813,0.966453,0.0056766556,0.0052489266,0.005324205,0.0029050617,0.0046498566,0.00500965
/home/yogesh.patel/execution/25_9_2026_PRD_work/OCT2017_Test/test/CNV/CNV-2177326-1.jpeg,0,CNV,CNV,CNV,True,0.0063598296,0.9603418,0.011205936,0.0046752016,0.0053216973,0.002300367,0.0032619638,0.0065332325
/home/yogesh.patel/execution/25_9_2026_PRD_work/OCT2017_Test/test/CNV/CNV-218676-1.jpeg,0,CNV,CNV,CNV,True,0.006004362,0.9581753,0.007741877,0.004675731,0.0059876842,0.0024881158,0.0020906397,0.012836281
/home/yogesh.patel/execution/25_9_2026_PRD_work/OCT2017_Test/test/CNV/CNV-2192440-1.jpeg,0,CNV,CNV,CNV,True,0.0057459553,0.95355517,0.010645866,0.009413231,0.007262516,0.0026237976,0.004689156,0.006064284
/home/yogesh.patel/execution/25_9_2026_PRD_work/OCT2017_Test/test/CNV/CNV-2192440-2.jpeg,0,CNV,CNV,CNV,True,0.008749729,0.95885104,0.009315504,0.009046625,0.005768131,0.0024094328,0.0016915738,0.004168007
/home/yogesh.patel/execution/25_9_2026_PRD_work/OCT2017_Test/test/CNV/CNV-2350851-1.jpeg,0,CNV,CNV,CNV,True,0.002841039,0.9640069,0.004447399,0.010106671,0.011376845,0.002499342,0.0019488122,0.0027730055
/home/yogesh.patel/execution/25_9_2026_PRD_work/OCT2017_Test/test/CNV/CNV-2438783-1.jpeg,0,CNV,CNV,CNV,True,0.0073114904,0.951713,0.011027562,0.0096580135,0.006714941,0.0017371995,0.0059005264,0.005937265
/home/yogesh.patel/execution/25_9_2026_PRD_work/OCT2017_Test/test/CNV/CNV-2438783-2.jpeg,0,CNV,CNV,CNV,True,0.007411607,0.95375574,0.007255199,0.007755162,0.0073645725,0.00249709,0.0033505445,0.0106100375
/home/yogesh.patel/execution/25_9_2026_PRD_work/OCT2017_Test/test/CNV/CNV-2541184-1.jpeg,0,CNV,CNV,CNV,True,0.004990919,0.9635399,0.0050317235,0.0022848928,0.004886317,0.010617872,0.0042338683,0.0044144937
/home/yogesh.patel/execution/25_9_2026_PRD_work/OCT2017_Test/test/CNV/CNV-2632189-1.jpeg,0,CNV,CNV,CNV,True,0.007586872,0.94970816,0.010115686,0.0078879595,0.006508914,0.002693285,0.008421481,0.007077609
/home/yogesh.patel/execution/25_9_2026_PRD_work/OCT2017_Test/test/CNV/CNV-2692822-1.jpeg,0,CNV,CNV,CNV,True,0.006137084,0.95536137,0.0072422423,0.015604943,0.007250574,0.003197994,0.002611496,0.002594284
/home/yogesh.patel/execution/25_9_2026_PRD_work/OCT2017_Test/test/CNV/CNV-2725524-1.jpeg,0,CNV,CNV,CNV,True,0.008622519,0.944878,0.01402279,0.006393974,0.009882599,0.0022034566,0.007102248,0.006894272
/home/yogesh.patel/execution/25_9_2026_PRD_work/OCT2017_Test/test/CNV/CNV-2725524-2.jpeg,0,CNV,CNV,CNV,True,0.0036393995,0.9596821,0.0054578763,0.015554687,0.004467228,0.0026059446,0.004397012,0.004195848
/home/yogesh.patel/execution/25_9_2026_PRD_work/OCT2017_Test/test/CNV/CNV-2760476-1.jpeg,0,CNV,CNV,CNV,True,0.0063479193,0.9537189,0.010378261,0.010411336,0.007998457,0.0016844528,0.005397172,0.004063523
/home/yogesh.patel/execution/25_9_2026_PRD_work/OCT2017_Test/test/CNV/CNV-2959614-1.jpeg,0,CNV,CNV,CNV,True,0.005458617,0.95679474,0.00892029,0.007510903,0.006793699,0.002692478,0.0032136722,0.008615605
/home/yogesh.patel/execution/25_9_2026_PRD_work/OCT2017_Test/test/CNV/CNV-2959614-2.jpeg,0,CNV,CNV,CNV,True,0.0037870326,0.9704752,0.004666202,0.0047079013,0.0058391634,0.0024763665,0.0017395255,0.0063087083
/home/yogesh.patel/execution/25_9_2026_PRD_work/OCT2017_Test/test/CNV/CNV-2959614-3.jpeg,0,CNV,CNV,CNV,True,0.0044045127,0.9551735,0.0062876125,0.010342815,0.008234719,0.0056663547,0.0059471694,0.0039433157
/home/yogesh.patel/execution/25_9_2026_PRD_work/OCT2017_Test/test/CNV/CNV-2959614-4.jpeg,0,CNV,CNV,CNV,True,0.004746882,0.9601492,0.0057973145,0.008176439,0.0060343933,0.0032110799,0.008422089,0.003462522
/home/yogesh.patel/execution/25_9_2026_PRD_work/OCT2017_Test/test/CNV/CNV-3030629-1.jpeg,0,CNV,CNV,CNV,True,0.0050843703,0.95601356,0.0065800627,0.014637443,0.007032861,0.0017032003,0.0043846904,0.004563746
/home/yogesh.patel/execution/25_9_2026_PRD_work/OCT2017_Test/test/CNV/CNV-3080163-1.jpeg,0,CNV,CNV,CNV,True,0.007179381,0.94388205,0.008229227,0.018016417,0.010066994,0.0013681302,0.0055827396,0.0056750295
/home/yogesh.patel/execution/25_9_2026_PRD_work/OCT2017_Test/test/CNV/CNV-3080163-2.jpeg,0,CNV,CNV,CNV,True,0.009293818,0.94110286,0.009577576,0.016084043,0.009847705,0.0013767451,0.0057910504,0.0069262288
/home/yogesh.patel/execution/25_9_2026_PRD_work/OCT2017_Test/test/CNV/CNV-3119854-1.jpeg,0,CNV,CNV,CNV,True,0.0098343985,0.9453888,0.013772987,0.0060537346,0.013882765,0.0010283793,0.0048557515,0.0051831915
/home/yogesh.patel/execution/25_9_2026_PRD_work/OCT2017_Test/test/CNV/CNV-3163547-1.jpeg,0,CNV,CNV,CNV,True,0.004304967,0.96564686,0.005663896,0.0048687323,0.00553045,0.0022727665,0.0037679612,0.007944426
/home/yogesh.patel/execution/25_9_2026_PRD_work/OCT2017_Test/test/CNV/CNV-3200277-1.jpeg,0,CNV,CNV,CNV,True,0.0067900177,0.94058317,0.010262623,0.018331371,0.008079511,0.0026596813,0.009369532,0.0039241095
/home/yogesh.patel/execution/25_9_2026_PRD_work/OCT2017_Test/test/CNV/CNV-3200277-2.jpeg,0,CNV,CNV,CNV,True,0.0059510423,0.9560042,0.008426632,0.0067067416,0.010161749,0.0025388447,0.0064313374,0.003779564
/home/yogesh.patel/execution/25_9_2026_PRD_work/OCT2017_Test/test/CNV/CNV-3213586-1.jpeg,0,CNV,CNV,CNV,True,0.0042658593,0.9718421,0.0061793607,0.0034554352,0.003911794,0.0016885772,0.002906257,0.0057507106
/home/yogesh.patel/execution/25_9_2026_PRD_work/OCT2017_Test/test/CNV/CNV-3241692-1.jpeg,0,CNV,CNV,CNV,True,0.0054075066,0.92891645,0.005129369,0.004204253,0.012900498,0.038305145,0.00200921,0.0031274334
/home/yogesh.patel/execution/25_9_2026_PRD_work/OCT2017_Test/test/CNV/CNV-3241692-2.jpeg,0,CNV,CNV,CNV,True,0.0057515055,0.95570946,0.011976997,0.005747629,0.00808745,0.0047685863,0.0015002176,0.006458247
/home/yogesh.patel/execution/25_9_2026_PRD_work/OCT2017_Test/test/CNV/CNV-328435-1.jpeg,0,CNV,CNV,CNV,True,0.0031805127,0.96313167,0.0024967212,0.0065205577,0.0017517946,0.004695655,0.004124294,0.014098838
/home/yogesh.patel/execution/25_9_2026_PRD_work/OCT2017_Test/test/CNV/CNV-3300060-1.jpeg,0,CNV,CNV,CNV,True,0.004472843,0.95905405,0.0067209513,0.009358387,0.0037019495,0.0013546282,0.0016452622,0.013691938
/home/yogesh.patel/execution/25_9_2026_PRD_work/OCT2017_Test/test/CNV/CNV-338282-1.jpeg,0,CNV,CNV,CNV,True,0.0069617615,0.94686186,0.0068851374,0.015579744,0.011858121,0.0027066062,0.005880578,0.0032661995
/home/yogesh.patel/execution/25_9_2026_PRD_work/OCT2017_Test/test/CNV/CNV-3424668-1.jpeg,0,CNV,CNV,CNV,True,0.0061755134,0.94595355,0.0050767153,0.024810066,0.009273325,0.0035082037,0.0032884737,0.0019140893
/home/yogesh.patel/execution/25_9_2026_PRD_work/OCT2017_Test/test/CNV/CNV-3432812-1.jpeg,0,CNV,CNV,CNV,True,0.003074274,0.944503,0.004502232,0.0024007075,0.007349457,0.032050032,0.0028726717,0.003247723
/home/yogesh.patel/execution/25_9_2026_PRD_work/OCT2017_Test/test/CNV/CNV-3459091-1.jpeg,0,CNV,CNV,CNV,True,0.008940977,0.95322317,0.009465779,0.007259921,0.009215011,0.0011354473,0.006597763,0.0041619786
/home/yogesh.patel/execution/25_9_2026_PRD_work/OCT2017_Test/test/CNV/CNV-3541867-1.jpeg,0,CNV,CNV,CNV,True,0.0054664845,0.9640498,0.006472839,0.0047550653,0.006446872,0.005167657,0.0037532384,0.0038879856
/home/yogesh.patel/execution/25_9_2026_PRD_work/OCT2017_Test/test/CNV/CNV-3616460-1.jpeg,0,CNV,CNV,CNV,True,0.0049566533,0.96417046,0.0074948687,0.004802078,0.004390005,0.0062301382,0.0030028434,0.004952892
/home/yogesh.patel/execution/25_9_2026_PRD_work/OCT2017_Test/test/CNV/CNV-3618489-1.jpeg,0,CNV,CNV,CNV,True,0.005714148,0.9137538,0.0066604204,0.047222335,0.007696795,0.00278122,0.0039861957,0.01218512
/home/yogesh.patel/execution/25_9_2026_PRD_work/OCT2017_Test/test/CNV/CNV-3618489-2.jpeg,0,CNV,CNV,CNV,True,0.005429851,0.9589007,0.0051210136,0.014916236,0.00468297,0.0036403954,0.0045714104,0.0027374104
/home/yogesh.patel/execution/25_9_2026_PRD_work/OCT2017_Test/test/CNV/CNV-364469-1.jpeg,0,CNV,CNV,CNV,True,0.0039001515,0.9671148,0.0061279577,0.0049166204,0.0070860633,0.004761893,0.0035653876,0.0025271138
/home/yogesh.patel/execution/25_9_2026_PRD_work/OCT2017_Test/test/CNV/CNV-364469-2.jpeg,0,CNV,CNV,CNV,True,0.003909407,0.9577368,0.0050810203,0.006631932,0.0056546093,0.013242417,0.006242816,0.0015009281
/home/yogesh.patel/execution/25_9_2026_PRD_work/OCT2017_Test/test/CNV/CNV-364469-3.jpeg,0,CNV,CNV,CNV,True,0.0032517642,0.9656677,0.0063663903,0.005418194,0.0054618195,0.0063730483,0.005667412,0.0017936083
/home/yogesh.patel/execution/25_9_2026_PRD_work/OCT2017_Test/test/CNV/CNV-3734032-1.jpeg,0,CNV,CNV,CNV,True,0.007129477,0.9519732,0.012745845,0.007162782,0.0084647685,0.0015842571,0.0039777793,0.0069618155
/home/yogesh.patel/execution/25_9_2026_PRD_work/OCT2017_Test/test/CNV/CNV-375851-1.jpeg,0,CNV,CNV,CNV,True,0.0059167654,0.97006917,0.0053512156,0.0036872746,0.0028537773,0.0038608143,0.004307335,0.0039536054
/home/yogesh.patel/execution/25_9_2026_PRD_work/OCT2017_Test/test/CNV/CNV-3847391-1.jpeg,0,CNV,CNV,CNV,True,0.0060618017,0.955348,0.0070460783,0.012320972,0.0075177844,0.0059436914,0.0021830178,0.003578558
/home/yogesh.patel/execution/25_9_2026_PRD_work/OCT2017_Test/test/CNV/CNV-412653-1.jpeg,0,CNV,CNV,CNV,True,0.0060898154,0.9616967,0.008162627,0.004384412,0.007939231,0.006269838,0.0020866015,0.0033708075
/home/yogesh.patel/execution/25_9_2026_PRD_work/OCT2017_Test/test/CNV/CNV-417468-1.jpeg,0,CNV,CNV,CNV,True,0.003279613,0.9541462,0.0052750823,0.01984521,0.0043649054,0.0050080772,0.0055185836,0.0025622577
/home/yogesh.patel/execution/25_9_2026_PRD_work/OCT2017_Test/test/CNV/CNV-4244160-1.jpeg,0,CNV,CNV,CNV,True,0.0059740874,0.9498851,0.0100769475,0.011536663,0.007963346,0.0035135222,0.007506806,0.0035435827
/home/yogesh.patel/execution/25_9_2026_PRD_work/OCT2017_Test/test/CNV/CNV-4244160-2.jpeg,0,CNV,CNV,CNV,True,0.0043437053,0.9510626,0.007589759,0.014128223,0.0064820875,0.004637585,0.0069290358,0.004826993
/home/yogesh.patel/execution/25_9_2026_PRD_work/OCT2017_Test/test/CNV/CNV-4244160-3.jpeg,0,CNV,CNV,CNV,True,0.0070657963,0.9501987,0.010337889,0.008818182,0.011674922,0.002456894,0.0027499143,0.006697649
/home/yogesh.patel/execution/25_9_2026_PRD_work/OCT2017_Test/test/CNV/CNV-4274486-1.jpeg,0,CNV,CNV,CNV,True,0.009419606,0.6589369,0.010026381,0.18461539,0.020646986,0.105763,0.0065228506,0.0040689353
/home/yogesh.patel/execution/25_9_2026_PRD_work/OCT2017_Test/test/CNV/CNV-4283050-1.jpeg,0,CNV,CNV,CNV,True,0.0075880117,0.75560725,0.010077309,0.19603814,0.0088175265,0.0024388367,0.015770935,0.0036619778
/home/yogesh.patel/execution/25_9_2026_PRD_work/OCT2017_Test/test/CNV/CNV-4283050-2.jpeg,0,CNV,CNV,CNV,True,0.0053973678,0.94342023,0.010073893,0.02298514,0.0057250857,0.0026572351,0.0037627397,0.0059782458
/home/yogesh.patel/execution/25_9_2026_PRD_work/OCT2017_Test/test/CNV/CNV-4464785-1.jpeg,0,CNV,CNV,CNV,True,0.00827955,0.95247376,0.009496262,0.010396609,0.0075454228,0.0022765386,0.0057629556,0.0037689947
/home/yogesh.patel/execution/25_9_2026_PRD_work/OCT2017_Test/test/CNV/CNV-451136-1.jpeg,0,CNV,CNV,CNV,True,0.009724514,0.9499745,0.010197333,0.011088192,0.008899574,0.0018737377,0.004215866,0.0040262616
/home/yogesh.patel/execution/25_9_2026_PRD_work/OCT2017_Test/test/CNV/CNV-451136-2.jpeg,0,CNV,CNV,CNV,True,0.005392892,0.9658085,0.004541138,0.0063555487,0.0061935415,0.0027512547,0.004486296,0.004470871
/home/yogesh.patel/execution/25_9_2026_PRD_work/OCT2017_Test/test/CNV/CNV-451136-3.jpeg,0,CNV,CNV,CNV,True,0.006956156,0.9510972,0.0066304486,0.019205062,0.0056147147,0.003181647,0.004175471,0.0031393361
/home/yogesh.patel/execution/25_9_2026_PRD_work/OCT2017_Test/test/CNV/CNV-451136-4.jpeg,0,CNV,CNV,CNV,True,0.007653243,0.9444895,0.012380803,0.013683593,0.010783631,0.0026952215,0.0045169406,0.003797214
/home/yogesh.patel/execution/25_9_2026_PRD_work/OCT2017_Test/test/CNV/CNV-451136-5.jpeg,0,CNV,CNV,CNV,True,0.00907201,0.94389564,0.01259237,0.012755534,0.009894073,0.0021875936,0.0049250345,0.004677848
/home/yogesh.patel/execution/25_9_2026_PRD_work/OCT2017_Test/test/CNV/CNV-451136-6.jpeg,0,CNV,CNV,CNV,True,0.0056754057,0.96115524,0.009354785,0.006253822,0.006725711,0.0014155809,0.0020841362,0.0073353234
/home/yogesh.patel/execution/25_9_2026_PRD_work/OCT2017_Test/test/CNV/CNV-451136-7.jpeg,0,CNV,CNV,CNV,True,0.0057357065,0.95947164,0.0056792516,0.0105627375,0.006646636,0.003418975,0.0041369833,0.004348049
/home/yogesh.patel/execution/25_9_2026_PRD_work/OCT2017_Test/test/CNV/CNV-457527-1.jpeg,0,CNV,CNV,CNV,True,0.0055813277,0.95918655,0.0046694484,0.0108936895,0.0038171944,0.0022810241,0.007984798,0.005585947
/home/yogesh.patel/execution/25_9_2026_PRD_work/OCT2017_Test/test/CNV/CNV-457907-1.jpeg,0,CNV,CNV,CNV,True,0.007036753,0.951421,0.0043836143,0.020756226,0.007355451,0.0017301639,0.0029578,0.004358869
/home/yogesh.patel/execution/25_9_2026_PRD_work/OCT2017_Test/test/CNV/CNV-460403-1.jpeg,0,CNV,CNV,CNV,True,0.005261728,0.94808716,0.0050744736,0.019099565,0.0049713086,0.0078931125,0.0022714848,0.0073412023
/home/yogesh.patel/execution/25_9_2026_PRD_work/OCT2017_Test/test/CNV/CNV-4643364-1.jpeg,0,CNV,CNV,CNV,True,0.0055714333,0.9599172,0.010963038,0.0038566892,0.0068941587,0.0027562452,0.0040239403,0.0060173227
/home/yogesh.patel/execution/25_9_2026_PRD_work/OCT2017_Test/test/CNV/CNV-4674526-1.jpeg,0,CNV,CNV,CNV,True,0.004001469,0.95787656,0.00600773,0.0070771347,0.015802907,0.0023256543,0.002161858,0.00474657
/home/yogesh.patel/execution/25_9_2026_PRD_work/OCT2017_Test/test/CNV/CNV-4740418-1.jpeg,0,CNV,CNV,CNV,True,0.005944572,0.95349884,0.006273402,0.013209241,0.0069613447,0.0024323135,0.0051203454,0.0065598884
/home/yogesh.patel/execution/25_9_2026_PRD_work/OCT2017_Test/test/CNV/CNV-4775389-1.jpeg,0,CNV,CNV,CNV,True,0.00686319,0.95563895,0.01029918,0.004800161,0.008604508,0.0028792862,0.005969876,0.004944915
/home/yogesh.patel/execution/25_9_2026_PRD_work/OCT2017_Test/test/CNV/CNV-4884091-1.jpeg,0,CNV,CNV,CNV,True,0.0032675376,0.9629911,0.0035398095,0.007189611,0.0056266068,0.009532257,0.00634898,0.0015040631
/home/yogesh.patel/execution/25_9_2026_PRD_work/OCT2017_Test/test/CNV/CNV-4907724-1.jpeg,0,CNV,CNV,CNV,True,0.00668173,0.93185025,0.008911101,0.017032813,0.01382741,0.014850958,0.005696878,0.0011487647
/home/yogesh.patel/execution/25_9_2026_PRD_work/OCT2017_Test/test/CNV/CNV-4974377-1.jpeg,0,CNV,CNV,CNV,True,0.0040055206,0.9651943,0.004681946,0.009259866,0.0073077725,0.0023744388,0.0033052168,0.003870943
/home/yogesh.patel/execution/25_9_2026_PRD_work/OCT2017_Test/test/CNV/CNV-5054419-1.jpeg,0,CNV,CNV,CNV,True,0.006271909,0.9642311,0.005602183,0.007205583,0.0060299337,0.0025022093,0.005501512,0.0026555746
/home/yogesh.patel/execution/25_9_2026_PRD_work/OCT2017_Test/test/CNV/CNV-5054419-2.jpeg,0,CNV,CNV,CNV,True,0.0062926337,0.9585596,0.0058173686,0.008716297,0.010885707,0.0019472517,0.004526494,0.0032547289
/home/yogesh.patel/execution/25_9_2026_PRD_work/OCT2017_Test/test/CNV/CNV-53018-1.jpeg,0,CNV,CNV,CNV,True,0.004105918,0.88223535,0.0040228833,0.032135364,0.00827115,0.04923885,0.016804624,0.0031858715
/home/yogesh.patel/execution/25_9_2026_PRD_work/OCT2017_Test/test/CNV/CNV-53018-2.jpeg,0,CNV,CNV,CNV,True,0.0064221877,0.94991755,0.011362846,0.006182887,0.008473631,0.010708828,0.004232418,0.0026996203
/home/yogesh.patel/execution/25_9_2026_PRD_work/OCT2017_Test/test/CNV/CNV-538779-1.jpeg,0,CNV,CNV,CNV,True,0.006472858,0.9615015,0.009572515,0.0054663904,0.0057789064,0.001712462,0.0034944848,0.0060009793
/home/yogesh.patel/execution/25_9_2026_PRD_work/OCT2017_Test/test/CNV/CNV-538779-2.jpeg,0,CNV,CNV,CNV,True,0.007324563,0.9511837,0.015409718,0.005580336,0.0059372094,0.004000451,0.0036821612,0.006881824
/home/yogesh.patel/execution/25_9_2026_PRD_work/OCT2017_Test/test/CNV/CNV-5409617-1.jpeg,0,CNV,CNV,CNV,True,0.005778622,0.9519123,0.008776889,0.011119788,0.009170091,0.0047600176,0.0059385938,0.0025437458
/home/yogesh.patel/execution/25_9_2026_PRD_work/OCT2017_Test/test/CNV/CNV-5429703-1.jpeg,0,CNV,CNV,CNV,True,0.0047796997,0.95672566,0.010958871,0.00737545,0.0041146176,0.0019470658,0.0048578354,0.009240756
/home/yogesh.patel/execution/25_9_2026_PRD_work/OCT2017_Test/test/CNV/CNV-5429703-2.jpeg,0,CNV,CNV,CNV,True,0.007365282,0.95426625,0.007955764,0.0061760447,0.010244969,0.0016990717,0.005003861,0.0072886297
/home/yogesh.patel/execution/25_9_2026_PRD_work/OCT2017_Test/test/CNV/CNV-5431636-1.jpeg,0,CNV,CNV,CNV,True,0.0070236786,0.9157617,0.004813017,0.010903805,0.013651128,0.043386724,0.0018694681,0.0025904449
/home/yogesh.patel/execution/25_9_2026_PRD_work/OCT2017_Test/test/CNV/CNV-5431636-2.jpeg,0,CNV,CNV,CNV,True,0.0066794585,0.9621412,0.007139376,0.0069184336,0.0054397536,0.0015453368,0.0031802235,0.006956221
/home/yogesh.patel/execution/25_9_2026_PRD_work/OCT2017_Test/test/CNV/CNV-5457415-1.jpeg,0,CNV,CNV,CNV,True,0.00585849,0.96404827,0.00758747,0.005468501,0.005159509,0.0020903507,0.0027837416,0.0070037204
/home/yogesh.patel/execution/25_9_2026_PRD_work/OCT2017_Test/test/CNV/CNV-5536678-1.jpeg,0,CNV,CNV,CNV,True,0.0052565136,0.9621657,0.009654894,0.00664483,0.004548131,0.002199876,0.0020789448,0.007450997
/home/yogesh.patel/execution/25_9_2026_PRD_work/OCT2017_Test/test/CNV/CNV-5536678-2.jpeg,0,CNV,CNV,CNV,True,0.0046193437,0.95509,0.0046776095,0.0081582535,0.0031257116,0.0032005515,0.0033537059,0.01777479
/home/yogesh.patel/execution/25_9_2026_PRD_work/OCT2017_Test/test/CNV/CNV-5557306-1.jpeg,0,CNV,CNV,CNV,True,0.0077868816,0.9607532,0.008105269,0.0044193547,0.007543685,0.0021598,0.003541315,0.005690542
/home/yogesh.patel/execution/25_9_2026_PRD_work/OCT2017_Test/test/CNV/CNV-5594757-1.jpeg,0,CNV,CNV,CNV,True,0.006499897,0.9657109,0.008935305,0.003271531,0.0049640657,0.001995431,0.0023073757,0.0063155415
/home/yogesh.patel/execution/25_9_2026_PRD_work/OCT2017_Test/test/CNV/CNV-5594757-2.jpeg,0,CNV,CNV,CNV,True,0.007255923,0.95369494,0.012548798,0.007874878,0.007396599,0.0017709497,0.003051896,0.0064060264
/home/yogesh.patel/execution/25_9_2026_PRD_work/OCT2017_Test/test/CNV/CNV-5603164-1.jpeg,0,CNV,CNV,CNV,True,0.0065014525,0.96362567,0.0046588583,0.007159142,0.008566492,0.0016885635,0.0033762883,0.0044234567
/home/yogesh.patel/execution/25_9_2026_PRD_work/OCT2017_Test/test/CNV/CNV-564246-1.jpeg,0,CNV,CNV,CNV,True,0.008752447,0.91442126,0.008856309,0.050359894,0.0033327695,0.0021839251,0.0077298605,0.004363562
/home/yogesh.patel/execution/25_9_2026_PRD_work/OCT2017_Test/test/CNV/CNV-5674369-1.jpeg,0,CNV,CNV,CNV,True,0.008609282,0.95161706,0.006123659,0.011097755,0.006954597,0.0045587053,0.0035250518,0.0075138127
/home/yogesh.patel/execution/25_9_2026_PRD_work/OCT2017_Test/test/CNV/CNV-5674369-2.jpeg,0,CNV,CNV,CNV,True,0.007208572,0.95200354,0.00761808,0.012048957,0.010959965,0.0017797364,0.0041588503,0.0042222403
/home/yogesh.patel/execution/25_9_2026_PRD_work/OCT2017_Test/test/CNV/CNV-5674369-3.jpeg,0,CNV,CNV,CNV,True,0.006346602,0.9656743,0.005578773,0.0063840775,0.0061129476,0.0023260147,0.0027074805,0.0048697693
/home/yogesh.patel/execution/25_9_2026_PRD_work/OCT2017_Test/test/CNV/CNV-5674369-4.jpeg,0,CNV,CNV,CNV,True,0.006758407,0.9510966,0.01004334,0.007275798,0.006115861,0.008161685,0.004371145,0.00617713
/home/yogesh.patel/execution/25_9_2026_PRD_work/OCT2017_Test/test/CNV/CNV-5674369-5.jpeg,0,CNV,CNV,CNV,True,0.010868625,0.9413177,0.013392863,0.009054173,0.010122845,0.0035215116,0.0046431297,0.007079205
/home/yogesh.patel/execution/25_9_2026_PRD_work/OCT2017_Test/test/CNV/CNV-5760454-1.jpeg,0,CNV,CNV,CNV,True,0.003209473,0.9598761,0.0033015222,0.007830295,0.0044756504,0.014536818,0.004874302,0.0018958849
/home/yogesh.patel/execution/25_9_2026_PRD_work/OCT2017_Test/test/CNV/CNV-5813701-1.jpeg,0,CNV,CNV,CNV,True,0.006353521,0.9589484,0.010693033,0.0060440153,0.00654735,0.0010524094,0.0041444763,0.0062168306
/home/yogesh.patel/execution/25_9_2026_PRD_work/OCT2017_Test/test/CNV/CNV-5813701-2.jpeg,0,CNV,CNV,CNV,True,0.006509988,0.95494366,0.006245624,0.01416121,0.008774001,0.00082600175,0.0051742224,0.0033652745
/home/yogesh.patel/execution/25_9_2026_PRD_work/OCT2017_Test/test/CNV/CNV-5813701-3.jpeg,0,CNV,CNV,CNV,True,0.006647095,0.83877766,0.008775233,0.11849887,0.011817064,0.003981586,0.008986772,0.0025156694
/home/yogesh.patel/execution/25_9_2026_PRD_work/OCT2017_Test/test/CNV/CNV-5824631-1.jpeg,0,CNV,CNV,CNV,True,0.0077941734,0.9432012,0.01335017,0.016291227,0.004166553,0.0039054207,0.0066913757,0.0045998124
/home/yogesh.patel/execution/25_9_2026_PRD_work/OCT2017_Test/test/CNV/CNV-5861916-1.jpeg,0,CNV,CNV,CNV,True,0.0031495856,0.94849336,0.0052828896,0.021034831,0.009337647,0.0018282467,0.0067189545,0.0041545457
/home/yogesh.patel/execution/25_9_2026_PRD_work/OCT2017_Test/test/CNV/CNV-5861916-2.jpeg,0,CNV,CNV,CNV,True,0.0055894377,0.96615654,0.004508213,0.007786486,0.004161213,0.0033108238,0.0037504672,0.0047367797
/home/yogesh.patel/execution/25_9_2026_PRD_work/OCT2017_Test/test/CNV/CNV-5861916-3.jpeg,0,CNV,CNV,CNV,True,0.0053752796,0.94148606,0.025416816,0.009610739,0.0070128464,0.002041461,0.0011957717,0.007860969
/home/yogesh.patel/execution/25_9_2026_PRD_work/OCT2017_Test/test/CNV/CNV-5861916-4.jpeg,0,CNV,CNV,CNV,True,0.008480968,0.95002323,0.011195866,0.015049631,0.0044076485,0.0021193393,0.003879047,0.0048442953
/home/yogesh.patel/execution/25_9_2026_PRD_work/OCT2017_Test/test/CNV/CNV-5861916-5.jpeg,0,CNV,CNV,CNV,True,0.0038535313,0.95699364,0.0059834127,0.018373508,0.0038376935,0.0023836724,0.0045985263,0.003976072
/home/yogesh.patel/execution/25_9_2026_PRD_work/OCT2017_Test/test/CNV/CNV-5904584-1.jpeg,0,CNV,CNV,CNV,True,0.005377794,0.9035899,0.009269107,0.054359917,0.0086813485,0.003230676,0.013002564,0.0024886988
/home/yogesh.patel/execution/25_9_2026_PRD_work/OCT2017_Test/test/CNV/CNV-5904584-2.jpeg,0,CNV,CNV,CNV,True,0.0077885916,0.9566496,0.009737995,0.006923235,0.0053746817,0.002697204,0.006012688,0.004815952
/home/yogesh.patel/execution/25_9_2026_PRD_work/OCT2017_Test/test/CNV/CNV-5904584-3.jpeg,0,CNV,CNV,CNV,True,0.004193247,0.95116657,0.0034083687,0.016527448,0.008304545,0.0036639848,0.011245043,0.0014907679
/home/yogesh.patel/execution/25_9_2026_PRD_work/OCT2017_Test/test/CNV/CNV-5969175-1.jpeg,0,CNV,CNV,CNV,True,0.0059925816,0.9600218,0.008124964,0.004642665,0.0050571575,0.008254252,0.003431183,0.0044753132
/home/yogesh.patel/execution/25_9_2026_PRD_work/OCT2017_Test/test/CNV/CNV-5969175-2.jpeg,0,CNV,CNV,CNV,True,0.005397322,0.9562564,0.00598781,0.012386719,0.006756463,0.0027259814,0.0059896344,0.004499667
/home/yogesh.patel/execution/25_9_2026_PRD_work/OCT2017_Test/test/CNV/CNV-6053140-1.jpeg,0,CNV,CNV,CNV,True,0.004900865,0.8446913,0.0058046365,0.0051569925,0.010198973,0.12309005,0.0030147906,0.0031423843
/home/yogesh.patel/execution/25_9_2026_PRD_work/OCT2017_Test/test/CNV/CNV-6190971-1.jpeg,0,CNV,CNV,CNV,True,0.009564848,0.90267545,0.01071012,0.054981157,0.009024598,0.0017073982,0.00876786,0.0025685208
/home/yogesh.patel/execution/25_9_2026_PRD_work/OCT2017_Test/test/CNV/CNV-6215140-1.jpeg,0,CNV,CNV,CNV,True,0.0084823705,0.9539883,0.010563183,0.006930104,0.0068684695,0.0027332664,0.0035578278,0.006876488
/home/yogesh.patel/execution/25_9_2026_PRD_work/OCT2017_Test/test/CNV/CNV-6215140-2.jpeg,0,CNV,CNV,CNV,True,0.008714778,0.95117235,0.0072830217,0.012223054,0.00790306,0.002264187,0.0039062155,0.0065332106
/home/yogesh.patel/execution/25_9_2026_PRD_work/OCT2017_Test/test/CNV/CNV-624911-1.jpeg,0,CNV,CNV,CNV,True,0.011802293,0.85657084,0.0162029,0.085003346,0.012903648,0.0022573196,0.011274738,0.003984917
/home/yogesh.patel/execution/25_9_2026_PRD_work/OCT2017_Test/test/CNV/CNV-624911-2.jpeg,0,CNV,CNV,CNV,True,0.007950491,0.93444085,0.00787125,0.024700118,0.016810097,0.002794607,0.0034667288,0.0019658222
/home/yogesh.patel/execution/25_9_2026_PRD_work/OCT2017_Test/test/CNV/CNV-624911-3.jpeg,0,CNV,CNV,CNV,True,0.008855847,0.9337324,0.0089985365,0.02770549,0.0108272815,0.00273323,0.005246052,0.0019011796
/home/yogesh.patel/execution/25_9_2026_PRD_work/OCT2017_Test/test/CNV/CNV-6256161-1.jpeg,0,CNV,CNV,CNV,True,0.0046973918,0.86101085,0.00881353,0.0036741274,0.0098620895,0.10301687,0.006051056,0.0028741814
/home/yogesh.patel/execution/25_9_2026_PRD_work/OCT2017_Test/test/CNV/CNV-732516-1.jpeg,0,CNV,CNV,CNV,True,0.007988026,0.958326,0.0064994954,0.0077502653,0.0051014563,0.004006385,0.0048209606,0.0055074426
/home/yogesh.patel/execution/25_9_2026_PRD_work/OCT2017_Test/test/CNV/CNV-732516-2.jpeg,0,CNV,CNV,CNV,True,0.005911413,0.9680628,0.005936064,0.004503022,0.00498509,0.002715781,0.0038699862,0.0040158834
/home/yogesh.patel/execution/25_9_2026_PRD_work/OCT2017_Test/test/CNV/CNV-732516-3.jpeg,0,CNV,CNV,CNV,True,0.0050916593,0.96559894,0.008766567,0.0032407842,0.0054387925,0.0034056876,0.0027072446,0.0057503628
/home/yogesh.patel/execution/25_9_2026_PRD_work/OCT2017_Test/test/CNV/CNV-732516-4.jpeg,0,CNV,CNV,CNV,True,0.006669207,0.95078,0.014703584,0.008462083,0.007740464,0.002658034,0.0037074427,0.005279187
/home/yogesh.patel/execution/25_9_2026_PRD_work/OCT2017_Test/test/CNV/CNV-743852-1.jpeg,0,CNV,CNV,CNV,True,0.015381817,0.93206507,0.008108798,0.024428885,0.009462947,0.0030008936,0.0061393008,0.0014122702
/home/yogesh.patel/execution/25_9_2026_PRD_work/OCT2017_Test/test/CNV/CNV-776149-1.jpeg,0,CNV,CNV,CNV,True,0.0114774,0.93842393,0.01679032,0.009820155,0.00707123,0.0020860475,0.005475577,0.008855309
/home/yogesh.patel/execution/25_9_2026_PRD_work/OCT2017_Test/test/CNV/CNV-779442-1.jpeg,0,CNV,CNV,CNV,True,0.0041663325,0.961118,0.004367045,0.004806165,0.002782559,0.00960243,0.008896796,0.004260709
/home/yogesh.patel/execution/25_9_2026_PRD_work/OCT2017_Test/test/CNV/CNV-779442-2.jpeg,0,CNV,CNV,CNV,True,0.0025461365,0.9657093,0.0020734794,0.003112311,0.00357651,0.0116078835,0.005635267,0.005739104
/home/yogesh.patel/execution/25_9_2026_PRD_work/OCT2017_Test/test/CNV/CNV-779442-3.jpeg,0,CNV,CNV,CNV,True,0.0030609404,0.9514695,0.004610139,0.004227297,0.0049452097,0.022418812,0.005585546,0.0036825018
/home/yogesh.patel/execution/25_9_2026_PRD_work/OCT2017_Test/test/CNV/CNV-781814-1.jpeg,0,CNV,CNV,CNV,True,0.004401685,0.95479614,0.0048030703,0.004748496,0.00703231,0.019337121,0.002416716,0.0024644835
/home/yogesh.patel/execution/25_9_2026_PRD_work/OCT2017_Test/test/CNV/CNV-794538-1.jpeg,0,CNV,CNV,CNV,True,0.005922743,0.96178126,0.0066640493,0.00339464,0.005018451,0.003605586,0.0067163324,0.006897008
/home/yogesh.patel/execution/25_9_2026_PRD_work/OCT2017_Test/test/CNV/CNV-794538-2.jpeg,0,CNV,CNV,CNV,True,0.0053000357,0.94966656,0.015932446,0.007200071,0.006526386,0.0034002005,0.002352639,0.009621726
/home/yogesh.patel/execution/25_9_2026_PRD_work/OCT2017_Test/test/CNV/CNV-81630-1.jpeg,0,CNV,CNV,CNV,True,0.006992776,0.9428962,0.010256683,0.0079976935,0.0059477864,0.0049742465,0.004534276,0.016400307
/home/yogesh.patel/execution/25_9_2026_PRD_work/OCT2017_Test/test/CNV/CNV-81630-2.jpeg,0,CNV,CNV,CNV,True,0.004069736,0.9676156,0.004751096,0.0030059651,0.0055490555,0.003422918,0.0053483224,0.006237245
/home/yogesh.patel/execution/25_9_2026_PRD_work/OCT2017_Test/test/CNV/CNV-81630-3.jpeg,0,CNV,CNV,CNV,True,0.007139281,0.94961786,0.0107196355,0.006279916,0.0058524706,0.0031401995,0.0072517595,0.0099989055
/home/yogesh.patel/execution/25_9_2026_PRD_work/OCT2017_Test/test/CNV/CNV-81630-4.jpeg,0,CNV,CNV,CNV,True,0.0046724933,0.95336187,0.005655629,0.00787945,0.0072114393,0.0045567113,0.004530864,0.012131535
/home/yogesh.patel/execution/25_9_2026_PRD_work/OCT2017_Test/test/CNV/CNV-827677-1.jpeg,0,CNV,CNV,CNV,True,0.0032396477,0.9712616,0.0039904555,0.0049049193,0.008703244,0.003913029,0.0014359086,0.002551198
/home/yogesh.patel/execution/25_9_2026_PRD_work/OCT2017_Test/test/CNV/CNV-830921-1.jpeg,0,CNV,CNV,CNV,True,0.0051786383,0.8905023,0.00861309,0.0052064536,0.008250893,0.07538975,0.004010292,0.0028486548
/home/yogesh.patel/execution/25_9_2026_PRD_work/OCT2017_Test/test/CNV/CNV-865813-1.jpeg,0,CNV,CNV,CNV,True,0.0062705693,0.96064097,0.0066291015,0.0028317065,0.00840757,0.0026745005,0.0021950954,0.010350383
/home/yogesh.patel/execution/25_9_2026_PRD_work/OCT2017_Test/test/CNV/CNV-904464-1.jpeg,0,CNV,CNV,CNV,True,0.009596277,0.94460064,0.017395515,0.00521976,0.012195017,0.0014226363,0.0040363944,0.005533729
/home/yogesh.patel/execution/25_9_2026_PRD_work/OCT2017_Test/test/CNV/CNV-904464-2.jpeg,0,CNV,CNV,CNV,True,0.007925991,0.96113354,0.007847498,0.005519178,0.0065065646,0.0019495127,0.0034303444,0.0056873523
/home/yogesh.patel/execution/25_9_2026_PRD_work/OCT2017_Test/test/CNV/CNV-904464-3.jpeg,0,CNV,CNV,CNV,True,0.008451125,0.950597,0.009457267,0.010210601,0.011229563,0.0016106896,0.0043231705,0.0041205445
/home/yogesh.patel/execution/25_9_2026_PRD_work/OCT2017_Test/test/CNV/CNV-904464-4.jpeg,0,CNV,CNV,CNV,True,0.008416241,0.9481003,0.011891616,0.010056739,0.00824386,0.0024411578,0.004379103,0.0064709415
/home/yogesh.patel/execution/25_9_2026_PRD_work/OCT2017_Test/test/CNV/CNV-909994-1.jpeg,0,CNV,CNV,CNV,True,0.0050639277,0.954094,0.004777465,0.019000717,0.0061490615,0.0037106883,0.0056988043,0.0015053627
/home/yogesh.patel/execution/25_9_2026_PRD_work/OCT2017_Test/test/CNV/CNV-933576-1.jpeg,0,CNV,CNV,CNV,True,0.004623625,0.96191823,0.006107613,0.0064232415,0.006592222,0.0043226318,0.00574007,0.0042724446
/home/yogesh.patel/execution/25_9_2026_PRD_work/OCT2017_Test/test/CNV/CNV-933576-2.jpeg,0,CNV,CNV,CNV,True,0.0056915605,0.95872504,0.008053188,0.004387439,0.005594849,0.002911154,0.0037732404,0.01086356
/home/yogesh.patel/execution/25_9_2026_PRD_work/OCT2017_Test/test/CNV/CNV-933576-3.jpeg,0,CNV,CNV,CNV,True,0.006372923,0.9577764,0.008489721,0.009980777,0.007577631,0.0020843397,0.004147852,0.0035703955
/home/yogesh.patel/execution/25_9_2026_PRD_work/OCT2017_Test/test/CNV/CNV-933576-4.jpeg,0,CNV,CNV,CNV,True,0.0058584334,0.9467958,0.0038774183,0.017844284,0.00996506,0.004780073,0.009667646,0.0012112913
/home/yogesh.patel/execution/25_9_2026_PRD_work/OCT2017_Test/test/CNV/CNV-954024-1.jpeg,0,CNV,CNV,CNV,True,0.0059181745,0.9603004,0.0052671675,0.008015781,0.008114192,0.004894968,0.0014825026,0.006006802
/home/yogesh.patel/execution/25_9_2026_PRD_work/OCT2017_Test/test/CNV/CNV-987193-1.jpeg,0,CNV,CNV,CNV,True,0.005596855,0.92200816,0.008702354,0.03480813,0.018175304,0.0059611383,0.003414467,0.0013336521
/home/yogesh.patel/execution/25_9_2026_PRD_work/OCT2017_Test/test/CNV/CNV-987193-2.jpeg,0,CNV,CNV,CNV,True,0.006295455,0.9445642,0.009534776,0.013009434,0.017367305,0.0017426518,0.0053259092,0.0021601822
/home/yogesh.patel/execution/25_9_2026_PRD_work/OCT2017_Test/test/CNV/CNV-995513-1.jpeg,0,CNV,CNV,CNV,True,0.0060619726,0.9513876,0.010429281,0.008194754,0.006979554,0.007131995,0.003442935,0.0063719545
/home/yogesh.patel/execution/25_9_2026_PRD_work/OCT2017_Test/test/DME/DME-1081406-1.jpeg,1,DME,DME,DME,True,0.0064126602,0.020374913,0.006362853,0.9476326,0.005416428,0.0046839197,0.0054248236,0.0036917834
/home/yogesh.patel/execution/25_9_2026_PRD_work/OCT2017_Test/test/DME/DME-1102486-1.jpeg,1,DME,DME,DME,True,0.0035602641,0.004262625,0.004558366,0.97672266,0.002945319,0.0012946668,0.00254958,0.004106428
/home/yogesh.patel/execution/25_9_2026_PRD_work/OCT2017_Test/test/DME/DME-1102486-2.jpeg,1,DME,DME,DME,True,0.0031841467,0.0030146723,0.00434847,0.9777371,0.0031067692,0.0022056263,0.0024449583,0.003958287
/home/yogesh.patel/execution/25_9_2026_PRD_work/OCT2017_Test/test/DME/DME-1102486-3.jpeg,1,DME,DME,DME,True,0.002905182,0.0015201065,0.0043779383,0.9781641,0.0028205868,0.0014094544,0.0027754956,0.006027081
/home/yogesh.patel/execution/25_9_2026_PRD_work/OCT2017_Test/test/DME/DME-1102486-4.jpeg,1,DME,DME,DME,True,0.0026673495,0.0019682494,0.00360249,0.9809792,0.0018713023,0.0015328181,0.0026027258,0.0047759432
/home/yogesh.patel/execution/25_9_2026_PRD_work/OCT2017_Test/test/DME/DME-11053-1.jpeg,1,DME,DME,DME,True,0.006652024,0.0092872,0.003194904,0.96400636,0.0026296508,0.001666339,0.004654336,0.007909274
/home/yogesh.patel/execution/25_9_2026_PRD_work/OCT2017_Test/test/DME/DME-119840-1.jpeg,1,DME,DME,DME,True,0.004282995,0.009909449,0.005793276,0.96622354,0.006028916,0.0026061516,0.0024928798,0.0026628121
/home/yogesh.patel/execution/25_9_2026_PRD_work/OCT2017_Test/test/DME/DME-1274315-1.jpeg,1,DME,DME,DME,True,0.0070362845,0.02745993,0.008348384,0.9279503,0.0047628186,0.0061758333,0.012364991,0.0059014494
/home/yogesh.patel/execution/25_9_2026_PRD_work/OCT2017_Test/test/DME/DME-1274315-2.jpeg,1,DME,DME,DME,True,0.0029216239,0.024788745,0.0047222846,0.9557791,0.0031424873,0.001515259,0.004559721,0.0025708564
/home/yogesh.patel/execution/25_9_2026_PRD_work/OCT2017_Test/test/DME/DME-138971-1.jpeg,1,DME,DME,DME,True,0.003727757,0.0017069356,0.004179981,0.9691273,0.001717806,0.0025160883,0.0064195073,0.0106045855
/home/yogesh.patel/execution/25_9_2026_PRD_work/OCT2017_Test/test/DME/DME-138971-2.jpeg,1,DME,DME,DME,True,0.0059964517,0.0063240365,0.0054342374,0.96427155,0.0035220694,0.004449276,0.004732038,0.0052703824
/home/yogesh.patel/execution/25_9_2026_PRD_work/OCT2017_Test/test/DME/DME-1430899-1.jpeg,1,DME,DME,DME,True,0.005350732,0.093783736,0.004673229,0.8737459,0.0134136975,0.0030272314,0.0031271738,0.0028783928
/home/yogesh.patel/execution/25_9_2026_PRD_work/OCT2017_Test/test/DME/DME-1479682-1.jpeg,1,DME,DME,DME,True,0.0051827943,0.007897306,0.006354109,0.96240777,0.004879376,0.0049584513,0.004198047,0.0041221655
/home/yogesh.patel/execution/25_9_2026_PRD_work/OCT2017_Test/test/DME/DME-15208-1.jpeg,1,DME,DME,DME,True,0.0019866887,0.0022515203,0.0015707192,0.9872092,0.002145457,0.0008843169,0.0011283318,0.0028237149
/home/yogesh.patel/execution/25_9_2026_PRD_work/OCT2017_Test/test/DME/DME-15208-2.jpeg,1,DME,DME,DME,True,0.004034607,0.062162142,0.0050049345,0.9145926,0.0040329476,0.003578972,0.004060801,0.0025329313
/home/yogesh.patel/execution/25_9_2026_PRD_work/OCT2017_Test/test/DME/DME-2091157-1.jpeg,1,DME,DME,DME,True,0.007985107,0.034056444,0.008905962,0.88682675,0.024207784,0.022328664,0.009724322,0.0059649553
/home/yogesh.patel/execution/25_9_2026_PRD_work/OCT2017_Test/test/DME/DME-2105194-1.jpeg,1,DME,DME,DME,True,0.005180256,0.005752086,0.0044255927,0.97214735,0.0030805029,0.0010433751,0.0035212787,0.0048495755
/home/yogesh.patel/execution/25_9_2026_PRD_work/OCT2017_Test/test/DME/DME-2126962-1.jpeg,1,DME,DME,DME,True,0.0055060503,0.0030152143,0.00579513,0.9698157,0.0037376743,0.003256691,0.003925759,0.0049478877
/home/yogesh.patel/execution/25_9_2026_PRD_work/OCT2017_Test/test/DME/DME-2261889-1.jpeg,1,DME,DME,DME,True,0.0070550144,0.22517323,0.006474904,0.7180958,0.022985402,0.007857745,0.0074157766,0.0049421676
/home/yogesh.patel/execution/25_9_2026_PRD_work/OCT2017_Test/test/DME/DME-2556938-1.jpeg,1,DME,DME,DME,True,0.0027338043,0.0012885634,0.0028815996,0.9799733,0.0031561016,0.0015343503,0.0024105168,0.006021644
/home/yogesh.patel/execution/25_9_2026_PRD_work/OCT2017_Test/test/DME/DME-2630113-1.jpeg,1,DME,DME,DME,True,0.0045602503,0.007122155,0.0035155804,0.96611106,0.0035585244,0.001772672,0.006778695,0.0065810704
/home/yogesh.patel/execution/25_9_2026_PRD_work/OCT2017_Test/test/DME/DME-2630665-1.jpeg,1,DME,DME,DME,True,0.007488204,0.12361611,0.008086111,0.83479935,0.0037510372,0.004079657,0.011919334,0.0062601496
/home/yogesh.patel/execution/25_9_2026_PRD_work/OCT2017_Test/test/DME/DME-269181-1.jpeg,1,DME,DME,DME,True,0.0046475823,0.008235303,0.004801457,0.96884537,0.0032084086,0.0023508144,0.0034537816,0.004457162
/home/yogesh.patel/execution/25_9_2026_PRD_work/OCT2017_Test/test/DME/DME-269181-2.jpeg,1,DME,DME,DME,True,0.0046498254,0.004366586,0.0033998203,0.9756231,0.0025583638,0.0016658462,0.0030964352,0.004640137
/home/yogesh.patel/execution/25_9_2026_PRD_work/OCT2017_Test/test/DME/DME-269181-3.jpeg,1,DME,DME,DME,True,0.0025702456,0.002080577,0.0021157686,0.98625505,0.0010457645,0.0017615058,0.0011628866,0.00300812
/home/yogesh.patel/execution/25_9_2026_PRD_work/OCT2017_Test/test/DME/DME-2716523-1.jpeg,1,DME,DME,DME,True,0.0069488483,0.013377336,0.005762501,0.96099645,0.002912106,0.0016450685,0.00467898,0.003678769
/home/yogesh.patel/execution/25_9_2026_PRD_work/OCT2017_Test/test/DME/DME-2763635-1.jpeg,1,DME,DME,DME,True,0.0047004092,0.023480782,0.0062461314,0.9478048,0.0060050418,0.0076268003,0.002464116,0.0016719643
/home/yogesh.patel/execution/25_9_2026_PRD_work/OCT2017_Test/test/DME/DME-30521-1.jpeg,1,DME,DME,DME,True,0.00904894,0.012980358,0.009189616,0.9416114,0.006435126,0.0059956806,0.00891005,0.00582888
/home/yogesh.patel/execution/25_9_2026_PRD_work/OCT2017_Test/test/DME/DME-30521-10.jpeg,1,DME,DME,DME,True,0.0033529128,0.0012845217,0.002351625,0.97835255,0.0028802187,0.0020926425,0.0026754807,0.007010084
/home/yogesh.patel/execution/25_9_2026_PRD_work/OCT2017_Test/test/DME/DME-30521-11.jpeg,1,DME,DME,DME,True,0.006047686,0.0032186692,0.005977365,0.96909124,0.0044979486,0.0030403137,0.0034410353,0.0046857344
/home/yogesh.patel/execution/25_9_2026_PRD_work/OCT2017_Test/test/DME/DME-30521-12.jpeg,1,DME,DME,DME,True,0.006959689,0.00864194,0.0064895446,0.95688707,0.004535492,0.005796758,0.005547108,0.0051423768
/home/yogesh.patel/execution/25_9_2026_PRD_work/OCT2017_Test/test/DME/DME-30521-13.jpeg,1,DME,DME,DME,True,0.009983312,0.019862348,0.008400784,0.92699337,0.0107779885,0.009537332,0.008541276,0.0059035695
/home/yogesh.patel/execution/25_9_2026_PRD_work/OCT2017_Test/test/DME/DME-30521-2.jpeg,1,DME,DME,DME,True,0.0034385852,0.0029814164,0.0028470044,0.97182614,0.0038176926,0.0033338019,0.0032603082,0.008494979
/home/yogesh.patel/execution/25_9_2026_PRD_work/OCT2017_Test/test/DME/DME-30521-3.jpeg,1,DME,DME,DME,True,0.003620806,0.0011699955,0.003289412,0.97683626,0.0026029062,0.0020576352,0.0031093862,0.0073135807
/home/yogesh.patel/execution/25_9_2026_PRD_work/OCT2017_Test/test/DME/DME-30521-4.jpeg,1,DME,DME,DME,True,0.006849029,0.0044781016,0.0062506404,0.9662379,0.0041039386,0.003451148,0.003739962,0.004889294
/home/yogesh.patel/execution/25_9_2026_PRD_work/OCT2017_Test/test/DME/DME-30521-5.jpeg,1,DME,DME,DME,True,0.00781515,0.004994198,0.004980498,0.9670313,0.0037055886,0.0020494761,0.005512916,0.0039108107
/home/yogesh.patel/execution/25_9_2026_PRD_work/OCT2017_Test/test/DME/DME-30521-6.jpeg,1,DME,DME,DME,True,0.008916594,0.031445097,0.009374666,0.9206662,0.005199629,0.0067254095,0.011052337,0.00662004
/home/yogesh.patel/execution/25_9_2026_PRD_work/OCT2017_Test/test/DME/DME-30521-7.jpeg,1,DME,DME,DME,True,0.0068504913,0.004103392,0.0067094336,0.96456903,0.002829058,0.0034261295,0.004973946,0.0065385117
/home/yogesh.patel/execution/25_9_2026_PRD_work/OCT2017_Test/test/DME/DME-30521-8.jpeg,1,DME,DME,DME,True,0.0062127407,0.004521413,0.0039840587,0.96577483,0.0029013238,0.0037365495,0.0051219277,0.007747093
/home/yogesh.patel/execution/25_9_2026_PRD_work/OCT2017_Test/test/DME/DME-30521-9.jpeg,1,DME,DME,DME,True,0.008272876,0.008064341,0.007369172,0.9543814,0.005719338,0.0050026425,0.0058076954,0.005382498
/home/yogesh.patel/execution/25_9_2026_PRD_work/OCT2017_Test/test/DME/DME-306172-1.jpeg,1,DME,DME,DME,True,0.0023301344,0.00073696236,0.0012543118,0.98204505,0.008122868,0.00021923473,0.000306312,0.004985172
/home/yogesh.patel/execution/25_9_2026_PRD_work/OCT2017_Test/test/DME/DME-3064922-1.jpeg,1,DME,DME,DME,True,0.008999983,0.0360045,0.007916489,0.92388755,0.009009734,0.0037972012,0.0063311104,0.0040533575
/home/yogesh.patel/execution/25_9_2026_PRD_work/OCT2017_Test/test/DME/DME-3157783-1.jpeg,1,DME,DME,DME,True,0.0034962483,0.0012809122,0.0038009787,0.9765926,0.0023385629,0.0018560512,0.004071057,0.0065635946
/home/yogesh.patel/execution/25_9_2026_PRD_work/OCT2017_Test/test/DME/DME-323904-1.jpeg,1,DME,DME,DME,True,0.0038218482,0.007136204,0.003506981,0.9732246,0.0014989678,0.001547833,0.0043214574,0.0049421047
/home/yogesh.patel/execution/25_9_2026_PRD_work/OCT2017_Test/test/DME/DME-323904-2.jpeg,1,DME,DME,DME,True,0.0036956852,0.0061080228,0.0040514967,0.97584707,0.0024613442,0.0020527015,0.0025740936,0.0032094666
/home/yogesh.patel/execution/25_9_2026_PRD_work/OCT2017_Test/test/DME/DME-3288089-1.jpeg,1,DME,CNV,CNV,False,0.0076944,0.73350424,0.0064283386,0.22972085,0.0076375026,0.001587222,0.0073885927,0.0060388306
/home/yogesh.patel/execution/25_9_2026_PRD_work/OCT2017_Test/test/DME/DME-3475211-1.jpeg,1,DME,DME,DME,True,0.013833697,0.18378125,0.0130882785,0.7439069,0.0090036085,0.0055197063,0.023775302,0.0070912773
/home/yogesh.patel/execution/25_9_2026_PRD_work/OCT2017_Test/test/DME/DME-3722280-1.jpeg,1,DME,DME,DME,True,0.006666246,0.11809022,0.008408292,0.8363364,0.006673778,0.0056745205,0.013377503,0.004773089
/home/yogesh.patel/execution/25_9_2026_PRD_work/OCT2017_Test/test/DME/DME-3731953-1.jpeg,1,DME,DME,DME,True,0.004987143,0.0043902537,0.0057873945,0.9670752,0.0087663755,0.0044303657,0.0014919362,0.0030713559
/home/yogesh.patel/execution/25_9_2026_PRD_work/OCT2017_Test/test/DME/DME-37503-1.jpeg,1,DME,DME,DME,True,0.005710739,0.004820891,0.0056497487,0.9577754,0.0059397044,0.006134013,0.0054030973,0.0085663255
/home/yogesh.patel/execution/25_9_2026_PRD_work/OCT2017_Test/test/DME/DME-3791742-1.jpeg,1,DME,DME,DME,True,0.0049365293,0.011605824,0.0048556267,0.9606677,0.004484951,0.0037016238,0.004369183,0.005378527
/home/yogesh.patel/execution/25_9_2026_PRD_work/OCT2017_Test/test/DME/DME-3810791-1.jpeg,1,DME,DME,DME,True,0.011692807,0.12844546,0.010934261,0.8148829,0.009927082,0.005188701,0.013600018,0.0053288694
/home/yogesh.patel/execution/25_9_2026_PRD_work/OCT2017_Test/test/DME/DME-3921035-1.jpeg,1,DME,DME,DME,True,0.004687787,0.0037582044,0.004048297,0.97223705,0.003058197,0.002134927,0.0046820613,0.0053935056
/home/yogesh.patel/execution/25_9_2026_PRD_work/OCT2017_Test/test/DME/DME-4079773-1.jpeg,1,DME,DME,DME,True,0.00549034,0.014541004,0.0043289396,0.96157986,0.0042908075,0.0017295887,0.00469098,0.003348444
/home/yogesh.patel/execution/25_9_2026_PRD_work/OCT2017_Test/test/DME/DME-4117019-1.jpeg,1,DME,DME,DME,True,0.009035321,0.04315366,0.009564936,0.91344535,0.006124773,0.0040886356,0.00942363,0.0051637157
/home/yogesh.patel/execution/25_9_2026_PRD_work/OCT2017_Test/test/DME/DME-4146088-1.jpeg,1,DME,DME,DME,True,0.006810927,0.013175515,0.0057245283,0.9593097,0.003117977,0.0023030313,0.005173074,0.004385215
/home/yogesh.patel/execution/25_9_2026_PRD_work/OCT2017_Test/test/DME/DME-4240465-1.jpeg,1,DME,DME,DME,True,0.0037183915,0.008395503,0.003533174,0.9728344,0.001941516,0.002066852,0.003306211,0.004203985
/home/yogesh.patel/execution/25_9_2026_PRD_work/OCT2017_Test/test/DME/DME-4240465-2.jpeg,1,DME,DME,DME,True,0.002006418,0.0019344979,0.0025464664,0.9845308,0.0015173502,0.0011413129,0.0024236736,0.0038995524
/home/yogesh.patel/execution/25_9_2026_PRD_work/OCT2017_Test/test/DME/DME-4244491-1.jpeg,1,DME,DME,DME,True,0.0025656326,0.00077399734,0.0024970209,0.98599064,0.0017615653,0.0010866851,0.0009270535,0.004397408
/home/yogesh.patel/execution/25_9_2026_PRD_work/OCT2017_Test/test/DME/DME-4298019-1.jpeg,1,DME,DME,DME,True,0.0059684347,0.011311899,0.006981674,0.9515247,0.0069654207,0.005575183,0.0060713137,0.0056014033
/home/yogesh.patel/execution/25_9_2026_PRD_work/OCT2017_Test/test/DME/DME-4336607-1.jpeg,1,DME,DME,DME,True,0.007980561,0.022814749,0.008130131,0.9078753,0.0050156354,0.030505627,0.009043996,0.008633991
/home/yogesh.patel/execution/25_9_2026_PRD_work/OCT2017_Test/test/DME/DME-4478609-1.jpeg,1,DME,DME,DME,True,0.0032362635,0.0076285517,0.0025413656,0.97359765,0.0033427277,0.0019978487,0.0024217316,0.005233835
/home/yogesh.patel/execution/25_9_2026_PRD_work/OCT2017_Test/test/DME/DME-4616882-1.jpeg,1,DME,DME,DME,True,0.0058580493,0.0044812085,0.004306703,0.96503675,0.002018976,0.0023118344,0.007167646,0.008818841
/home/yogesh.patel/execution/25_9_2026_PRD_work/OCT2017_Test/test/DME/DME-462675-1.jpeg,1,DME,DME,DME,True,0.0070440257,0.009302958,0.0064571374,0.9200873,0.013353121,0.035945255,0.00349273,0.0043174396
/home/yogesh.patel/execution/25_9_2026_PRD_work/OCT2017_Test/test/DME/DME-4634094-1.jpeg,1,DME,DME,DME,True,0.0030841688,0.0009930178,0.002007264,0.9847157,0.0025719367,0.0005598541,0.0016416804,0.0044262325
/home/yogesh.patel/execution/25_9_2026_PRD_work/OCT2017_Test/test/DME/DME-4634094-2.jpeg,1,DME,DME,DME,True,0.006202997,0.0060506,0.0050733285,0.9659141,0.0073936256,0.002424362,0.0030966736,0.0038443177
/home/yogesh.patel/execution/25_9_2026_PRD_work/OCT2017_Test/test/DME/DME-4658666-1.jpeg,1,DME,DME,DME,True,0.0011141989,0.000761248,0.0014717865,0.9869379,0.0013627276,0.00069585163,0.0012835339,0.006372706
/home/yogesh.patel/execution/25_9_2026_PRD_work/OCT2017_Test/test/DME/DME-4732091-1.jpeg,1,DME,DME,DME,True,0.0057517462,0.0031966034,0.005392571,0.96315455,0.005092643,0.0105917705,0.0028576595,0.0039623533
/home/yogesh.patel/execution/25_9_2026_PRD_work/OCT2017_Test/test/DME/DME-4732091-2.jpeg,1,DME,DME,DME,True,0.017931752,0.3845803,0.013472064,0.5033502,0.019108133,0.019489437,0.037345987,0.0047220974
/home/yogesh.patel/execution/25_9_2026_PRD_work/OCT2017_Test/test/DME/DME-4804900-1.jpeg,1,DME,DME,DME,True,0.005347901,0.013029216,0.0044448697,0.95056254,0.0039590816,0.00461963,0.007981009,0.010055819
/home/yogesh.patel/execution/25_9_2026_PRD_work/OCT2017_Test/test/DME/DME-4897748-1.jpeg,1,DME,DME,DME,True,0.0056168973,0.0054274406,0.0033625616,0.96505815,0.002237627,0.00441427,0.0072136037,0.006669422
/home/yogesh.patel/execution/25_9_2026_PRD_work/OCT2017_Test/test/DME/DME-4940184-1.jpeg,1,DME,DME,DME,True,0.0019261044,0.0022961854,0.0026596354,0.9836378,0.0035743886,0.0007938686,0.0023950315,0.0027169965
/home/yogesh.patel/execution/25_9_2026_PRD_work/OCT2017_Test/test/DME/DME-4989358-1.jpeg,1,DME,DME,DME,True,0.0039554103,0.0054249233,0.0038849902,0.9771235,0.0036240264,0.0022024205,0.0019159201,0.0018687743
/home/yogesh.patel/execution/25_9_2026_PRD_work/OCT2017_Test/test/DME/DME-5014129-1.jpeg,1,DME,DME,DME,True,0.0018187639,0.00090437615,0.001735384,0.9892217,0.0028328542,0.0006183078,0.00064656057,0.0022220858
/home/yogesh.patel/execution/25_9_2026_PRD_work/OCT2017_Test/test/DME/DME-5014129-2.jpeg,1,DME,DME,DME,True,0.0074550337,0.018579528,0.007890581,0.9266047,0.013748688,0.017533526,0.0049790717,0.003208906
/home/yogesh.patel/execution/25_9_2026_PRD_work/OCT2017_Test/test/DME/DME-5071032-1.jpeg,1,DME,DME,DME,True,0.0049457722,0.01503204,0.005187684,0.9472321,0.0105858985,0.009225926,0.0040943376,0.0036961243
/home/yogesh.patel/execution/25_9_2026_PRD_work/OCT2017_Test/test/DME/DME-5072525-1.jpeg,1,DME,DME,DME,True,0.0077548744,0.006738226,0.0072641787,0.9503587,0.010153107,0.0054730033,0.008384798,0.0038731853
/home/yogesh.patel/execution/25_9_2026_PRD_work/OCT2017_Test/test/DME/DME-5434248-1.jpeg,1,DME,DME,DME,True,0.006116263,0.013248544,0.004626007,0.95954245,0.005424942,0.0020262965,0.0038954213,0.005120027
/home/yogesh.patel/execution/25_9_2026_PRD_work/OCT2017_Test/test/DME/DME-5465575-1.jpeg,1,DME,DME,DME,True,0.0072032902,0.042145927,0.007538314,0.92453986,0.0070926617,0.0025042153,0.0055416073,0.0034341419
/home/yogesh.patel/execution/25_9_2026_PRD_work/OCT2017_Test/test/DME/DME-5497895-1.jpeg,1,DME,DME,DME,True,0.007864648,0.02191775,0.008176138,0.9350743,0.0067290585,0.0076208534,0.008029904,0.0045871832
/home/yogesh.patel/execution/25_9_2026_PRD_work/OCT2017_Test/test/DME/DME-563695-1.jpeg,1,DME,DME,DME,True,0.0053741545,0.027227294,0.0045704646,0.94413084,0.008297906,0.0034103484,0.0033759119,0.0036130585
/home/yogesh.patel/execution/25_9_2026_PRD_work/OCT2017_Test/test/DME/DME-563695-2.jpeg,1,DME,DME,DME,True,0.0036948172,0.002677861,0.0040434375,0.97947836,0.004720808,0.0013739004,0.0011222472,0.0028885892
/home/yogesh.patel/execution/25_9_2026_PRD_work/OCT2017_Test/test/DME/DME-5656004-1.jpeg,1,DME,DME,DME,True,0.005294734,0.029963689,0.0054137856,0.89320064,0.027050588,0.022346132,0.005903447,0.010827025
/home/yogesh.patel/execution/25_9_2026_PRD_work/OCT2017_Test/test/DME/DME-5713682-1.jpeg,1,DME,DME,DME,True,0.0073562395,0.051553447,0.00757672,0.896988,0.016912615,0.008491604,0.0065578553,0.0045635942
/home/yogesh.patel/execution/25_9_2026_PRD_work/OCT2017_Test/test/DME/DME-57603-1.jpeg,1,DME,DME,DME,True,0.0042337845,0.0014056496,0.0036529433,0.98035824,0.0027676744,0.0018502721,0.0020865726,0.0036447744
/home/yogesh.patel/execution/25_9_2026_PRD_work/OCT2017_Test/test/DME/DME-5760454-1.jpeg,1,DME,DME,DME,True,0.006589643,0.016475553,0.0058868304,0.9545906,0.010886359,0.0014916786,0.0023087568,0.0017705905
/home/yogesh.patel/execution/25_9_2026_PRD_work/OCT2017_Test/test/DME/DME-5768195-1.jpeg,1,DME,DME,DME,True,0.005083175,0.006063239,0.0062201004,0.95884174,0.0063363807,0.010046984,0.003566465,0.0038418274
/home/yogesh.patel/execution/25_9_2026_PRD_work/OCT2017_Test/test/DME/DME-5796574-1.jpeg,1,DME,DME,DME,True,0.0040184227,0.0036521778,0.004287341,0.9745394,0.0024401073,0.0025147328,0.0034504763,0.005097397
/home/yogesh.patel/execution/25_9_2026_PRD_work/OCT2017_Test/test/DME/DME-5796574-2.jpeg,1,DME,DME,DME,True,0.006629139,0.009818315,0.0063725724,0.95841086,0.0054627825,0.0046102996,0.004319655,0.004376429
/home/yogesh.patel/execution/25_9_2026_PRD_work/OCT2017_Test/test/DME/DME-5802218-1.jpeg,1,DME,CNV,CNV,False,0.006469641,0.9286417,0.0026162271,0.03715452,0.0043715956,0.006689696,0.007873696,0.0061829546
/home/yogesh.patel/execution/25_9_2026_PRD_work/OCT2017_Test/test/DME/DME-5834001-1.jpeg,1,DME,DME,DME,True,0.006735672,0.07386648,0.0073201754,0.88826805,0.0038080108,0.0041945246,0.009895568,0.0059115733
/home/yogesh.patel/execution/25_9_2026_PRD_work/OCT2017_Test/test/DME/DME-5843591-1.jpeg,1,DME,DME,DME,True,0.004664175,0.0037886621,0.0041840128,0.9676358,0.0034908599,0.0042900243,0.00461876,0.0073276972
/home/yogesh.patel/execution/25_9_2026_PRD_work/OCT2017_Test/test/DME/DME-5864085-1.jpeg,1,DME,DME,DME,True,0.0052535087,0.0046235686,0.006066398,0.968808,0.0038975195,0.003753128,0.0040808916,0.0035169926
/home/yogesh.patel/execution/25_9_2026_PRD_work/OCT2017_Test/test/DME/DME-5912153-1.jpeg,1,DME,DME,DME,True,0.0055891713,0.03494352,0.004315794,0.93827707,0.008564743,0.0020097676,0.00347214,0.002827747
/home/yogesh.patel/execution/25_9_2026_PRD_work/OCT2017_Test/test/DME/DME-5975636-1.jpeg,1,DME,DME,DME,True,0.008348357,0.007113852,0.0061787334,0.95473486,0.007108942,0.002975606,0.006701967,0.006837731
/home/yogesh.patel/execution/25_9_2026_PRD_work/OCT2017_Test/test/DME/DME-5981434-1.jpeg,1,DME,DME,DME,True,0.01684234,0.018746255,0.015839582,0.81161827,0.009788252,0.015911685,0.025801925,0.085451655
/home/yogesh.patel/execution/25_9_2026_PRD_work/OCT2017_Test/test/DME/DME-6090983-1.jpeg,1,DME,DME,DME,True,0.0076840385,0.019184584,0.005052192,0.9497674,0.005063914,0.002384554,0.0044060163,0.0064572813
/home/yogesh.patel/execution/25_9_2026_PRD_work/OCT2017_Test/test/DME/DME-6151003-1.jpeg,1,DME,DME,DME,True,0.009707099,0.010556928,0.011147254,0.6392161,0.012972963,0.007986949,0.008898371,0.29951435
/home/yogesh.patel/execution/25_9_2026_PRD_work/OCT2017_Test/test/DME/DME-6296605-1.jpeg,1,DME,DME,DME,True,0.0061895363,0.006429026,0.004648,0.9681815,0.0038811627,0.001938288,0.0035048407,0.0052275765
/home/yogesh.patel/execution/25_9_2026_PRD_work/OCT2017_Test/test/DME/DME-6314020-1.jpeg,1,DME,DME,DME,True,0.0057354462,0.008754123,0.007119013,0.96028125,0.00795136,0.004014115,0.0035155436,0.0026291062
/home/yogesh.patel/execution/25_9_2026_PRD_work/OCT2017_Test/test/DME/DME-633268-1.jpeg,1,DME,DME,DME,True,0.0068573095,0.008269369,0.0064606727,0.9508564,0.004705801,0.008168235,0.007262977,0.0074192444
/home/yogesh.patel/execution/25_9_2026_PRD_work/OCT2017_Test/test/DME/DME-6383847-1.jpeg,1,DME,DME,DME,True,0.003137343,0.0013876469,0.002999738,0.98619163,0.0025103446,0.00088692334,0.0011565671,0.0017298283
/home/yogesh.patel/execution/25_9_2026_PRD_work/OCT2017_Test/test/DME/DME-6434323-1.jpeg,1,DME,DME,DME,True,0.008607484,0.01622873,0.0069587473,0.9475749,0.0034696534,0.0024123061,0.009288821,0.005459275
/home/yogesh.patel/execution/25_9_2026_PRD_work/OCT2017_Test/test/DME/DME-671384-1.jpeg,1,DME,DME,DME,True,0.005215881,0.004833673,0.005225988,0.96491784,0.0033802984,0.005248727,0.0052893762,0.0058881813
/home/yogesh.patel/execution/25_9_2026_PRD_work/OCT2017_Test/test/DME/DME-6716735-1.jpeg,1,DME,DME,DME,True,0.006881047,0.004264703,0.0054219044,0.96739364,0.0042609936,0.0033478043,0.0038220494,0.004607887
/home/yogesh.patel/execution/25_9_2026_PRD_work/OCT2017_Test/test/DME/DME-6716735-2.jpeg,1,DME,DME,DME,True,0.004164798,0.0020194424,0.004215455,0.9695062,0.0016429534,0.0023214752,0.00789154,0.0082380995
/home/yogesh.patel/execution/25_9_2026_PRD_work/OCT2017_Test/test/DME/DME-70266-1.jpeg,1,DME,DME,DME,True,0.0071455543,0.036175065,0.010686986,0.9252544,0.0050148834,0.003918089,0.008128704,0.0036762294
/home/yogesh.patel/execution/25_9_2026_PRD_work/OCT2017_Test/test/DME/DME-70266-2.jpeg,1,DME,DME,DME,True,0.0055196392,0.013958662,0.007313941,0.9585934,0.005126803,0.0025064144,0.0040813964,0.0028996884
/home/yogesh.patel/execution/25_9_2026_PRD_work/OCT2017_Test/test/DME/DME-70266-3.jpeg,1,DME,DME,DME,True,0.006103704,0.0076082973,0.0062366975,0.96677655,0.0034672148,0.0026714206,0.0032209319,0.003915249
/home/yogesh.patel/execution/25_9_2026_PRD_work/OCT2017_Test/test/DME/DME-7027665-1.jpeg,1,DME,DME,DME,True,0.008454538,0.005443638,0.0057897572,0.9640908,0.0055741686,0.00395257,0.0031877118,0.0035068442
/home/yogesh.patel/execution/25_9_2026_PRD_work/OCT2017_Test/test/DME/DME-7194085-1.jpeg,1,DME,DME,DME,True,0.008929164,0.053497225,0.0059242467,0.8929982,0.003450213,0.0018134686,0.0067274803,0.02666
/home/yogesh.patel/execution/25_9_2026_PRD_work/OCT2017_Test/test/DME/DME-7239304-1.jpeg,1,DME,DME,DME,True,0.006666592,0.037520796,0.0072028683,0.93374074,0.0047623087,0.0019905367,0.005048565,0.0030675975
/home/yogesh.patel/execution/25_9_2026_PRD_work/OCT2017_Test/test/DME/DME-7248535-1.jpeg,1,DME,DME,DME,True,0.003956546,0.00892464,0.004828864,0.9636967,0.0071332194,0.003983121,0.0035879523,0.0038889456
/home/yogesh.patel/execution/25_9_2026_PRD_work/OCT2017_Test/test/DME/DME-7432714-1.jpeg,1,DME,DME,DME,True,0.0042155697,0.008276492,0.004025434,0.9720462,0.0016490322,0.00231274,0.0044186064,0.003055915
/home/yogesh.patel/execution/25_9_2026_PRD_work/OCT2017_Test/test/DME/DME-7434518-1.jpeg,1,DME,DME,DME,True,0.005617716,0.0040033706,0.0043172664,0.9678794,0.0047868197,0.0025869603,0.004348462,0.0064599635
/home/yogesh.patel/execution/25_9_2026_PRD_work/OCT2017_Test/test/DME/DME-7469235-1.jpeg,1,DME,DME,DME,True,0.007388514,0.04285573,0.006567991,0.92539424,0.0043162387,0.0032210164,0.005941981,0.0043143886
/home/yogesh.patel/execution/25_9_2026_PRD_work/OCT2017_Test/test/DME/DME-7503514-1.jpeg,1,DME,DME,DME,True,0.004809003,0.0037033886,0.0052411933,0.9717075,0.0040400987,0.0025422245,0.0033536039,0.004603038
/home/yogesh.patel/execution/25_9_2026_PRD_work/OCT2017_Test/test/DME/DME-7558688-1.jpeg,1,DME,DME,DME,True,0.0029021935,0.0027527392,0.0019098835,0.98323303,0.0016363041,0.0005447064,0.0019032796,0.0051178974
/home/yogesh.patel/execution/25_9_2026_PRD_work/OCT2017_Test/test/DME/DME-7573590-1.jpeg,1,DME,DME,DME,True,0.0066019343,0.006691127,0.006536433,0.95784575,0.009116823,0.006420325,0.0037792707,0.0030082606
/home/yogesh.patel/execution/25_9_2026_PRD_work/OCT2017_Test/test/DME/DME-7578162-1.jpeg,1,DME,DME,DME,True,0.010509768,0.010839925,0.007561363,0.93550146,0.0078073405,0.0049254936,0.01403726,0.008817407
/home/yogesh.patel/execution/25_9_2026_PRD_work/OCT2017_Test/test/DME/DME-7585263-1.jpeg,1,DME,DME,DME,True,0.009334267,0.014973183,0.010092023,0.8819868,0.0065619457,0.05879997,0.009630026,0.008621806
/home/yogesh.patel/execution/25_9_2026_PRD_work/OCT2017_Test/test/DME/DME-7585263-2.jpeg,1,DME,DME,DME,True,0.01747285,0.16666353,0.013777422,0.69332254,0.018923922,0.07251241,0.012340806,0.004986538
/home/yogesh.patel/execution/25_9_2026_PRD_work/OCT2017_Test/test/DME/DME-7585263-3.jpeg,1,DME,DME,DME,True,0.0124215,0.046607755,0.011816821,0.69911605,0.00796065,0.20822428,0.006524475,0.007328395
/home/yogesh.patel/execution/25_9_2026_PRD_work/OCT2017_Test/test/DME/DME-7591008-1.jpeg,1,DME,DME,DME,True,0.0065741926,0.012951237,0.006351468,0.9379654,0.005008365,0.007353915,0.012292726,0.011502706
/home/yogesh.patel/execution/25_9_2026_PRD_work/OCT2017_Test/test/DME/DME-7614088-1.jpeg,1,DME,DME,DME,True,0.0043942523,0.0038267544,0.005110228,0.9741245,0.0041071624,0.0031138153,0.0019699654,0.0033533177
/home/yogesh.patel/execution/25_9_2026_PRD_work/OCT2017_Test/test/DME/DME-7650134-1.jpeg,1,DME,DME,DME,True,0.007869635,0.014260094,0.0069744075,0.9490758,0.01102946,0.003063971,0.004825998,0.002900656
/home/yogesh.patel/execution/25_9_2026_PRD_work/OCT2017_Test/test/DME/DME-7650134-2.jpeg,1,DME,DME,DME,True,0.008167686,0.0051427875,0.006955524,0.9581388,0.006572687,0.003693737,0.0055519943,0.0057767625
/home/yogesh.patel/execution/25_9_2026_PRD_work/OCT2017_Test/test/DME/DME-7706610-1.jpeg,1,DME,DME,DME,True,0.005055864,0.021486897,0.006347803,0.947735,0.003095707,0.0043934733,0.0077269,0.0041582687
/home/yogesh.patel/execution/25_9_2026_PRD_work/OCT2017_Test/test/DME/DME-7706610-2.jpeg,1,DME,DME,DME,True,0.0050614686,0.02374177,0.005224538,0.9470789,0.0021116994,0.0026815992,0.008410414,0.0056896713
/home/yogesh.patel/execution/25_9_2026_PRD_work/OCT2017_Test/test/DME/DME-7706610-3.jpeg,1,DME,DME,DME,True,0.004188573,0.013692379,0.0033558584,0.95779794,0.0041898657,0.0038048169,0.005217272,0.007753392
/home/yogesh.patel/execution/25_9_2026_PRD_work/OCT2017_Test/test/DME/DME-7756213-1.jpeg,1,DME,DME,DME,True,0.0045087812,0.020447558,0.0041565765,0.9529788,0.0058773467,0.0019868498,0.005067723,0.00497652
/home/yogesh.patel/execution/25_9_2026_PRD_work/OCT2017_Test/test/DME/DME-7757895-1.jpeg,1,DME,DME,DME,True,0.0024223104,0.0028382891,0.0025607848,0.9829454,0.004187334,0.0011250161,0.00087596214,0.0030449645
/home/yogesh.patel/execution/25_9_2026_PRD_work/OCT2017_Test/test/DME/DME-7763916-1.jpeg,1,DME,DME,DME,True,0.0045850715,0.0778824,0.007351523,0.8701053,0.011556873,0.0053511034,0.0140095875,0.009158139
/home/yogesh.patel/execution/25_9_2026_PRD_work/OCT2017_Test/test/DME/DME-7780589-1.jpeg,1,DME,DME,DME,True,0.005343108,0.007882088,0.0069668056,0.9569503,0.00813841,0.00425213,0.0055488762,0.0049182572
/home/yogesh.patel/execution/25_9_2026_PRD_work/OCT2017_Test/test/DME/DME-778975-1.jpeg,1,DME,DME,DME,True,0.0020513549,0.0023651188,0.0019500697,0.97849315,0.006939038,0.004727108,0.0007268725,0.002747322
/home/yogesh.patel/execution/25_9_2026_PRD_work/OCT2017_Test/test/DME/DME-778975-2.jpeg,1,DME,DME,DME,True,0.0028056267,0.0023049854,0.0025299997,0.98365504,0.0035603528,0.0019147983,0.0009961616,0.0022330775
/home/yogesh.patel/execution/25_9_2026_PRD_work/OCT2017_Test/test/DME/DME-7793366-1.jpeg,1,DME,DME,DME,True,0.003779019,0.005573828,0.0049114465,0.9711032,0.0023101517,0.0033117316,0.004668584,0.0043420354
/home/yogesh.patel/execution/25_9_2026_PRD_work/OCT2017_Test/test/DME/DME-7837305-1.jpeg,1,DME,DME,DME,True,0.0022280891,0.0038735762,0.0022838956,0.9825209,0.003685033,0.0007514151,0.0011557945,0.0035012302
/home/yogesh.patel/execution/25_9_2026_PRD_work/OCT2017_Test/test/DME/DME-7837305-2.jpeg,1,DME,DME,DME,True,0.0045982986,0.017503062,0.004112535,0.9507877,0.004165618,0.0027604948,0.0032022104,0.0128700845
/home/yogesh.patel/execution/25_9_2026_PRD_work/OCT2017_Test/test/DME/DME-7837305-3.jpeg,1,DME,DME,DME,True,0.004536232,0.0007396553,0.0024964414,0.97708,0.0054510995,0.0014192256,0.001161776,0.007115526
/home/yogesh.patel/execution/25_9_2026_PRD_work/OCT2017_Test/test/DME/DME-7837305-4.jpeg,1,DME,DME,DME,True,0.0027064534,0.0012298953,0.0021620926,0.98411566,0.0036571948,0.0010947854,0.0011649373,0.0038689468
/home/yogesh.patel/execution/25_9_2026_PRD_work/OCT2017_Test/test/DME/DME-7837305-5.jpeg,1,DME,DME,DME,True,0.003872996,0.0024421006,0.0033918968,0.9804592,0.0037522684,0.001222473,0.0014832593,0.003375752
/home/yogesh.patel/execution/25_9_2026_PRD_work/OCT2017_Test/test/DME/DME-7843891-1.jpeg,1,DME,CNV,CNV,False,0.0065043806,0.88132393,0.010832719,0.059599362,0.010907159,0.012147821,0.008044778,0.010639756
/home/yogesh.patel/execution/25_9_2026_PRD_work/OCT2017_Test/test/DME/DME-7846574-1.jpeg,1,DME,DME,DME,True,0.0097089,0.01829712,0.0091646025,0.94007134,0.0037445019,0.0045670825,0.010452695,0.003993821
/home/yogesh.patel/execution/25_9_2026_PRD_work/OCT2017_Test/test/DME/DME-7870558-1.jpeg,1,DME,DME,DME,True,0.0034734579,0.0030700741,0.0043203095,0.9738419,0.0052718245,0.0019425084,0.0037079891,0.0043718154
/home/yogesh.patel/execution/25_9_2026_PRD_work/OCT2017_Test/test/DME/DME-7870558-2.jpeg,1,DME,DME,DME,True,0.003483907,0.002988409,0.0029939846,0.983352,0.0024052341,0.00062587135,0.0016586945,0.0024918756
/home/yogesh.patel/execution/25_9_2026_PRD_work/OCT2017_Test/test/DME/DME-7870558-3.jpeg,1,DME,DME,DME,True,0.0070871026,0.010572484,0.0064373636,0.95910174,0.0035262879,0.0025763528,0.0057813297,0.004917398
/home/yogesh.patel/execution/25_9_2026_PRD_work/OCT2017_Test/test/DME/DME-7870558-4.jpeg,1,DME,DME,DME,True,0.0050509754,0.0027839297,0.0045123408,0.97675145,0.0025593704,0.0014565709,0.0029236109,0.0039618234
/home/yogesh.patel/execution/25_9_2026_PRD_work/OCT2017_Test/test/DME/DME-7907461-1.jpeg,1,DME,DME,DME,True,0.0041052694,0.008252731,0.0026044396,0.97280765,0.00364953,0.0013077748,0.0018395381,0.005433093
/home/yogesh.patel/execution/25_9_2026_PRD_work/OCT2017_Test/test/DME/DME-7918201-1.jpeg,1,DME,DME,DME,True,0.0038077112,0.0007879392,0.0020989599,0.9737186,0.005687048,0.001336529,0.0012480783,0.011315111
/home/yogesh.patel/execution/25_9_2026_PRD_work/OCT2017_Test/test/DME/DME-7918201-2.jpeg,1,DME,DME,DME,True,0.00853338,0.008261856,0.0070183696,0.953047,0.003822308,0.0043756803,0.008294984,0.0066464082
/home/yogesh.patel/execution/25_9_2026_PRD_work/OCT2017_Test/test/DME/DME-7928636-1.jpeg,1,DME,DME,DME,True,0.0025483507,0.01383252,0.0022704361,0.9734394,0.0019442876,0.0011570338,0.0025125833,0.0022954782
/home/yogesh.patel/execution/25_9_2026_PRD_work/OCT2017_Test/test/DME/DME-7928636-2.jpeg,1,DME,DME,DME,True,0.004098824,0.027832814,0.0040070647,0.95515853,0.0020546627,0.0027879793,0.0025215703,0.001538544
/home/yogesh.patel/execution/25_9_2026_PRD_work/OCT2017_Test/test/DME/DME-7934335-1.jpeg,1,DME,DME,DME,True,0.0066734045,0.030801337,0.0038016606,0.9411844,0.0047081686,0.0038711203,0.004728009,0.004231805
/home/yogesh.patel/execution/25_9_2026_PRD_work/OCT2017_Test/test/DME/DME-7939555-1.jpeg,1,DME,DME,DME,True,0.003890597,0.0021583652,0.004607381,0.9704506,0.0043696878,0.003629658,0.003370806,0.007523017
/home/yogesh.patel/execution/25_9_2026_PRD_work/OCT2017_Test/test/DME/DME-7939555-2.jpeg,1,DME,DME,DME,True,0.0071620746,0.006112575,0.0058097932,0.95577884,0.0041953144,0.006465683,0.007949775,0.00652594
/home/yogesh.patel/execution/25_9_2026_PRD_work/OCT2017_Test/test/DME/DME-7939555-3.jpeg,1,DME,DME,DME,True,0.003413574,0.0024300695,0.003677106,0.97654736,0.0012716696,0.0020919205,0.004724493,0.0058437674
/home/yogesh.patel/execution/25_9_2026_PRD_work/OCT2017_Test/test/DME/DME-7939555-4.jpeg,1,DME,DME,DME,True,0.0055488865,0.005761316,0.0055990512,0.96416837,0.0044326517,0.0034065512,0.005207008,0.0058761076
/home/yogesh.patel/execution/25_9_2026_PRD_work/OCT2017_Test/test/DME/DME-7939555-5.jpeg,1,DME,DME,DME,True,0.0044216258,0.0024889917,0.0035021033,0.9693485,0.002096729,0.0025705013,0.007208107,0.008363393
/home/yogesh.patel/execution/25_9_2026_PRD_work/OCT2017_Test/test/DME/DME-7972888-1.jpeg,1,DME,DME,DME,True,0.0068811923,0.006656044,0.0054328344,0.9677416,0.004961321,0.0023552391,0.0033893907,0.0025822897
/home/yogesh.patel/execution/25_9_2026_PRD_work/OCT2017_Test/test/DME/DME-7983936-1.jpeg,1,DME,DME,DME,True,0.0113814995,0.43622574,0.010692024,0.49750802,0.0071674017,0.0031330397,0.027473703,0.006418596
/home/yogesh.patel/execution/25_9_2026_PRD_work/OCT2017_Test/test/DME/DME-7990001-1.jpeg,1,DME,DME,DME,True,0.008214383,0.02171433,0.009023298,0.92146224,0.011450155,0.022467854,0.003046728,0.0026209815
/home/yogesh.patel/execution/25_9_2026_PRD_work/OCT2017_Test/test/DME/DME-8000885-1.jpeg,1,DME,DME,DME,True,0.0055430965,0.010901009,0.0055562383,0.9503161,0.011151741,0.0038133676,0.0070758373,0.0056426837
/home/yogesh.patel/execution/25_9_2026_PRD_work/OCT2017_Test/test/DME/DME-8019418-1.jpeg,1,DME,DME,DME,True,0.006844194,0.010370837,0.007179268,0.96052647,0.006025424,0.0026121866,0.0038144516,0.0026271841
/home/yogesh.patel/execution/25_9_2026_PRD_work/OCT2017_Test/test/DME/DME-8019418-2.jpeg,1,DME,DME,DME,True,0.0063720634,0.007904696,0.0073425598,0.9612693,0.0069412095,0.0030382853,0.003594105,0.0035376581
/home/yogesh.patel/execution/25_9_2026_PRD_work/OCT2017_Test/test/DME/DME-8019418-3.jpeg,1,DME,DME,DME,True,0.005083729,0.0078882985,0.0051444788,0.96861637,0.0044310694,0.001953981,0.003854264,0.0030278515
/home/yogesh.patel/execution/25_9_2026_PRD_work/OCT2017_Test/test/DME/DME-8019418-4.jpeg,1,DME,DME,DME,True,0.004135102,0.015050492,0.0031009892,0.9642438,0.0036530306,0.0027213467,0.0036060808,0.003489077
/home/yogesh.patel/execution/25_9_2026_PRD_work/OCT2017_Test/test/DME/DME-8021831-1.jpeg,1,DME,DME,DME,True,0.003031991,0.005818273,0.003871267,0.97661895,0.0024425918,0.00086739275,0.0023203667,0.0050291596
/home/yogesh.patel/execution/25_9_2026_PRD_work/OCT2017_Test/test/DME/DME-8056259-1.jpeg,1,DME,DME,DME,True,0.0025300405,0.010342702,0.0030773284,0.9678813,0.0015162447,0.0033556677,0.005161364,0.0061353794
/home/yogesh.patel/execution/25_9_2026_PRD_work/OCT2017_Test/test/DME/DME-8080050-1.jpeg,1,DME,DME,DME,True,0.00461565,0.13166071,0.007903404,0.8308293,0.011734351,0.0030171387,0.006265561,0.0039738747
/home/yogesh.patel/execution/25_9_2026_PRD_work/OCT2017_Test/test/DME/DME-8130267-1.jpeg,1,DME,DME,DME,True,0.008247701,0.014303274,0.006722981,0.94542164,0.0028543363,0.009097547,0.007880295,0.0054722074
/home/yogesh.patel/execution/25_9_2026_PRD_work/OCT2017_Test/test/DME/DME-8136649-1.jpeg,1,DME,DME,DME,True,0.0044359583,0.00639604,0.0040707146,0.96827805,0.0038488097,0.0037179317,0.0041224067,0.0051301834
/home/yogesh.patel/execution/25_9_2026_PRD_work/OCT2017_Test/test/DME/DME-8167779-1.jpeg,1,DME,DME,DME,True,0.0041892324,0.005818267,0.0034671135,0.97195375,0.0038411885,0.0028453192,0.0028004935,0.0050847335
/home/yogesh.patel/execution/25_9_2026_PRD_work/OCT2017_Test/test/DME/DME-8177380-1.jpeg,1,DME,DME,DME,True,0.0050057457,0.0030691803,0.0038950895,0.9752171,0.0037485438,0.0013627494,0.0032792592,0.0044222237
/home/yogesh.patel/execution/25_9_2026_PRD_work/OCT2017_Test/test/DME/DME-8177380-2.jpeg,1,DME,DME,DME,True,0.005376926,0.0061552646,0.0045890734,0.96868193,0.005108474,0.0021297997,0.0041883267,0.0037701754
/home/yogesh.patel/execution/25_9_2026_PRD_work/OCT2017_Test/test/DME/DME-8177380-3.jpeg,1,DME,DME,DME,True,0.0032147241,0.0036091607,0.0030781315,0.9791382,0.003346898,0.000838695,0.0031860422,0.0035880855
/home/yogesh.patel/execution/25_9_2026_PRD_work/OCT2017_Test/test/DME/DME-8200056-1.jpeg,1,DME,DME,DME,True,0.00442021,0.004069976,0.0025918274,0.9774495,0.003373138,0.0012878466,0.0022418443,0.004565782
/home/yogesh.patel/execution/25_9_2026_PRD_work/OCT2017_Test/test/DME/DME-8200056-2.jpeg,1,DME,DME,DME,True,0.0037798716,0.008285041,0.003077155,0.97565514,0.0032936416,0.0011068977,0.0019204288,0.0028818357
/home/yogesh.patel/execution/25_9_2026_PRD_work/OCT2017_Test/test/DME/DME-8200056-3.jpeg,1,DME,DME,DME,True,0.0060785348,0.0056380583,0.0035641273,0.9635505,0.0033965898,0.0031290674,0.0040160934,0.010627005
/home/yogesh.patel/execution/25_9_2026_PRD_work/OCT2017_Test/test/DME/DME-8218042-1.jpeg,1,DME,DME,DME,True,0.010916059,0.036531996,0.010373757,0.9065158,0.008416601,0.0069786585,0.015055357,0.005211812
/home/yogesh.patel/execution/25_9_2026_PRD_work/OCT2017_Test/test/DME/DME-8231523-1.jpeg,1,DME,DME,DME,True,0.010771074,0.021881143,0.010068255,0.9297218,0.0057563493,0.0044553946,0.012645945,0.0047001294
/home/yogesh.patel/execution/25_9_2026_PRD_work/OCT2017_Test/test/DME/DME-82328-1.jpeg,1,DME,DME,DME,True,0.0044656238,0.0028028765,0.00498707,0.97168577,0.002973497,0.0028406947,0.004716463,0.005527975
/home/yogesh.patel/execution/25_9_2026_PRD_work/OCT2017_Test/test/DME/DME-8366524-1.jpeg,1,DME,DME,DME,True,0.0046921624,0.012067416,0.004518506,0.92046195,0.008611775,0.0034569488,0.006391579,0.039799638
/home/yogesh.patel/execution/25_9_2026_PRD_work/OCT2017_Test/test/DME/DME-8366524-2.jpeg,1,DME,DME,DME,True,0.0069719246,0.0032094105,0.0038982294,0.95758486,0.0074504586,0.0032525202,0.006253143,0.011379564
/home/yogesh.patel/execution/25_9_2026_PRD_work/OCT2017_Test/test/DME/DME-8426419-1.jpeg,1,DME,DME,DME,True,0.0035210971,0.020993605,0.0038753925,0.95663476,0.0067380685,0.0036167388,0.0022831913,0.0023370793
/home/yogesh.patel/execution/25_9_2026_PRD_work/OCT2017_Test/test/DME/DME-8426419-2.jpeg,1,DME,DME,DME,True,0.0050322204,0.024386985,0.004031447,0.95123243,0.0034357582,0.0030839157,0.003950681,0.0048465356
/home/yogesh.patel/execution/25_9_2026_PRD_work/OCT2017_Test/test/DME/DME-8457431-1.jpeg,1,DME,DME,DME,True,0.00856001,0.057294924,0.007080328,0.90476644,0.010580414,0.0033429826,0.0053251763,0.0030497306
/home/yogesh.patel/execution/25_9_2026_PRD_work/OCT2017_Test/test/DME/DME-8469406-1.jpeg,1,DME,DME,DME,True,0.0027759688,0.0020094577,0.0024120093,0.9861267,0.0016259595,0.00048944564,0.0010864444,0.0034740567
/home/yogesh.patel/execution/25_9_2026_PRD_work/OCT2017_Test/test/DME/DME-8472707-1.jpeg,1,DME,DME,DME,True,0.004705814,0.006931366,0.0025689187,0.9765038,0.0037488781,0.0009614236,0.0018967307,0.0026830444
/home/yogesh.patel/execution/25_9_2026_PRD_work/OCT2017_Test/test/DME/DME-8477096-1.jpeg,1,DME,DME,DME,True,0.009559114,0.03178584,0.0073649087,0.93260866,0.006559709,0.0029159645,0.005483684,0.0037220551
/home/yogesh.patel/execution/25_9_2026_PRD_work/OCT2017_Test/test/DME/DME-8525575-1.jpeg,1,DME,DME,DME,True,0.008357795,0.020895755,0.006206054,0.9440946,0.0045716013,0.0021726529,0.008063717,0.0056378786
/home/yogesh.patel/execution/25_9_2026_PRD_work/OCT2017_Test/test/DME/DME-8525575-2.jpeg,1,DME,DME,DME,True,0.010038855,0.05784752,0.0075291744,0.8898977,0.012442499,0.004299158,0.009701545,0.008243565
/home/yogesh.patel/execution/25_9_2026_PRD_work/OCT2017_Test/test/DME/DME-8525575-3.jpeg,1,DME,DME,DME,True,0.0054846727,0.00644411,0.004252279,0.9702388,0.004423143,0.0012690899,0.0034958117,0.0043921256
/home/yogesh.patel/execution/25_9_2026_PRD_work/OCT2017_Test/test/DME/DME-8525575-4.jpeg,1,DME,DME,DME,True,0.003514362,0.0042050136,0.00340598,0.9789271,0.0022701628,0.00063642336,0.0030932273,0.0039477795
/home/yogesh.patel/execution/25_9_2026_PRD_work/OCT2017_Test/test/DME/DME-8525575-5.jpeg,1,DME,DME,DME,True,0.006417953,0.041934468,0.005117216,0.9243082,0.008355108,0.0037339835,0.0070349146,0.003098127
/home/yogesh.patel/execution/25_9_2026_PRD_work/OCT2017_Test/test/DME/DME-8525575-6.jpeg,1,DME,DME,DME,True,0.0062666526,0.04013376,0.004898987,0.9256488,0.0049599214,0.003233037,0.008353302,0.006505536
/home/yogesh.patel/execution/25_9_2026_PRD_work/OCT2017_Test/test/DME/DME-8525575-7.jpeg,1,DME,DME,DME,True,0.003801054,0.0079203285,0.0036199018,0.9722763,0.0045582554,0.0015238924,0.0035884532,0.0027118123
/home/yogesh.patel/execution/25_9_2026_PRD_work/OCT2017_Test/test/DME/DME-8525575-8.jpeg,1,DME,DME,DME,True,0.0037721423,0.0042498996,0.0038074695,0.973974,0.003113968,0.0011954473,0.0039079096,0.0059791803
/home/yogesh.patel/execution/25_9_2026_PRD_work/OCT2017_Test/test/DME/DME-8589279-1.jpeg,1,DME,DME,DME,True,0.011844872,0.12311475,0.008344377,0.8248756,0.013067292,0.008027293,0.007514152,0.0032115695
/home/yogesh.patel/execution/25_9_2026_PRD_work/OCT2017_Test/test/DME/DME-8602716-1.jpeg,1,DME,DME,DME,True,0.00306877,0.003134215,0.003762737,0.9706115,0.008374761,0.004643634,0.002052765,0.0043515787
/home/yogesh.patel/execution/25_9_2026_PRD_work/OCT2017_Test/test/DME/DME-8602716-2.jpeg,1,DME,DME,DME,True,0.005300659,0.019001689,0.0066741523,0.94948435,0.0097589195,0.0026733617,0.0039091897,0.0031975752
/home/yogesh.patel/execution/25_9_2026_PRD_work/OCT2017_Test/test/DME/DME-8602716-3.jpeg,1,DME,DME,DME,True,0.00366544,0.008710865,0.0045579113,0.96969855,0.0042707217,0.002298597,0.0030361786,0.0037617637
/home/yogesh.patel/execution/25_9_2026_PRD_work/OCT2017_Test/test/DME/DME-8602716-4.jpeg,1,DME,DME,DME,True,0.012531579,0.035251405,0.0077239354,0.92026204,0.0076554734,0.0034794703,0.008314679,0.0047814464
/home/yogesh.patel/execution/25_9_2026_PRD_work/OCT2017_Test/test/DME/DME-8615417-1.jpeg,1,DME,DME,DME,True,0.007608374,0.008403133,0.005333121,0.9587112,0.0040243114,0.003948601,0.00646229,0.0055089835
/home/yogesh.patel/execution/25_9_2026_PRD_work/OCT2017_Test/test/DME/DME-8615417-2.jpeg,1,DME,DME,DME,True,0.004344883,0.026541485,0.0044239373,0.94626385,0.006889492,0.003945775,0.0035231905,0.0040674666
/home/yogesh.patel/execution/25_9_2026_PRD_work/OCT2017_Test/test/DME/DME-8635355-1.jpeg,1,DME,DME,DME,True,0.006840711,0.0314102,0.006613686,0.93708587,0.0041289893,0.005454504,0.0056137173,0.0028523249
/home/yogesh.patel/execution/25_9_2026_PRD_work/OCT2017_Test/test/DME/DME-8635355-2.jpeg,1,DME,DME,DME,True,0.0058158473,0.04497112,0.0071105463,0.9081739,0.009417904,0.010597578,0.0100040315,0.0039091147
/home/yogesh.patel/execution/25_9_2026_PRD_work/OCT2017_Test/test/DME/DME-8729675-1.jpeg,1,DME,DME,DME,True,0.0031513162,0.0020798817,0.0025673537,0.98039675,0.0016510276,0.0025497742,0.0029759465,0.004627993
/home/yogesh.patel/execution/25_9_2026_PRD_work/OCT2017_Test/test/DME/DME-8729675-2.jpeg,1,DME,DME,DME,True,0.018849818,0.0071839015,0.014817188,0.62740403,0.019979363,0.1006351,0.11672249,0.09440811
/home/yogesh.patel/execution/25_9_2026_PRD_work/OCT2017_Test/test/DME/DME-8732456-1.jpeg,1,DME,DME,DME,True,0.010933127,0.07610381,0.012571066,0.6532049,0.012974292,0.22100541,0.010015903,0.0031914976
/home/yogesh.patel/execution/25_9_2026_PRD_work/OCT2017_Test/test/DME/DME-8766603-1.jpeg,1,DME,DME,DME,True,0.008985248,0.018768229,0.008165993,0.9434577,0.006345263,0.0033458767,0.006429581,0.0045020776
/home/yogesh.patel/execution/25_9_2026_PRD_work/OCT2017_Test/test/DME/DME-8807486-1.jpeg,1,DME,DME,DME,True,0.010103591,0.045290135,0.0075899446,0.91747785,0.0042224405,0.0034674022,0.007121622,0.0047271014
/home/yogesh.patel/execution/25_9_2026_PRD_work/OCT2017_Test/test/DME/DME-8847144-1.jpeg,1,DME,DME,DME,True,0.005301794,0.008278387,0.005217248,0.9570563,0.0036980857,0.0052572354,0.008953123,0.0062379073
/home/yogesh.patel/execution/25_9_2026_PRD_work/OCT2017_Test/test/DME/DME-8851193-1.jpeg,1,DME,DME,DME,True,0.0040605655,0.0050111944,0.0046688667,0.97305036,0.0044785524,0.0015848235,0.0031707943,0.003974805
/home/yogesh.patel/execution/25_9_2026_PRD_work/OCT2017_Test/test/DME/DME-8861620-1.jpeg,1,DME,DME,DME,True,0.008596995,0.01468565,0.00882222,0.9456899,0.0061492976,0.0051313294,0.006178772,0.0047458517
/home/yogesh.patel/execution/25_9_2026_PRD_work/OCT2017_Test/test/DME/DME-8861620-2.jpeg,1,DME,DME,DME,True,0.0062504197,0.0034226652,0.0062799267,0.95967364,0.0039097215,0.0057727764,0.007179488,0.007511373
/home/yogesh.patel/execution/25_9_2026_PRD_work/OCT2017_Test/test/DME/DME-8861620-3.jpeg,1,DME,DME,DME,True,0.0069195027,0.013774335,0.0071936483,0.95080584,0.003653814,0.0056257974,0.0072028954,0.0048241923
/home/yogesh.patel/execution/25_9_2026_PRD_work/OCT2017_Test/test/DME/DME-8889771-1.jpeg,1,DME,DME,DME,True,0.0038861085,0.0027393945,0.004288711,0.972604,0.0016415251,0.0027608783,0.0058375127,0.0062419544
/home/yogesh.patel/execution/25_9_2026_PRD_work/OCT2017_Test/test/DME/DME-8889771-2.jpeg,1,DME,DME,DME,True,0.0052796914,0.01016289,0.0049729403,0.9649922,0.004990016,0.0018758249,0.0040336554,0.0036927883
/home/yogesh.patel/execution/25_9_2026_PRD_work/OCT2017_Test/test/DME/DME-8889771-3.jpeg,1,DME,DME,DME,True,0.011836556,0.2592115,0.011473378,0.6740534,0.0078304205,0.007436958,0.021495385,0.0066624866
/home/yogesh.patel/execution/25_9_2026_PRD_work/OCT2017_Test/test/DME/DME-8889771-4.jpeg,1,DME,DME,DME,True,0.007309354,0.015112379,0.0057302113,0.94841594,0.0074577276,0.006108539,0.005413177,0.004452737
/home/yogesh.patel/execution/25_9_2026_PRD_work/OCT2017_Test/test/DME/DME-8908847-1.jpeg,1,DME,DME,DME,True,0.0044863485,0.004666517,0.0035030437,0.9768068,0.002122099,0.0010562262,0.003023609,0.0043352977
/home/yogesh.patel/execution/25_9_2026_PRD_work/OCT2017_Test/test/DME/DME-8989419-1.jpeg,1,DME,DME,DME,True,0.0044965306,0.0064587095,0.005240859,0.9693653,0.0056955293,0.0041181226,0.0020381198,0.0025869047
/home/yogesh.patel/execution/25_9_2026_PRD_work/OCT2017_Test/test/DME/DME-9066695-1.jpeg,1,DME,DME,DME,True,0.004648974,0.0038367885,0.004310984,0.9646367,0.004537718,0.00488917,0.006211343,0.006928309
/home/yogesh.patel/execution/25_9_2026_PRD_work/OCT2017_Test/test/DME/DME-9109143-1.jpeg,1,DME,DME,DME,True,0.006921048,0.022096591,0.0072130803,0.95420283,0.0021557766,0.0013709865,0.0038939863,0.0021457435
/home/yogesh.patel/execution/25_9_2026_PRD_work/OCT2017_Test/test/DME/DME-910956-1.jpeg,1,DME,DME,DME,True,0.006757109,0.008272941,0.0063462094,0.9588245,0.00428059,0.0035368137,0.0060926196,0.0058891634
/home/yogesh.patel/execution/25_9_2026_PRD_work/OCT2017_Test/test/DME/DME-9211360-1.jpeg,1,DME,DME,DME,True,0.006149958,0.016025357,0.00525085,0.9530462,0.0070207235,0.0030436094,0.0044337926,0.005029457
/home/yogesh.patel/execution/25_9_2026_PRD_work/OCT2017_Test/test/DME/DME-9211360-2.jpeg,1,DME,DME,DME,True,0.010512619,0.38985276,0.009511786,0.5419629,0.016871339,0.0056373067,0.019637682,0.006013612
/home/yogesh.patel/execution/25_9_2026_PRD_work/OCT2017_Test/test/DME/DME-9241179-1.jpeg,1,DME,DME,DME,True,0.0016884266,0.0008090778,0.001710503,0.9878159,0.0009245138,0.0007241935,0.0012669003,0.005060432
/home/yogesh.patel/execution/25_9_2026_PRD_work/OCT2017_Test/test/DME/DME-9333524-1.jpeg,1,DME,DME,DME,True,0.010258978,0.07426621,0.011032746,0.47358632,0.017553521,0.39934683,0.008814377,0.005141037
/home/yogesh.patel/execution/25_9_2026_PRD_work/OCT2017_Test/test/DME/DME-9361825-1.jpeg,1,DME,DME,DME,True,0.0023000233,0.0038533378,0.0022292251,0.9816242,0.0048472863,0.0015267237,0.00080444396,0.0028148433
/home/yogesh.patel/execution/25_9_2026_PRD_work/OCT2017_Test/test/DME/DME-9378346-1.jpeg,1,DME,DME,DME,True,0.0044941767,0.020883445,0.003558487,0.9519091,0.013093776,0.0039573372,0.00088705897,0.0012165423
/home/yogesh.patel/execution/25_9_2026_PRD_work/OCT2017_Test/test/DME/DME-9378346-2.jpeg,1,DME,DME,DME,True,0.005362873,0.022124942,0.0034877532,0.951694,0.011816123,0.002031885,0.0012032633,0.0022791913
/home/yogesh.patel/execution/25_9_2026_PRD_work/OCT2017_Test/test/DME/DME-9378346-3.jpeg,1,DME,DME,DME,True,0.004575789,0.0056933463,0.0041156164,0.9663923,0.010010991,0.0031090812,0.001953532,0.0041492525
/home/yogesh.patel/execution/25_9_2026_PRD_work/OCT2017_Test/test/DME/DME-9428363-1.jpeg,1,DME,DME,DME,True,0.0046827756,0.008270503,0.0038364257,0.9582092,0.007167469,0.0017132869,0.0031594282,0.012960836
/home/yogesh.patel/execution/25_9_2026_PRD_work/OCT2017_Test/test/DME/DME-9488073-1.jpeg,1,DME,DME,DME,True,0.0028216995,0.00092120987,0.0023642927,0.9835722,0.0029057066,0.0012290601,0.0026182255,0.0035676134
/home/yogesh.patel/execution/25_9_2026_PRD_work/OCT2017_Test/test/DME/DME-9488073-2.jpeg,1,DME,DME,DME,True,0.0058689597,0.005205929,0.0062509915,0.9671445,0.0047322474,0.002490873,0.0039770356,0.004329489
/home/yogesh.patel/execution/25_9_2026_PRD_work/OCT2017_Test/test/DME/DME-9504297-1.jpeg,1,DME,DME,DME,True,0.007831327,0.067474216,0.007876826,0.8781782,0.0057796347,0.0102150235,0.017517623,0.0051271766
/home/yogesh.patel/execution/25_9_2026_PRD_work/OCT2017_Test/test/DME/DME-9557298-1.jpeg,1,DME,DME,DME,True,0.0007323715,0.0013624837,0.00071765366,0.993897,0.00091189105,0.00074207096,0.0005727145,0.0010638097
/home/yogesh.patel/execution/25_9_2026_PRD_work/OCT2017_Test/test/DME/DME-9579219-1.jpeg,1,DME,DME,DME,True,0.010450325,0.13935953,0.010608391,0.8042449,0.015499107,0.0041094203,0.0119933495,0.003734998
/home/yogesh.patel/execution/25_9_2026_PRD_work/OCT2017_Test/test/DME/DME-98994-1.jpeg,1,DME,DME,DME,True,0.0058288523,0.0069898413,0.0050939843,0.9666481,0.0042838086,0.004121337,0.0035608879,0.0034731526
/home/yogesh.patel/execution/25_9_2026_PRD_work/OCT2017_Test/test/DME/DME-98994-2.jpeg,1,DME,DME,DME,True,0.0022097318,0.0012407678,0.0022129586,0.98729765,0.0018414767,0.0010684424,0.001194105,0.0029349753
/home/yogesh.patel/execution/25_9_2026_PRD_work/OCT2017_Test/test/DRUSEN/DRUSEN-1083159-1.jpeg,2,DRUSEN,DRUSEN,DRUSEN,True,0.01161074,0.012137552,0.011837161,0.012550247,0.010840053,0.93129045,0.0073798825,0.0023539343
/home/yogesh.patel/execution/25_9_2026_PRD_work/OCT2017_Test/test/DRUSEN/DRUSEN-1112835-1.jpeg,2,DRUSEN,DRUSEN,DRUSEN,True,0.010764265,0.037043557,0.009147548,0.00875708,0.010359606,0.91613644,0.004977471,0.0028140864
/home/yogesh.patel/execution/25_9_2026_PRD_work/OCT2017_Test/test/DRUSEN/DRUSEN-1173253-1.jpeg,2,DRUSEN,DRUSEN,DRUSEN,True,0.0071245288,0.1443595,0.009878249,0.009733861,0.010641881,0.81046075,0.0042739306,0.0035273044
/home/yogesh.patel/execution/25_9_2026_PRD_work/OCT2017_Test/test/DRUSEN/DRUSEN-1193659-1.jpeg,2,DRUSEN,DRUSEN,DRUSEN,True,0.0052673575,0.020351322,0.0062681753,0.0047611212,0.006130048,0.95023584,0.0036654843,0.0033206823
/home/yogesh.patel/execution/25_9_2026_PRD_work/OCT2017_Test/test/DRUSEN/DRUSEN-1219727-1.jpeg,2,DRUSEN,DRUSEN,DRUSEN,True,0.012056701,0.027785564,0.015119663,0.010212818,0.013765069,0.90705657,0.009635641,0.004367891
/home/yogesh.patel/execution/25_9_2026_PRD_work/OCT2017_Test/test/DRUSEN/DRUSEN-1225603-1.jpeg,2,DRUSEN,DRUSEN,DRUSEN,True,0.0101944655,0.0082602585,0.009304599,0.014422587,0.00915978,0.93989384,0.005112429,0.0036520057
/home/yogesh.patel/execution/25_9_2026_PRD_work/OCT2017_Test/test/DRUSEN/DRUSEN-1225603-2.jpeg,2,DRUSEN,DRUSEN,DRUSEN,True,0.008583785,0.011919582,0.0077386466,0.010981845,0.008737518,0.9452445,0.003388634,0.0034054834
/home/yogesh.patel/execution/25_9_2026_PRD_work/OCT2017_Test/test/DRUSEN/DRUSEN-1237848-1.jpeg,2,DRUSEN,DRUSEN,DRUSEN,True,0.0050261593,0.0022760627,0.005383367,0.005119945,0.0054230834,0.9676856,0.003653712,0.005432144
/home/yogesh.patel/execution/25_9_2026_PRD_work/OCT2017_Test/test/DRUSEN/DRUSEN-1237848-2.jpeg,2,DRUSEN,DRUSEN,DRUSEN,True,0.008874224,0.0026954995,0.0061946013,0.01732585,0.0074357865,0.94973516,0.0038197932,0.0039190305
/home/yogesh.patel/execution/25_9_2026_PRD_work/OCT2017_Test/test/DRUSEN/DRUSEN-1237848-3.jpeg,2,DRUSEN,DRUSEN,DRUSEN,True,0.010899617,0.0047413823,0.007577911,0.015664997,0.00939121,0.9427477,0.0051764343,0.0038006993
/home/yogesh.patel/execution/25_9_2026_PRD_work/OCT2017_Test/test/DRUSEN/DRUSEN-1246453-1.jpeg,2,DRUSEN,DRUSEN,DRUSEN,True,0.013384786,0.05729605,0.011712886,0.013128693,0.012586302,0.8806063,0.00784057,0.003444459
/home/yogesh.patel/execution/25_9_2026_PRD_work/OCT2017_Test/test/DRUSEN/DRUSEN-1487749-1.jpeg,2,DRUSEN,DRUSEN,DRUSEN,True,0.00826678,0.009610744,0.010733827,0.011404794,0.008851882,0.94148356,0.0060536074,0.0035949326
/home/yogesh.patel/execution/25_9_2026_PRD_work/OCT2017_Test/test/DRUSEN/DRUSEN-1487749-2.jpeg,2,DRUSEN,DRUSEN,DRUSEN,True,0.010179002,0.017453132,0.012041145,0.012321187,0.01042811,0.9263669,0.007948918,0.003261497
/home/yogesh.patel/execution/25_9_2026_PRD_work/OCT2017_Test/test/DRUSEN/DRUSEN-1487749-3.jpeg,2,DRUSEN,DRUSEN,DRUSEN,True,0.011563345,0.019333838,0.013140163,0.013172987,0.011867668,0.91962755,0.008953205,0.0023412064
/home/yogesh.patel/execution/25_9_2026_PRD_work/OCT2017_Test/test/DRUSEN/DRUSEN-1487749-4.jpeg,2,DRUSEN,DRUSEN,DRUSEN,True,0.00906265,0.007378085,0.010566911,0.010665467,0.01000206,0.9427963,0.0060411473,0.0034874396
/home/yogesh.patel/execution/25_9_2026_PRD_work/OCT2017_Test/test/DRUSEN/DRUSEN-1530990-1.jpeg,2,DRUSEN,DRUSEN,DRUSEN,True,0.012573761,0.023294654,0.009817532,0.013096207,0.010825561,0.91949236,0.0063477797,0.0045519997
/home/yogesh.patel/execution/25_9_2026_PRD_work/OCT2017_Test/test/DRUSEN/DRUSEN-1730592-1.jpeg,2,DRUSEN,DRUSEN,DRUSEN,True,0.006616542,0.011214009,0.010028028,0.009745853,0.010067921,0.9417223,0.0067313984,0.0038739645
/home/yogesh.patel/execution/25_9_2026_PRD_work/OCT2017_Test/test/DRUSEN/DRUSEN-1786810-1.jpeg,2,DRUSEN,DRUSEN,DRUSEN,True,0.0043323357,0.0059145717,0.004007373,0.0057471935,0.0056684255,0.9674856,0.003850416,0.002994205
/home/yogesh.patel/execution/25_9_2026_PRD_work/OCT2017_Test/test/DRUSEN/DRUSEN-1786810-2.jpeg,2,DRUSEN,DRUSEN,DRUSEN,True,0.0054721697,0.0136740655,0.0075810165,0.009177384,0.006523401,0.9503277,0.0024584604,0.004785719
/home/yogesh.patel/execution/25_9_2026_PRD_work/OCT2017_Test/test/DRUSEN/DRUSEN-1786810-3.jpeg,2,DRUSEN,DRUSEN,DRUSEN,True,0.0059744534,0.015152539,0.0069689015,0.010381241,0.008466303,0.9464076,0.0028700207,0.0037789047
/home/yogesh.patel/execution/25_9_2026_PRD_work/OCT2017_Test/test/DRUSEN/DRUSEN-1789270-1.jpeg,2,DRUSEN,DRUSEN,DRUSEN,True,0.00393857,0.010808172,0.0070468416,0.011247695,0.005580377,0.9545991,0.003905876,0.0028733937
/home/yogesh.patel/execution/25_9_2026_PRD_work/OCT2017_Test/test/DRUSEN/DRUSEN-1793499-1.jpeg,2,DRUSEN,DRUSEN,DRUSEN,True,0.010825702,0.026094036,0.010030224,0.01561447,0.015006131,0.91009456,0.0087720305,0.0035628395
/home/yogesh.patel/execution/25_9_2026_PRD_work/OCT2017_Test/test/DRUSEN/DRUSEN-1912508-1.jpeg,2,DRUSEN,DRUSEN,DRUSEN,True,0.009064882,0.00975832,0.009020191,0.01012382,0.011658003,0.9420918,0.005465385,0.002817568
/home/yogesh.patel/execution/25_9_2026_PRD_work/OCT2017_Test/test/DRUSEN/DRUSEN-1997439-1.jpeg,2,DRUSEN,DRUSEN,DRUSEN,True,0.009034334,0.0075932974,0.0081373695,0.013813345,0.009689273,0.94116265,0.006235114,0.0043346006
/home/yogesh.patel/execution/25_9_2026_PRD_work/OCT2017_Test/test/DRUSEN/DRUSEN-1997439-2.jpeg,2,DRUSEN,DRUSEN,DRUSEN,True,0.0113238925,0.009955336,0.010020196,0.01484596,0.009436856,0.9342328,0.0065683136,0.0036166003
/home/yogesh.patel/execution/25_9_2026_PRD_work/OCT2017_Test/test/DRUSEN/DRUSEN-1997439-3.jpeg,2,DRUSEN,DRUSEN,DRUSEN,True,0.009900592,0.006427958,0.0073333564,0.010453212,0.008834129,0.9498403,0.0044533107,0.0027571367
/home/yogesh.patel/execution/25_9_2026_PRD_work/OCT2017_Test/test/DRUSEN/DRUSEN-1997439-4.jpeg,2,DRUSEN,DRUSEN,DRUSEN,True,0.009811428,0.011194691,0.008267651,0.011923616,0.010256366,0.9383248,0.006167814,0.004053609
/home/yogesh.patel/execution/25_9_2026_PRD_work/OCT2017_Test/test/DRUSEN/DRUSEN-2108193-1.jpeg,2,DRUSEN,DRUSEN,DRUSEN,True,0.010604022,0.034715824,0.012375375,0.00832526,0.008799548,0.91200536,0.00836237,0.004812241
/home/yogesh.patel/execution/25_9_2026_PRD_work/OCT2017_Test/test/DRUSEN/DRUSEN-2108193-2.jpeg,2,DRUSEN,DRUSEN,DRUSEN,True,0.015483182,0.13025479,0.020902025,0.011579435,0.014194033,0.7916433,0.013015322,0.0029279003
/home/yogesh.patel/execution/25_9_2026_PRD_work/OCT2017_Test/test/DRUSEN/DRUSEN-2128644-1.jpeg,2,DRUSEN,DRUSEN,DRUSEN,True,0.0075900615,0.020308908,0.008267528,0.014344665,0.012678818,0.9268385,0.005214347,0.004757205
/home/yogesh.patel/execution/25_9_2026_PRD_work/OCT2017_Test/test/DRUSEN/DRUSEN-2128644-2.jpeg,2,DRUSEN,DRUSEN,DRUSEN,True,0.004533948,0.014570566,0.0075417277,0.004793674,0.005675816,0.9553433,0.0022408343,0.00530009
/home/yogesh.patel/execution/25_9_2026_PRD_work/OCT2017_Test/test/DRUSEN/DRUSEN-2128644-3.jpeg,2,DRUSEN,DRUSEN,DRUSEN,True,0.008220821,0.06865387,0.008078231,0.013202149,0.014399775,0.87928,0.004306878,0.0038583176
/home/yogesh.patel/execution/25_9_2026_PRD_work/OCT2017_Test/test/DRUSEN/DRUSEN-2141150-1.jpeg,2,DRUSEN,DRUSEN,DRUSEN,True,0.008505586,0.0051767533,0.007851319,0.011033714,0.009383612,0.9479721,0.0049340785,0.0051427665
/home/yogesh.patel/execution/25_9_2026_PRD_work/OCT2017_Test/test/DRUSEN/DRUSEN-2156263-1.jpeg,2,DRUSEN,DRUSEN,DRUSEN,True,0.006742803,0.037656948,0.009552308,0.013951254,0.011211912,0.91417116,0.0033052894,0.003408328
/home/yogesh.patel/execution/25_9_2026_PRD_work/OCT2017_Test/test/DRUSEN/DRUSEN-2173657-1.jpeg,2,DRUSEN,DRUSEN,DRUSEN,True,0.008688954,0.0065481598,0.009945132,0.013481325,0.011925507,0.9396012,0.0062148636,0.0035949182
/home/yogesh.patel/execution/25_9_2026_PRD_work/OCT2017_Test/test/DRUSEN/DRUSEN-2180220-1.jpeg,2,DRUSEN,DRUSEN,DRUSEN,True,0.0069336933,0.0062746527,0.0069470606,0.014124623,0.008072688,0.9521568,0.0028259738,0.0026645858
/home/yogesh.patel/execution/25_9_2026_PRD_work/OCT2017_Test/test/DRUSEN/DRUSEN-2185112-1.jpeg,2,DRUSEN,DRUSEN,DRUSEN,True,0.0052886424,0.004307526,0.0056943432,0.004876982,0.004504783,0.9668547,0.002611029,0.0058620833
/home/yogesh.patel/execution/25_9_2026_PRD_work/OCT2017_Test/test/DRUSEN/DRUSEN-2185112-2.jpeg,2,DRUSEN,DRUSEN,DRUSEN,True,0.006540665,0.020706154,0.0067844945,0.0061873966,0.0040653725,0.9437151,0.0016632163,0.0103376135
/home/yogesh.patel/execution/25_9_2026_PRD_work/OCT2017_Test/test/DRUSEN/DRUSEN-2232211-1.jpeg,2,DRUSEN,DRUSEN,DRUSEN,True,0.0044933455,0.0028444438,0.005494099,0.012258249,0.0070092394,0.9609987,0.003508529,0.0033934119
/home/yogesh.patel/execution/25_9_2026_PRD_work/OCT2017_Test/test/DRUSEN/DRUSEN-2253582-1.jpeg,2,DRUSEN,DRUSEN,DRUSEN,True,0.010472519,0.034151502,0.012944717,0.023182938,0.014233576,0.8927767,0.00832924,0.0039087497
/home/yogesh.patel/execution/25_9_2026_PRD_work/OCT2017_Test/test/DRUSEN/DRUSEN-2257047-1.jpeg,2,DRUSEN,DRUSEN,DRUSEN,True,0.006278831,0.043788016,0.00948436,0.0077172522,0.009479821,0.91314733,0.005370013,0.0047343806
/home/yogesh.patel/execution/25_9_2026_PRD_work/OCT2017_Test/test/DRUSEN/DRUSEN-2257047-2.jpeg,2,DRUSEN,DRUSEN,DRUSEN,True,0.008175479,0.010532214,0.009146184,0.0046439846,0.006164952,0.95465577,0.0034977964,0.003183579
/home/yogesh.patel/execution/25_9_2026_PRD_work/OCT2017_Test/test/DRUSEN/DRUSEN-2257047-3.jpeg,2,DRUSEN,DRUSEN,DRUSEN,True,0.0054311873,0.0059121326,0.0062353364,0.0077559403,0.007321677,0.95671433,0.003636105,0.006993266
/home/yogesh.patel/execution/25_9_2026_PRD_work/OCT2017_Test/test/DRUSEN/DRUSEN-2257047-4.jpeg,2,DRUSEN,DRUSEN,DRUSEN,True,0.011258501,0.026400404,0.012542098,0.010499263,0.012788324,0.9150396,0.007021956,0.004449767
/home/yogesh.patel/execution/25_9_2026_PRD_work/OCT2017_Test/test/DRUSEN/DRUSEN-2257047-5.jpeg,2,DRUSEN,DRUSEN,DRUSEN,True,0.008161826,0.0078111505,0.01032121,0.009346,0.00831388,0.9464942,0.005403752,0.0041479585
/home/yogesh.patel/execution/25_9_2026_PRD_work/OCT2017_Test/test/DRUSEN/DRUSEN-2257047-6.jpeg,2,DRUSEN,DRUSEN,DRUSEN,True,0.012665908,0.040298685,0.0122643765,0.0135133555,0.012635818,0.89698327,0.008644885,0.0029937502
/home/yogesh.patel/execution/25_9_2026_PRD_work/OCT2017_Test/test/DRUSEN/DRUSEN-2257047-7.jpeg,2,DRUSEN,DRUSEN,DRUSEN,True,0.011569984,0.021637967,0.010706111,0.01245024,0.0096296435,0.9242144,0.007023211,0.002768524
/home/yogesh.patel/execution/25_9_2026_PRD_work/OCT2017_Test/test/DRUSEN/DRUSEN-2257047-8.jpeg,2,DRUSEN,DRUSEN,DRUSEN,True,0.008008951,0.020827265,0.0117791025,0.008531606,0.011309586,0.9275276,0.0071131093,0.0049028783
/home/yogesh.patel/execution/25_9_2026_PRD_work/OCT2017_Test/test/DRUSEN/DRUSEN-228939-1.jpeg,2,DRUSEN,DRUSEN,DRUSEN,True,0.007934977,0.0077740313,0.009571579,0.018405752,0.008730536,0.94066155,0.0040789843,0.0028425977
/home/yogesh.patel/execution/25_9_2026_PRD_work/OCT2017_Test/test/DRUSEN/DRUSEN-228939-2.jpeg,2,DRUSEN,DRUSEN,DRUSEN,True,0.008743272,0.008496804,0.011213038,0.016751602,0.009194257,0.93751544,0.0051555387,0.0029301646
/home/yogesh.patel/execution/25_9_2026_PRD_work/OCT2017_Test/test/DRUSEN/DRUSEN-2308158-1.jpeg,2,DRUSEN,DRUSEN,DRUSEN,True,0.0033638116,0.0058320137,0.008453984,0.0030859634,0.004786974,0.9670456,0.004034486,0.0033972545
/home/yogesh.patel/execution/25_9_2026_PRD_work/OCT2017_Test/test/DRUSEN/DRUSEN-2403178-1.jpeg,2,DRUSEN,DRUSEN,DRUSEN,True,0.012847384,0.30917928,0.013267794,0.012401513,0.024582494,0.6092828,0.0105032185,0.007935568
/home/yogesh.patel/execution/25_9_2026_PRD_work/OCT2017_Test/test/DRUSEN/DRUSEN-2403178-2.jpeg,2,DRUSEN,CNV,CNV,False,0.013306472,0.49068767,0.009658502,0.0046528317,0.011873906,0.4590803,0.008058454,0.0026819177
/home/yogesh.patel/execution/25_9_2026_PRD_work/OCT2017_Test/test/DRUSEN/DRUSEN-2403178-3.jpeg,2,DRUSEN,DRUSEN,DRUSEN,True,0.008693984,0.007974442,0.008888971,0.011224161,0.009732859,0.945744,0.005480503,0.0022610656
/home/yogesh.patel/execution/25_9_2026_PRD_work/OCT2017_Test/test/DRUSEN/DRUSEN-2403178-4.jpeg,2,DRUSEN,DRUSEN,DRUSEN,True,0.007998222,0.051285427,0.011290978,0.01235513,0.015180134,0.88808554,0.0073370086,0.0064676018
/home/yogesh.patel/execution/25_9_2026_PRD_work/OCT2017_Test/test/DRUSEN/DRUSEN-2403178-5.jpeg,2,DRUSEN,DRUSEN,DRUSEN,True,0.004978169,0.0044739367,0.00599301,0.007686285,0.0063310815,0.9629826,0.003187832,0.004367128
/home/yogesh.patel/execution/25_9_2026_PRD_work/OCT2017_Test/test/DRUSEN/DRUSEN-2403178-6.jpeg,2,DRUSEN,DRUSEN,DRUSEN,True,0.008748912,0.012703524,0.010655347,0.01238762,0.008891078,0.93719906,0.005951844,0.0034626299
/home/yogesh.patel/execution/25_9_2026_PRD_work/OCT2017_Test/test/DRUSEN/DRUSEN-2443068-1.jpeg,2,DRUSEN,DRUSEN,DRUSEN,True,0.0078874035,0.0053692963,0.010729937,0.007577614,0.01127586,0.9463296,0.0046988167,0.006131522
/home/yogesh.patel/execution/25_9_2026_PRD_work/OCT2017_Test/test/DRUSEN/DRUSEN-2489093-1.jpeg,2,DRUSEN,DRUSEN,DRUSEN,True,0.0057601016,0.006589937,0.0056267222,0.0065063457,0.00681718,0.9603146,0.003713474,0.004671564
/home/yogesh.patel/execution/25_9_2026_PRD_work/OCT2017_Test/test/DRUSEN/DRUSEN-2489093-2.jpeg,2,DRUSEN,DRUSEN,DRUSEN,True,0.009405326,0.005940864,0.0073103313,0.016680483,0.006921567,0.9464469,0.0042067915,0.003087738
/home/yogesh.patel/execution/25_9_2026_PRD_work/OCT2017_Test/test/DRUSEN/DRUSEN-2510299-1.jpeg,2,DRUSEN,DRUSEN,DRUSEN,True,0.010074936,0.10000004,0.01454642,0.0061952546,0.0073678354,0.84921795,0.007917592,0.004679991
/home/yogesh.patel/execution/25_9_2026_PRD_work/OCT2017_Test/test/DRUSEN/DRUSEN-2510299-2.jpeg,2,DRUSEN,DRUSEN,DRUSEN,True,0.0057484517,0.03150544,0.007841923,0.01008992,0.008789857,0.9287384,0.0047133723,0.0025726708
/home/yogesh.patel/execution/25_9_2026_PRD_work/OCT2017_Test/test/DRUSEN/DRUSEN-2541184-1.jpeg,2,DRUSEN,DRUSEN,DRUSEN,True,0.0071126996,0.0049394765,0.0066660773,0.008399912,0.0068746908,0.9573663,0.0045145447,0.0041263746
/home/yogesh.patel/execution/25_9_2026_PRD_work/OCT2017_Test/test/DRUSEN/DRUSEN-2785977-1.jpeg,2,DRUSEN,DRUSEN,DRUSEN,True,0.008477617,0.013041958,0.010457004,0.010961287,0.011470303,0.93601054,0.0056795785,0.003901718
/home/yogesh.patel/execution/25_9_2026_PRD_work/OCT2017_Test/test/DRUSEN/DRUSEN-2951435-1.jpeg,2,DRUSEN,DRUSEN,DRUSEN,True,0.0057178712,0.017014224,0.006997406,0.010159788,0.0059234,0.9473704,0.0032241137,0.003592806
/home/yogesh.patel/execution/25_9_2026_PRD_work/OCT2017_Test/test/DRUSEN/DRUSEN-3017923-1.jpeg,2,DRUSEN,DRUSEN,DRUSEN,True,0.0074137636,0.011129515,0.0085952375,0.008021899,0.008489269,0.9483723,0.0037391006,0.004238936
/home/yogesh.patel/execution/25_9_2026_PRD_work/OCT2017_Test/test/DRUSEN/DRUSEN-303435-1.jpeg,2,DRUSEN,DRUSEN,DRUSEN,True,0.004425722,0.0019365181,0.004691199,0.008362308,0.004843697,0.96878886,0.0019323903,0.0050192755
/home/yogesh.patel/execution/25_9_2026_PRD_work/OCT2017_Test/test/DRUSEN/DRUSEN-3214955-1.jpeg,2,DRUSEN,DRUSEN,DRUSEN,True,0.005331672,0.0058607357,0.0072063087,0.0056318054,0.0057647442,0.96240526,0.00224845,0.00555109
/home/yogesh.patel/execution/25_9_2026_PRD_work/OCT2017_Test/test/DRUSEN/DRUSEN-3241692-1.jpeg,2,DRUSEN,DRUSEN,DRUSEN,True,0.006957224,0.012799949,0.0070306263,0.0077910414,0.007160758,0.9520378,0.0028221009,0.0034004534
/home/yogesh.patel/execution/25_9_2026_PRD_work/OCT2017_Test/test/DRUSEN/DRUSEN-3276918-1.jpeg,2,DRUSEN,DRUSEN,DRUSEN,True,0.006886374,0.005982934,0.008945904,0.010825608,0.008324781,0.95086545,0.004404057,0.0037649097
/home/yogesh.patel/execution/25_9_2026_PRD_work/OCT2017_Test/test/DRUSEN/DRUSEN-3276918-2.jpeg,2,DRUSEN,DRUSEN,DRUSEN,True,0.012379533,0.013322058,0.010374744,0.017249776,0.011110268,0.9244498,0.006789469,0.0043243524
/home/yogesh.patel/execution/25_9_2026_PRD_work/OCT2017_Test/test/DRUSEN/DRUSEN-3317878-1.jpeg,2,DRUSEN,DRUSEN,DRUSEN,True,0.00860252,0.00908143,0.011109045,0.010943243,0.009012776,0.940488,0.007500698,0.0032623163
/home/yogesh.patel/execution/25_9_2026_PRD_work/OCT2017_Test/test/DRUSEN/DRUSEN-3424668-1.jpeg,2,DRUSEN,DRUSEN,DRUSEN,True,0.009443749,0.017345073,0.009889402,0.01919698,0.009655557,0.9260177,0.005661855,0.0027896813
/home/yogesh.patel/execution/25_9_2026_PRD_work/OCT2017_Test/test/DRUSEN/DRUSEN-3424668-2.jpeg,2,DRUSEN,DRUSEN,DRUSEN,True,0.010224763,0.03643599,0.012544726,0.011324611,0.012766532,0.9053923,0.007892198,0.003418857
/home/yogesh.patel/execution/25_9_2026_PRD_work/OCT2017_Test/test/DRUSEN/DRUSEN-3424668-3.jpeg,2,DRUSEN,DRUSEN,DRUSEN,True,0.0063924007,0.031168101,0.008989713,0.00504695,0.00395547,0.9361878,0.005425305,0.0028341282
/home/yogesh.patel/execution/25_9_2026_PRD_work/OCT2017_Test/test/DRUSEN/DRUSEN-3424668-4.jpeg,2,DRUSEN,DRUSEN,DRUSEN,True,0.011878837,0.022368673,0.009165349,0.013932009,0.009354445,0.9241927,0.004410429,0.0046976265
/home/yogesh.patel/execution/25_9_2026_PRD_work/OCT2017_Test/test/DRUSEN/DRUSEN-3439251-1.jpeg,2,DRUSEN,DRUSEN,DRUSEN,True,0.003876367,0.009864526,0.00661741,0.0056576263,0.0050656945,0.96420175,0.0019664976,0.0027500833
/home/yogesh.patel/execution/25_9_2026_PRD_work/OCT2017_Test/test/DRUSEN/DRUSEN-3439251-2.jpeg,2,DRUSEN,DRUSEN,DRUSEN,True,0.0123154335,0.03466686,0.013785018,0.012156856,0.018788517,0.8966871,0.0074729905,0.004127198
/home/yogesh.patel/execution/25_9_2026_PRD_work/OCT2017_Test/test/DRUSEN/DRUSEN-3482415-1.jpeg,2,DRUSEN,DRUSEN,DRUSEN,True,0.006254464,0.0065855742,0.0059190444,0.009942393,0.0051225056,0.9599864,0.003696828,0.002492725
/home/yogesh.patel/execution/25_9_2026_PRD_work/OCT2017_Test/test/DRUSEN/DRUSEN-349021-1.jpeg,2,DRUSEN,DRUSEN,DRUSEN,True,0.013541411,0.04461578,0.013416083,0.016806431,0.013976872,0.8869828,0.0075149788,0.003145609
/home/yogesh.patel/execution/25_9_2026_PRD_work/OCT2017_Test/test/DRUSEN/DRUSEN-349021-2.jpeg,2,DRUSEN,DRUSEN,DRUSEN,True,0.0123091005,0.062025905,0.012499477,0.015053584,0.012799812,0.873276,0.008730491,0.0033056906
/home/yogesh.patel/execution/25_9_2026_PRD_work/OCT2017_Test/test/DRUSEN/DRUSEN-3571629-1.jpeg,2,DRUSEN,DRUSEN,DRUSEN,True,0.0065934807,0.009203161,0.007902277,0.009877633,0.0076897563,0.951333,0.004156785,0.003243997
/home/yogesh.patel/execution/25_9_2026_PRD_work/OCT2017_Test/test/DRUSEN/DRUSEN-364469-1.jpeg,2,DRUSEN,DRUSEN,DRUSEN,True,0.0078049223,0.022435484,0.009584832,0.009844353,0.012109998,0.92849606,0.0056224633,0.004101939
/home/yogesh.patel/execution/25_9_2026_PRD_work/OCT2017_Test/test/DRUSEN/DRUSEN-364469-2.jpeg,2,DRUSEN,DRUSEN,DRUSEN,True,0.006272573,0.007943356,0.010624431,0.008091718,0.009922755,0.9477032,0.0048395703,0.004602441
/home/yogesh.patel/execution/25_9_2026_PRD_work/OCT2017_Test/test/DRUSEN/DRUSEN-364469-3.jpeg,2,DRUSEN,DRUSEN,DRUSEN,True,0.011057879,0.008275529,0.009178431,0.01137382,0.00792514,0.9418691,0.006178919,0.00414129
/home/yogesh.patel/execution/25_9_2026_PRD_work/OCT2017_Test/test/DRUSEN/DRUSEN-364469-4.jpeg,2,DRUSEN,DRUSEN,DRUSEN,True,0.010923306,0.011134401,0.010023345,0.015116753,0.011049901,0.9290564,0.007193789,0.0055021327
/home/yogesh.patel/execution/25_9_2026_PRD_work/OCT2017_Test/test/DRUSEN/DRUSEN-4240777-1.jpeg,2,DRUSEN,DRUSEN,DRUSEN,True,0.008026294,0.0060549174,0.007643702,0.018385079,0.008486242,0.9436719,0.004920665,0.0028111779
/home/yogesh.patel/execution/25_9_2026_PRD_work/OCT2017_Test/test/DRUSEN/DRUSEN-4291972-1.jpeg,2,DRUSEN,DRUSEN,DRUSEN,True,0.01203259,0.07638591,0.011995125,0.014496651,0.016077317,0.8562218,0.009995079,0.0027955845
/home/yogesh.patel/execution/25_9_2026_PRD_work/OCT2017_Test/test/DRUSEN/DRUSEN-4293095-1.jpeg,2,DRUSEN,DRUSEN,DRUSEN,True,0.0070615024,0.018542435,0.0075154826,0.0092917355,0.005818799,0.94422007,0.0035096067,0.0040403493
/home/yogesh.patel/execution/25_9_2026_PRD_work/OCT2017_Test/test/DRUSEN/DRUSEN-4293095-2.jpeg,2,DRUSEN,DRUSEN,DRUSEN,True,0.0041851834,0.008282662,0.0060741203,0.005151805,0.005598467,0.9640742,0.0020358807,0.004597847
/home/yogesh.patel/execution/25_9_2026_PRD_work/OCT2017_Test/test/DRUSEN/DRUSEN-4304015-1.jpeg,2,DRUSEN,DRUSEN,DRUSEN,True,0.013490652,0.030549549,0.011917267,0.011622895,0.01122006,0.91280496,0.006405657,0.0019889567
/home/yogesh.patel/execution/25_9_2026_PRD_work/OCT2017_Test/test/DRUSEN/DRUSEN-4314625-1.jpeg,2,DRUSEN,DRUSEN,DRUSEN,True,0.008024529,0.020843651,0.010209299,0.0054650484,0.0089443335,0.93554604,0.0070138182,0.0039532706
/home/yogesh.patel/execution/25_9_2026_PRD_work/OCT2017_Test/test/DRUSEN/DRUSEN-4343867-1.jpeg,2,DRUSEN,DRUSEN,DRUSEN,True,0.0051989635,0.034523845,0.007369835,0.0048134904,0.007215314,0.9324737,0.0036520476,0.0047526998
/home/yogesh.patel/execution/25_9_2026_PRD_work/OCT2017_Test/test/DRUSEN/DRUSEN-4343867-2.jpeg,2,DRUSEN,DRUSEN,DRUSEN,True,0.012672277,0.019667463,0.00769879,0.017549984,0.011753497,0.92032725,0.006970932,0.003359805
/home/yogesh.patel/execution/25_9_2026_PRD_work/OCT2017_Test/test/DRUSEN/DRUSEN-4379246-1.jpeg,2,DRUSEN,DRUSEN,DRUSEN,True,0.008490291,0.022162016,0.010770102,0.012540648,0.010405371,0.92556065,0.006288829,0.003781996
/home/yogesh.patel/execution/25_9_2026_PRD_work/OCT2017_Test/test/DRUSEN/DRUSEN-4379246-2.jpeg,2,DRUSEN,DRUSEN,DRUSEN,True,0.008046033,0.030202286,0.012061312,0.009689485,0.011517461,0.9201846,0.00491515,0.0033837045
/home/yogesh.patel/execution/25_9_2026_PRD_work/OCT2017_Test/test/DRUSEN/DRUSEN-457907-1.jpeg,2,DRUSEN,DRUSEN,DRUSEN,True,0.0066904956,0.033332564,0.0066821035,0.008928984,0.008252261,0.9258428,0.006316587,0.003954114
/home/yogesh.patel/execution/25_9_2026_PRD_work/OCT2017_Test/test/DRUSEN/DRUSEN-4666680-1.jpeg,2,DRUSEN,DRUSEN,DRUSEN,True,0.0044759694,0.0058395187,0.00779423,0.004775039,0.005771175,0.9640519,0.0033746457,0.003917537
/home/yogesh.patel/execution/25_9_2026_PRD_work/OCT2017_Test/test/DRUSEN/DRUSEN-4666680-2.jpeg,2,DRUSEN,DRUSEN,DRUSEN,True,0.006410362,0.0046360004,0.008291753,0.009212677,0.006886976,0.95710534,0.0050550853,0.0024018704
/home/yogesh.patel/execution/25_9_2026_PRD_work/OCT2017_Test/test/DRUSEN/DRUSEN-4696998-1.jpeg,2,DRUSEN,DRUSEN,DRUSEN,True,0.0099092135,0.0083506005,0.0095760515,0.009082425,0.0065292753,0.9482444,0.005466752,0.002841268
/home/yogesh.patel/execution/25_9_2026_PRD_work/OCT2017_Test/test/DRUSEN/DRUSEN-4878077-1.jpeg,2,DRUSEN,DRUSEN,DRUSEN,True,0.010271883,0.02866175,0.007992502,0.008449619,0.006538185,0.9300974,0.0052641514,0.0027246415
/home/yogesh.patel/execution/25_9_2026_PRD_work/OCT2017_Test/test/DRUSEN/DRUSEN-4878077-2.jpeg,2,DRUSEN,DRUSEN,DRUSEN,True,0.0066725295,0.004549168,0.0074283704,0.010431089,0.007324043,0.9552946,0.004400404,0.0038997638
/home/yogesh.patel/execution/25_9_2026_PRD_work/OCT2017_Test/test/DRUSEN/DRUSEN-4878077-3.jpeg,2,DRUSEN,DRUSEN,DRUSEN,True,0.0039938265,0.0020262287,0.0048568887,0.008434438,0.006062371,0.9654849,0.0021563906,0.0069849337
/home/yogesh.patel/execution/25_9_2026_PRD_work/OCT2017_Test/test/DRUSEN/DRUSEN-4878077-4.jpeg,2,DRUSEN,DRUSEN,DRUSEN,True,0.0050876765,0.010913286,0.010096307,0.007600943,0.0066973604,0.95219886,0.003926208,0.0034793615
/home/yogesh.patel/execution/25_9_2026_PRD_work/OCT2017_Test/test/DRUSEN/DRUSEN-4878077-5.jpeg,2,DRUSEN,DRUSEN,DRUSEN,True,0.005513729,0.0044272696,0.0074485694,0.008910286,0.0061931396,0.9603967,0.0035609158,0.0035494154
/home/yogesh.patel/execution/25_9_2026_PRD_work/OCT2017_Test/test/DRUSEN/DRUSEN-4878077-6.jpeg,2,DRUSEN,DRUSEN,DRUSEN,True,0.0068646353,0.009440053,0.00736412,0.0140076615,0.008301018,0.946238,0.003553733,0.004230835
/home/yogesh.patel/execution/25_9_2026_PRD_work/OCT2017_Test/test/DRUSEN/DRUSEN-4904794-1.jpeg,2,DRUSEN,DRUSEN,DRUSEN,True,0.0063349353,0.0084094005,0.0067333216,0.0072735823,0.005677755,0.9573335,0.004192351,0.0040451866
/home/yogesh.patel/execution/25_9_2026_PRD_work/OCT2017_Test/test/DRUSEN/DRUSEN-4951152-1.jpeg,2,DRUSEN,DRUSEN,DRUSEN,True,0.00483176,0.01578163,0.007691146,0.008199451,0.0057444056,0.95032465,0.0043436186,0.0030834167
/home/yogesh.patel/execution/25_9_2026_PRD_work/OCT2017_Test/test/DRUSEN/DRUSEN-4973287-1.jpeg,2,DRUSEN,DRUSEN,DRUSEN,True,0.00684651,0.008769279,0.009463126,0.010523267,0.008132305,0.9481401,0.0040727267,0.0040527144
/home/yogesh.patel/execution/25_9_2026_PRD_work/OCT2017_Test/test/DRUSEN/DRUSEN-5094722-1.jpeg,2,DRUSEN,DRUSEN,DRUSEN,True,0.010063188,0.025850426,0.0124646155,0.010919114,0.013103392,0.91709995,0.007959472,0.0025398473
/home/yogesh.patel/execution/25_9_2026_PRD_work/OCT2017_Test/test/DRUSEN/DRUSEN-525301-1.jpeg,2,DRUSEN,DRUSEN,DRUSEN,True,0.007950556,0.008624551,0.01001016,0.008853354,0.01187959,0.94388694,0.005134619,0.0036601871
/home/yogesh.patel/execution/25_9_2026_PRD_work/OCT2017_Test/test/DRUSEN/DRUSEN-5331157-1.jpeg,2,DRUSEN,DRUSEN,DRUSEN,True,0.018640792,0.04098987,0.011355209,0.020446552,0.014677942,0.8815302,0.008856393,0.0035029817
/home/yogesh.patel/execution/25_9_2026_PRD_work/OCT2017_Test/test/DRUSEN/DRUSEN-538779-1.jpeg,2,DRUSEN,DRUSEN,DRUSEN,True,0.0068179434,0.006989178,0.010718323,0.012890735,0.009181088,0.9435616,0.006739039,0.003102031
/home/yogesh.patel/execution/25_9_2026_PRD_work/OCT2017_Test/test/DRUSEN/DRUSEN-5443411-1.jpeg,2,DRUSEN,DRUSEN,DRUSEN,True,0.0034959298,0.019988308,0.007993605,0.0051743286,0.004039044,0.95261514,0.0034832768,0.003210451
/home/yogesh.patel/execution/25_9_2026_PRD_work/OCT2017_Test/test/DRUSEN/DRUSEN-5477211-1.jpeg,2,DRUSEN,DRUSEN,DRUSEN,True,0.0034007828,0.005471621,0.0060782745,0.0081851315,0.0047860863,0.9621962,0.0021009692,0.0077810176
/home/yogesh.patel/execution/25_9_2026_PRD_work/OCT2017_Test/test/DRUSEN/DRUSEN-5477211-2.jpeg,2,DRUSEN,DRUSEN,DRUSEN,True,0.007801297,0.013561128,0.0065250252,0.009328928,0.005989062,0.9494834,0.004252934,0.0030581828
/home/yogesh.patel/execution/25_9_2026_PRD_work/OCT2017_Test/test/DRUSEN/DRUSEN-5710007-1.jpeg,2,DRUSEN,DRUSEN,DRUSEN,True,0.0046730693,0.0032923028,0.0064867036,0.008704541,0.0056849336,0.96412855,0.0024852243,0.004544602
/home/yogesh.patel/execution/25_9_2026_PRD_work/OCT2017_Test/test/DRUSEN/DRUSEN-5710007-2.jpeg,2,DRUSEN,DRUSEN,DRUSEN,True,0.0027932748,0.0032588667,0.007176704,0.0038249188,0.0044864113,0.9669411,0.001714101,0.009804654
/home/yogesh.patel/execution/25_9_2026_PRD_work/OCT2017_Test/test/DRUSEN/DRUSEN-5753467-1.jpeg,2,DRUSEN,DRUSEN,DRUSEN,True,0.008294062,0.0048124893,0.0052347067,0.014765634,0.0061305887,0.9546411,0.0037493415,0.0023720204
/home/yogesh.patel/execution/25_9_2026_PRD_work/OCT2017_Test/test/DRUSEN/DRUSEN-5801431-1.jpeg,2,DRUSEN,DRUSEN,DRUSEN,True,0.0066874376,0.013614487,0.0071917814,0.008613566,0.006035475,0.94850624,0.0048986897,0.0044524153
/home/yogesh.patel/execution/25_9_2026_PRD_work/OCT2017_Test/test/DRUSEN/DRUSEN-584218-1.jpeg,2,DRUSEN,DRUSEN,DRUSEN,True,0.01034926,0.041663762,0.0112233395,0.008740049,0.011586848,0.90747076,0.0054585002,0.0035075245
/home/yogesh.patel/execution/25_9_2026_PRD_work/OCT2017_Test/test/DRUSEN/DRUSEN-5864720-1.jpeg,2,DRUSEN,DRUSEN,DRUSEN,True,0.0057087797,0.015063282,0.008110995,0.00843913,0.009161502,0.9444633,0.005066144,0.003986893
/home/yogesh.patel/execution/25_9_2026_PRD_work/OCT2017_Test/test/DRUSEN/DRUSEN-5864720-2.jpeg,2,DRUSEN,DRUSEN,DRUSEN,True,0.0039764084,0.013574723,0.007214817,0.006716729,0.007411211,0.95436263,0.0026264612,0.004116964
/home/yogesh.patel/execution/25_9_2026_PRD_work/OCT2017_Test/test/DRUSEN/DRUSEN-5929729-1.jpeg,2,DRUSEN,DRUSEN,DRUSEN,True,0.0025406054,0.014183054,0.0046142386,0.0022468602,0.0020472456,0.96658707,0.001566387,0.0062146136
/home/yogesh.patel/execution/25_9_2026_PRD_work/OCT2017_Test/test/DRUSEN/DRUSEN-609387-1.jpeg,2,DRUSEN,DRUSEN,DRUSEN,True,0.006728539,0.011374801,0.012817214,0.009140948,0.01108752,0.9397736,0.005803849,0.0032736005
/home/yogesh.patel/execution/25_9_2026_PRD_work/OCT2017_Test/test/DRUSEN/DRUSEN-609387-2.jpeg,2,DRUSEN,DRUSEN,DRUSEN,True,0.0063278517,0.009776973,0.010429149,0.011344684,0.008208968,0.9455711,0.005433807,0.0029074063
/home/yogesh.patel/execution/25_9_2026_PRD_work/OCT2017_Test/test/DRUSEN/DRUSEN-609387-3.jpeg,2,DRUSEN,DRUSEN,DRUSEN,True,0.008444416,0.027335782,0.009683136,0.016915359,0.010113195,0.91832936,0.005936937,0.0032418426
/home/yogesh.patel/execution/25_9_2026_PRD_work/OCT2017_Test/test/DRUSEN/DRUSEN-6190971-1.jpeg,2,DRUSEN,DRUSEN,DRUSEN,True,0.007040673,0.014831705,0.009578886,0.0043644863,0.006136008,0.949197,0.0052134166,0.0036379097
/home/yogesh.patel/execution/25_9_2026_PRD_work/OCT2017_Test/test/DRUSEN/DRUSEN-6190971-2.jpeg,2,DRUSEN,DRUSEN,DRUSEN,True,0.008569782,0.009795394,0.012595971,0.012709498,0.008594327,0.93797934,0.0066768113,0.0030789478
/home/yogesh.patel/execution/25_9_2026_PRD_work/OCT2017_Test/test/DRUSEN/DRUSEN-6193297-1.jpeg,2,DRUSEN,DRUSEN,DRUSEN,True,0.005790877,0.013488027,0.008499178,0.00950842,0.006219415,0.94893885,0.004102556,0.0034526528
/home/yogesh.patel/execution/25_9_2026_PRD_work/OCT2017_Test/test/DRUSEN/DRUSEN-6193297-2.jpeg,2,DRUSEN,DRUSEN,DRUSEN,True,0.004956872,0.0037965467,0.005145513,0.010037844,0.0057370304,0.9631594,0.0025759998,0.004590787
/home/yogesh.patel/execution/25_9_2026_PRD_work/OCT2017_Test/test/DRUSEN/DRUSEN-6193297-3.jpeg,2,DRUSEN,DRUSEN,DRUSEN,True,0.0060073393,0.006351223,0.009266528,0.018078197,0.0077980477,0.9452346,0.0034829157,0.003781185
/home/yogesh.patel/execution/25_9_2026_PRD_work/OCT2017_Test/test/DRUSEN/DRUSEN-6193297-4.jpeg,2,DRUSEN,DRUSEN,DRUSEN,True,0.005285146,0.011072749,0.0073034926,0.005522198,0.005551964,0.95877445,0.0025103663,0.0039796224
/home/yogesh.patel/execution/25_9_2026_PRD_work/OCT2017_Test/test/DRUSEN/DRUSEN-6193297-5.jpeg,2,DRUSEN,DRUSEN,DRUSEN,True,0.004440731,0.0055316626,0.0058156797,0.009466705,0.00466248,0.96299535,0.0029410562,0.004146308
/home/yogesh.patel/execution/25_9_2026_PRD_work/OCT2017_Test/test/DRUSEN/DRUSEN-6264369-1.jpeg,2,DRUSEN,DRUSEN,DRUSEN,True,0.0059060026,0.007927548,0.006418194,0.0078072143,0.0059816698,0.95902205,0.0024285235,0.004508771
/home/yogesh.patel/execution/25_9_2026_PRD_work/OCT2017_Test/test/DRUSEN/DRUSEN-7064008-1.jpeg,2,DRUSEN,DRUSEN,DRUSEN,True,0.007595283,0.009658133,0.009849468,0.009064549,0.009766186,0.94421804,0.0065608476,0.0032874092
/home/yogesh.patel/execution/25_9_2026_PRD_work/OCT2017_Test/test/DRUSEN/DRUSEN-7199590-1.jpeg,2,DRUSEN,DRUSEN,DRUSEN,True,0.0064895805,0.020113077,0.008707986,0.011865143,0.010794797,0.9354346,0.003147395,0.0034474668
/home/yogesh.patel/execution/25_9_2026_PRD_work/OCT2017_Test/test/DRUSEN/DRUSEN-732516-1.jpeg,2,DRUSEN,DRUSEN,DRUSEN,True,0.011374537,0.023221178,0.008887976,0.01445132,0.008932136,0.9249118,0.0053992295,0.0028218573
/home/yogesh.patel/execution/25_9_2026_PRD_work/OCT2017_Test/test/DRUSEN/DRUSEN-732516-2.jpeg,2,DRUSEN,DRUSEN,DRUSEN,True,0.009425088,0.039239883,0.009277462,0.01106022,0.008287175,0.9138834,0.0059063295,0.0029203354
/home/yogesh.patel/execution/25_9_2026_PRD_work/OCT2017_Test/test/DRUSEN/DRUSEN-732516-3.jpeg,2,DRUSEN,DRUSEN,DRUSEN,True,0.0074014347,0.009342019,0.010187533,0.009136209,0.0085460115,0.94774604,0.0043001617,0.0033405374
/home/yogesh.patel/execution/25_9_2026_PRD_work/OCT2017_Test/test/DRUSEN/DRUSEN-7345121-1.jpeg,2,DRUSEN,DRUSEN,DRUSEN,True,0.009245401,0.07029205,0.009940444,0.014542136,0.018402915,0.8622812,0.008063448,0.007232399
/home/yogesh.patel/execution/25_9_2026_PRD_work/OCT2017_Test/test/DRUSEN/DRUSEN-7350225-1.jpeg,2,DRUSEN,DRUSEN,DRUSEN,True,0.008656424,0.007630634,0.009196002,0.014847646,0.009101351,0.94160634,0.005527679,0.003434031
/home/yogesh.patel/execution/25_9_2026_PRD_work/OCT2017_Test/test/DRUSEN/DRUSEN-7373858-1.jpeg,2,DRUSEN,DRUSEN,DRUSEN,True,0.009893929,0.008462576,0.00993584,0.017079988,0.008407337,0.93720835,0.0046979776,0.0043140636
/home/yogesh.patel/execution/25_9_2026_PRD_work/OCT2017_Test/test/DRUSEN/DRUSEN-7393104-1.jpeg,2,DRUSEN,DRUSEN,DRUSEN,True,0.0066816374,0.03927176,0.006103318,0.006714636,0.005882544,0.9266265,0.003194391,0.0055252058
/home/yogesh.patel/execution/25_9_2026_PRD_work/OCT2017_Test/test/DRUSEN/DRUSEN-7513011-1.jpeg,2,DRUSEN,DRUSEN,DRUSEN,True,0.0062367753,0.033347867,0.01049161,0.015248469,0.010809261,0.91529167,0.0034901279,0.005084287
/home/yogesh.patel/execution/25_9_2026_PRD_work/OCT2017_Test/test/DRUSEN/DRUSEN-7555604-1.jpeg,2,DRUSEN,DRUSEN,DRUSEN,True,0.0062769735,0.009455536,0.010079053,0.011372881,0.009032486,0.9454188,0.004792593,0.003571803
/home/yogesh.patel/execution/25_9_2026_PRD_work/OCT2017_Test/test/DRUSEN/DRUSEN-7555604-2.jpeg,2,DRUSEN,DRUSEN,DRUSEN,True,0.007260285,0.062462106,0.010202918,0.0068276916,0.008399995,0.8957261,0.0052982927,0.0038226426
/home/yogesh.patel/execution/25_9_2026_PRD_work/OCT2017_Test/test/DRUSEN/DRUSEN-7557808-1.jpeg,2,DRUSEN,DRUSEN,DRUSEN,True,0.006641067,0.006610415,0.007653433,0.006392456,0.0076662707,0.95741564,0.0040414305,0.0035792731
/home/yogesh.patel/execution/25_9_2026_PRD_work/OCT2017_Test/test/DRUSEN/DRUSEN-7563760-1.jpeg,2,DRUSEN,DRUSEN,DRUSEN,True,0.0032223507,0.002969708,0.005077213,0.0037784528,0.004243916,0.97279614,0.0019120321,0.0060002343
/home/yogesh.patel/execution/25_9_2026_PRD_work/OCT2017_Test/test/DRUSEN/DRUSEN-7675318-1.jpeg,2,DRUSEN,DRUSEN,DRUSEN,True,0.006644356,0.012390057,0.006134549,0.010779687,0.0068088635,0.9504766,0.0029983923,0.0037675267
/home/yogesh.patel/execution/25_9_2026_PRD_work/OCT2017_Test/test/DRUSEN/DRUSEN-7675318-2.jpeg,2,DRUSEN,DRUSEN,DRUSEN,True,0.0048248726,0.01255616,0.005799103,0.008060933,0.0076902383,0.9546341,0.0026804795,0.0037541315
/home/yogesh.patel/execution/25_9_2026_PRD_work/OCT2017_Test/test/DRUSEN/DRUSEN-7710023-1.jpeg,2,DRUSEN,DRUSEN,DRUSEN,True,0.009838934,0.37926656,0.011809019,0.005343712,0.019865314,0.56287897,0.0059703053,0.005027168
/home/yogesh.patel/execution/25_9_2026_PRD_work/OCT2017_Test/test/DRUSEN/DRUSEN-7710023-2.jpeg,2,DRUSEN,DRUSEN,DRUSEN,True,0.005624828,0.034385704,0.010245656,0.006125719,0.009781433,0.9200118,0.0035271572,0.010297691
/home/yogesh.patel/execution/25_9_2026_PRD_work/OCT2017_Test/test/DRUSEN/DRUSEN-7763772-1.jpeg,2,DRUSEN,DRUSEN,DRUSEN,True,0.00796438,0.005442479,0.009275988,0.011989171,0.009931247,0.947747,0.0046808855,0.0029687306
/home/yogesh.patel/execution/25_9_2026_PRD_work/OCT2017_Test/test/DRUSEN/DRUSEN-781814-1.jpeg,2,DRUSEN,DRUSEN,DRUSEN,True,0.006409051,0.00674054,0.0068874056,0.007729552,0.006690812,0.95943886,0.0026354843,0.003468366
/home/yogesh.patel/execution/25_9_2026_PRD_work/OCT2017_Test/test/DRUSEN/DRUSEN-783692-1.jpeg,2,DRUSEN,DRUSEN,DRUSEN,True,0.004255237,0.003064836,0.004977871,0.0042176535,0.0052579725,0.96934366,0.0032910225,0.0055917716
/home/yogesh.patel/execution/25_9_2026_PRD_work/OCT2017_Test/test/DRUSEN/DRUSEN-7915033-1.jpeg,2,DRUSEN,DRUSEN,DRUSEN,True,0.010146789,0.03494329,0.011541895,0.008500867,0.01301073,0.9129019,0.0059316903,0.0030229208
/home/yogesh.patel/execution/25_9_2026_PRD_work/OCT2017_Test/test/DRUSEN/DRUSEN-7915033-2.jpeg,2,DRUSEN,DRUSEN,DRUSEN,True,0.005077827,0.0057468214,0.0049459594,0.007054485,0.0047751744,0.9673188,0.0021863447,0.002894615
/home/yogesh.patel/execution/25_9_2026_PRD_work/OCT2017_Test/test/DRUSEN/DRUSEN-7915033-3.jpeg,2,DRUSEN,DRUSEN,DRUSEN,True,0.0051123626,0.015057025,0.00735117,0.008835587,0.0089101605,0.9480693,0.0034289097,0.0032354419
/home/yogesh.patel/execution/25_9_2026_PRD_work/OCT2017_Test/test/DRUSEN/DRUSEN-8023853-1.jpeg,2,DRUSEN,DRUSEN,DRUSEN,True,0.004371927,0.007775114,0.006708556,0.0045598927,0.0055059902,0.96375364,0.0033795992,0.0039452496
/home/yogesh.patel/execution/25_9_2026_PRD_work/OCT2017_Test/test/DRUSEN/DRUSEN-8039905-1.jpeg,2,DRUSEN,DRUSEN,DRUSEN,True,0.009178689,0.056054253,0.008764541,0.012056578,0.013774739,0.89182496,0.00494667,0.0033995595
/home/yogesh.patel/execution/25_9_2026_PRD_work/OCT2017_Test/test/DRUSEN/DRUSEN-8074563-1.jpeg,2,DRUSEN,DRUSEN,DRUSEN,True,0.006871327,0.0031288904,0.007917992,0.0076244646,0.008308876,0.9584884,0.0029673306,0.0046926755
/home/yogesh.patel/execution/25_9_2026_PRD_work/OCT2017_Test/test/DRUSEN/DRUSEN-8074563-2.jpeg,2,DRUSEN,DRUSEN,DRUSEN,True,0.006479079,0.0025945385,0.00815097,0.008094984,0.0071886107,0.95931727,0.0029702508,0.0052043167
/home/yogesh.patel/execution/25_9_2026_PRD_work/OCT2017_Test/test/DRUSEN/DRUSEN-8074563-3.jpeg,2,DRUSEN,DRUSEN,DRUSEN,True,0.0062665464,0.0030940166,0.005505228,0.008384137,0.0065316563,0.962799,0.002211543,0.005207863
/home/yogesh.patel/execution/25_9_2026_PRD_work/OCT2017_Test/test/DRUSEN/DRUSEN-8086850-1.jpeg,2,DRUSEN,DRUSEN,DRUSEN,True,0.004567726,0.0065020826,0.0073607066,0.005965784,0.006103637,0.9616171,0.0028914476,0.004991421
/home/yogesh.patel/execution/25_9_2026_PRD_work/OCT2017_Test/test/DRUSEN/DRUSEN-8086850-2.jpeg,2,DRUSEN,DRUSEN,DRUSEN,True,0.0042477353,0.0051016007,0.005516635,0.004758007,0.0055196895,0.96573234,0.0020162726,0.007107789
/home/yogesh.patel/execution/25_9_2026_PRD_work/OCT2017_Test/test/DRUSEN/DRUSEN-8086850-3.jpeg,2,DRUSEN,DRUSEN,DRUSEN,True,0.0038434644,0.015269637,0.008393573,0.0070387614,0.005012839,0.9527147,0.003161472,0.004565592
/home/yogesh.patel/execution/25_9_2026_PRD_work/OCT2017_Test/test/DRUSEN/DRUSEN-8086850-4.jpeg,2,DRUSEN,DRUSEN,DRUSEN,True,0.008808317,0.008337212,0.005880603,0.00884428,0.0076857884,0.95369864,0.003293572,0.0034516503
/home/yogesh.patel/execution/25_9_2026_PRD_work/OCT2017_Test/test/DRUSEN/DRUSEN-8086850-5.jpeg,2,DRUSEN,DRUSEN,DRUSEN,True,0.0060615228,0.0046171504,0.0072754445,0.007701451,0.0059899134,0.9613631,0.0032313406,0.0037601588
/home/yogesh.patel/execution/25_9_2026_PRD_work/OCT2017_Test/test/DRUSEN/DRUSEN-8086850-6.jpeg,2,DRUSEN,DRUSEN,DRUSEN,True,0.0035974584,0.012876736,0.0054883915,0.0060469597,0.0049230875,0.95931584,0.001991888,0.0057596234
/home/yogesh.patel/execution/25_9_2026_PRD_work/OCT2017_Test/test/DRUSEN/DRUSEN-8086850-7.jpeg,2,DRUSEN,DRUSEN,DRUSEN,True,0.0066619324,0.0053283926,0.004918081,0.0066808895,0.0066976226,0.9618215,0.002821581,0.0050699464
/home/yogesh.patel/execution/25_9_2026_PRD_work/OCT2017_Test/test/DRUSEN/DRUSEN-8086850-8.jpeg,2,DRUSEN,DRUSEN,DRUSEN,True,0.0059316866,0.004964793,0.0061902357,0.0077705467,0.0070298216,0.95944667,0.003229021,0.0054373275
/home/yogesh.patel/execution/25_9_2026_PRD_work/OCT2017_Test/test/DRUSEN/DRUSEN-8117834-1.jpeg,2,DRUSEN,DRUSEN,DRUSEN,True,0.008942812,0.006841293,0.011195837,0.009764,0.009243439,0.9457251,0.004915316,0.0033721651
/home/yogesh.patel/execution/25_9_2026_PRD_work/OCT2017_Test/test/DRUSEN/DRUSEN-8213975-1.jpeg,2,DRUSEN,DRUSEN,DRUSEN,True,0.012433915,0.05501968,0.0136459675,0.013119137,0.013709008,0.8834701,0.004965867,0.0036362705
/home/yogesh.patel/execution/25_9_2026_PRD_work/OCT2017_Test/test/DRUSEN/DRUSEN-8251771-1.jpeg,2,DRUSEN,DRUSEN,DRUSEN,True,0.008671326,0.023059854,0.008886888,0.008803806,0.007500204,0.93259114,0.006846715,0.0036400447
/home/yogesh.patel/execution/25_9_2026_PRD_work/OCT2017_Test/test/DRUSEN/DRUSEN-8261063-1.jpeg,2,DRUSEN,DRUSEN,DRUSEN,True,0.0066276453,0.0049433913,0.0077468324,0.008254974,0.0075150933,0.95735186,0.0049900017,0.002570149
/home/yogesh.patel/execution/25_9_2026_PRD_work/OCT2017_Test/test/DRUSEN/DRUSEN-8261063-2.jpeg,2,DRUSEN,DRUSEN,DRUSEN,True,0.009874321,0.0062090224,0.00808108,0.016067764,0.00997426,0.94049954,0.00596549,0.0033284556
/home/yogesh.patel/execution/25_9_2026_PRD_work/OCT2017_Test/test/DRUSEN/DRUSEN-8261063-3.jpeg,2,DRUSEN,DRUSEN,DRUSEN,True,0.0047563952,0.002943126,0.0036634938,0.0036823964,0.0033772436,0.9740734,0.003496642,0.004007391
/home/yogesh.patel/execution/25_9_2026_PRD_work/OCT2017_Test/test/DRUSEN/DRUSEN-8261063-4.jpeg,2,DRUSEN,DRUSEN,DRUSEN,True,0.00925836,0.005945555,0.0067817504,0.011535106,0.008523472,0.9501741,0.0050189337,0.002762831
/home/yogesh.patel/execution/25_9_2026_PRD_work/OCT2017_Test/test/DRUSEN/DRUSEN-8261063-5.jpeg,2,DRUSEN,DRUSEN,DRUSEN,True,0.007891373,0.006636889,0.005245572,0.01466831,0.009542776,0.9477047,0.0037888812,0.0045214486
/home/yogesh.patel/execution/25_9_2026_PRD_work/OCT2017_Test/test/DRUSEN/DRUSEN-8261063-6.jpeg,2,DRUSEN,DRUSEN,DRUSEN,True,0.010900668,0.0054467097,0.009030468,0.014730569,0.007980874,0.9437288,0.0050682034,0.0031137955
/home/yogesh.patel/execution/25_9_2026_PRD_work/OCT2017_Test/test/DRUSEN/DRUSEN-8261063-7.jpeg,2,DRUSEN,DRUSEN,DRUSEN,True,0.008837431,0.0041027786,0.0074626044,0.010637436,0.0068490696,0.9544575,0.0044976254,0.0031554627
/home/yogesh.patel/execution/25_9_2026_PRD_work/OCT2017_Test/test/DRUSEN/DRUSEN-827677-1.jpeg,2,DRUSEN,DRUSEN,DRUSEN,True,0.009018393,0.0030692802,0.006949044,0.012599045,0.007237345,0.9528334,0.004642061,0.0036513659
/home/yogesh.patel/execution/25_9_2026_PRD_work/OCT2017_Test/test/DRUSEN/DRUSEN-8281517-1.jpeg,2,DRUSEN,DRUSEN,DRUSEN,True,0.005044858,0.0018037657,0.0047922144,0.003058182,0.004113805,0.9754242,0.003125876,0.0026370368
/home/yogesh.patel/execution/25_9_2026_PRD_work/OCT2017_Test/test/DRUSEN/DRUSEN-8292670-1.jpeg,2,DRUSEN,DRUSEN,DRUSEN,True,0.004928621,0.0035116405,0.0043504406,0.009012762,0.005522671,0.96724695,0.001885878,0.0035410346
/home/yogesh.patel/execution/25_9_2026_PRD_work/OCT2017_Test/test/DRUSEN/DRUSEN-8319985-1.jpeg,2,DRUSEN,DRUSEN,DRUSEN,True,0.0044540963,0.015702467,0.009291137,0.0052952757,0.0040305816,0.95197237,0.0018061841,0.007447845
/home/yogesh.patel/execution/25_9_2026_PRD_work/OCT2017_Test/test/DRUSEN/DRUSEN-8339642-1.jpeg,2,DRUSEN,DRUSEN,DRUSEN,True,0.0057013053,0.0035641554,0.006799641,0.004322841,0.0054300255,0.9645966,0.0038619717,0.005723385
/home/yogesh.patel/execution/25_9_2026_PRD_work/OCT2017_Test/test/DRUSEN/DRUSEN-8345703-1.jpeg,2,DRUSEN,DRUSEN,DRUSEN,True,0.0053359196,0.005653454,0.0065087057,0.0036996608,0.0044871946,0.9687461,0.0032663797,0.0023026078
/home/yogesh.patel/execution/25_9_2026_PRD_work/OCT2017_Test/test/DRUSEN/DRUSEN-8345703-2.jpeg,2,DRUSEN,DRUSEN,DRUSEN,True,0.00436289,0.0022545324,0.0061565056,0.0049332543,0.004281759,0.9694128,0.003874064,0.0047242814
/home/yogesh.patel/execution/25_9_2026_PRD_work/OCT2017_Test/test/DRUSEN/DRUSEN-8351260-1.jpeg,2,DRUSEN,DRUSEN,DRUSEN,True,0.0076254313,0.004741473,0.008971456,0.013558682,0.007853437,0.9497305,0.0040429924,0.0034760726
/home/yogesh.patel/execution/25_9_2026_PRD_work/OCT2017_Test/test/DRUSEN/DRUSEN-8351260-2.jpeg,2,DRUSEN,DRUSEN,DRUSEN,True,0.0070493603,0.004286726,0.0070180143,0.008113071,0.005569092,0.96042156,0.004160876,0.003381295
/home/yogesh.patel/execution/25_9_2026_PRD_work/OCT2017_Test/test/DRUSEN/DRUSEN-8389446-1.jpeg,2,DRUSEN,DRUSEN,DRUSEN,True,0.008750075,0.01945042,0.011662466,0.011596576,0.0101588685,0.926533,0.0072624316,0.004586277
/home/yogesh.patel/execution/25_9_2026_PRD_work/OCT2017_Test/test/DRUSEN/DRUSEN-8389446-2.jpeg,2,DRUSEN,DRUSEN,DRUSEN,True,0.0070197773,0.009068607,0.00980851,0.007387006,0.009648642,0.94659823,0.0047409036,0.005728203
/home/yogesh.patel/execution/25_9_2026_PRD_work/OCT2017_Test/test/DRUSEN/DRUSEN-8389446-3.jpeg,2,DRUSEN,DRUSEN,DRUSEN,True,0.0050159567,0.004004949,0.0071568703,0.0058356686,0.0071530766,0.96220344,0.0040826253,0.0045474637
/home/yogesh.patel/execution/25_9_2026_PRD_work/OCT2017_Test/test/DRUSEN/DRUSEN-8440718-1.jpeg,2,DRUSEN,DRUSEN,DRUSEN,True,0.006125226,0.018887553,0.006846938,0.011166526,0.0104924375,0.93887585,0.004472224,0.0031333144
/home/yogesh.patel/execution/25_9_2026_PRD_work/OCT2017_Test/test/DRUSEN/DRUSEN-8440718-2.jpeg,2,DRUSEN,DRUSEN,DRUSEN,True,0.005184442,0.009198977,0.006433414,0.008040249,0.0074790395,0.9578024,0.003247249,0.0026141559
/home/yogesh.patel/execution/25_9_2026_PRD_work/OCT2017_Test/test/DRUSEN/DRUSEN-8440718-3.jpeg,2,DRUSEN,DRUSEN,DRUSEN,True,0.0054869554,0.0044527603,0.0055001997,0.007458104,0.0054824646,0.96585065,0.0024817649,0.003287185
/home/yogesh.patel/execution/25_9_2026_PRD_work/OCT2017_Test/test/DRUSEN/DRUSEN-8440718-4.jpeg,2,DRUSEN,DRUSEN,DRUSEN,True,0.004945795,0.020500239,0.007308191,0.0065685394,0.0066271042,0.94841295,0.0025469176,0.0030902599
/home/yogesh.patel/execution/25_9_2026_PRD_work/OCT2017_Test/test/DRUSEN/DRUSEN-8440718-5.jpeg,2,DRUSEN,DRUSEN,DRUSEN,True,0.007634102,0.007369106,0.0074855816,0.015628414,0.007554644,0.94876015,0.0029436029,0.0026243553
/home/yogesh.patel/execution/25_9_2026_PRD_work/OCT2017_Test/test/DRUSEN/DRUSEN-8549730-1.jpeg,2,DRUSEN,DRUSEN,DRUSEN,True,0.007538301,0.012824923,0.007943197,0.011159357,0.011897748,0.94206846,0.0033109158,0.0032571051
/home/yogesh.patel/execution/25_9_2026_PRD_work/OCT2017_Test/test/DRUSEN/DRUSEN-8549730-2.jpeg,2,DRUSEN,DRUSEN,DRUSEN,True,0.007978474,0.010879173,0.0074128755,0.010681125,0.011640295,0.9459109,0.0026815503,0.0028156731
/home/yogesh.patel/execution/25_9_2026_PRD_work/OCT2017_Test/test/DRUSEN/DRUSEN-8549730-3.jpeg,2,DRUSEN,DRUSEN,DRUSEN,True,0.006314953,0.0057990868,0.006693873,0.011881231,0.0077474206,0.954518,0.0036838008,0.003361597
/home/yogesh.patel/execution/25_9_2026_PRD_work/OCT2017_Test/test/DRUSEN/DRUSEN-8549730-4.jpeg,2,DRUSEN,DRUSEN,DRUSEN,True,0.008109811,0.09358834,0.0099910945,0.011615144,0.016896237,0.8489478,0.0069790226,0.003872492
/home/yogesh.patel/execution/25_9_2026_PRD_work/OCT2017_Test/test/DRUSEN/DRUSEN-8549730-5.jpeg,2,DRUSEN,DRUSEN,DRUSEN,True,0.0045724222,0.00095822895,0.0042974586,0.011899735,0.0052005476,0.96860206,0.0018830637,0.00258644
/home/yogesh.patel/execution/25_9_2026_PRD_work/OCT2017_Test/test/DRUSEN/DRUSEN-8549730-6.jpeg,2,DRUSEN,DRUSEN,DRUSEN,True,0.007355859,0.014638383,0.007415479,0.032746885,0.007973334,0.9242215,0.002368044,0.0032804532
/home/yogesh.patel/execution/25_9_2026_PRD_work/OCT2017_Test/test/DRUSEN/DRUSEN-8549730-7.jpeg,2,DRUSEN,DRUSEN,DRUSEN,True,0.00983877,0.034414813,0.008687736,0.071275935,0.011216431,0.85735804,0.0028438326,0.004364522
/home/yogesh.patel/execution/25_9_2026_PRD_work/OCT2017_Test/test/DRUSEN/DRUSEN-8577392-1.jpeg,2,DRUSEN,DRUSEN,DRUSEN,True,0.00810953,0.005060765,0.0063034724,0.008615028,0.0056760884,0.9579583,0.0039835167,0.004293324
/home/yogesh.patel/execution/25_9_2026_PRD_work/OCT2017_Test/test/DRUSEN/DRUSEN-8605472-1.jpeg,2,DRUSEN,DRUSEN,DRUSEN,True,0.008300577,0.063943066,0.014592516,0.0092301415,0.012998363,0.8795384,0.0073893606,0.0040076147
/home/yogesh.patel/execution/25_9_2026_PRD_work/OCT2017_Test/test/DRUSEN/DRUSEN-8656509-1.jpeg,2,DRUSEN,DRUSEN,DRUSEN,True,0.0053488207,0.037004437,0.006260652,0.0063680005,0.004314473,0.93418056,0.0031210806,0.003402024
/home/yogesh.patel/execution/25_9_2026_PRD_work/OCT2017_Test/test/DRUSEN/DRUSEN-8708331-1.jpeg,2,DRUSEN,DRUSEN,DRUSEN,True,0.006111513,0.012856342,0.008460693,0.0054894798,0.009839735,0.94904095,0.003329595,0.0048716795
/home/yogesh.patel/execution/25_9_2026_PRD_work/OCT2017_Test/test/DRUSEN/DRUSEN-8811857-1.jpeg,2,DRUSEN,DRUSEN,DRUSEN,True,0.0050426605,0.0032497295,0.006736894,0.0071552265,0.0045136428,0.96608794,0.0032486792,0.0039652158
/home/yogesh.patel/execution/25_9_2026_PRD_work/OCT2017_Test/test/DRUSEN/DRUSEN-8811857-2.jpeg,2,DRUSEN,DRUSEN,DRUSEN,True,0.0033619606,0.005137574,0.0035705403,0.0027503227,0.0031713177,0.97326344,0.0013844079,0.0073603783
/home/yogesh.patel/execution/25_9_2026_PRD_work/OCT2017_Test/test/DRUSEN/DRUSEN-8854406-1.jpeg,2,DRUSEN,DRUSEN,DRUSEN,True,0.0044916514,0.00870887,0.010271951,0.009223747,0.006024688,0.9539308,0.003667689,0.0036806024
/home/yogesh.patel/execution/25_9_2026_PRD_work/OCT2017_Test/test/DRUSEN/DRUSEN-8854406-2.jpeg,2,DRUSEN,DRUSEN,DRUSEN,True,0.008276281,0.0048071346,0.0054853847,0.009273562,0.0025253715,0.9651553,0.0024948956,0.0019819948
/home/yogesh.patel/execution/25_9_2026_PRD_work/OCT2017_Test/test/DRUSEN/DRUSEN-8870525-1.jpeg,2,DRUSEN,DRUSEN,DRUSEN,True,0.008099203,0.031245658,0.010049079,0.007998518,0.01248463,0.9185401,0.0062791323,0.0053037107
/home/yogesh.patel/execution/25_9_2026_PRD_work/OCT2017_Test/test/DRUSEN/DRUSEN-8870525-2.jpeg,2,DRUSEN,CNV,CNV,False,0.0083486745,0.7309295,0.009426573,0.0039760093,0.00977164,0.2268225,0.0071223,0.0036027613
/home/yogesh.patel/execution/25_9_2026_PRD_work/OCT2017_Test/test/DRUSEN/DRUSEN-8870525-3.jpeg,2,DRUSEN,CNV,CNV,False,0.004668605,0.5676802,0.005815603,0.0038076604,0.010088949,0.3999507,0.0050398507,0.0029484495
/home/yogesh.patel/execution/25_9_2026_PRD_work/OCT2017_Test/test/DRUSEN/DRUSEN-9049813-1.jpeg,2,DRUSEN,DRUSEN,DRUSEN,True,0.008290172,0.021168528,0.009759671,0.012358323,0.010742644,0.9292826,0.005305755,0.0030922676
/home/yogesh.patel/execution/25_9_2026_PRD_work/OCT2017_Test/test/DRUSEN/DRUSEN-9059831-1.jpeg,2,DRUSEN,DRUSEN,DRUSEN,True,0.011365026,0.029245414,0.010361631,0.015957693,0.013075945,0.90928966,0.0075339493,0.0031707208
/home/yogesh.patel/execution/25_9_2026_PRD_work/OCT2017_Test/test/DRUSEN/DRUSEN-9059831-2.jpeg,2,DRUSEN,DRUSEN,DRUSEN,True,0.0031529977,0.010060685,0.010251749,0.0017527523,0.00334039,0.9633531,0.005513137,0.0025751875
/home/yogesh.patel/execution/25_9_2026_PRD_work/OCT2017_Test/test/DRUSEN/DRUSEN-907869-1.jpeg,2,DRUSEN,DRUSEN,DRUSEN,True,0.0044709025,0.006614857,0.00573578,0.007845997,0.004753608,0.96321636,0.0027349843,0.004627558
/home/yogesh.patel/execution/25_9_2026_PRD_work/OCT2017_Test/test/DRUSEN/DRUSEN-907869-2.jpeg,2,DRUSEN,DRUSEN,DRUSEN,True,0.0055363444,0.0058723246,0.0072185374,0.005896458,0.007320129,0.95926267,0.0023245038,0.006569016
/home/yogesh.patel/execution/25_9_2026_PRD_work/OCT2017_Test/test/DRUSEN/DRUSEN-9087597-1.jpeg,2,DRUSEN,DRUSEN,DRUSEN,True,0.009800097,0.043145623,0.013132878,0.013244991,0.013863406,0.89604324,0.0066199754,0.0041497764
/home/yogesh.patel/execution/25_9_2026_PRD_work/OCT2017_Test/test/DRUSEN/DRUSEN-9087597-2.jpeg,2,DRUSEN,DRUSEN,DRUSEN,True,0.009954849,0.03345355,0.011016115,0.011037871,0.010202537,0.9157422,0.005890807,0.0027019563
/home/yogesh.patel/execution/25_9_2026_PRD_work/OCT2017_Test/test/DRUSEN/DRUSEN-9155039-1.jpeg,2,DRUSEN,DRUSEN,DRUSEN,True,0.0062084454,0.011900526,0.010112966,0.007830552,0.008990054,0.9415536,0.0062221345,0.0071817995
/home/yogesh.patel/execution/25_9_2026_PRD_work/OCT2017_Test/test/DRUSEN/DRUSEN-9201573-1.jpeg,2,DRUSEN,DRUSEN,DRUSEN,True,0.008602965,0.011893651,0.0071905344,0.008887835,0.008016769,0.9470873,0.004996111,0.0033247664
/home/yogesh.patel/execution/25_9_2026_PRD_work/OCT2017_Test/test/DRUSEN/DRUSEN-9225057-1.jpeg,2,DRUSEN,DRUSEN,DRUSEN,True,0.005092364,0.0036383367,0.0063549066,0.0054091252,0.0057050507,0.9642955,0.0032299205,0.0062748767
/home/yogesh.patel/execution/25_9_2026_PRD_work/OCT2017_Test/test/DRUSEN/DRUSEN-9225057-2.jpeg,2,DRUSEN,DRUSEN,DRUSEN,True,0.0053888536,0.0042323195,0.0070243217,0.0048573883,0.0059828283,0.96615255,0.002498493,0.0038631118
/home/yogesh.patel/execution/25_9_2026_PRD_work/OCT2017_Test/test/DRUSEN/DRUSEN-9280370-1.jpeg,2,DRUSEN,DRUSEN,DRUSEN,True,0.013022958,0.03254684,0.010513958,0.015037763,0.014830328,0.9040845,0.005196302,0.0047672875
/home/yogesh.patel/execution/25_9_2026_PRD_work/OCT2017_Test/test/DRUSEN/DRUSEN-9442692-1.jpeg,2,DRUSEN,DRUSEN,DRUSEN,True,0.007556315,0.005629106,0.0074240696,0.010752705,0.008760716,0.95152193,0.0039757737,0.0043793386
/home/yogesh.patel/execution/25_9_2026_PRD_work/OCT2017_Test/test/DRUSEN/DRUSEN-9504181-1.jpeg,2,DRUSEN,DRUSEN,DRUSEN,True,0.0051646326,0.003282501,0.0077320025,0.0077186306,0.0063580372,0.96316403,0.0035959794,0.0029841273
/home/yogesh.patel/execution/25_9_2026_PRD_work/OCT2017_Test/test/DRUSEN/DRUSEN-9504181-2.jpeg,2,DRUSEN,DRUSEN,DRUSEN,True,0.009416882,0.0046359585,0.005864722,0.008290081,0.0036752312,0.96218646,0.0033239399,0.0026066687
/home/yogesh.patel/execution/25_9_2026_PRD_work/OCT2017_Test/test/DRUSEN/DRUSEN-95633-1.jpeg,2,DRUSEN,DRUSEN,DRUSEN,True,0.010507702,0.030764796,0.011392147,0.015401091,0.009362094,0.9106133,0.008320001,0.0036389339
/home/yogesh.patel/execution/25_9_2026_PRD_work/OCT2017_Test/test/DRUSEN/DRUSEN-956663-1.jpeg,2,DRUSEN,DRUSEN,DRUSEN,True,0.006655726,0.0030178635,0.0063540065,0.008682049,0.0075958427,0.96056396,0.0035465397,0.0035840154
/home/yogesh.patel/execution/25_9_2026_PRD_work/OCT2017_Test/test/DRUSEN/DRUSEN-9624303-1.jpeg,2,DRUSEN,DRUSEN,DRUSEN,True,0.0041280664,0.005042101,0.005514715,0.0092285825,0.0059605995,0.9642259,0.0031764437,0.0027237225
/home/yogesh.patel/execution/25_9_2026_PRD_work/OCT2017_Test/test/DRUSEN/DRUSEN-9624303-2.jpeg,2,DRUSEN,DRUSEN,DRUSEN,True,0.006210637,0.009368093,0.0069393106,0.008493348,0.005726638,0.95736146,0.0032701723,0.0026304126
/home/yogesh.patel/execution/25_9_2026_PRD_work/OCT2017_Test/test/DRUSEN/DRUSEN-9642260-1.jpeg,2,DRUSEN,DRUSEN,DRUSEN,True,0.0077029816,0.023981476,0.01068693,0.00898774,0.008153315,0.9319231,0.005977239,0.0025871634
/home/yogesh.patel/execution/25_9_2026_PRD_work/OCT2017_Test/test/DRUSEN/DRUSEN-9689334-1.jpeg,2,DRUSEN,DRUSEN,DRUSEN,True,0.0069180815,0.004755712,0.0084665,0.014858738,0.007442779,0.95055664,0.004510874,0.0024907943
/home/yogesh.patel/execution/25_9_2026_PRD_work/OCT2017_Test/test/DRUSEN/DRUSEN-9734808-1.jpeg,2,DRUSEN,DRUSEN,DRUSEN,True,0.0065388945,0.005700174,0.007073404,0.012754524,0.004971638,0.95638555,0.003857545,0.0027182652
/home/yogesh.patel/execution/25_9_2026_PRD_work/OCT2017_Test/test/DRUSEN/DRUSEN-9734808-2.jpeg,2,DRUSEN,DRUSEN,DRUSEN,True,0.0067788255,0.25036705,0.0068433713,0.011037813,0.010485006,0.70607114,0.0044613085,0.0039555095
/home/yogesh.patel/execution/25_9_2026_PRD_work/OCT2017_Test/test/DRUSEN/DRUSEN-9800172-1.jpeg,2,DRUSEN,DRUSEN,DRUSEN,True,0.005671052,0.0076786354,0.008724578,0.0063764118,0.00780354,0.952236,0.006059225,0.0054505523
/home/yogesh.patel/execution/25_9_2026_PRD_work/OCT2017_Test/test/DRUSEN/DRUSEN-987193-1.jpeg,2,DRUSEN,DRUSEN,DRUSEN,True,0.0067888824,0.004544808,0.007886391,0.0062469537,0.009274529,0.9546348,0.0058910283,0.004732548
/home/yogesh.patel/execution/25_9_2026_PRD_work/OCT2017_Test/test/NORMAL/NORMAL-1017237-1.jpeg,3,NORMAL,NORMAL,NORMAL,True,0.0056501264,0.007582059,0.0040066317,0.006734876,0.0034089037,0.0045725037,0.009774673,0.9582703
/home/yogesh.patel/execution/25_9_2026_PRD_work/OCT2017_Test/test/NORMAL/NORMAL-101880-1.jpeg,3,NORMAL,NORMAL,NORMAL,True,0.0030698667,0.003767517,0.0062248004,0.0029607278,0.0049608066,0.0020731078,0.0032000323,0.97374314
/home/yogesh.patel/execution/25_9_2026_PRD_work/OCT2017_Test/test/NORMAL/NORMAL-1025847-1.jpeg,3,NORMAL,NORMAL,NORMAL,True,0.0054887575,0.0036423816,0.0056446893,0.0027254263,0.0055224136,0.016393702,0.0029802509,0.95760244
/home/yogesh.patel/execution/25_9_2026_PRD_work/OCT2017_Test/test/NORMAL/NORMAL-1038998-1.jpeg,3,NORMAL,NORMAL,NORMAL,True,0.0073506455,0.0021717157,0.0057891128,0.016799485,0.007282274,0.0031790817,0.0038077051,0.95362
/home/yogesh.patel/execution/25_9_2026_PRD_work/OCT2017_Test/test/NORMAL/NORMAL-1042462-1.jpeg,3,NORMAL,NORMAL,NORMAL,True,0.010068871,0.004839789,0.008674504,0.011547055,0.010955651,0.019727113,0.0035839248,0.9306031
/home/yogesh.patel/execution/25_9_2026_PRD_work/OCT2017_Test/test/NORMAL/NORMAL-1058176-1.jpeg,3,NORMAL,NORMAL,NORMAL,True,0.0045702336,0.0035265947,0.00562653,0.005748403,0.0064212033,0.0024551137,0.0019608708,0.96969116
/home/yogesh.patel/execution/25_9_2026_PRD_work/OCT2017_Test/test/NORMAL/NORMAL-1063128-1.jpeg,3,NORMAL,NORMAL,NORMAL,True,0.006820302,0.004402794,0.0073308055,0.0058670277,0.009413803,0.0068691904,0.0047038253,0.9545922
/home/yogesh.patel/execution/25_9_2026_PRD_work/OCT2017_Test/test/NORMAL/NORMAL-1073137-1.jpeg,3,NORMAL,NORMAL,NORMAL,True,0.0062327716,0.001975286,0.00550058,0.004323277,0.0058321063,0.0048663844,0.0027420942,0.96852744
/home/yogesh.patel/execution/25_9_2026_PRD_work/OCT2017_Test/test/NORMAL/NORMAL-1081406-1.jpeg,3,NORMAL,NORMAL,NORMAL,True,0.014749962,0.020633068,0.018025855,0.023523757,0.022483137,0.23018964,0.009348429,0.6610462
/home/yogesh.patel/execution/25_9_2026_PRD_work/OCT2017_Test/test/NORMAL/NORMAL-112928-1.jpeg,3,NORMAL,NORMAL,NORMAL,True,0.005400433,0.006777444,0.006417633,0.006452685,0.0075334096,0.0049821963,0.004117366,0.9583189
/home/yogesh.patel/execution/25_9_2026_PRD_work/OCT2017_Test/test/NORMAL/NORMAL-119840-1.jpeg,3,NORMAL,NORMAL,NORMAL,True,0.005994402,0.007195124,0.0052249907,0.0108408565,0.0069356994,0.004563829,0.006614355,0.9526307
/home/yogesh.patel/execution/25_9_2026_PRD_work/OCT2017_Test/test/NORMAL/NORMAL-12494-1.jpeg,3,NORMAL,NORMAL,NORMAL,True,0.004045665,0.0020418202,0.0060371584,0.004442611,0.004260699,0.0052953823,0.0016607057,0.97221595
/home/yogesh.patel/execution/25_9_2026_PRD_work/OCT2017_Test/test/NORMAL/NORMAL-12494-2.jpeg,3,NORMAL,NORMAL,NORMAL,True,0.0062642335,0.0049750064,0.008644985,0.0062478976,0.0071683624,0.00533627,0.0031474386,0.9582158
/home/yogesh.patel/execution/25_9_2026_PRD_work/OCT2017_Test/test/NORMAL/NORMAL-12494-3.jpeg,3,NORMAL,NORMAL,NORMAL,True,0.0036240118,0.003192729,0.0069599138,0.008084362,0.005317572,0.0077065094,0.0028240378,0.9622909
/home/yogesh.patel/execution/25_9_2026_PRD_work/OCT2017_Test/test/NORMAL/NORMAL-12494-4.jpeg,3,NORMAL,NORMAL,NORMAL,True,0.007874175,0.006872062,0.0087662125,0.0081566125,0.00889727,0.0073335,0.003931538,0.9481687
/home/yogesh.patel/execution/25_9_2026_PRD_work/OCT2017_Test/test/NORMAL/NORMAL-12494-5.jpeg,3,NORMAL,NORMAL,NORMAL,True,0.005558475,0.0059181596,0.007838344,0.0051613417,0.0071045756,0.004206848,0.002394183,0.9618181
/home/yogesh.patel/execution/25_9_2026_PRD_work/OCT2017_Test/test/NORMAL/NORMAL-133321-1.jpeg,3,NORMAL,NORMAL,NORMAL,True,0.002713964,0.0026030375,0.005710134,0.00343628,0.004651635,0.0027475234,0.0026738343,0.97546357
/home/yogesh.patel/execution/25_9_2026_PRD_work/OCT2017_Test/test/NORMAL/NORMAL-138971-1.jpeg,3,NORMAL,NORMAL,NORMAL,True,0.0043144864,0.0028450896,0.0048604095,0.009491563,0.00498991,0.007929783,0.004558058,0.96101075
/home/yogesh.patel/execution/25_9_2026_PRD_work/OCT2017_Test/test/NORMAL/NORMAL-15208-1.jpeg,3,NORMAL,NORMAL,NORMAL,True,0.005586497,0.006043783,0.00741348,0.0019636846,0.006245385,0.0035745925,0.0025180844,0.9666545
/home/yogesh.patel/execution/25_9_2026_PRD_work/OCT2017_Test/test/NORMAL/NORMAL-15307-1.jpeg,3,NORMAL,NORMAL,NORMAL,True,0.0050605442,0.0031505078,0.0065456466,0.0061407494,0.006568373,0.007681228,0.0027111964,0.96214175
/home/yogesh.patel/execution/25_9_2026_PRD_work/OCT2017_Test/test/NORMAL/NORMAL-153950-1.jpeg,3,NORMAL,NORMAL,NORMAL,True,0.008833849,0.0066341283,0.010390564,0.0055129,0.00993628,0.019953622,0.0061741876,0.9325645
/home/yogesh.patel/execution/25_9_2026_PRD_work/OCT2017_Test/test/NORMAL/NORMAL-1746717-1.jpeg,3,NORMAL,NORMAL,NORMAL,True,0.0059963507,0.0035065494,0.0061982647,0.005266254,0.0068659526,0.0025631734,0.0027108844,0.96689254
/home/yogesh.patel/execution/25_9_2026_PRD_work/OCT2017_Test/test/NORMAL/NORMAL-1759350-1.jpeg,3,NORMAL,NORMAL,NORMAL,True,0.0030618994,0.0037047463,0.006755894,0.003960114,0.004922171,0.0120709585,0.0041919346,0.9613323
/home/yogesh.patel/execution/25_9_2026_PRD_work/OCT2017_Test/test/NORMAL/NORMAL-1781140-1.jpeg,3,NORMAL,NORMAL,NORMAL,True,0.004518035,0.0044657113,0.005904951,0.0041237497,0.004054777,0.0042849737,0.0035766973,0.9690711
/home/yogesh.patel/execution/25_9_2026_PRD_work/OCT2017_Test/test/NORMAL/NORMAL-1791409-1.jpeg,3,NORMAL,NORMAL,NORMAL,True,0.005574479,0.002870615,0.003977948,0.008058333,0.0069929734,0.0022008407,0.0034764884,0.9668483
/home/yogesh.patel/execution/25_9_2026_PRD_work/OCT2017_Test/test/NORMAL/NORMAL-1831654-1.jpeg,3,NORMAL,NORMAL,NORMAL,True,0.0043653427,0.0020958388,0.006275937,0.0049495515,0.0068359785,0.0038178677,0.0028735965,0.96878594
/home/yogesh.patel/execution/25_9_2026_PRD_work/OCT2017_Test/test/NORMAL/NORMAL-1853526-1.jpeg,3,NORMAL,NORMAL,NORMAL,True,0.0040303366,0.002283806,0.006266853,0.003661738,0.0059540267,0.006776778,0.0035873333,0.96743906
/home/yogesh.patel/execution/25_9_2026_PRD_work/OCT2017_Test/test/NORMAL/NORMAL-1860310-1.jpeg,3,NORMAL,NORMAL,NORMAL,True,0.0035738344,0.0040939804,0.0028618486,0.0072806412,0.0054188347,0.0029755225,0.00369339,0.970102
/home/yogesh.patel/execution/25_9_2026_PRD_work/OCT2017_Test/test/NORMAL/NORMAL-1897894-1.jpeg,3,NORMAL,NORMAL,NORMAL,True,0.006417413,0.0045663994,0.007261927,0.0061269347,0.0070884833,0.0026754374,0.0031283314,0.96273506
/home/yogesh.patel/execution/25_9_2026_PRD_work/OCT2017_Test/test/NORMAL/NORMAL-1907560-1.jpeg,3,NORMAL,NORMAL,NORMAL,True,0.0038617551,0.0046643494,0.007327292,0.002771793,0.006311616,0.006396277,0.0023714642,0.9662955
/home/yogesh.patel/execution/25_9_2026_PRD_work/OCT2017_Test/test/NORMAL/NORMAL-1908313-1.jpeg,3,NORMAL,NORMAL,NORMAL,True,0.006076468,0.003575101,0.00819578,0.0125145875,0.007479996,0.0036455456,0.0033780977,0.9551344
/home/yogesh.patel/execution/25_9_2026_PRD_work/OCT2017_Test/test/NORMAL/NORMAL-1951042-1.jpeg,3,NORMAL,NORMAL,NORMAL,True,0.008771904,0.009008301,0.010200858,0.0132296765,0.0091754645,0.008066203,0.0064197923,0.9351278
/home/yogesh.patel/execution/25_9_2026_PRD_work/OCT2017_Test/test/NORMAL/NORMAL-1957379-1.jpeg,3,NORMAL,NORMAL,NORMAL,True,0.0064421133,0.004640675,0.0057531334,0.0030970278,0.0066482085,0.008250602,0.0037675535,0.96140075
/home/yogesh.patel/execution/25_9_2026_PRD_work/OCT2017_Test/test/NORMAL/NORMAL-197082-1.jpeg,3,NORMAL,NORMAL,NORMAL,True,0.0063344096,0.008635776,0.008213596,0.007050937,0.008334909,0.022381349,0.005515297,0.9335337
/home/yogesh.patel/execution/25_9_2026_PRD_work/OCT2017_Test/test/NORMAL/NORMAL-1983894-1.jpeg,3,NORMAL,NORMAL,NORMAL,True,0.004868966,0.007657391,0.0058695157,0.004824616,0.0063152458,0.003575262,0.0034273795,0.96346164
/home/yogesh.patel/execution/25_9_2026_PRD_work/OCT2017_Test/test/NORMAL/NORMAL-1988065-1.jpeg,3,NORMAL,NORMAL,NORMAL,True,0.0041551297,0.0045154165,0.0076862467,0.0034782295,0.0063037644,0.004116227,0.003230824,0.9665141
/home/yogesh.patel/execution/25_9_2026_PRD_work/OCT2017_Test/test/NORMAL/NORMAL-1989796-1.jpeg,3,NORMAL,NORMAL,NORMAL,True,0.006392591,0.0038805574,0.0037861809,0.0028526767,0.003819441,0.0029011914,0.002136769,0.9742305
/home/yogesh.patel/execution/25_9_2026_PRD_work/OCT2017_Test/test/NORMAL/NORMAL-1998191-1.jpeg,3,NORMAL,NORMAL,NORMAL,True,0.004440439,0.0037851362,0.0071734763,0.002412593,0.0058015515,0.0033476388,0.0033472271,0.96969193
/home/yogesh.patel/execution/25_9_2026_PRD_work/OCT2017_Test/test/NORMAL/NORMAL-2010714-1.jpeg,3,NORMAL,NORMAL,NORMAL,True,0.0071983393,0.007524596,0.0047980305,0.0074452595,0.006140169,0.0026104355,0.004423054,0.9598601
/home/yogesh.patel/execution/25_9_2026_PRD_work/OCT2017_Test/test/NORMAL/NORMAL-2011412-1.jpeg,3,NORMAL,NORMAL,NORMAL,True,0.0046254094,0.004562593,0.0070264987,0.0036618516,0.0071525495,0.01672273,0.0032614423,0.9529869
/home/yogesh.patel/execution/25_9_2026_PRD_work/OCT2017_Test/test/NORMAL/NORMAL-2019006-1.jpeg,3,NORMAL,NORMAL,NORMAL,True,0.005409377,0.004063195,0.0071678734,0.0039915056,0.007589408,0.008608448,0.0024077941,0.9607623
/home/yogesh.patel/execution/25_9_2026_PRD_work/OCT2017_Test/test/NORMAL/NORMAL-2019423-1.jpeg,3,NORMAL,NORMAL,NORMAL,True,0.0056829895,0.0057632728,0.009352512,0.004949907,0.00637667,0.00981107,0.0055191536,0.9525444
/home/yogesh.patel/execution/25_9_2026_PRD_work/OCT2017_Test/test/NORMAL/NORMAL-2055634-1.jpeg,3,NORMAL,NORMAL,NORMAL,True,0.00418293,0.00177355,0.008692236,0.0050657545,0.006135005,0.0064821905,0.0026998722,0.9649685
/home/yogesh.patel/execution/25_9_2026_PRD_work/OCT2017_Test/test/NORMAL/NORMAL-2059629-1.jpeg,3,NORMAL,NORMAL,NORMAL,True,0.006392845,0.0036634398,0.0074879345,0.008174418,0.009608671,0.0026078578,0.002413865,0.959651
/home/yogesh.patel/execution/25_9_2026_PRD_work/OCT2017_Test/test/NORMAL/NORMAL-2075832-1.jpeg,3,NORMAL,NORMAL,NORMAL,True,0.0061911936,0.0041600647,0.00875387,0.011446449,0.009056268,0.0041722306,0.0055811605,0.9506387
/home/yogesh.patel/execution/25_9_2026_PRD_work/OCT2017_Test/test/NORMAL/NORMAL-2082689-1.jpeg,3,NORMAL,NORMAL,NORMAL,True,0.0046267826,0.003574876,0.004726581,0.011468414,0.004732562,0.004519739,0.004227371,0.96212363
/home/yogesh.patel/execution/25_9_2026_PRD_work/OCT2017_Test/test/NORMAL/NORMAL-2095710-1.jpeg,3,NORMAL,NORMAL,NORMAL,True,0.004683823,0.003168985,0.0068107927,0.007077165,0.0065018735,0.0038994276,0.0031551481,0.9647027
/home/yogesh.patel/execution/25_9_2026_PRD_work/OCT2017_Test/test/NORMAL/NORMAL-2113822-1.jpeg,3,NORMAL,NORMAL,NORMAL,True,0.0080923205,0.010931845,0.009411319,0.008361871,0.00941879,0.0059596174,0.0035713115,0.9442529
/home/yogesh.patel/execution/25_9_2026_PRD_work/OCT2017_Test/test/NORMAL/NORMAL-2120559-1.jpeg,3,NORMAL,NORMAL,NORMAL,True,0.0051376955,0.004329843,0.0052545792,0.005161741,0.006564016,0.0035965147,0.0027707901,0.9671847
/home/yogesh.patel/execution/25_9_2026_PRD_work/OCT2017_Test/test/NORMAL/NORMAL-2120559-2.jpeg,3,NORMAL,NORMAL,NORMAL,True,0.004276536,0.002820938,0.0049996693,0.0056906394,0.005948099,0.002615406,0.0021827102,0.971466
/home/yogesh.patel/execution/25_9_2026_PRD_work/OCT2017_Test/test/NORMAL/NORMAL-2120559-3.jpeg,3,NORMAL,NORMAL,NORMAL,True,0.0045771077,0.004966682,0.0060678795,0.003040415,0.0054384684,0.0039821537,0.003781556,0.9681457
/home/yogesh.patel/execution/25_9_2026_PRD_work/OCT2017_Test/test/NORMAL/NORMAL-2126186-1.jpeg,3,NORMAL,NORMAL,NORMAL,True,0.0056197466,0.005483201,0.0063224356,0.0040026912,0.006705523,0.0067977253,0.0027960602,0.9622725
/home/yogesh.patel/execution/25_9_2026_PRD_work/OCT2017_Test/test/NORMAL/NORMAL-2131138-1.jpeg,3,NORMAL,NORMAL,NORMAL,True,0.0057923356,0.0033554814,0.005200445,0.0072544753,0.004082984,0.0071898354,0.0032379278,0.9638866
/home/yogesh.patel/execution/25_9_2026_PRD_work/OCT2017_Test/test/NORMAL/NORMAL-2158556-1.jpeg,3,NORMAL,NORMAL,NORMAL,True,0.0061503863,0.0047925604,0.004563528,0.0035719692,0.008592108,0.005495834,0.0030850205,0.96374863
/home/yogesh.patel/execution/25_9_2026_PRD_work/OCT2017_Test/test/NORMAL/NORMAL-2167295-1.jpeg,3,NORMAL,NORMAL,NORMAL,True,0.0060009155,0.0032711218,0.005628585,0.023590162,0.0070678876,0.0070976214,0.005983586,0.9413601
/home/yogesh.patel/execution/25_9_2026_PRD_work/OCT2017_Test/test/NORMAL/NORMAL-2181272-1.jpeg,3,NORMAL,NORMAL,NORMAL,True,0.0071172277,0.0027729184,0.0063857893,0.025339909,0.008201537,0.0030627765,0.0031660825,0.9439538
/home/yogesh.patel/execution/25_9_2026_PRD_work/OCT2017_Test/test/NORMAL/NORMAL-2182640-1.jpeg,3,NORMAL,DRUSEN,DRUSEN,False,0.012340751,0.009134477,0.011460409,0.0036863373,0.020200301,0.7431601,0.007150896,0.19286667
/home/yogesh.patel/execution/25_9_2026_PRD_work/OCT2017_Test/test/NORMAL/NORMAL-2192790-1.jpeg,3,NORMAL,NORMAL,NORMAL,True,0.005983066,0.0053904215,0.0074863792,0.006252703,0.007642714,0.00546351,0.0034783948,0.9583027
/home/yogesh.patel/execution/25_9_2026_PRD_work/OCT2017_Test/test/NORMAL/NORMAL-2197972-1.jpeg,3,NORMAL,NORMAL,NORMAL,True,0.0058737067,0.003971521,0.007592846,0.0043949177,0.0071849204,0.006481209,0.0037511433,0.9607498
/home/yogesh.patel/execution/25_9_2026_PRD_work/OCT2017_Test/test/NORMAL/NORMAL-2226488-1.jpeg,3,NORMAL,NORMAL,NORMAL,True,0.006425572,0.0044287005,0.00516083,0.009742411,0.0072509423,0.0023289286,0.00329483,0.9613678
/home/yogesh.patel/execution/25_9_2026_PRD_work/OCT2017_Test/test/NORMAL/NORMAL-2231056-1.jpeg,3,NORMAL,NORMAL,NORMAL,True,0.0056629637,0.004864116,0.0066928556,0.007153129,0.005573634,0.0072534336,0.0036256416,0.9591743
/home/yogesh.patel/execution/25_9_2026_PRD_work/OCT2017_Test/test/NORMAL/NORMAL-223814-1.jpeg,3,NORMAL,NORMAL,NORMAL,True,0.0068856217,0.0029011688,0.006261214,0.007154102,0.007784223,0.0061407876,0.0039843475,0.95888853
/home/yogesh.patel/execution/25_9_2026_PRD_work/OCT2017_Test/test/NORMAL/NORMAL-2244950-1.jpeg,3,NORMAL,NORMAL,NORMAL,True,0.006775804,0.0033918151,0.005391632,0.010752166,0.0048453175,0.003256062,0.0030208325,0.9625664
/home/yogesh.patel/execution/25_9_2026_PRD_work/OCT2017_Test/test/NORMAL/NORMAL-2287992-1.jpeg,3,NORMAL,NORMAL,NORMAL,True,0.004560551,0.0030333109,0.006949442,0.008954794,0.005078377,0.004517282,0.005446843,0.96145934
/home/yogesh.patel/execution/25_9_2026_PRD_work/OCT2017_Test/test/NORMAL/NORMAL-2305502-1.jpeg,3,NORMAL,NORMAL,NORMAL,True,0.006072012,0.0047401716,0.007031546,0.007165381,0.008554722,0.0046270173,0.004041803,0.9577674
/home/yogesh.patel/execution/25_9_2026_PRD_work/OCT2017_Test/test/NORMAL/NORMAL-2312921-1.jpeg,3,NORMAL,NORMAL,NORMAL,True,0.0070168143,0.007696444,0.0065494124,0.0092788255,0.009278294,0.0074307728,0.003035826,0.94971365
/home/yogesh.patel/execution/25_9_2026_PRD_work/OCT2017_Test/test/NORMAL/NORMAL-2316423-1.jpeg,3,NORMAL,NORMAL,NORMAL,True,0.0045760795,0.004576086,0.006224913,0.0041904193,0.0054363436,0.0055701504,0.0034942916,0.9659317
/home/yogesh.patel/execution/25_9_2026_PRD_work/OCT2017_Test/test/NORMAL/NORMAL-2335256-1.jpeg,3,NORMAL,NORMAL,NORMAL,True,0.0034817143,0.00331074,0.0042447993,0.0029802117,0.0057898117,0.0039535947,0.00356898,0.97267014
/home/yogesh.patel/execution/25_9_2026_PRD_work/OCT2017_Test/test/NORMAL/NORMAL-2342517-1.jpeg,3,NORMAL,NORMAL,NORMAL,True,0.004825888,0.0042441497,0.006396581,0.0084356405,0.0052330717,0.0060364204,0.003723223,0.961105
/home/yogesh.patel/execution/25_9_2026_PRD_work/OCT2017_Test/test/NORMAL/NORMAL-2350851-1.jpeg,3,NORMAL,NORMAL,NORMAL,True,0.0060270187,0.0035831386,0.004934276,0.0083768405,0.00668707,0.0034132216,0.0041422658,0.96283615
/home/yogesh.patel/execution/25_9_2026_PRD_work/OCT2017_Test/test/NORMAL/NORMAL-2351012-1.jpeg,3,NORMAL,NORMAL,NORMAL,True,0.011143486,0.0037159747,0.005906834,0.0116507355,0.010653973,0.0020935833,0.00443504,0.95040035
/home/yogesh.patel/execution/25_9_2026_PRD_work/OCT2017_Test/test/NORMAL/NORMAL-2362579-1.jpeg,3,NORMAL,NORMAL,NORMAL,True,0.0033708282,0.0029201997,0.0062823477,0.0029484855,0.0052073128,0.004680635,0.002537712,0.9720525
/home/yogesh.patel/execution/25_9_2026_PRD_work/OCT2017_Test/test/NORMAL/NORMAL-2366700-1.jpeg,3,NORMAL,NORMAL,NORMAL,True,0.0065234913,0.00525339,0.0060717254,0.004024115,0.007583786,0.0056040008,0.003803923,0.9611356
/home/yogesh.patel/execution/25_9_2026_PRD_work/OCT2017_Test/test/NORMAL/NORMAL-2373878-1.jpeg,3,NORMAL,NORMAL,NORMAL,True,0.0058873827,0.0053529064,0.004789806,0.0067665526,0.005036516,0.0055719386,0.0036063131,0.96298856
/home/yogesh.patel/execution/25_9_2026_PRD_work/OCT2017_Test/test/NORMAL/NORMAL-2377429-1.jpeg,3,NORMAL,NORMAL,NORMAL,True,0.0041382243,0.001728273,0.005990687,0.004514101,0.0052976087,0.0045406567,0.002644522,0.9711459
/home/yogesh.patel/execution/25_9_2026_PRD_work/OCT2017_Test/test/NORMAL/NORMAL-2392366-1.jpeg,3,NORMAL,NORMAL,NORMAL,True,0.007266338,0.006684288,0.006727023,0.0045028226,0.008172635,0.010688454,0.00398812,0.9519703
/home/yogesh.patel/execution/25_9_2026_PRD_work/OCT2017_Test/test/NORMAL/NORMAL-2397754-1.jpeg,3,NORMAL,NORMAL,NORMAL,True,0.0052316952,0.0023412355,0.004733033,0.0069879615,0.006496359,0.0082182465,0.0036211049,0.96237034
/home/yogesh.patel/execution/25_9_2026_PRD_work/OCT2017_Test/test/NORMAL/NORMAL-2403175-1.jpeg,3,NORMAL,NORMAL,NORMAL,True,0.0057210717,0.009753869,0.009948002,0.0045738574,0.007152186,0.009900925,0.0045652357,0.94838494
/home/yogesh.patel/execution/25_9_2026_PRD_work/OCT2017_Test/test/NORMAL/NORMAL-2416187-1.jpeg,3,NORMAL,NORMAL,NORMAL,True,0.006047323,0.0032934884,0.00543683,0.016586527,0.005168669,0.0022389912,0.003941123,0.95728695
/home/yogesh.patel/execution/25_9_2026_PRD_work/OCT2017_Test/test/NORMAL/NORMAL-2421067-1.jpeg,3,NORMAL,NORMAL,NORMAL,True,0.008368539,0.0027214985,0.0054310267,0.010410728,0.0065389285,0.004356833,0.0033996918,0.95877266
/home/yogesh.patel/execution/25_9_2026_PRD_work/OCT2017_Test/test/NORMAL/NORMAL-2424949-1.jpeg,3,NORMAL,NORMAL,NORMAL,True,0.008773539,0.002106086,0.0068036327,0.010210084,0.006037667,0.01512235,0.0029751176,0.9479716
/home/yogesh.patel/execution/25_9_2026_PRD_work/OCT2017_Test/test/NORMAL/NORMAL-2434258-1.jpeg,3,NORMAL,NORMAL,NORMAL,True,0.0051292726,0.0026814737,0.0032284532,0.005244389,0.0047466387,0.0028490277,0.0026583644,0.9734624
/home/yogesh.patel/execution/25_9_2026_PRD_work/OCT2017_Test/test/NORMAL/NORMAL-2436365-1.jpeg,3,NORMAL,NORMAL,NORMAL,True,0.0061920793,0.004916822,0.005886633,0.0039330977,0.00822877,0.0038826184,0.003499801,0.9634602
/home/yogesh.patel/execution/25_9_2026_PRD_work/OCT2017_Test/test/NORMAL/NORMAL-2448954-1.jpeg,3,NORMAL,NORMAL,NORMAL,True,0.0037472744,0.004021128,0.008101611,0.0043709273,0.00504179,0.0073842974,0.003043736,0.9642893
/home/yogesh.patel/execution/25_9_2026_PRD_work/OCT2017_Test/test/NORMAL/NORMAL-2459401-1.jpeg,3,NORMAL,NORMAL,NORMAL,True,0.011456258,0.008182828,0.006482577,0.06760936,0.011382828,0.0051744315,0.0048593716,0.88485235
/home/yogesh.patel/execution/25_9_2026_PRD_work/OCT2017_Test/test/NORMAL/NORMAL-2460548-1.jpeg,3,NORMAL,NORMAL,NORMAL,True,0.0049023526,0.0041590077,0.005303329,0.0033618193,0.007317491,0.0038176104,0.0038689394,0.9672695
/home/yogesh.patel/execution/25_9_2026_PRD_work/OCT2017_Test/test/NORMAL/NORMAL-2476896-1.jpeg,3,NORMAL,NORMAL,NORMAL,True,0.006711091,0.00922457,0.0068347543,0.006957001,0.009153832,0.008110039,0.0059363088,0.94707245
/home/yogesh.patel/execution/25_9_2026_PRD_work/OCT2017_Test/test/NORMAL/NORMAL-2493975-1.jpeg,3,NORMAL,NORMAL,NORMAL,True,0.006991312,0.004008653,0.0077152215,0.01141178,0.0058945753,0.0064859074,0.004740304,0.95275223
/home/yogesh.patel/execution/25_9_2026_PRD_work/OCT2017_Test/test/NORMAL/NORMAL-2504667-1.jpeg,3,NORMAL,NORMAL,NORMAL,True,0.0053407326,0.0042064902,0.0069607045,0.0036237512,0.0074194,0.004982316,0.0039414363,0.9635252
/home/yogesh.patel/execution/25_9_2026_PRD_work/OCT2017_Test/test/NORMAL/NORMAL-2509453-1.jpeg,3,NORMAL,NORMAL,NORMAL,True,0.006792408,0.002738062,0.0065206583,0.0128473975,0.0060113785,0.002495358,0.0023446202,0.96025014
/home/yogesh.patel/execution/25_9_2026_PRD_work/OCT2017_Test/test/NORMAL/NORMAL-2517546-1.jpeg,3,NORMAL,NORMAL,NORMAL,True,0.006136818,0.004597018,0.0061247475,0.015894441,0.0070011574,0.0035862767,0.0037921171,0.9528674
/home/yogesh.patel/execution/25_9_2026_PRD_work/OCT2017_Test/test/NORMAL/NORMAL-2549549-1.jpeg,3,NORMAL,NORMAL,NORMAL,True,0.0061993664,0.003706578,0.0065124575,0.0068078605,0.005244344,0.0049256543,0.0028445267,0.9637592
/home/yogesh.patel/execution/25_9_2026_PRD_work/OCT2017_Test/test/NORMAL/NORMAL-2551333-1.jpeg,3,NORMAL,NORMAL,NORMAL,True,0.005606106,0.0045983396,0.0064548785,0.005123765,0.007308294,0.004519834,0.0031914026,0.96319735
/home/yogesh.patel/execution/25_9_2026_PRD_work/OCT2017_Test/test/NORMAL/NORMAL-2569106-1.jpeg,3,NORMAL,NORMAL,NORMAL,True,0.008794815,0.006478971,0.007541912,0.0083321165,0.007880607,0.005538606,0.004358867,0.9510741
/home/yogesh.patel/execution/25_9_2026_PRD_work/OCT2017_Test/test/NORMAL/NORMAL-2570020-1.jpeg,3,NORMAL,NORMAL,NORMAL,True,0.003585382,0.0025804744,0.004992574,0.011415595,0.0055855713,0.0019412943,0.0024623927,0.96743673
/home/yogesh.patel/execution/25_9_2026_PRD_work/OCT2017_Test/test/NORMAL/NORMAL-2579419-1.jpeg,3,NORMAL,NORMAL,NORMAL,True,0.003615446,0.0032163572,0.0062597194,0.0017117193,0.0052656704,0.005925218,0.002090756,0.9719151
/home/yogesh.patel/execution/25_9_2026_PRD_work/OCT2017_Test/test/NORMAL/NORMAL-2598368-1.jpeg,3,NORMAL,NORMAL,NORMAL,True,0.00529303,0.0020354942,0.006811822,0.0047395807,0.007695388,0.005733567,0.0020689075,0.9656222
/home/yogesh.patel/execution/25_9_2026_PRD_work/OCT2017_Test/test/NORMAL/NORMAL-2602596-1.jpeg,3,NORMAL,NORMAL,NORMAL,True,0.005277201,0.0021443244,0.0061119683,0.012967956,0.0056545064,0.0038673168,0.0022071998,0.9617696
/home/yogesh.patel/execution/25_9_2026_PRD_work/OCT2017_Test/test/NORMAL/NORMAL-2627129-1.jpeg,3,NORMAL,NORMAL,NORMAL,True,0.007418337,0.0053622606,0.006716696,0.008331109,0.005354522,0.0041469703,0.004561944,0.9581082
/home/yogesh.patel/execution/25_9_2026_PRD_work/OCT2017_Test/test/NORMAL/NORMAL-2633503-1.jpeg,3,NORMAL,NORMAL,NORMAL,True,0.007820061,0.0017475095,0.0056868694,0.019239537,0.0074567725,0.0041450043,0.0028193786,0.9510849
/home/yogesh.patel/execution/25_9_2026_PRD_work/OCT2017_Test/test/NORMAL/NORMAL-2636641-1.jpeg,3,NORMAL,NORMAL,NORMAL,True,0.0067341453,0.004551122,0.0064842724,0.0065912767,0.00540398,0.0046208366,0.0037227538,0.96189165
/home/yogesh.patel/execution/25_9_2026_PRD_work/OCT2017_Test/test/NORMAL/NORMAL-2665491-1.jpeg,3,NORMAL,NORMAL,NORMAL,True,0.0046489057,0.0041985908,0.0058406405,0.0070262756,0.005929928,0.005455078,0.002935082,0.9639655
/home/yogesh.patel/execution/25_9_2026_PRD_work/OCT2017_Test/test/NORMAL/NORMAL-269181-1.jpeg,3,NORMAL,NORMAL,NORMAL,True,0.0030530086,0.0028538648,0.0033526008,0.0024068868,0.0030407,0.0023464733,0.0015723637,0.9813741
/home/yogesh.patel/execution/25_9_2026_PRD_work/OCT2017_Test/test/NORMAL/NORMAL-2705520-1.jpeg,3,NORMAL,NORMAL,NORMAL,True,0.005033943,0.0027394702,0.005400318,0.0036850118,0.0070900354,0.007197166,0.002186839,0.96666723
/home/yogesh.patel/execution/25_9_2026_PRD_work/OCT2017_Test/test/NORMAL/NORMAL-2709055-1.jpeg,3,NORMAL,NORMAL,NORMAL,True,0.005667642,0.0058888174,0.00772121,0.012415802,0.0070757545,0.0041796714,0.004356403,0.95269465
/home/yogesh.patel/execution/25_9_2026_PRD_work/OCT2017_Test/test/NORMAL/NORMAL-2733663-1.jpeg,3,NORMAL,NORMAL,NORMAL,True,0.007036802,0.0087489765,0.0071769217,0.010340658,0.008098397,0.0062132347,0.005033109,0.94735193
/home/yogesh.patel/execution/25_9_2026_PRD_work/OCT2017_Test/test/NORMAL/NORMAL-2739821-1.jpeg,3,NORMAL,NORMAL,NORMAL,True,0.006105642,0.0035421383,0.0065280497,0.0051799435,0.0050106817,0.00909669,0.0017108582,0.962826
/home/yogesh.patel/execution/25_9_2026_PRD_work/OCT2017_Test/test/NORMAL/NORMAL-2769622-1.jpeg,3,NORMAL,NORMAL,NORMAL,True,0.0020041727,0.0028370023,0.0045185084,0.001714367,0.003235302,0.0074015916,0.0020072476,0.9762818
/home/yogesh.patel/execution/25_9_2026_PRD_work/OCT2017_Test/test/NORMAL/NORMAL-2769622-2.jpeg,3,NORMAL,NORMAL,NORMAL,True,0.006226188,0.0014667481,0.0043693925,0.014001117,0.00390502,0.0030655588,0.0029845424,0.96398145
/home/yogesh.patel/execution/25_9_2026_PRD_work/OCT2017_Test/test/NORMAL/NORMAL-279206-1.jpeg,3,NORMAL,NORMAL,NORMAL,True,0.0058621285,0.0046586553,0.0048216553,0.0050304024,0.005337223,0.005820901,0.0029011022,0.96556795
/home/yogesh.patel/execution/25_9_2026_PRD_work/OCT2017_Test/test/NORMAL/NORMAL-283376-1.jpeg,3,NORMAL,NORMAL,NORMAL,True,0.005241899,0.0058491207,0.007130851,0.0040827957,0.007586344,0.0075293677,0.0046021976,0.95797735
/home/yogesh.patel/execution/25_9_2026_PRD_work/OCT2017_Test/test/NORMAL/NORMAL-285896-1.jpeg,3,NORMAL,NORMAL,NORMAL,True,0.0063066767,0.010495297,0.00914977,0.008442815,0.007153588,0.0041210996,0.0047130613,0.9496176
/home/yogesh.patel/execution/25_9_2026_PRD_work/OCT2017_Test/test/NORMAL/NORMAL-2973935-1.jpeg,3,NORMAL,NORMAL,NORMAL,True,0.004802824,0.0032751118,0.0058879443,0.008630132,0.007247035,0.002388203,0.0044173803,0.9633514
/home/yogesh.patel/execution/25_9_2026_PRD_work/OCT2017_Test/test/NORMAL/NORMAL-3059523-1.jpeg,3,NORMAL,NORMAL,NORMAL,True,0.0048610903,0.0054418948,0.0065978304,0.006624433,0.0052904068,0.005304854,0.0035826277,0.96229684
/home/yogesh.patel/execution/25_9_2026_PRD_work/OCT2017_Test/test/NORMAL/NORMAL-307151-1.jpeg,3,NORMAL,NORMAL,NORMAL,True,0.004095693,0.0057616434,0.004359275,0.004215228,0.0060311523,0.006946562,0.0048048785,0.9637855
/home/yogesh.patel/execution/25_9_2026_PRD_work/OCT2017_Test/test/NORMAL/NORMAL-307151-2.jpeg,3,NORMAL,NORMAL,NORMAL,True,0.009364867,0.0021302733,0.008162621,0.05881847,0.013399828,0.006048067,0.0071205357,0.89495534
/home/yogesh.patel/execution/25_9_2026_PRD_work/OCT2017_Test/test/NORMAL/NORMAL-3077276-1.jpeg,3,NORMAL,NORMAL,NORMAL,True,0.0065862373,0.0032976188,0.009438425,0.0037330072,0.008141298,0.012942291,0.0049676877,0.95089334
/home/yogesh.patel/execution/25_9_2026_PRD_work/OCT2017_Test/test/NORMAL/NORMAL-3100637-1.jpeg,3,NORMAL,NORMAL,NORMAL,True,0.0059118317,0.0039040588,0.0076895244,0.008114304,0.008147014,0.0049731596,0.0033213564,0.95793873
/home/yogesh.patel/execution/25_9_2026_PRD_work/OCT2017_Test/test/NORMAL/NORMAL-3103940-1.jpeg,3,NORMAL,NORMAL,NORMAL,True,0.0047319303,0.0018225897,0.0078554265,0.0066088815,0.007342607,0.0031626134,0.0027017852,0.96577424
/home/yogesh.patel/execution/25_9_2026_PRD_work/OCT2017_Test/test/NORMAL/NORMAL-3108564-1.jpeg,3,NORMAL,NORMAL,NORMAL,True,0.0064845844,0.0067387866,0.006270368,0.011287933,0.0063272114,0.0038118432,0.0043755127,0.9547038
/home/yogesh.patel/execution/25_9_2026_PRD_work/OCT2017_Test/test/NORMAL/NORMAL-3134896-1.jpeg,3,NORMAL,NORMAL,NORMAL,True,0.0063121067,0.0035872436,0.008168844,0.0049910597,0.0059296363,0.015791565,0.0025477665,0.9526717
/home/yogesh.patel/execution/25_9_2026_PRD_work/OCT2017_Test/test/NORMAL/NORMAL-3166591-1.jpeg,3,NORMAL,NORMAL,NORMAL,True,0.0063644145,0.0053737997,0.0061657997,0.0069332942,0.0071519995,0.0075188386,0.0047932686,0.9556985
/home/yogesh.patel/execution/25_9_2026_PRD_work/OCT2017_Test/test/NORMAL/NORMAL-3220509-1.jpeg,3,NORMAL,NORMAL,NORMAL,True,0.0053864466,0.0033751363,0.0072989794,0.005532951,0.0054012947,0.00655967,0.0041949064,0.9622506
/home/yogesh.patel/execution/25_9_2026_PRD_work/OCT2017_Test/test/NORMAL/NORMAL-3244919-1.jpeg,3,NORMAL,NORMAL,NORMAL,True,0.0059575597,0.004984371,0.005947362,0.0067364424,0.0059183077,0.004281053,0.0027205686,0.9634543
/home/yogesh.patel/execution/25_9_2026_PRD_work/OCT2017_Test/test/NORMAL/NORMAL-3256489-1.jpeg,3,NORMAL,NORMAL,NORMAL,True,0.0050640586,0.0086603565,0.0057321056,0.006196717,0.005984925,0.0032500243,0.0056858463,0.9594259
/home/yogesh.patel/execution/25_9_2026_PRD_work/OCT2017_Test/test/NORMAL/NORMAL-3277704-1.jpeg,3,NORMAL,NORMAL,NORMAL,True,0.0063115326,0.0020265735,0.0050393497,0.011422357,0.005372503,0.0025797645,0.0028713145,0.9643765
/home/yogesh.patel/execution/25_9_2026_PRD_work/OCT2017_Test/test/NORMAL/NORMAL-3300015-1.jpeg,3,NORMAL,NORMAL,NORMAL,True,0.005805559,0.0041488972,0.006174521,0.007429141,0.0066905264,0.0054211277,0.0034654625,0.9608648
/home/yogesh.patel/execution/25_9_2026_PRD_work/OCT2017_Test/test/NORMAL/NORMAL-3307598-1.jpeg,3,NORMAL,NORMAL,NORMAL,True,0.004919288,0.005680044,0.006948747,0.009995038,0.009629392,0.008187641,0.0047947336,0.9498451
/home/yogesh.patel/execution/25_9_2026_PRD_work/OCT2017_Test/test/NORMAL/NORMAL-3307598-2.jpeg,3,NORMAL,NORMAL,NORMAL,True,0.006477754,0.0041630045,0.0061442577,0.013204571,0.007377181,0.0065341,0.0046102838,0.9514888
/home/yogesh.patel/execution/25_9_2026_PRD_work/OCT2017_Test/test/NORMAL/NORMAL-3308307-1.jpeg,3,NORMAL,NORMAL,NORMAL,True,0.006380196,0.009450168,0.011954361,0.007208776,0.006533741,0.0070915646,0.0052162916,0.9461649
/home/yogesh.patel/execution/25_9_2026_PRD_work/OCT2017_Test/test/NORMAL/NORMAL-330905-1.jpeg,3,NORMAL,NORMAL,NORMAL,True,0.003200687,0.0036281424,0.005019162,0.0033734755,0.0042358465,0.005879438,0.0025027057,0.97216064
/home/yogesh.patel/execution/25_9_2026_PRD_work/OCT2017_Test/test/NORMAL/NORMAL-3320960-1.jpeg,3,NORMAL,NORMAL,NORMAL,True,0.004855974,0.004584977,0.00585726,0.008291832,0.005872739,0.0045526014,0.004810627,0.96117395
/home/yogesh.patel/execution/25_9_2026_PRD_work/OCT2017_Test/test/NORMAL/NORMAL-3326661-1.jpeg,3,NORMAL,NORMAL,NORMAL,True,0.0084790755,0.0065599154,0.00836796,0.010237466,0.0110642,0.0077581927,0.005327012,0.9422062
/home/yogesh.patel/execution/25_9_2026_PRD_work/OCT2017_Test/test/NORMAL/NORMAL-3330006-1.jpeg,3,NORMAL,NORMAL,NORMAL,True,0.00735486,0.015592483,0.011512114,0.008828159,0.0105686905,0.009736867,0.0041478025,0.93225896
/home/yogesh.patel/execution/25_9_2026_PRD_work/OCT2017_Test/test/NORMAL/NORMAL-3332063-1.jpeg,3,NORMAL,NORMAL,NORMAL,True,0.004817511,0.004473616,0.007994882,0.0054762745,0.0065790825,0.0057712467,0.0031674062,0.96171993
/home/yogesh.patel/execution/25_9_2026_PRD_work/OCT2017_Test/test/NORMAL/NORMAL-33350-1.jpeg,3,NORMAL,NORMAL,NORMAL,True,0.006436106,0.0042030504,0.0065909107,0.008381594,0.008069303,0.006681691,0.0042278143,0.9554096
/home/yogesh.patel/execution/25_9_2026_PRD_work/OCT2017_Test/test/NORMAL/NORMAL-33350-2.jpeg,3,NORMAL,NORMAL,NORMAL,True,0.009694729,0.0033280612,0.009594963,0.017466443,0.011283537,0.011172621,0.0056955693,0.9317641
/home/yogesh.patel/execution/25_9_2026_PRD_work/OCT2017_Test/test/NORMAL/NORMAL-33350-3.jpeg,3,NORMAL,NORMAL,NORMAL,True,0.016588582,0.014139291,0.013804999,0.045172647,0.015995266,0.10945004,0.014900852,0.76994836
/home/yogesh.patel/execution/25_9_2026_PRD_work/OCT2017_Test/test/NORMAL/NORMAL-3340309-1.jpeg,3,NORMAL,NORMAL,NORMAL,True,0.0069012633,0.016511334,0.00875211,0.01751507,0.011608282,0.0062653823,0.0056454274,0.9268011
/home/yogesh.patel/execution/25_9_2026_PRD_work/OCT2017_Test/test/NORMAL/NORMAL-3346049-1.jpeg,3,NORMAL,NORMAL,NORMAL,True,0.007398779,0.003821415,0.0059806295,0.00544115,0.006362317,0.004943282,0.002193177,0.96385926
/home/yogesh.patel/execution/25_9_2026_PRD_work/OCT2017_Test/test/NORMAL/NORMAL-3347645-1.jpeg,3,NORMAL,NORMAL,NORMAL,True,0.004994384,0.0030357826,0.008022515,0.0034507518,0.006654937,0.0050784987,0.0021219035,0.9666412
/home/yogesh.patel/execution/25_9_2026_PRD_work/OCT2017_Test/test/NORMAL/NORMAL-3354044-1.jpeg,3,NORMAL,NORMAL,NORMAL,True,0.003246175,0.0015547426,0.0047639776,0.0054258243,0.0051969993,0.004962503,0.0018541121,0.97299576
/home/yogesh.patel/execution/25_9_2026_PRD_work/OCT2017_Test/test/NORMAL/NORMAL-3361560-1.jpeg,3,NORMAL,NORMAL,NORMAL,True,0.0058624176,0.0040450143,0.0042932746,0.011209372,0.0052778698,0.0036769263,0.0037052294,0.9619299
/home/yogesh.patel/execution/25_9_2026_PRD_work/OCT2017_Test/test/NORMAL/NORMAL-3361750-1.jpeg,3,NORMAL,NORMAL,NORMAL,True,0.0063471566,0.0078035155,0.0069715,0.007788701,0.0072741746,0.0039735464,0.005237081,0.95460427
/home/yogesh.patel/execution/25_9_2026_PRD_work/OCT2017_Test/test/NORMAL/NORMAL-33637-1.jpeg,3,NORMAL,NORMAL,NORMAL,True,0.0077445763,0.0025544455,0.005018407,0.014734662,0.008439054,0.0048109414,0.0035447823,0.9531531
/home/yogesh.patel/execution/25_9_2026_PRD_work/OCT2017_Test/test/NORMAL/NORMAL-3373954-1.jpeg,3,NORMAL,NORMAL,NORMAL,True,0.006001076,0.0048820777,0.006481737,0.0049909437,0.0062685143,0.0038058374,0.002852265,0.96471745
/home/yogesh.patel/execution/25_9_2026_PRD_work/OCT2017_Test/test/NORMAL/NORMAL-3380901-1.jpeg,3,NORMAL,NORMAL,NORMAL,True,0.005244113,0.0041721333,0.0072421506,0.0056240708,0.009118071,0.0028396472,0.0033459687,0.96241385
/home/yogesh.patel/execution/25_9_2026_PRD_work/OCT2017_Test/test/NORMAL/NORMAL-338568-1.jpeg,3,NORMAL,NORMAL,NORMAL,True,0.00746711,0.0054406747,0.008712088,0.004001893,0.0073926756,0.006338799,0.0047235265,0.95592326
/home/yogesh.patel/execution/25_9_2026_PRD_work/OCT2017_Test/test/NORMAL/NORMAL-3390782-1.jpeg,3,NORMAL,NORMAL,NORMAL,True,0.006558123,0.0046043275,0.0067862654,0.013326241,0.008156981,0.006658664,0.0033764571,0.9505329
/home/yogesh.patel/execution/25_9_2026_PRD_work/OCT2017_Test/test/NORMAL/NORMAL-3398969-1.jpeg,3,NORMAL,NORMAL,NORMAL,True,0.008693338,0.013096615,0.008236966,0.0124975685,0.008932878,0.013739527,0.004908342,0.9298948
/home/yogesh.patel/execution/25_9_2026_PRD_work/OCT2017_Test/test/NORMAL/NORMAL-3399839-1.jpeg,3,NORMAL,NORMAL,NORMAL,True,0.006361087,0.0051824604,0.004018525,0.006045145,0.0073721106,0.0030016943,0.003922319,0.96409667
/home/yogesh.patel/execution/25_9_2026_PRD_work/OCT2017_Test/test/NORMAL/NORMAL-3416330-1.jpeg,3,NORMAL,NORMAL,NORMAL,True,0.0039417837,0.0012277033,0.0045025423,0.0030677745,0.004289413,0.0049555395,0.0024245677,0.9755906
/home/yogesh.patel/execution/25_9_2026_PRD_work/OCT2017_Test/test/NORMAL/NORMAL-3431386-1.jpeg,3,NORMAL,NORMAL,NORMAL,True,0.005325577,0.003182957,0.005630383,0.009807358,0.006825393,0.002438121,0.0021394955,0.9646507
/home/yogesh.patel/execution/25_9_2026_PRD_work/OCT2017_Test/test/NORMAL/NORMAL-3451887-1.jpeg,3,NORMAL,NORMAL,NORMAL,True,0.008037811,0.0057072164,0.00997373,0.011214183,0.009321991,0.0052683344,0.0038011146,0.9466756
/home/yogesh.patel/execution/25_9_2026_PRD_work/OCT2017_Test/test/NORMAL/NORMAL-3465750-1.jpeg,3,NORMAL,NORMAL,NORMAL,True,0.007272678,0.0045460504,0.010358718,0.0026460849,0.00837108,0.009882657,0.0040909834,0.95283175
/home/yogesh.patel/execution/25_9_2026_PRD_work/OCT2017_Test/test/NORMAL/NORMAL-3466714-1.jpeg,3,NORMAL,NORMAL,NORMAL,True,0.0061229332,0.0038941044,0.0044837217,0.01344589,0.004508033,0.0027522303,0.002198578,0.9625945
/home/yogesh.patel/execution/25_9_2026_PRD_work/OCT2017_Test/test/NORMAL/NORMAL-3475211-1.jpeg,3,NORMAL,NORMAL,NORMAL,True,0.005733533,0.0043372875,0.006027427,0.0067933314,0.0064313672,0.005266127,0.005352899,0.9600579
/home/yogesh.patel/execution/25_9_2026_PRD_work/OCT2017_Test/test/NORMAL/NORMAL-348347-1.jpeg,3,NORMAL,NORMAL,NORMAL,True,0.005175637,0.0036118007,0.0053306287,0.004535234,0.0050486224,0.0041837525,0.0028379837,0.96927637
/home/yogesh.patel/execution/25_9_2026_PRD_work/OCT2017_Test/test/NORMAL/NORMAL-349021-1.jpeg,3,NORMAL,NORMAL,NORMAL,True,0.005853871,0.003584958,0.006363899,0.004958186,0.008109732,0.006460301,0.0028953818,0.96177363
/home/yogesh.patel/execution/25_9_2026_PRD_work/OCT2017_Test/test/NORMAL/NORMAL-351109-1.jpeg,3,NORMAL,NORMAL,NORMAL,True,0.007654952,0.0031853607,0.006866689,0.0056706294,0.013044109,0.0068715164,0.0032995583,0.9534072
/home/yogesh.patel/execution/25_9_2026_PRD_work/OCT2017_Test/test/NORMAL/NORMAL-351109-2.jpeg,3,NORMAL,NORMAL,NORMAL,True,0.00653986,0.0043679364,0.006565268,0.009170824,0.007162131,0.0032762557,0.00381865,0.959099
/home/yogesh.patel/execution/25_9_2026_PRD_work/OCT2017_Test/test/NORMAL/NORMAL-3531215-1.jpeg,3,NORMAL,NORMAL,NORMAL,True,0.0049998285,0.006422035,0.00585122,0.0066272225,0.0062789307,0.0067392588,0.0036854579,0.95939606
/home/yogesh.patel/execution/25_9_2026_PRD_work/OCT2017_Test/test/NORMAL/NORMAL-3538316-1.jpeg,3,NORMAL,NORMAL,NORMAL,True,0.0048040287,0.002198461,0.006181571,0.00427777,0.0054333773,0.006686483,0.0022069868,0.9682113
/home/yogesh.patel/execution/25_9_2026_PRD_work/OCT2017_Test/test/NORMAL/NORMAL-3561306-1.jpeg,3,NORMAL,NORMAL,NORMAL,True,0.0059252116,0.006000822,0.00501711,0.0052247737,0.005979588,0.0047464054,0.0041514584,0.9629545
/home/yogesh.patel/execution/25_9_2026_PRD_work/OCT2017_Test/test/NORMAL/NORMAL-3561306-2.jpeg,3,NORMAL,NORMAL,NORMAL,True,0.009776545,0.0065756654,0.005845457,0.009288673,0.0074270344,0.0037187464,0.0050723455,0.9522956
/home/yogesh.patel/execution/25_9_2026_PRD_work/OCT2017_Test/test/NORMAL/NORMAL-366503-1.jpeg,3,NORMAL,NORMAL,NORMAL,True,0.008359148,0.005599877,0.006919371,0.009200738,0.005700232,0.0035980612,0.003616492,0.9570061
/home/yogesh.patel/execution/25_9_2026_PRD_work/OCT2017_Test/test/NORMAL/NORMAL-366503-2.jpeg,3,NORMAL,NORMAL,NORMAL,True,0.016065791,0.0096875345,0.010915323,0.0150838895,0.011822781,0.019113187,0.008046394,0.9092651
/home/yogesh.patel/execution/25_9_2026_PRD_work/OCT2017_Test/test/NORMAL/NORMAL-36734-1.jpeg,3,NORMAL,NORMAL,NORMAL,True,0.005668663,0.0045287586,0.0065206666,0.006549937,0.007491793,0.0045175264,0.002950768,0.9617718
/home/yogesh.patel/execution/25_9_2026_PRD_work/OCT2017_Test/test/NORMAL/NORMAL-37818-1.jpeg,3,NORMAL,NORMAL,NORMAL,True,0.0055752224,0.0046825027,0.009481979,0.0041815722,0.0071796253,0.0064814985,0.0022290852,0.9601886
/home/yogesh.patel/execution/25_9_2026_PRD_work/OCT2017_Test/test/NORMAL/NORMAL-395557-1.jpeg,3,NORMAL,NORMAL,NORMAL,True,0.0039344938,0.0031705594,0.004895002,0.0032324581,0.0066636563,0.002143643,0.0023469,0.97361326
/home/yogesh.patel/execution/25_9_2026_PRD_work/OCT2017_Test/test/NORMAL/NORMAL-402066-1.jpeg,3,NORMAL,NORMAL,NORMAL,True,0.00459916,0.0022163428,0.0058335722,0.0029772911,0.0054345788,0.0040314244,0.0027011835,0.9722064
/home/yogesh.patel/execution/25_9_2026_PRD_work/OCT2017_Test/test/NORMAL/NORMAL-402066-2.jpeg,3,NORMAL,NORMAL,NORMAL,True,0.008015759,0.009666427,0.010194705,0.009167699,0.008891861,0.013537338,0.004835763,0.9356905
/home/yogesh.patel/execution/25_9_2026_PRD_work/OCT2017_Test/test/NORMAL/NORMAL-402066-3.jpeg,3,NORMAL,NORMAL,NORMAL,True,0.006700385,0.0031601319,0.0075074034,0.0065557347,0.006578447,0.0031581542,0.0035176342,0.96282226
/home/yogesh.patel/execution/25_9_2026_PRD_work/OCT2017_Test/test/NORMAL/NORMAL-402066-4.jpeg,3,NORMAL,NORMAL,NORMAL,True,0.0073777298,0.0027951263,0.0062151607,0.00437006,0.007485659,0.007784139,0.0035746458,0.9603975
/home/yogesh.patel/execution/25_9_2026_PRD_work/OCT2017_Test/test/NORMAL/NORMAL-402066-5.jpeg,3,NORMAL,NORMAL,NORMAL,True,0.011963603,0.008374049,0.009063345,0.010207825,0.011359658,0.006452363,0.004921036,0.9376582
/home/yogesh.patel/execution/25_9_2026_PRD_work/OCT2017_Test/test/NORMAL/NORMAL-438684-1.jpeg,3,NORMAL,NORMAL,NORMAL,True,0.0058159293,0.005083539,0.0074596833,0.005744821,0.006183257,0.005029149,0.0039952653,0.9606884
/home/yogesh.patel/execution/25_9_2026_PRD_work/OCT2017_Test/test/NORMAL/NORMAL-438684-2.jpeg,3,NORMAL,NORMAL,NORMAL,True,0.00742563,0.00914817,0.008372397,0.008590289,0.006787236,0.0070659597,0.0035662933,0.94904417
/home/yogesh.patel/execution/25_9_2026_PRD_work/OCT2017_Test/test/NORMAL/NORMAL-438684-3.jpeg,3,NORMAL,NORMAL,NORMAL,True,0.0066284756,0.007312625,0.0065215765,0.007390746,0.006184013,0.0054089,0.003621383,0.95693225
/home/yogesh.patel/execution/25_9_2026_PRD_work/OCT2017_Test/test/NORMAL/NORMAL-443980-1.jpeg,3,NORMAL,NORMAL,NORMAL,True,0.0058962894,0.003637948,0.0065668337,0.00837011,0.0065691443,0.00231529,0.0042273607,0.9624172
/home/yogesh.patel/execution/25_9_2026_PRD_work/OCT2017_Test/test/NORMAL/NORMAL-446851-1.jpeg,3,NORMAL,NORMAL,NORMAL,True,0.0054075546,0.010101496,0.0070898947,0.004562338,0.008501406,0.005952481,0.0036479002,0.95473695
/home/yogesh.patel/execution/25_9_2026_PRD_work/OCT2017_Test/test/NORMAL/NORMAL-446851-2.jpeg,3,NORMAL,NORMAL,NORMAL,True,0.010796551,0.00613171,0.006799708,0.010671108,0.013431971,0.0064940867,0.0039518625,0.9417229
/home/yogesh.patel/execution/25_9_2026_PRD_work/OCT2017_Test/test/NORMAL/NORMAL-447690-1.jpeg,3,NORMAL,NORMAL,NORMAL,True,0.0050589666,0.003092918,0.0045196204,0.0059476523,0.0077712173,0.0029590132,0.0034685517,0.967182
/home/yogesh.patel/execution/25_9_2026_PRD_work/OCT2017_Test/test/NORMAL/NORMAL-447690-2.jpeg,3,NORMAL,NORMAL,NORMAL,True,0.0054248753,0.0053656814,0.0064478135,0.010915555,0.008466382,0.0035160384,0.004812381,0.9550513
/home/yogesh.patel/execution/25_9_2026_PRD_work/OCT2017_Test/test/NORMAL/NORMAL-450532-1.jpeg,3,NORMAL,NORMAL,NORMAL,True,0.007344029,0.004414565,0.0071401526,0.010688833,0.0073984605,0.005865549,0.0060640182,0.9510844
/home/yogesh.patel/execution/25_9_2026_PRD_work/OCT2017_Test/test/NORMAL/NORMAL-450923-1.jpeg,3,NORMAL,NORMAL,NORMAL,True,0.009273804,0.014889719,0.009926352,0.013937397,0.012316505,0.0114455875,0.0064619323,0.92174876
/home/yogesh.patel/execution/25_9_2026_PRD_work/OCT2017_Test/test/NORMAL/NORMAL-450923-2.jpeg,3,NORMAL,NORMAL,NORMAL,True,0.005484111,0.005580342,0.0075720646,0.008161411,0.008906707,0.0042014285,0.004350835,0.955743
/home/yogesh.patel/execution/25_9_2026_PRD_work/OCT2017_Test/test/NORMAL/NORMAL-460711-1.jpeg,3,NORMAL,NORMAL,NORMAL,True,0.006012992,0.0059166565,0.0057787015,0.0047922637,0.0055804946,0.0088728955,0.0041543073,0.9588916
/home/yogesh.patel/execution/25_9_2026_PRD_work/OCT2017_Test/test/NORMAL/NORMAL-460844-1.jpeg,3,NORMAL,NORMAL,NORMAL,True,0.0068110987,0.0053280494,0.006653323,0.007321891,0.0073508597,0.004445988,0.0044076294,0.9576812
/home/yogesh.patel/execution/25_9_2026_PRD_work/OCT2017_Test/test/NORMAL/NORMAL-466978-1.jpeg,3,NORMAL,NORMAL,NORMAL,True,0.004711002,0.005667424,0.004672886,0.0016358397,0.006585823,0.0036018412,0.00491158,0.96821356
/home/yogesh.patel/execution/25_9_2026_PRD_work/OCT2017_Test/test/NORMAL/NORMAL-469935-1.jpeg,3,NORMAL,NORMAL,NORMAL,True,0.005976121,0.004450335,0.007550582,0.006530079,0.007706493,0.0062918537,0.003797565,0.95769703
/home/yogesh.patel/execution/25_9_2026_PRD_work/OCT2017_Test/test/NORMAL/NORMAL-4761187-1.jpeg,3,NORMAL,NORMAL,NORMAL,True,0.0057269325,0.0038604685,0.006849745,0.0042934264,0.0053936928,0.012260608,0.0040213615,0.9575938
/home/yogesh.patel/execution/25_9_2026_PRD_work/OCT2017_Test/test/NORMAL/NORMAL-4790999-1.jpeg,3,NORMAL,NORMAL,NORMAL,True,0.0046938933,0.003160741,0.006463271,0.0067253686,0.0054518254,0.003912577,0.0031376607,0.9664547
/home/yogesh.patel/execution/25_9_2026_PRD_work/OCT2017_Test/test/NORMAL/NORMAL-48053-1.jpeg,3,NORMAL,NORMAL,NORMAL,True,0.0057386765,0.003210079,0.0060374304,0.007443967,0.0083850995,0.0024540564,0.002747033,0.96398354
/home/yogesh.patel/execution/25_9_2026_PRD_work/OCT2017_Test/test/NORMAL/NORMAL-4839633-1.jpeg,3,NORMAL,NORMAL,NORMAL,True,0.005552367,0.005460879,0.0059941974,0.00792886,0.005210556,0.0050134454,0.0056852787,0.95915437
/home/yogesh.patel/execution/25_9_2026_PRD_work/OCT2017_Test/test/NORMAL/NORMAL-486271-1.jpeg,3,NORMAL,NORMAL,NORMAL,True,0.005003045,0.0068057072,0.0037884035,0.005692344,0.0041701864,0.0022689782,0.0021357483,0.9701357
/home/yogesh.patel/execution/25_9_2026_PRD_work/OCT2017_Test/test/NORMAL/NORMAL-508852-1.jpeg,3,NORMAL,NORMAL,NORMAL,True,0.00626289,0.0030696827,0.0066871378,0.0027054253,0.004242497,0.0032858164,0.0031887763,0.9705577
/home/yogesh.patel/execution/25_9_2026_PRD_work/OCT2017_Test/test/NORMAL/NORMAL-508852-2.jpeg,3,NORMAL,NORMAL,NORMAL,True,0.0049659284,0.0031798994,0.006484449,0.0033250663,0.007459613,0.0023272398,0.0019279507,0.97032994
/home/yogesh.patel/execution/25_9_2026_PRD_work/OCT2017_Test/test/NORMAL/NORMAL-519372-1.jpeg,3,NORMAL,NORMAL,NORMAL,True,0.0027809003,0.0026269828,0.006977142,0.0071612643,0.0066348584,0.006076472,0.0024336586,0.9653087
/home/yogesh.patel/execution/25_9_2026_PRD_work/OCT2017_Test/test/NORMAL/NORMAL-524640-1.jpeg,3,NORMAL,NORMAL,NORMAL,True,0.00556075,0.004369667,0.00512784,0.005690676,0.0064019863,0.006036031,0.0028962283,0.9639169
/home/yogesh.patel/execution/25_9_2026_PRD_work/OCT2017_Test/test/NORMAL/NORMAL-544457-1.jpeg,3,NORMAL,NORMAL,NORMAL,True,0.0041868417,0.0040787123,0.0059440834,0.0073155775,0.005252959,0.007902263,0.003393995,0.9619255
/home/yogesh.patel/execution/25_9_2026_PRD_work/OCT2017_Test/test/NORMAL/NORMAL-544711-1.jpeg,3,NORMAL,NORMAL,NORMAL,True,0.010082981,0.0071539413,0.008662232,0.03216129,0.010539201,0.007771791,0.006522677,0.9171059
/home/yogesh.patel/execution/25_9_2026_PRD_work/OCT2017_Test/test/NORMAL/NORMAL-547422-1.jpeg,3,NORMAL,NORMAL,NORMAL,True,0.004198584,0.0060979077,0.005190208,0.0029175829,0.004935788,0.002543549,0.0034538286,0.9706625
/home/yogesh.patel/execution/25_9_2026_PRD_work/OCT2017_Test/test/NORMAL/NORMAL-547422-2.jpeg,3,NORMAL,NORMAL,NORMAL,True,0.004491441,0.0030353565,0.005082228,0.007614874,0.0061340304,0.0027494538,0.0037901942,0.96710247
/home/yogesh.patel/execution/25_9_2026_PRD_work/OCT2017_Test/test/NORMAL/NORMAL-549356-1.jpeg,3,NORMAL,NORMAL,NORMAL,True,0.0043004216,0.0030690848,0.00710688,0.003725071,0.0039215186,0.008839495,0.0031022518,0.9659354
/home/yogesh.patel/execution/25_9_2026_PRD_work/OCT2017_Test/test/NORMAL/NORMAL-549356-2.jpeg,3,NORMAL,NORMAL,NORMAL,True,0.0068849544,0.00601726,0.004509787,0.0036497484,0.004780897,0.0043107853,0.003348212,0.96649843
/home/yogesh.patel/execution/25_9_2026_PRD_work/OCT2017_Test/test/NORMAL/NORMAL-549356-3.jpeg,3,NORMAL,NORMAL,NORMAL,True,0.004728194,0.0071653095,0.0072070593,0.012704182,0.006375718,0.0036288376,0.003237307,0.9549533
/home/yogesh.patel/execution/25_9_2026_PRD_work/OCT2017_Test/test/NORMAL/NORMAL-552739-1.jpeg,3,NORMAL,NORMAL,NORMAL,True,0.0058748373,0.0032857787,0.006080366,0.0056959013,0.005627798,0.003305034,0.0033024948,0.9668278
/home/yogesh.patel/execution/25_9_2026_PRD_work/OCT2017_Test/test/NORMAL/NORMAL-557437-1.jpeg,3,NORMAL,NORMAL,NORMAL,True,0.008109571,0.0046275854,0.0086384285,0.010523293,0.007943414,0.0038087624,0.0038616497,0.9524873
/home/yogesh.patel/execution/25_9_2026_PRD_work/OCT2017_Test/test/NORMAL/NORMAL-557437-2.jpeg,3,NORMAL,NORMAL,NORMAL,True,0.0062014232,0.0062256944,0.0069549377,0.01073958,0.007740572,0.006579859,0.0041640876,0.9513937
/home/yogesh.patel/execution/25_9_2026_PRD_work/OCT2017_Test/test/NORMAL/NORMAL-565818-1.jpeg,3,NORMAL,NORMAL,NORMAL,True,0.009792212,0.007043726,0.008660586,0.011128852,0.010063237,0.0048212935,0.004330842,0.94415927
/home/yogesh.patel/execution/25_9_2026_PRD_work/OCT2017_Test/test/NORMAL/NORMAL-566040-1.jpeg,3,NORMAL,NORMAL,NORMAL,True,0.008225682,0.0063240267,0.006592235,0.009764238,0.0077909725,0.0062629334,0.0036010356,0.95143896
/home/yogesh.patel/execution/25_9_2026_PRD_work/OCT2017_Test/test/NORMAL/NORMAL-568518-1.jpeg,3,NORMAL,NORMAL,NORMAL,True,0.011540741,0.0054879836,0.01068453,0.008048664,0.012872932,0.007489598,0.005282529,0.938593
/home/yogesh.patel/execution/25_9_2026_PRD_work/OCT2017_Test/test/NORMAL/NORMAL-568518-2.jpeg,3,NORMAL,NORMAL,NORMAL,True,0.006729706,0.0016868141,0.00733087,0.006262686,0.0056900834,0.026275054,0.002232493,0.9437923
/home/yogesh.patel/execution/25_9_2026_PRD_work/OCT2017_Test/test/NORMAL/NORMAL-571157-1.jpeg,3,NORMAL,NORMAL,NORMAL,True,0.009844887,0.0047444366,0.0069581624,0.013645759,0.00842292,0.0038301512,0.004123595,0.94843006
/home/yogesh.patel/execution/25_9_2026_PRD_work/OCT2017_Test/test/NORMAL/NORMAL-571484-1.jpeg,3,NORMAL,NORMAL,NORMAL,True,0.004204408,0.0035410032,0.0049693813,0.0069227302,0.0054119895,0.0023998218,0.0027569882,0.96979374
/home/yogesh.patel/execution/25_9_2026_PRD_work/OCT2017_Test/test/NORMAL/NORMAL-572972-1.jpeg,3,NORMAL,NORMAL,NORMAL,True,0.0068013943,0.005654847,0.0073667765,0.012812893,0.007491341,0.005906157,0.003941148,0.95002544
/home/yogesh.patel/execution/25_9_2026_PRD_work/OCT2017_Test/test/NORMAL/NORMAL-574089-1.jpeg,3,NORMAL,NORMAL,NORMAL,True,0.008682731,0.0062592705,0.008207395,0.017395727,0.007907895,0.0029768872,0.0044838227,0.9440862
/home/yogesh.patel/execution/25_9_2026_PRD_work/OCT2017_Test/test/NORMAL/NORMAL-582215-1.jpeg,3,NORMAL,NORMAL,NORMAL,True,0.0046162135,0.0031456987,0.0071912017,0.004359936,0.0078005507,0.027507547,0.003078836,0.94229996
/home/yogesh.patel/execution/25_9_2026_PRD_work/OCT2017_Test/test/NORMAL/NORMAL-588227-1.jpeg,3,NORMAL,NORMAL,NORMAL,True,0.008655704,0.0037174167,0.006435336,0.017368756,0.008786663,0.0048257983,0.005811331,0.9443991
/home/yogesh.patel/execution/25_9_2026_PRD_work/OCT2017_Test/test/NORMAL/NORMAL-60471-1.jpeg,3,NORMAL,NORMAL,NORMAL,True,0.0044185487,0.005415792,0.0063238335,0.0068022213,0.006684598,0.006859728,0.0020596145,0.9614358
/home/yogesh.patel/execution/25_9_2026_PRD_work/OCT2017_Test/test/NORMAL/NORMAL-605310-1.jpeg,3,NORMAL,NORMAL,NORMAL,True,0.00875724,0.005160764,0.0067006964,0.03450021,0.008842226,0.003844457,0.004063252,0.9281312
/home/yogesh.patel/execution/25_9_2026_PRD_work/OCT2017_Test/test/NORMAL/NORMAL-626127-1.jpeg,3,NORMAL,NORMAL,NORMAL,True,0.0034194384,0.0024794685,0.005632139,0.0037016766,0.004457654,0.008253069,0.0020224706,0.97003406
/home/yogesh.patel/execution/25_9_2026_PRD_work/OCT2017_Test/test/NORMAL/NORMAL-628048-1.jpeg,3,NORMAL,NORMAL,NORMAL,True,0.0040900814,0.004650815,0.0066429363,0.008337736,0.0050906665,0.003325368,0.0032403392,0.964622
/home/yogesh.patel/execution/25_9_2026_PRD_work/OCT2017_Test/test/NORMAL/NORMAL-629493-1.jpeg,3,NORMAL,NORMAL,NORMAL,True,0.0045217075,0.0046178834,0.006998017,0.008543598,0.007018991,0.004263911,0.0041680187,0.9598679
/home/yogesh.patel/execution/25_9_2026_PRD_work/OCT2017_Test/test/NORMAL/NORMAL-651257-1.jpeg,3,NORMAL,NORMAL,NORMAL,True,0.004560885,0.0035463243,0.0034793129,0.0054895678,0.0042611,0.005000399,0.0029793805,0.9706829
/home/yogesh.patel/execution/25_9_2026_PRD_work/OCT2017_Test/test/NORMAL/NORMAL-655117-1.jpeg,3,NORMAL,NORMAL,NORMAL,True,0.007954359,0.004116787,0.006878106,0.0057539665,0.008271036,0.003369345,0.0035867721,0.9600697
/home/yogesh.patel/execution/25_9_2026_PRD_work/OCT2017_Test/test/NORMAL/NORMAL-655447-1.jpeg,3,NORMAL,NORMAL,NORMAL,True,0.0054561286,0.00384464,0.0060348874,0.003005512,0.0047987886,0.0036219943,0.004194339,0.9690437
/home/yogesh.patel/execution/25_9_2026_PRD_work/OCT2017_Test/test/NORMAL/NORMAL-664536-1.jpeg,3,NORMAL,NORMAL,NORMAL,True,0.007264736,0.0035856718,0.0048773475,0.0061270613,0.0065236166,0.0060388567,0.004051313,0.96153134
/home/yogesh.patel/execution/25_9_2026_PRD_work/OCT2017_Test/test/NORMAL/NORMAL-66515-1.jpeg,3,NORMAL,NORMAL,NORMAL,True,0.010091324,0.005803753,0.007466975,0.022038413,0.009134914,0.0046765544,0.004964724,0.93582344
/home/yogesh.patel/execution/25_9_2026_PRD_work/OCT2017_Test/test/NORMAL/NORMAL-672619-1.jpeg,3,NORMAL,NORMAL,NORMAL,True,0.005274823,0.0044527357,0.008110674,0.0056564338,0.009673013,0.004459122,0.004011659,0.95836157
/home/yogesh.patel/execution/25_9_2026_PRD_work/OCT2017_Test/test/NORMAL/NORMAL-692554-1.jpeg,3,NORMAL,NORMAL,NORMAL,True,0.0049854065,0.003944823,0.006804557,0.00566188,0.0059177987,0.0053474735,0.0026450187,0.96469307
/home/yogesh.patel/execution/25_9_2026_PRD_work/OCT2017_Test/test/NORMAL/NORMAL-693575-1.jpeg,3,NORMAL,NORMAL,NORMAL,True,0.004347348,0.0049075424,0.0056141247,0.0035840305,0.0054497886,0.0061308607,0.004467218,0.96549904
/home/yogesh.patel/execution/25_9_2026_PRD_work/OCT2017_Test/test/NORMAL/NORMAL-697826-1.jpeg,3,NORMAL,NORMAL,NORMAL,True,0.009910163,0.0035966837,0.0065813935,0.03265987,0.0104461005,0.027144257,0.005887178,0.9037744
/home/yogesh.patel/execution/25_9_2026_PRD_work/OCT2017_Test/test/NORMAL/NORMAL-744709-1.jpeg,3,NORMAL,NORMAL,NORMAL,True,0.0030561427,0.001456017,0.0034850473,0.002815406,0.0050019166,0.0015367704,0.0015592622,0.9810894
/home/yogesh.patel/execution/25_9_2026_PRD_work/OCT2017_Test/test/NORMAL/NORMAL-755659-1.jpeg,3,NORMAL,NORMAL,NORMAL,True,0.006139807,0.0027063596,0.0056462497,0.009866623,0.006094003,0.004859466,0.0038719678,0.9608155
/home/yogesh.patel/execution/25_9_2026_PRD_work/OCT2017_Test/test/NORMAL/NORMAL-758272-1.jpeg,3,NORMAL,NORMAL,NORMAL,True,0.004689783,0.00393101,0.004864865,0.004552259,0.0033998978,0.0034039824,0.0029753938,0.97218275
/home/yogesh.patel/execution/25_9_2026_PRD_work/OCT2017_Test/test/NORMAL/NORMAL-76914-1.jpeg,3,NORMAL,NORMAL,NORMAL,True,0.005176584,0.0036377732,0.007156215,0.009403797,0.00761119,0.0055553988,0.003473474,0.95798564
/home/yogesh.patel/execution/25_9_2026_PRD_work/OCT2017_Test/test/NORMAL/NORMAL-772481-1.jpeg,3,NORMAL,NORMAL,NORMAL,True,0.0054980475,0.0048357793,0.0037433673,0.0061651096,0.0058498955,0.011814539,0.004583201,0.95751
/home/yogesh.patel/execution/25_9_2026_PRD_work/OCT2017_Test/test/NORMAL/NORMAL-84466-1.jpeg,3,NORMAL,NORMAL,NORMAL,True,0.005705551,0.0035949624,0.0068985964,0.00559264,0.006910195,0.0024803171,0.0031631463,0.9656546
/home/yogesh.patel/execution/25_9_2026_PRD_work/OCT2017_Test/test/NORMAL/NORMAL-85367-1.jpeg,3,NORMAL,NORMAL,NORMAL,True,0.00601012,0.0038917246,0.0043462757,0.020751411,0.008712989,0.001591827,0.0037469477,0.95094866
/home/yogesh.patel/execution/25_9_2026_PRD_work/OCT2017_Test/test/NORMAL/NORMAL-9251-1.jpeg,3,NORMAL,NORMAL,NORMAL,True,0.0047284774,0.0034773075,0.0038819425,0.012562912,0.0048261294,0.0028694754,0.0035198056,0.9641339
/home/yogesh.patel/execution/25_9_2026_PRD_work/OCT2017_Test/test/NORMAL/NORMAL-98720-1.jpeg,3,NORMAL,NORMAL,NORMAL,True,0.0060932045,0.0034358192,0.005396757,0.016897563,0.0094017135,0.0025213636,0.0036065758,0.952647
