path,class,label,prob_CNV_normalized,prob_DME_normalized,prob_DRUSEN_normalized,prob_NORMAL_normalized
/home/yogesh.patel/execution/25_9_2026_PRD_work/OCT2017_Test/test/CNV/CNV-1016042-1.jpeg,CNV,0,0.98994756,0.0060028806,0.002616424,0.0014330922
/home/yogesh.patel/execution/25_9_2026_PRD_work/OCT2017_Test/test/CNV/CNV-1016042-2.jpeg,CNV,0,0.9872109,0.0082077775,0.0025828837,0.0019983787
/home/yogesh.patel/execution/25_9_2026_PRD_work/OCT2017_Test/test/CNV/CNV-1016042-3.jpeg,CNV,0,0.9841601,0.011305203,0.0018045087,0.0027301563
/home/yogesh.patel/execution/25_9_2026_PRD_work/OCT2017_Test/test/CNV/CNV-1016042-4.jpeg,CNV,0,0.98662674,0.0092505375,0.0025166261,0.0016060781
/home/yogesh.patel/execution/25_9_2026_PRD_work/OCT2017_Test/test/CNV/CNV-103044-1.jpeg,CNV,0,0.9854685,0.009651381,0.0035210988,0.0013590608
/home/yogesh.patel/execution/25_9_2026_PRD_work/OCT2017_Test/test/CNV/CNV-103044-10.jpeg,CNV,0,0.93696386,0.005881932,0.056244023,0.0009102395
/home/yogesh.patel/execution/25_9_2026_PRD_work/OCT2017_Test/test/CNV/CNV-103044-11.jpeg,CNV,0,0.98616654,0.00820806,0.003563996,0.0020613952
/home/yogesh.patel/execution/25_9_2026_PRD_work/OCT2017_Test/test/CNV/CNV-103044-12.jpeg,CNV,0,0.9894893,0.0035577272,0.004001619,0.0029513054
/home/yogesh.patel/execution/25_9_2026_PRD_work/OCT2017_Test/test/CNV/CNV-103044-2.jpeg,CNV,0,0.9727692,0.017612087,0.0061352397,0.0034835485
/home/yogesh.patel/execution/25_9_2026_PRD_work/OCT2017_Test/test/CNV/CNV-103044-3.jpeg,CNV,0,0.9587969,0.0040993895,0.036345992,0.0007577192
/home/yogesh.patel/execution/25_9_2026_PRD_work/OCT2017_Test/test/CNV/CNV-103044-4.jpeg,CNV,0,0.9868961,0.008645277,0.0023826172,0.0020760254
/home/yogesh.patel/execution/25_9_2026_PRD_work/OCT2017_Test/test/CNV/CNV-103044-5.jpeg,CNV,0,0.97145987,0.0034537842,0.024134478,0.00095189945
/home/yogesh.patel/execution/25_9_2026_PRD_work/OCT2017_Test/test/CNV/CNV-103044-6.jpeg,CNV,0,0.9878097,0.0029155938,0.008466263,0.0008083659
/home/yogesh.patel/execution/25_9_2026_PRD_work/OCT2017_Test/test/CNV/CNV-103044-7.jpeg,CNV,0,0.9851628,0.0045793112,0.009253997,0.0010039406
/home/yogesh.patel/execution/25_9_2026_PRD_work/OCT2017_Test/test/CNV/CNV-103044-8.jpeg,CNV,0,0.97322065,0.003363769,0.022743564,0.000671976
/home/yogesh.patel/execution/25_9_2026_PRD_work/OCT2017_Test/test/CNV/CNV-103044-9.jpeg,CNV,0,0.9900193,0.0026875976,0.0046596564,0.0026334315
/home/yogesh.patel/execution/25_9_2026_PRD_work/OCT2017_Test/test/CNV/CNV-1083927-1.jpeg,CNV,0,0.96495897,0.030323295,0.0034753047,0.0012424786
/home/yogesh.patel/execution/25_9_2026_PRD_work/OCT2017_Test/test/CNV/CNV-1112835-1.jpeg,CNV,0,0.98412967,0.007241232,0.0038468863,0.0047822385
/home/yogesh.patel/execution/25_9_2026_PRD_work/OCT2017_Test/test/CNV/CNV-1112835-2.jpeg,CNV,0,0.9878053,0.0056312517,0.0026931781,0.003870312
/home/yogesh.patel/execution/25_9_2026_PRD_work/OCT2017_Test/test/CNV/CNV-1130960-1.jpeg,CNV,0,0.98970723,0.0048495634,0.0027298531,0.0027133536
/home/yogesh.patel/execution/25_9_2026_PRD_work/OCT2017_Test/test/CNV/CNV-1131664-1.jpeg,CNV,0,0.9874761,0.0062734196,0.0044938945,0.0017566114
/home/yogesh.patel/execution/25_9_2026_PRD_work/OCT2017_Test/test/CNV/CNV-1136126-1.jpeg,CNV,0,0.9877082,0.0025166962,0.009164843,0.0006102932
/home/yogesh.patel/execution/25_9_2026_PRD_work/OCT2017_Test/test/CNV/CNV-1177084-1.jpeg,CNV,0,0.8837813,0.11074437,0.0048047146,0.0006696005
/home/yogesh.patel/execution/25_9_2026_PRD_work/OCT2017_Test/test/CNV/CNV-1188386-1.jpeg,CNV,0,0.98600346,0.009316708,0.0036085704,0.0010712559
/home/yogesh.patel/execution/25_9_2026_PRD_work/OCT2017_Test/test/CNV/CNV-1188386-2.jpeg,CNV,0,0.9814411,0.010586426,0.006324286,0.0016481862
/home/yogesh.patel/execution/25_9_2026_PRD_work/OCT2017_Test/test/CNV/CNV-1188386-3.jpeg,CNV,0,0.9864007,0.008964102,0.003485555,0.0011496234
/home/yogesh.patel/execution/25_9_2026_PRD_work/OCT2017_Test/test/CNV/CNV-1188386-4.jpeg,CNV,0,0.98967034,0.006674053,0.002521107,0.0011344223
/home/yogesh.patel/execution/25_9_2026_PRD_work/OCT2017_Test/test/CNV/CNV-1260317-1.jpeg,CNV,0,0.98682725,0.007906477,0.002612608,0.0026536575
/home/yogesh.patel/execution/25_9_2026_PRD_work/OCT2017_Test/test/CNV/CNV-1290410-1.jpeg,CNV,0,0.9859921,0.0066796374,0.0050189532,0.0023093778
/home/yogesh.patel/execution/25_9_2026_PRD_work/OCT2017_Test/test/CNV/CNV-1290410-2.jpeg,CNV,0,0.99392337,0.0030261953,0.0020161353,0.0010343272
/home/yogesh.patel/execution/25_9_2026_PRD_work/OCT2017_Test/test/CNV/CNV-1290410-3.jpeg,CNV,0,0.9850186,0.009247107,0.004121768,0.0016125174
/home/yogesh.patel/execution/25_9_2026_PRD_work/OCT2017_Test/test/CNV/CNV-1305450-1.jpeg,CNV,0,0.9891525,0.0030166337,0.0053390474,0.0024918534
/home/yogesh.patel/execution/25_9_2026_PRD_work/OCT2017_Test/test/CNV/CNV-1305450-2.jpeg,CNV,0,0.9781998,0.0046565644,0.015178645,0.0019650457
/home/yogesh.patel/execution/25_9_2026_PRD_work/OCT2017_Test/test/CNV/CNV-1305450-3.jpeg,CNV,0,0.95081717,0.045011744,0.0023926105,0.0017784722
/home/yogesh.patel/execution/25_9_2026_PRD_work/OCT2017_Test/test/CNV/CNV-1305450-4.jpeg,CNV,0,0.9868051,0.0069135455,0.005121279,0.0011600462
/home/yogesh.patel/execution/25_9_2026_PRD_work/OCT2017_Test/test/CNV/CNV-137351-1.jpeg,CNV,0,0.9800897,0.0107061,0.008257763,0.0009463786
/home/yogesh.patel/execution/25_9_2026_PRD_work/OCT2017_Test/test/CNV/CNV-1415351-1.jpeg,CNV,0,0.9115951,0.07997095,0.0075175003,0.00091646286
/home/yogesh.patel/execution/25_9_2026_PRD_work/OCT2017_Test/test/CNV/CNV-154835-1.jpeg,CNV,0,0.9847116,0.008276827,0.0035322285,0.0034793473
/home/yogesh.patel/execution/25_9_2026_PRD_work/OCT2017_Test/test/CNV/CNV-154835-2.jpeg,CNV,0,0.9841426,0.0055110343,0.003540768,0.006805601
/home/yogesh.patel/execution/25_9_2026_PRD_work/OCT2017_Test/test/CNV/CNV-163081-1.jpeg,CNV,0,0.98553634,0.008240002,0.003025639,0.0031980288
/home/yogesh.patel/execution/25_9_2026_PRD_work/OCT2017_Test/test/CNV/CNV-163081-10.jpeg,CNV,0,0.9889477,0.005190236,0.004482628,0.0013794155
/home/yogesh.patel/execution/25_9_2026_PRD_work/OCT2017_Test/test/CNV/CNV-163081-2.jpeg,CNV,0,0.98854804,0.007223676,0.002950176,0.00127807
/home/yogesh.patel/execution/25_9_2026_PRD_work/OCT2017_Test/test/CNV/CNV-163081-3.jpeg,CNV,0,0.9791481,0.005711595,0.013770294,0.0013699994
/home/yogesh.patel/execution/25_9_2026_PRD_work/OCT2017_Test/test/CNV/CNV-163081-4.jpeg,CNV,0,0.98829645,0.0066742715,0.0028656437,0.002163607
/home/yogesh.patel/execution/25_9_2026_PRD_work/OCT2017_Test/test/CNV/CNV-163081-5.jpeg,CNV,0,0.99014,0.0046598376,0.0038013195,0.0013988195
/home/yogesh.patel/execution/25_9_2026_PRD_work/OCT2017_Test/test/CNV/CNV-163081-6.jpeg,CNV,0,0.9832135,0.013643025,0.0018830461,0.0012604276
/home/yogesh.patel/execution/25_9_2026_PRD_work/OCT2017_Test/test/CNV/CNV-163081-7.jpeg,CNV,0,0.9827061,0.0112473015,0.0034683563,0.0025782378
/home/yogesh.patel/execution/25_9_2026_PRD_work/OCT2017_Test/test/CNV/CNV-163081-8.jpeg,CNV,0,0.99457663,0.002930142,0.0015380955,0.00095517596
/home/yogesh.patel/execution/25_9_2026_PRD_work/OCT2017_Test/test/CNV/CNV-163081-9.jpeg,CNV,0,0.9877608,0.007960368,0.0027871553,0.0014917223
/home/yogesh.patel/execution/25_9_2026_PRD_work/OCT2017_Test/test/CNV/CNV-1632795-1.jpeg,CNV,0,0.98248917,0.01023072,0.00554938,0.0017307505
/home/yogesh.patel/execution/25_9_2026_PRD_work/OCT2017_Test/test/CNV/CNV-1641792-1.jpeg,CNV,0,0.9769783,0.012059764,0.009573639,0.0013883013
/home/yogesh.patel/execution/25_9_2026_PRD_work/OCT2017_Test/test/CNV/CNV-1641792-2.jpeg,CNV,0,0.98938084,0.0064815786,0.0024209868,0.0017165812
/home/yogesh.patel/execution/25_9_2026_PRD_work/OCT2017_Test/test/CNV/CNV-1699976-1.jpeg,CNV,0,0.9893112,0.0041446122,0.0030775378,0.0034666539
/home/yogesh.patel/execution/25_9_2026_PRD_work/OCT2017_Test/test/CNV/CNV-1699976-2.jpeg,CNV,0,0.9872541,0.007452409,0.002814562,0.0024789863
/home/yogesh.patel/execution/25_9_2026_PRD_work/OCT2017_Test/test/CNV/CNV-1699976-3.jpeg,CNV,0,0.9902072,0.005158849,0.0023167701,0.0023171448
/home/yogesh.patel/execution/25_9_2026_PRD_work/OCT2017_Test/test/CNV/CNV-1699976-4.jpeg,CNV,0,0.9888904,0.006594778,0.0023974814,0.0021173514
/home/yogesh.patel/execution/25_9_2026_PRD_work/OCT2017_Test/test/CNV/CNV-1699976-5.jpeg,CNV,0,0.99010503,0.0059150457,0.001988305,0.0019916338
/home/yogesh.patel/execution/25_9_2026_PRD_work/OCT2017_Test/test/CNV/CNV-1704482-1.jpeg,CNV,0,0.98356354,0.011795566,0.003397053,0.0012437955
/home/yogesh.patel/execution/25_9_2026_PRD_work/OCT2017_Test/test/CNV/CNV-172472-1.jpeg,CNV,0,0.9893244,0.0036175074,0.0061274637,0.0009306786
/home/yogesh.patel/execution/25_9_2026_PRD_work/OCT2017_Test/test/CNV/CNV-172472-10.jpeg,CNV,0,0.9899486,0.0040182807,0.0040481132,0.001985026
/home/yogesh.patel/execution/25_9_2026_PRD_work/OCT2017_Test/test/CNV/CNV-172472-11.jpeg,CNV,0,0.9895431,0.0044578495,0.0045787017,0.0014203549
/home/yogesh.patel/execution/25_9_2026_PRD_work/OCT2017_Test/test/CNV/CNV-172472-2.jpeg,CNV,0,0.99052024,0.0046080234,0.0030994406,0.0017723037
/home/yogesh.patel/execution/25_9_2026_PRD_work/OCT2017_Test/test/CNV/CNV-172472-3.jpeg,CNV,0,0.99121255,0.0032330994,0.003376138,0.0021781814
/home/yogesh.patel/execution/25_9_2026_PRD_work/OCT2017_Test/test/CNV/CNV-172472-4.jpeg,CNV,0,0.98889285,0.004755666,0.0045091594,0.0018423178
/home/yogesh.patel/execution/25_9_2026_PRD_work/OCT2017_Test/test/CNV/CNV-172472-5.jpeg,CNV,0,0.98512334,0.011317482,0.0029296207,0.0006295755
/home/yogesh.patel/execution/25_9_2026_PRD_work/OCT2017_Test/test/CNV/CNV-172472-6.jpeg,CNV,0,0.9815534,0.010378631,0.007812028,0.00025598131
/home/yogesh.patel/execution/25_9_2026_PRD_work/OCT2017_Test/test/CNV/CNV-172472-7.jpeg,CNV,0,0.9859366,0.0057043373,0.007677816,0.00068126933
/home/yogesh.patel/execution/25_9_2026_PRD_work/OCT2017_Test/test/CNV/CNV-172472-8.jpeg,CNV,0,0.9895572,0.0047979574,0.004904289,0.0007405552
/home/yogesh.patel/execution/25_9_2026_PRD_work/OCT2017_Test/test/CNV/CNV-172472-9.jpeg,CNV,0,0.9867528,0.008095354,0.0028264252,0.0023253886
/home/yogesh.patel/execution/25_9_2026_PRD_work/OCT2017_Test/test/CNV/CNV-1730592-1.jpeg,CNV,0,0.9791443,0.0079623675,0.011147918,0.0017454391
/home/yogesh.patel/execution/25_9_2026_PRD_work/OCT2017_Test/test/CNV/CNV-1730592-2.jpeg,CNV,0,0.9740136,0.00560178,0.016288472,0.004096085
/home/yogesh.patel/execution/25_9_2026_PRD_work/OCT2017_Test/test/CNV/CNV-1731375-1.jpeg,CNV,0,0.9836402,0.007240261,0.0025096508,0.006609943
/home/yogesh.patel/execution/25_9_2026_PRD_work/OCT2017_Test/test/CNV/CNV-1731375-2.jpeg,CNV,0,0.98403496,0.0052175173,0.009800321,0.0009472138
/home/yogesh.patel/execution/25_9_2026_PRD_work/OCT2017_Test/test/CNV/CNV-1731375-3.jpeg,CNV,0,0.92238396,0.0059212428,0.07003662,0.0016581689
/home/yogesh.patel/execution/25_9_2026_PRD_work/OCT2017_Test/test/CNV/CNV-1784116-1.jpeg,CNV,0,0.9692633,0.02411817,0.0056189527,0.0009995471
/home/yogesh.patel/execution/25_9_2026_PRD_work/OCT2017_Test/test/CNV/CNV-1894770-1.jpeg,CNV,0,0.89903814,0.09581658,0.0036217174,0.0015235578
/home/yogesh.patel/execution/25_9_2026_PRD_work/OCT2017_Test/test/CNV/CNV-1894770-2.jpeg,CNV,0,0.8494163,0.01881515,0.13042286,0.0013456403
/home/yogesh.patel/execution/25_9_2026_PRD_work/OCT2017_Test/test/CNV/CNV-1980926-1.jpeg,CNV,0,0.9838816,0.010873908,0.003574869,0.0016696168
/home/yogesh.patel/execution/25_9_2026_PRD_work/OCT2017_Test/test/CNV/CNV-198660-1.jpeg,CNV,0,0.9863079,0.0029873527,0.00834781,0.0023569704
/home/yogesh.patel/execution/25_9_2026_PRD_work/OCT2017_Test/test/CNV/CNV-1997439-1.jpeg,CNV,0,0.9733522,0.017889705,0.004700842,0.0040572416
/home/yogesh.patel/execution/25_9_2026_PRD_work/OCT2017_Test/test/CNV/CNV-1997439-2.jpeg,CNV,0,0.9062734,0.081904225,0.00578546,0.006036883
/home/yogesh.patel/execution/25_9_2026_PRD_work/OCT2017_Test/test/CNV/CNV-1997439-3.jpeg,CNV,0,0.9870325,0.007396001,0.0034638285,0.0021077152
/home/yogesh.patel/execution/25_9_2026_PRD_work/OCT2017_Test/test/CNV/CNV-1997439-4.jpeg,CNV,0,0.98726547,0.0076041943,0.0018096942,0.0033205866
/home/yogesh.patel/execution/25_9_2026_PRD_work/OCT2017_Test/test/CNV/CNV-1997439-5.jpeg,CNV,0,0.9849705,0.0082415845,0.0047135577,0.0020743294
/home/yogesh.patel/execution/25_9_2026_PRD_work/OCT2017_Test/test/CNV/CNV-1997439-6.jpeg,CNV,0,0.9867651,0.0077634067,0.003391937,0.002079557
/home/yogesh.patel/execution/25_9_2026_PRD_work/OCT2017_Test/test/CNV/CNV-1997439-7.jpeg,CNV,0,0.98830605,0.006792136,0.0022879536,0.0026138981
/home/yogesh.patel/execution/25_9_2026_PRD_work/OCT2017_Test/test/CNV/CNV-2025105-1.jpeg,CNV,0,0.96766007,0.014574977,0.017254474,0.0005105419
/home/yogesh.patel/execution/25_9_2026_PRD_work/OCT2017_Test/test/CNV/CNV-204397-1.jpeg,CNV,0,0.98422575,0.0043550786,0.007107836,0.0043113674
/home/yogesh.patel/execution/25_9_2026_PRD_work/OCT2017_Test/test/CNV/CNV-2116022-1.jpeg,CNV,0,0.9850366,0.005983338,0.0074863196,0.0014937106
/home/yogesh.patel/execution/25_9_2026_PRD_work/OCT2017_Test/test/CNV/CNV-2141150-1.jpeg,CNV,0,0.98893285,0.0048441673,0.004692865,0.0015301735
/home/yogesh.patel/execution/25_9_2026_PRD_work/OCT2017_Test/test/CNV/CNV-2141150-2.jpeg,CNV,0,0.98289335,0.0102783535,0.0057621105,0.0010662214
/home/yogesh.patel/execution/25_9_2026_PRD_work/OCT2017_Test/test/CNV/CNV-2158821-1.jpeg,CNV,0,0.99159336,0.0046507455,0.001956988,0.0017988815
/home/yogesh.patel/execution/25_9_2026_PRD_work/OCT2017_Test/test/CNV/CNV-2158821-2.jpeg,CNV,0,0.98701596,0.009128889,0.0016696178,0.0021855738
/home/yogesh.patel/execution/25_9_2026_PRD_work/OCT2017_Test/test/CNV/CNV-2168793-1.jpeg,CNV,0,0.990283,0.0058518397,0.0018384319,0.002026772
/home/yogesh.patel/execution/25_9_2026_PRD_work/OCT2017_Test/test/CNV/CNV-2177326-1.jpeg,CNV,0,0.9835394,0.009136505,0.004202764,0.0031213323
/home/yogesh.patel/execution/25_9_2026_PRD_work/OCT2017_Test/test/CNV/CNV-218676-1.jpeg,CNV,0,0.98731416,0.0055794716,0.0022905366,0.004815825
/home/yogesh.patel/execution/25_9_2026_PRD_work/OCT2017_Test/test/CNV/CNV-2192440-1.jpeg,CNV,0,0.9801613,0.009041835,0.008490147,0.0023067424
/home/yogesh.patel/execution/25_9_2026_PRD_work/OCT2017_Test/test/CNV/CNV-2192440-2.jpeg,CNV,0,0.9850639,0.0086964425,0.0040781666,0.002161481
/home/yogesh.patel/execution/25_9_2026_PRD_work/OCT2017_Test/test/CNV/CNV-2350851-1.jpeg,CNV,0,0.97695494,0.008652015,0.013182081,0.0012109353
/home/yogesh.patel/execution/25_9_2026_PRD_work/OCT2017_Test/test/CNV/CNV-2438783-1.jpeg,CNV,0,0.99103683,0.0041972767,0.0029101481,0.0018557678
/home/yogesh.patel/execution/25_9_2026_PRD_work/OCT2017_Test/test/CNV/CNV-2438783-2.jpeg,CNV,0,0.98880917,0.004907683,0.002434559,0.0038485965
/home/yogesh.patel/execution/25_9_2026_PRD_work/OCT2017_Test/test/CNV/CNV-2541184-1.jpeg,CNV,0,0.9355811,0.0071802954,0.0559338,0.0013048089
/home/yogesh.patel/execution/25_9_2026_PRD_work/OCT2017_Test/test/CNV/CNV-2632189-1.jpeg,CNV,0,0.9888508,0.0041010026,0.0060968343,0.00095135346
/home/yogesh.patel/execution/25_9_2026_PRD_work/OCT2017_Test/test/CNV/CNV-2692822-1.jpeg,CNV,0,0.96927434,0.026031649,0.002514576,0.0021794317
/home/yogesh.patel/execution/25_9_2026_PRD_work/OCT2017_Test/test/CNV/CNV-2725524-1.jpeg,CNV,0,0.9890693,0.006029067,0.0031532007,0.001748396
/home/yogesh.patel/execution/25_9_2026_PRD_work/OCT2017_Test/test/CNV/CNV-2725524-2.jpeg,CNV,0,0.9787699,0.01634593,0.0030674103,0.0018168398
/home/yogesh.patel/execution/25_9_2026_PRD_work/OCT2017_Test/test/CNV/CNV-2760476-1.jpeg,CNV,0,0.9863124,0.008844861,0.0036906854,0.001151993
/home/yogesh.patel/execution/25_9_2026_PRD_work/OCT2017_Test/test/CNV/CNV-2959614-1.jpeg,CNV,0,0.981262,0.006930391,0.007831029,0.0039765653
/home/yogesh.patel/execution/25_9_2026_PRD_work/OCT2017_Test/test/CNV/CNV-2959614-2.jpeg,CNV,0,0.981383,0.012330227,0.0044921283,0.0017945608
/home/yogesh.patel/execution/25_9_2026_PRD_work/OCT2017_Test/test/CNV/CNV-2959614-3.jpeg,CNV,0,0.983994,0.0062304363,0.007848751,0.0019268143
/home/yogesh.patel/execution/25_9_2026_PRD_work/OCT2017_Test/test/CNV/CNV-2959614-4.jpeg,CNV,0,0.97953,0.0075228936,0.009723734,0.00322338
/home/yogesh.patel/execution/25_9_2026_PRD_work/OCT2017_Test/test/CNV/CNV-3030629-1.jpeg,CNV,0,0.9892419,0.007698039,0.0018536171,0.0012064379
/home/yogesh.patel/execution/25_9_2026_PRD_work/OCT2017_Test/test/CNV/CNV-3080163-1.jpeg,CNV,0,0.9809986,0.012916712,0.001416584,0.004668167
/home/yogesh.patel/execution/25_9_2026_PRD_work/OCT2017_Test/test/CNV/CNV-3080163-2.jpeg,CNV,0,0.98397374,0.010794281,0.001370834,0.003861113
/home/yogesh.patel/execution/25_9_2026_PRD_work/OCT2017_Test/test/CNV/CNV-3119854-1.jpeg,CNV,0,0.9888513,0.007399154,0.0013846621,0.0023649307
/home/yogesh.patel/execution/25_9_2026_PRD_work/OCT2017_Test/test/CNV/CNV-3163547-1.jpeg,CNV,0,0.9855051,0.00945632,0.0026799485,0.0023586473
/home/yogesh.patel/execution/25_9_2026_PRD_work/OCT2017_Test/test/CNV/CNV-3200277-1.jpeg,CNV,0,0.98128045,0.012268216,0.004076861,0.0023745063
/home/yogesh.patel/execution/25_9_2026_PRD_work/OCT2017_Test/test/CNV/CNV-3200277-2.jpeg,CNV,0,0.985278,0.006797714,0.006174126,0.0017501508
/home/yogesh.patel/execution/25_9_2026_PRD_work/OCT2017_Test/test/CNV/CNV-3213586-1.jpeg,CNV,0,0.98817956,0.0059287096,0.004507407,0.0013842885
/home/yogesh.patel/execution/25_9_2026_PRD_work/OCT2017_Test/test/CNV/CNV-3241692-1.jpeg,CNV,0,0.9512954,0.0071145347,0.039919775,0.0016703476
/home/yogesh.patel/execution/25_9_2026_PRD_work/OCT2017_Test/test/CNV/CNV-3241692-2.jpeg,CNV,0,0.98430973,0.0052539553,0.007877264,0.0025590246
/home/yogesh.patel/execution/25_9_2026_PRD_work/OCT2017_Test/test/CNV/CNV-328435-1.jpeg,CNV,0,0.93046635,0.011081483,0.056348544,0.002103632
/home/yogesh.patel/execution/25_9_2026_PRD_work/OCT2017_Test/test/CNV/CNV-3300060-1.jpeg,CNV,0,0.9878908,0.006538613,0.0014427754,0.0041278
/home/yogesh.patel/execution/25_9_2026_PRD_work/OCT2017_Test/test/CNV/CNV-338282-1.jpeg,CNV,0,0.9857965,0.0097526675,0.002682787,0.0017680434
/home/yogesh.patel/execution/25_9_2026_PRD_work/OCT2017_Test/test/CNV/CNV-3424668-1.jpeg,CNV,0,0.9108996,0.081848115,0.006375706,0.00087668415
/home/yogesh.patel/execution/25_9_2026_PRD_work/OCT2017_Test/test/CNV/CNV-3432812-1.jpeg,CNV,0,0.95588005,0.006790976,0.03584532,0.0014837339
/home/yogesh.patel/execution/25_9_2026_PRD_work/OCT2017_Test/test/CNV/CNV-3459091-1.jpeg,CNV,0,0.98709977,0.009751118,0.0014413368,0.001707737
/home/yogesh.patel/execution/25_9_2026_PRD_work/OCT2017_Test/test/CNV/CNV-3541867-1.jpeg,CNV,0,0.9750758,0.005865224,0.017928723,0.0011302747
/home/yogesh.patel/execution/25_9_2026_PRD_work/OCT2017_Test/test/CNV/CNV-3616460-1.jpeg,CNV,0,0.985304,0.0058075082,0.007175126,0.0017133702
/home/yogesh.patel/execution/25_9_2026_PRD_work/OCT2017_Test/test/CNV/CNV-3618489-1.jpeg,CNV,0,0.96083754,0.01545598,0.013393939,0.010312548
/home/yogesh.patel/execution/25_9_2026_PRD_work/OCT2017_Test/test/CNV/CNV-3618489-2.jpeg,CNV,0,0.9747955,0.01709203,0.007331752,0.00078067236
/home/yogesh.patel/execution/25_9_2026_PRD_work/OCT2017_Test/test/CNV/CNV-364469-1.jpeg,CNV,0,0.9748806,0.009451339,0.015096062,0.0005720371
/home/yogesh.patel/execution/25_9_2026_PRD_work/OCT2017_Test/test/CNV/CNV-364469-2.jpeg,CNV,0,0.97000927,0.009211195,0.020252367,0.0005271518
/home/yogesh.patel/execution/25_9_2026_PRD_work/OCT2017_Test/test/CNV/CNV-364469-3.jpeg,CNV,0,0.9589862,0.0057921177,0.034578018,0.00064367044
/home/yogesh.patel/execution/25_9_2026_PRD_work/OCT2017_Test/test/CNV/CNV-3734032-1.jpeg,CNV,0,0.986731,0.0068321116,0.0031407399,0.0032961664
/home/yogesh.patel/execution/25_9_2026_PRD_work/OCT2017_Test/test/CNV/CNV-375851-1.jpeg,CNV,0,0.99076307,0.00405293,0.0034893288,0.001694671
/home/yogesh.patel/execution/25_9_2026_PRD_work/OCT2017_Test/test/CNV/CNV-3847391-1.jpeg,CNV,0,0.9818338,0.007193382,0.010304314,0.00066843553
/home/yogesh.patel/execution/25_9_2026_PRD_work/OCT2017_Test/test/CNV/CNV-412653-1.jpeg,CNV,0,0.9878706,0.0030089528,0.0076170657,0.00150337
/home/yogesh.patel/execution/25_9_2026_PRD_work/OCT2017_Test/test/CNV/CNV-417468-1.jpeg,CNV,0,0.9786916,0.014856714,0.005190586,0.001261117
/home/yogesh.patel/execution/25_9_2026_PRD_work/OCT2017_Test/test/CNV/CNV-4244160-1.jpeg,CNV,0,0.9912135,0.004918547,0.0026775205,0.0011904916
/home/yogesh.patel/execution/25_9_2026_PRD_work/OCT2017_Test/test/CNV/CNV-4244160-2.jpeg,CNV,0,0.98655,0.008941571,0.002624954,0.0018834777
/home/yogesh.patel/execution/25_9_2026_PRD_work/OCT2017_Test/test/CNV/CNV-4244160-3.jpeg,CNV,0,0.98310477,0.009147822,0.0038140852,0.0039333133
/home/yogesh.patel/execution/25_9_2026_PRD_work/OCT2017_Test/test/CNV/CNV-4274486-1.jpeg,CNV,0,0.829446,0.027625091,0.14171654,0.0012123489
/home/yogesh.patel/execution/25_9_2026_PRD_work/OCT2017_Test/test/CNV/CNV-4283050-1.jpeg,CNV,0,0.7203709,0.2745114,0.003504057,0.0016136074
/home/yogesh.patel/execution/25_9_2026_PRD_work/OCT2017_Test/test/CNV/CNV-4283050-2.jpeg,CNV,0,0.9805656,0.012377426,0.0053025736,0.0017544535
/home/yogesh.patel/execution/25_9_2026_PRD_work/OCT2017_Test/test/CNV/CNV-4464785-1.jpeg,CNV,0,0.9883094,0.006151083,0.0045170747,0.0010224476
/home/yogesh.patel/execution/25_9_2026_PRD_work/OCT2017_Test/test/CNV/CNV-451136-1.jpeg,CNV,0,0.98730975,0.008969856,0.0014394914,0.002280884
/home/yogesh.patel/execution/25_9_2026_PRD_work/OCT2017_Test/test/CNV/CNV-451136-2.jpeg,CNV,0,0.9867317,0.0068844156,0.0019279734,0.0044558416
/home/yogesh.patel/execution/25_9_2026_PRD_work/OCT2017_Test/test/CNV/CNV-451136-3.jpeg,CNV,0,0.97223544,0.021778438,0.004565405,0.0014206164
/home/yogesh.patel/execution/25_9_2026_PRD_work/OCT2017_Test/test/CNV/CNV-451136-4.jpeg,CNV,0,0.9792305,0.015315918,0.002373616,0.0030799576
/home/yogesh.patel/execution/25_9_2026_PRD_work/OCT2017_Test/test/CNV/CNV-451136-5.jpeg,CNV,0,0.98489887,0.009585783,0.0030832235,0.0024320865
/home/yogesh.patel/execution/25_9_2026_PRD_work/OCT2017_Test/test/CNV/CNV-451136-6.jpeg,CNV,0,0.98591065,0.008311349,0.0013064082,0.004471576
/home/yogesh.patel/execution/25_9_2026_PRD_work/OCT2017_Test/test/CNV/CNV-451136-7.jpeg,CNV,0,0.9766948,0.017539477,0.0034770963,0.0022885422
/home/yogesh.patel/execution/25_9_2026_PRD_work/OCT2017_Test/test/CNV/CNV-457527-1.jpeg,CNV,0,0.9824286,0.013385617,0.0031791534,0.0010066334
/home/yogesh.patel/execution/25_9_2026_PRD_work/OCT2017_Test/test/CNV/CNV-457907-1.jpeg,CNV,0,0.9531583,0.038690586,0.0046807,0.003470407
/home/yogesh.patel/execution/25_9_2026_PRD_work/OCT2017_Test/test/CNV/CNV-460403-1.jpeg,CNV,0,0.9638449,0.020883428,0.014625766,0.000645936
/home/yogesh.patel/execution/25_9_2026_PRD_work/OCT2017_Test/test/CNV/CNV-4643364-1.jpeg,CNV,0,0.98693174,0.005823086,0.005823005,0.001422193
/home/yogesh.patel/execution/25_9_2026_PRD_work/OCT2017_Test/test/CNV/CNV-4674526-1.jpeg,CNV,0,0.9854631,0.0060843755,0.0052447924,0.0032077362
/home/yogesh.patel/execution/25_9_2026_PRD_work/OCT2017_Test/test/CNV/CNV-4740418-1.jpeg,CNV,0,0.978755,0.015744545,0.0022363632,0.0032640926
/home/yogesh.patel/execution/25_9_2026_PRD_work/OCT2017_Test/test/CNV/CNV-4775389-1.jpeg,CNV,0,0.9878834,0.006880384,0.004393598,0.0008426112
/home/yogesh.patel/execution/25_9_2026_PRD_work/OCT2017_Test/test/CNV/CNV-4884091-1.jpeg,CNV,0,0.9706041,0.022206396,0.006849536,0.00033992267
/home/yogesh.patel/execution/25_9_2026_PRD_work/OCT2017_Test/test/CNV/CNV-4907724-1.jpeg,CNV,0,0.963926,0.014680521,0.020855628,0.00053780084
/home/yogesh.patel/execution/25_9_2026_PRD_work/OCT2017_Test/test/CNV/CNV-4974377-1.jpeg,CNV,0,0.9860105,0.0073093553,0.0059569096,0.00072324637
/home/yogesh.patel/execution/25_9_2026_PRD_work/OCT2017_Test/test/CNV/CNV-5054419-1.jpeg,CNV,0,0.98966956,0.0052149114,0.0043677734,0.0007477769
/home/yogesh.patel/execution/25_9_2026_PRD_work/OCT2017_Test/test/CNV/CNV-5054419-2.jpeg,CNV,0,0.99003965,0.006021392,0.002167756,0.0017711581
/home/yogesh.patel/execution/25_9_2026_PRD_work/OCT2017_Test/test/CNV/CNV-53018-1.jpeg,CNV,0,0.8023204,0.044563383,0.1507945,0.0023217127
/home/yogesh.patel/execution/25_9_2026_PRD_work/OCT2017_Test/test/CNV/CNV-53018-2.jpeg,CNV,0,0.98231965,0.004435562,0.0114385,0.0018062842
/home/yogesh.patel/execution/25_9_2026_PRD_work/OCT2017_Test/test/CNV/CNV-538779-1.jpeg,CNV,0,0.9885651,0.005862833,0.002311226,0.0032608043
/home/yogesh.patel/execution/25_9_2026_PRD_work/OCT2017_Test/test/CNV/CNV-538779-2.jpeg,CNV,0,0.98513836,0.00433108,0.0068176673,0.0037128872
/home/yogesh.patel/execution/25_9_2026_PRD_work/OCT2017_Test/test/CNV/CNV-5409617-1.jpeg,CNV,0,0.988291,0.006761451,0.0039834604,0.0009640187
/home/yogesh.patel/execution/25_9_2026_PRD_work/OCT2017_Test/test/CNV/CNV-5429703-1.jpeg,CNV,0,0.98938996,0.006413301,0.002149893,0.0020469278
/home/yogesh.patel/execution/25_9_2026_PRD_work/OCT2017_Test/test/CNV/CNV-5429703-2.jpeg,CNV,0,0.98797697,0.0067482395,0.0027173967,0.002557408
/home/yogesh.patel/execution/25_9_2026_PRD_work/OCT2017_Test/test/CNV/CNV-5431636-1.jpeg,CNV,0,0.9415373,0.025274836,0.032514725,0.0006731363
/home/yogesh.patel/execution/25_9_2026_PRD_work/OCT2017_Test/test/CNV/CNV-5431636-2.jpeg,CNV,0,0.98160803,0.012035564,0.0027361498,0.0036202527
/home/yogesh.patel/execution/25_9_2026_PRD_work/OCT2017_Test/test/CNV/CNV-5457415-1.jpeg,CNV,0,0.98329586,0.010958619,0.0030235725,0.0027219977
/home/yogesh.patel/execution/25_9_2026_PRD_work/OCT2017_Test/test/CNV/CNV-5536678-1.jpeg,CNV,0,0.9904113,0.003490737,0.0038745245,0.0022233892
/home/yogesh.patel/execution/25_9_2026_PRD_work/OCT2017_Test/test/CNV/CNV-5536678-2.jpeg,CNV,0,0.9824222,0.006377939,0.0068138023,0.004386092
/home/yogesh.patel/execution/25_9_2026_PRD_work/OCT2017_Test/test/CNV/CNV-5557306-1.jpeg,CNV,0,0.9903818,0.0045594745,0.0023560042,0.0027027545
/home/yogesh.patel/execution/25_9_2026_PRD_work/OCT2017_Test/test/CNV/CNV-5594757-1.jpeg,CNV,0,0.9791663,0.0021228357,0.016025664,0.0026851632
/home/yogesh.patel/execution/25_9_2026_PRD_work/OCT2017_Test/test/CNV/CNV-5594757-2.jpeg,CNV,0,0.9885568,0.0057170275,0.004317573,0.001408565
/home/yogesh.patel/execution/25_9_2026_PRD_work/OCT2017_Test/test/CNV/CNV-5603164-1.jpeg,CNV,0,0.9833594,0.012614926,0.0023271996,0.0016985302
/home/yogesh.patel/execution/25_9_2026_PRD_work/OCT2017_Test/test/CNV/CNV-564246-1.jpeg,CNV,0,0.96419436,0.032376185,0.0017612027,0.0016682176
/home/yogesh.patel/execution/25_9_2026_PRD_work/OCT2017_Test/test/CNV/CNV-5674369-1.jpeg,CNV,0,0.97882557,0.016551418,0.0030199313,0.0016030584
/home/yogesh.patel/execution/25_9_2026_PRD_work/OCT2017_Test/test/CNV/CNV-5674369-2.jpeg,CNV,0,0.98710465,0.00800568,0.001921364,0.0029683455
/home/yogesh.patel/execution/25_9_2026_PRD_work/OCT2017_Test/test/CNV/CNV-5674369-3.jpeg,CNV,0,0.9885903,0.0070814025,0.0037475268,0.0005807724
/home/yogesh.patel/execution/25_9_2026_PRD_work/OCT2017_Test/test/CNV/CNV-5674369-4.jpeg,CNV,0,0.9746922,0.0062280493,0.01802022,0.0010595148
/home/yogesh.patel/execution/25_9_2026_PRD_work/OCT2017_Test/test/CNV/CNV-5674369-5.jpeg,CNV,0,0.98970145,0.0054760044,0.0026053225,0.0022171643
/home/yogesh.patel/execution/25_9_2026_PRD_work/OCT2017_Test/test/CNV/CNV-5760454-1.jpeg,CNV,0,0.9358792,0.012080365,0.051382326,0.0006582155
/home/yogesh.patel/execution/25_9_2026_PRD_work/OCT2017_Test/test/CNV/CNV-5813701-1.jpeg,CNV,0,0.9890307,0.0063262843,0.0036046542,0.0010383265
/home/yogesh.patel/execution/25_9_2026_PRD_work/OCT2017_Test/test/CNV/CNV-5813701-2.jpeg,CNV,0,0.9796864,0.016804239,0.0029073635,0.0006019726
/home/yogesh.patel/execution/25_9_2026_PRD_work/OCT2017_Test/test/CNV/CNV-5813701-3.jpeg,CNV,0,0.9690034,0.026707774,0.0033624023,0.00092652324
/home/yogesh.patel/execution/25_9_2026_PRD_work/OCT2017_Test/test/CNV/CNV-5824631-1.jpeg,CNV,0,0.98014957,0.013544025,0.005190294,0.00111613
/home/yogesh.patel/execution/25_9_2026_PRD_work/OCT2017_Test/test/CNV/CNV-5861916-1.jpeg,CNV,0,0.96109146,0.03213229,0.0033999805,0.0033762585
/home/yogesh.patel/execution/25_9_2026_PRD_work/OCT2017_Test/test/CNV/CNV-5861916-2.jpeg,CNV,0,0.9880552,0.008208978,0.0022884628,0.0014473133
/home/yogesh.patel/execution/25_9_2026_PRD_work/OCT2017_Test/test/CNV/CNV-5861916-3.jpeg,CNV,0,0.9859715,0.0072665904,0.0022201512,0.0045417943
/home/yogesh.patel/execution/25_9_2026_PRD_work/OCT2017_Test/test/CNV/CNV-5861916-4.jpeg,CNV,0,0.989417,0.006810836,0.0023368641,0.0014353312
/home/yogesh.patel/execution/25_9_2026_PRD_work/OCT2017_Test/test/CNV/CNV-5861916-5.jpeg,CNV,0,0.9840077,0.012131433,0.00198209,0.0018787818
/home/yogesh.patel/execution/25_9_2026_PRD_work/OCT2017_Test/test/CNV/CNV-5904584-1.jpeg,CNV,0,0.9255282,0.07022247,0.0032004258,0.0010488098
/home/yogesh.patel/execution/25_9_2026_PRD_work/OCT2017_Test/test/CNV/CNV-5904584-2.jpeg,CNV,0,0.9870022,0.005732189,0.005285559,0.0019799913
/home/yogesh.patel/execution/25_9_2026_PRD_work/OCT2017_Test/test/CNV/CNV-5904584-3.jpeg,CNV,0,0.9803245,0.0155319,0.003450112,0.0006934574
/home/yogesh.patel/execution/25_9_2026_PRD_work/OCT2017_Test/test/CNV/CNV-5969175-1.jpeg,CNV,0,0.9839592,0.008269768,0.0069403597,0.0008307014
/home/yogesh.patel/execution/25_9_2026_PRD_work/OCT2017_Test/test/CNV/CNV-5969175-2.jpeg,CNV,0,0.98753977,0.008996858,0.0026995027,0.0007638626
/home/yogesh.patel/execution/25_9_2026_PRD_work/OCT2017_Test/test/CNV/CNV-6053140-1.jpeg,CNV,0,0.8957913,0.010560664,0.09047577,0.0031722656
/home/yogesh.patel/execution/25_9_2026_PRD_work/OCT2017_Test/test/CNV/CNV-6190971-1.jpeg,CNV,0,0.96118516,0.035611004,0.0018998398,0.001304052
/home/yogesh.patel/execution/25_9_2026_PRD_work/OCT2017_Test/test/CNV/CNV-6215140-1.jpeg,CNV,0,0.9882545,0.005298371,0.0037361602,0.002710977
/home/yogesh.patel/execution/25_9_2026_PRD_work/OCT2017_Test/test/CNV/CNV-6215140-2.jpeg,CNV,0,0.99343604,0.00324048,0.0013288369,0.0019946538
/home/yogesh.patel/execution/25_9_2026_PRD_work/OCT2017_Test/test/CNV/CNV-624911-1.jpeg,CNV,0,0.97875285,0.016717162,0.003696137,0.0008338398
/home/yogesh.patel/execution/25_9_2026_PRD_work/OCT2017_Test/test/CNV/CNV-624911-2.jpeg,CNV,0,0.9798433,0.014419167,0.0049711103,0.00076637516
/home/yogesh.patel/execution/25_9_2026_PRD_work/OCT2017_Test/test/CNV/CNV-624911-3.jpeg,CNV,0,0.96988785,0.02449686,0.004591332,0.0010240065
/home/yogesh.patel/execution/25_9_2026_PRD_work/OCT2017_Test/test/CNV/CNV-6256161-1.jpeg,CNV,0,0.8742549,0.010683799,0.11397883,0.0010824901
/home/yogesh.patel/execution/25_9_2026_PRD_work/OCT2017_Test/test/CNV/CNV-732516-1.jpeg,CNV,0,0.9875596,0.0050505307,0.0061884327,0.0012014288
/home/yogesh.patel/execution/25_9_2026_PRD_work/OCT2017_Test/test/CNV/CNV-732516-2.jpeg,CNV,0,0.98704785,0.004088358,0.0074471394,0.0014167076
/home/yogesh.patel/execution/25_9_2026_PRD_work/OCT2017_Test/test/CNV/CNV-732516-3.jpeg,CNV,0,0.9893559,0.0040440387,0.0048699495,0.0017301196
/home/yogesh.patel/execution/25_9_2026_PRD_work/OCT2017_Test/test/CNV/CNV-732516-4.jpeg,CNV,0,0.98815435,0.0045030615,0.0047797873,0.0025627546
/home/yogesh.patel/execution/25_9_2026_PRD_work/OCT2017_Test/test/CNV/CNV-743852-1.jpeg,CNV,0,0.9590679,0.034667246,0.0049104877,0.0013544606
/home/yogesh.patel/execution/25_9_2026_PRD_work/OCT2017_Test/test/CNV/CNV-776149-1.jpeg,CNV,0,0.9909968,0.0042730374,0.0034488637,0.0012812843
/home/yogesh.patel/execution/25_9_2026_PRD_work/OCT2017_Test/test/CNV/CNV-779442-1.jpeg,CNV,0,0.9859503,0.0076415213,0.0053736134,0.0010345989
/home/yogesh.patel/execution/25_9_2026_PRD_work/OCT2017_Test/test/CNV/CNV-779442-2.jpeg,CNV,0,0.9043879,0.0061811474,0.086904526,0.0025264323
/home/yogesh.patel/execution/25_9_2026_PRD_work/OCT2017_Test/test/CNV/CNV-779442-3.jpeg,CNV,0,0.9775591,0.005952901,0.014969852,0.0015181503
/home/yogesh.patel/execution/25_9_2026_PRD_work/OCT2017_Test/test/CNV/CNV-781814-1.jpeg,CNV,0,0.97886485,0.00701621,0.0117576085,0.0023613148
/home/yogesh.patel/execution/25_9_2026_PRD_work/OCT2017_Test/test/CNV/CNV-794538-1.jpeg,CNV,0,0.9783936,0.0030220696,0.01656775,0.002016566
/home/yogesh.patel/execution/25_9_2026_PRD_work/OCT2017_Test/test/CNV/CNV-794538-2.jpeg,CNV,0,0.9718649,0.008110746,0.016271908,0.0037524563
/home/yogesh.patel/execution/25_9_2026_PRD_work/OCT2017_Test/test/CNV/CNV-81630-1.jpeg,CNV,0,0.9869583,0.0043826215,0.0064729447,0.0021861654
/home/yogesh.patel/execution/25_9_2026_PRD_work/OCT2017_Test/test/CNV/CNV-81630-2.jpeg,CNV,0,0.981044,0.008248756,0.0057726162,0.004934582
/home/yogesh.patel/execution/25_9_2026_PRD_work/OCT2017_Test/test/CNV/CNV-81630-3.jpeg,CNV,0,0.98955387,0.0034654117,0.0043252115,0.0026555033
/home/yogesh.patel/execution/25_9_2026_PRD_work/OCT2017_Test/test/CNV/CNV-81630-4.jpeg,CNV,0,0.97933024,0.00826812,0.003870471,0.008531171
/home/yogesh.patel/execution/25_9_2026_PRD_work/OCT2017_Test/test/CNV/CNV-827677-1.jpeg,CNV,0,0.97690713,0.003814242,0.017551757,0.0017268679
/home/yogesh.patel/execution/25_9_2026_PRD_work/OCT2017_Test/test/CNV/CNV-830921-1.jpeg,CNV,0,0.6493956,0.009938458,0.33926827,0.0013976869
/home/yogesh.patel/execution/25_9_2026_PRD_work/OCT2017_Test/test/CNV/CNV-865813-1.jpeg,CNV,0,0.9892287,0.004647493,0.0026643218,0.003459433
/home/yogesh.patel/execution/25_9_2026_PRD_work/OCT2017_Test/test/CNV/CNV-904464-1.jpeg,CNV,0,0.991509,0.0039698347,0.0033703812,0.0011507574
/home/yogesh.patel/execution/25_9_2026_PRD_work/OCT2017_Test/test/CNV/CNV-904464-2.jpeg,CNV,0,0.98960924,0.0052028326,0.0024424181,0.0027455569
/home/yogesh.patel/execution/25_9_2026_PRD_work/OCT2017_Test/test/CNV/CNV-904464-3.jpeg,CNV,0,0.9770599,0.017994795,0.0028211304,0.002124179
/home/yogesh.patel/execution/25_9_2026_PRD_work/OCT2017_Test/test/CNV/CNV-904464-4.jpeg,CNV,0,0.9869189,0.0078476,0.003737343,0.0014961496
/home/yogesh.patel/execution/25_9_2026_PRD_work/OCT2017_Test/test/CNV/CNV-909994-1.jpeg,CNV,0,0.96526736,0.029498443,0.0044181016,0.0008161047
/home/yogesh.patel/execution/25_9_2026_PRD_work/OCT2017_Test/test/CNV/CNV-933576-1.jpeg,CNV,0,0.97935444,0.0061578043,0.011950383,0.0025374226
/home/yogesh.patel/execution/25_9_2026_PRD_work/OCT2017_Test/test/CNV/CNV-933576-2.jpeg,CNV,0,0.98783946,0.006213036,0.0034301893,0.0025172324
/home/yogesh.patel/execution/25_9_2026_PRD_work/OCT2017_Test/test/CNV/CNV-933576-3.jpeg,CNV,0,0.9842419,0.011257506,0.0032275168,0.001273049
/home/yogesh.patel/execution/25_9_2026_PRD_work/OCT2017_Test/test/CNV/CNV-933576-4.jpeg,CNV,0,0.95845926,0.03260926,0.0085250875,0.0004064063
/home/yogesh.patel/execution/25_9_2026_PRD_work/OCT2017_Test/test/CNV/CNV-954024-1.jpeg,CNV,0,0.98277414,0.0097913025,0.0058202287,0.0016143322
/home/yogesh.patel/execution/25_9_2026_PRD_work/OCT2017_Test/test/CNV/CNV-987193-1.jpeg,CNV,0,0.9646871,0.015454006,0.019105697,0.00075327023
/home/yogesh.patel/execution/25_9_2026_PRD_work/OCT2017_Test/test/CNV/CNV-987193-2.jpeg,CNV,0,0.98801273,0.0073267166,0.003948731,0.00071181386
/home/yogesh.patel/execution/25_9_2026_PRD_work/OCT2017_Test/test/CNV/CNV-995513-1.jpeg,CNV,0,0.9881547,0.004146103,0.0056364546,0.0020626842
/home/yogesh.patel/execution/25_9_2026_PRD_work/OCT2017_Test/test/DME/DME-1081406-1.jpeg,DME,1,0.041239183,0.94878155,0.0081404615,0.0018388041
/home/yogesh.patel/execution/25_9_2026_PRD_work/OCT2017_Test/test/DME/DME-1102486-1.jpeg,DME,1,0.022498893,0.9680403,0.0064442963,0.0030165233
/home/yogesh.patel/execution/25_9_2026_PRD_work/OCT2017_Test/test/DME/DME-1102486-2.jpeg,DME,1,0.0111674955,0.97489065,0.009866425,0.004075382
/home/yogesh.patel/execution/25_9_2026_PRD_work/OCT2017_Test/test/DME/DME-1102486-3.jpeg,DME,1,0.0054495777,0.98362434,0.0058252253,0.005100898
/home/yogesh.patel/execution/25_9_2026_PRD_work/OCT2017_Test/test/DME/DME-1102486-4.jpeg,DME,1,0.0027183993,0.987609,0.0055483594,0.0041242167
/home/yogesh.patel/execution/25_9_2026_PRD_work/OCT2017_Test/test/DME/DME-11053-1.jpeg,DME,1,0.017216723,0.9620449,0.01582778,0.004910557
/home/yogesh.patel/execution/25_9_2026_PRD_work/OCT2017_Test/test/DME/DME-119840-1.jpeg,DME,1,0.027663901,0.9636512,0.0061267875,0.0025581666
/home/yogesh.patel/execution/25_9_2026_PRD_work/OCT2017_Test/test/DME/DME-1274315-1.jpeg,DME,1,0.023910467,0.9630473,0.008592593,0.004449585
/home/yogesh.patel/execution/25_9_2026_PRD_work/OCT2017_Test/test/DME/DME-1274315-2.jpeg,DME,1,0.020420726,0.97395176,0.0035491146,0.0020783918
/home/yogesh.patel/execution/25_9_2026_PRD_work/OCT2017_Test/test/DME/DME-138971-1.jpeg,DME,1,0.0036155568,0.98180836,0.0072019366,0.007374111
/home/yogesh.patel/execution/25_9_2026_PRD_work/OCT2017_Test/test/DME/DME-138971-2.jpeg,DME,1,0.011081951,0.97865987,0.007034533,0.0032236523
/home/yogesh.patel/execution/25_9_2026_PRD_work/OCT2017_Test/test/DME/DME-1430899-1.jpeg,DME,1,0.02367053,0.96697783,0.0063110576,0.003040555
/home/yogesh.patel/execution/25_9_2026_PRD_work/OCT2017_Test/test/DME/DME-1479682-1.jpeg,DME,1,0.023364678,0.94852823,0.024753066,0.00335405
/home/yogesh.patel/execution/25_9_2026_PRD_work/OCT2017_Test/test/DME/DME-15208-1.jpeg,DME,1,0.0035169024,0.9927725,0.0013131794,0.0023974364
/home/yogesh.patel/execution/25_9_2026_PRD_work/OCT2017_Test/test/DME/DME-15208-2.jpeg,DME,1,0.02989875,0.964532,0.0037865024,0.0017827622
/home/yogesh.patel/execution/25_9_2026_PRD_work/OCT2017_Test/test/DME/DME-2091157-1.jpeg,DME,1,0.034084722,0.9340397,0.026961891,0.0049137226
/home/yogesh.patel/execution/25_9_2026_PRD_work/OCT2017_Test/test/DME/DME-2105194-1.jpeg,DME,1,0.0029691637,0.9843098,0.0028030053,0.009918061
/home/yogesh.patel/execution/25_9_2026_PRD_work/OCT2017_Test/test/DME/DME-2126962-1.jpeg,DME,1,0.003702095,0.98690253,0.0055060405,0.0038892976
/home/yogesh.patel/execution/25_9_2026_PRD_work/OCT2017_Test/test/DME/DME-2261889-1.jpeg,DME,1,0.037267927,0.9479425,0.011241245,0.0035483304
/home/yogesh.patel/execution/25_9_2026_PRD_work/OCT2017_Test/test/DME/DME-2556938-1.jpeg,DME,1,0.006437291,0.9718713,0.012307246,0.009384125
/home/yogesh.patel/execution/25_9_2026_PRD_work/OCT2017_Test/test/DME/DME-2630113-1.jpeg,DME,1,0.008178386,0.9798244,0.0062252567,0.005771935
/home/yogesh.patel/execution/25_9_2026_PRD_work/OCT2017_Test/test/DME/DME-2630665-1.jpeg,DME,1,0.02723364,0.96267945,0.006634087,0.0034528293
/home/yogesh.patel/execution/25_9_2026_PRD_work/OCT2017_Test/test/DME/DME-269181-1.jpeg,DME,1,0.009946821,0.98152417,0.005503864,0.0030251541
/home/yogesh.patel/execution/25_9_2026_PRD_work/OCT2017_Test/test/DME/DME-269181-2.jpeg,DME,1,0.0041233455,0.98904115,0.0033614151,0.003474083
/home/yogesh.patel/execution/25_9_2026_PRD_work/OCT2017_Test/test/DME/DME-269181-3.jpeg,DME,1,0.006147174,0.9739855,0.014152577,0.0057147183
/home/yogesh.patel/execution/25_9_2026_PRD_work/OCT2017_Test/test/DME/DME-2716523-1.jpeg,DME,1,0.009377778,0.9854693,0.0033107763,0.0018422167
/home/yogesh.patel/execution/25_9_2026_PRD_work/OCT2017_Test/test/DME/DME-2763635-1.jpeg,DME,1,0.020665018,0.95034504,0.026651299,0.002338612
/home/yogesh.patel/execution/25_9_2026_PRD_work/OCT2017_Test/test/DME/DME-30521-1.jpeg,DME,1,0.005816755,0.98191404,0.008838652,0.0034304983
/home/yogesh.patel/execution/25_9_2026_PRD_work/OCT2017_Test/test/DME/DME-30521-10.jpeg,DME,1,0.0024515332,0.98745793,0.0032155279,0.0068750097
/home/yogesh.patel/execution/25_9_2026_PRD_work/OCT2017_Test/test/DME/DME-30521-11.jpeg,DME,1,0.0035229814,0.9880192,0.0052123675,0.0032454715
/home/yogesh.patel/execution/25_9_2026_PRD_work/OCT2017_Test/test/DME/DME-30521-12.jpeg,DME,1,0.005982919,0.98661184,0.0054844134,0.0019208317
/home/yogesh.patel/execution/25_9_2026_PRD_work/OCT2017_Test/test/DME/DME-30521-13.jpeg,DME,1,0.007849638,0.98266613,0.0066100773,0.0028740617
/home/yogesh.patel/execution/25_9_2026_PRD_work/OCT2017_Test/test/DME/DME-30521-2.jpeg,DME,1,0.0037187974,0.983062,0.006995157,0.006224016
/home/yogesh.patel/execution/25_9_2026_PRD_work/OCT2017_Test/test/DME/DME-30521-3.jpeg,DME,1,0.0034832992,0.9814683,0.0073243994,0.007724028
/home/yogesh.patel/execution/25_9_2026_PRD_work/OCT2017_Test/test/DME/DME-30521-4.jpeg,DME,1,0.006110809,0.9868278,0.004691584,0.0023698031
/home/yogesh.patel/execution/25_9_2026_PRD_work/OCT2017_Test/test/DME/DME-30521-5.jpeg,DME,1,0.027092325,0.96674305,0.0044929525,0.0016717111
/home/yogesh.patel/execution/25_9_2026_PRD_work/OCT2017_Test/test/DME/DME-30521-6.jpeg,DME,1,0.011836382,0.98028386,0.005248618,0.0026310936
/home/yogesh.patel/execution/25_9_2026_PRD_work/OCT2017_Test/test/DME/DME-30521-7.jpeg,DME,1,0.004154003,0.98889214,0.0042175967,0.0027362534
/home/yogesh.patel/execution/25_9_2026_PRD_work/OCT2017_Test/test/DME/DME-30521-8.jpeg,DME,1,0.0042644674,0.98862445,0.0034511383,0.0036599624
/home/yogesh.patel/execution/25_9_2026_PRD_work/OCT2017_Test/test/DME/DME-30521-9.jpeg,DME,1,0.0049105943,0.9878367,0.004087123,0.0031655615
/home/yogesh.patel/execution/25_9_2026_PRD_work/OCT2017_Test/test/DME/DME-306172-1.jpeg,DME,1,0.0050725914,0.98199385,0.003229533,0.009704015
/home/yogesh.patel/execution/25_9_2026_PRD_work/OCT2017_Test/test/DME/DME-3064922-1.jpeg,DME,1,0.009308151,0.98100495,0.006908043,0.0027788614
/home/yogesh.patel/execution/25_9_2026_PRD_work/OCT2017_Test/test/DME/DME-3157783-1.jpeg,DME,1,0.0033501296,0.98421896,0.0059912964,0.0064395773
/home/yogesh.patel/execution/25_9_2026_PRD_work/OCT2017_Test/test/DME/DME-323904-1.jpeg,DME,1,0.008166676,0.9831844,0.0053749043,0.0032740384
/home/yogesh.patel/execution/25_9_2026_PRD_work/OCT2017_Test/test/DME/DME-323904-2.jpeg,DME,1,0.010944939,0.98437923,0.0031178622,0.001558034
/home/yogesh.patel/execution/25_9_2026_PRD_work/OCT2017_Test/test/DME/DME-3288089-1.jpeg,DME,1,0.3372257,0.64609116,0.010632634,0.006050468
/home/yogesh.patel/execution/25_9_2026_PRD_work/OCT2017_Test/test/DME/DME-3475211-1.jpeg,DME,1,0.094270244,0.89914954,0.0041610026,0.0024191928
/home/yogesh.patel/execution/25_9_2026_PRD_work/OCT2017_Test/test/DME/DME-3722280-1.jpeg,DME,1,0.11123086,0.8794321,0.0066818343,0.0026552165
/home/yogesh.patel/execution/25_9_2026_PRD_work/OCT2017_Test/test/DME/DME-3731953-1.jpeg,DME,1,0.0053657885,0.98345935,0.007500045,0.0036747786
/home/yogesh.patel/execution/25_9_2026_PRD_work/OCT2017_Test/test/DME/DME-37503-1.jpeg,DME,1,0.0043679955,0.97764033,0.009937061,0.008054564
/home/yogesh.patel/execution/25_9_2026_PRD_work/OCT2017_Test/test/DME/DME-3791742-1.jpeg,DME,1,0.019986585,0.9694684,0.0072411085,0.0033039374
/home/yogesh.patel/execution/25_9_2026_PRD_work/OCT2017_Test/test/DME/DME-3810791-1.jpeg,DME,1,0.02229558,0.9653156,0.010342525,0.0020463322
/home/yogesh.patel/execution/25_9_2026_PRD_work/OCT2017_Test/test/DME/DME-3921035-1.jpeg,DME,1,0.008015408,0.98136,0.007124208,0.003500395
/home/yogesh.patel/execution/25_9_2026_PRD_work/OCT2017_Test/test/DME/DME-4079773-1.jpeg,DME,1,0.005272022,0.9904344,0.0019692518,0.0023243288
/home/yogesh.patel/execution/25_9_2026_PRD_work/OCT2017_Test/test/DME/DME-4117019-1.jpeg,DME,1,0.019175144,0.9750147,0.004063253,0.0017469417
/home/yogesh.patel/execution/25_9_2026_PRD_work/OCT2017_Test/test/DME/DME-4146088-1.jpeg,DME,1,0.016622154,0.977974,0.0033987802,0.002005131
/home/yogesh.patel/execution/25_9_2026_PRD_work/OCT2017_Test/test/DME/DME-4240465-1.jpeg,DME,1,0.023036236,0.96739405,0.006933858,0.0026358634
/home/yogesh.patel/execution/25_9_2026_PRD_work/OCT2017_Test/test/DME/DME-4240465-2.jpeg,DME,1,0.003952683,0.9887892,0.0028940998,0.004363953
/home/yogesh.patel/execution/25_9_2026_PRD_work/OCT2017_Test/test/DME/DME-4244491-1.jpeg,DME,1,0.0023741017,0.9897933,0.0042724963,0.0035600543
/home/yogesh.patel/execution/25_9_2026_PRD_work/OCT2017_Test/test/DME/DME-4298019-1.jpeg,DME,1,0.012994455,0.97739375,0.006263375,0.0033484134
/home/yogesh.patel/execution/25_9_2026_PRD_work/OCT2017_Test/test/DME/DME-4336607-1.jpeg,DME,1,0.11581086,0.8372047,0.040051024,0.00693345
/home/yogesh.patel/execution/25_9_2026_PRD_work/OCT2017_Test/test/DME/DME-4478609-1.jpeg,DME,1,0.0072770757,0.97929645,0.006078317,0.007348163
/home/yogesh.patel/execution/25_9_2026_PRD_work/OCT2017_Test/test/DME/DME-4616882-1.jpeg,DME,1,0.0057653077,0.9829127,0.005089205,0.006232717
/home/yogesh.patel/execution/25_9_2026_PRD_work/OCT2017_Test/test/DME/DME-462675-1.jpeg,DME,1,0.013640818,0.9547046,0.028579263,0.0030753661
/home/yogesh.patel/execution/25_9_2026_PRD_work/OCT2017_Test/test/DME/DME-4634094-1.jpeg,DME,1,0.0039752643,0.99217224,0.0015098723,0.002342596
/home/yogesh.patel/execution/25_9_2026_PRD_work/OCT2017_Test/test/DME/DME-4634094-2.jpeg,DME,1,0.009074014,0.98340523,0.004698656,0.0028220802
/home/yogesh.patel/execution/25_9_2026_PRD_work/OCT2017_Test/test/DME/DME-4658666-1.jpeg,DME,1,0.017272862,0.9486744,0.006550711,0.027502062
/home/yogesh.patel/execution/25_9_2026_PRD_work/OCT2017_Test/test/DME/DME-4732091-1.jpeg,DME,1,0.004899031,0.9757323,0.015755128,0.003613518
/home/yogesh.patel/execution/25_9_2026_PRD_work/OCT2017_Test/test/DME/DME-4732091-2.jpeg,DME,1,0.47349128,0.47273177,0.05181259,0.0019644252
/home/yogesh.patel/execution/25_9_2026_PRD_work/OCT2017_Test/test/DME/DME-4804900-1.jpeg,DME,1,0.0076038176,0.9834096,0.0045645647,0.0044220313
/home/yogesh.patel/execution/25_9_2026_PRD_work/OCT2017_Test/test/DME/DME-4897748-1.jpeg,DME,1,0.017826913,0.94647896,0.030948129,0.004746026
/home/yogesh.patel/execution/25_9_2026_PRD_work/OCT2017_Test/test/DME/DME-4940184-1.jpeg,DME,1,0.0013646132,0.988319,0.0014538345,0.00886261
/home/yogesh.patel/execution/25_9_2026_PRD_work/OCT2017_Test/test/DME/DME-4989358-1.jpeg,DME,1,0.003929725,0.9910111,0.0033037178,0.001755502
/home/yogesh.patel/execution/25_9_2026_PRD_work/OCT2017_Test/test/DME/DME-5014129-1.jpeg,DME,1,0.001497459,0.9885323,0.0038891633,0.006081044
/home/yogesh.patel/execution/25_9_2026_PRD_work/OCT2017_Test/test/DME/DME-5014129-2.jpeg,DME,1,0.022772124,0.91549027,0.058842685,0.0028949685
/home/yogesh.patel/execution/25_9_2026_PRD_work/OCT2017_Test/test/DME/DME-5071032-1.jpeg,DME,1,0.019736953,0.9668869,0.010597272,0.0027788826
/home/yogesh.patel/execution/25_9_2026_PRD_work/OCT2017_Test/test/DME/DME-5072525-1.jpeg,DME,1,0.0095967855,0.9798328,0.0073991637,0.003171292
/home/yogesh.patel/execution/25_9_2026_PRD_work/OCT2017_Test/test/DME/DME-5434248-1.jpeg,DME,1,0.037361503,0.9539826,0.006222584,0.0024333384
/home/yogesh.patel/execution/25_9_2026_PRD_work/OCT2017_Test/test/DME/DME-5465575-1.jpeg,DME,1,0.02194262,0.9711847,0.0044182325,0.0024544878
/home/yogesh.patel/execution/25_9_2026_PRD_work/OCT2017_Test/test/DME/DME-5497895-1.jpeg,DME,1,0.008559752,0.9810015,0.00796429,0.0024744524
/home/yogesh.patel/execution/25_9_2026_PRD_work/OCT2017_Test/test/DME/DME-563695-1.jpeg,DME,1,0.023724757,0.9670972,0.0060084406,0.0031695655
/home/yogesh.patel/execution/25_9_2026_PRD_work/OCT2017_Test/test/DME/DME-563695-2.jpeg,DME,1,0.0063277185,0.9857362,0.00436317,0.0035729709
/home/yogesh.patel/execution/25_9_2026_PRD_work/OCT2017_Test/test/DME/DME-5656004-1.jpeg,DME,1,0.012593257,0.95464164,0.024726149,0.008038907
/home/yogesh.patel/execution/25_9_2026_PRD_work/OCT2017_Test/test/DME/DME-5713682-1.jpeg,DME,1,0.02287644,0.96694845,0.0070861923,0.0030890026
/home/yogesh.patel/execution/25_9_2026_PRD_work/OCT2017_Test/test/DME/DME-57603-1.jpeg,DME,1,0.0034682737,0.9842626,0.008468003,0.0038011156
/home/yogesh.patel/execution/25_9_2026_PRD_work/OCT2017_Test/test/DME/DME-5760454-1.jpeg,DME,1,0.017327448,0.9730465,0.0045689484,0.005057092
/home/yogesh.patel/execution/25_9_2026_PRD_work/OCT2017_Test/test/DME/DME-5768195-1.jpeg,DME,1,0.016603112,0.97302854,0.008395521,0.001972859
/home/yogesh.patel/execution/25_9_2026_PRD_work/OCT2017_Test/test/DME/DME-5796574-1.jpeg,DME,1,0.0040780776,0.98280823,0.0065820594,0.006531597
/home/yogesh.patel/execution/25_9_2026_PRD_work/OCT2017_Test/test/DME/DME-5796574-2.jpeg,DME,1,0.045984276,0.9323406,0.019082023,0.0025930577
/home/yogesh.patel/execution/25_9_2026_PRD_work/OCT2017_Test/test/DME/DME-5802218-1.jpeg,DME,1,0.9079408,0.077498384,0.013552159,0.0010086898
/home/yogesh.patel/execution/25_9_2026_PRD_work/OCT2017_Test/test/DME/DME-5834001-1.jpeg,DME,1,0.21210088,0.77965474,0.0051828288,0.0030615109
/home/yogesh.patel/execution/25_9_2026_PRD_work/OCT2017_Test/test/DME/DME-5843591-1.jpeg,DME,1,0.005248858,0.9790153,0.011082092,0.00465376
/home/yogesh.patel/execution/25_9_2026_PRD_work/OCT2017_Test/test/DME/DME-5864085-1.jpeg,DME,1,0.0047254665,0.98845065,0.004575623,0.0022482898
/home/yogesh.patel/execution/25_9_2026_PRD_work/OCT2017_Test/test/DME/DME-5912153-1.jpeg,DME,1,0.028013946,0.96103805,0.0051368815,0.0058111483
/home/yogesh.patel/execution/25_9_2026_PRD_work/OCT2017_Test/test/DME/DME-5975636-1.jpeg,DME,1,0.013337834,0.9809874,0.0038280338,0.0018467169
/home/yogesh.patel/execution/25_9_2026_PRD_work/OCT2017_Test/test/DME/DME-5981434-1.jpeg,DME,1,0.028001491,0.9139948,0.0428187,0.015185076
/home/yogesh.patel/execution/25_9_2026_PRD_work/OCT2017_Test/test/DME/DME-6090983-1.jpeg,DME,1,0.031055389,0.9567317,0.009368699,0.002844211
/home/yogesh.patel/execution/25_9_2026_PRD_work/OCT2017_Test/test/DME/DME-6151003-1.jpeg,DME,1,0.01205714,0.35994107,0.03354914,0.5944526
/home/yogesh.patel/execution/25_9_2026_PRD_work/OCT2017_Test/test/DME/DME-6296605-1.jpeg,DME,1,0.009234573,0.9854876,0.0032178706,0.002060032
/home/yogesh.patel/execution/25_9_2026_PRD_work/OCT2017_Test/test/DME/DME-6314020-1.jpeg,DME,1,0.017207878,0.97457576,0.006394786,0.0018216269
/home/yogesh.patel/execution/25_9_2026_PRD_work/OCT2017_Test/test/DME/DME-633268-1.jpeg,DME,1,0.016004736,0.9673226,0.012901516,0.0037710762
/home/yogesh.patel/execution/25_9_2026_PRD_work/OCT2017_Test/test/DME/DME-6383847-1.jpeg,DME,1,0.001875598,0.9895747,0.0036609499,0.0048887436
/home/yogesh.patel/execution/25_9_2026_PRD_work/OCT2017_Test/test/DME/DME-6434323-1.jpeg,DME,1,0.011724597,0.9826635,0.0038089845,0.0018029325
/home/yogesh.patel/execution/25_9_2026_PRD_work/OCT2017_Test/test/DME/DME-671384-1.jpeg,DME,1,0.007626874,0.9781998,0.01079728,0.00337603
/home/yogesh.patel/execution/25_9_2026_PRD_work/OCT2017_Test/test/DME/DME-6716735-1.jpeg,DME,1,0.0030121536,0.9882837,0.0048268973,0.0038772803
/home/yogesh.patel/execution/25_9_2026_PRD_work/OCT2017_Test/test/DME/DME-6716735-2.jpeg,DME,1,0.004794828,0.98657787,0.0042699436,0.0043573733
/home/yogesh.patel/execution/25_9_2026_PRD_work/OCT2017_Test/test/DME/DME-70266-1.jpeg,DME,1,0.08318764,0.9092397,0.0057390844,0.0018335677
/home/yogesh.patel/execution/25_9_2026_PRD_work/OCT2017_Test/test/DME/DME-70266-2.jpeg,DME,1,0.02702679,0.96629035,0.004163137,0.002519707
/home/yogesh.patel/execution/25_9_2026_PRD_work/OCT2017_Test/test/DME/DME-70266-3.jpeg,DME,1,0.013600127,0.97956127,0.004701215,0.002137371
/home/yogesh.patel/execution/25_9_2026_PRD_work/OCT2017_Test/test/DME/DME-7027665-1.jpeg,DME,1,0.0021368205,0.9898284,0.00451358,0.003521214
/home/yogesh.patel/execution/25_9_2026_PRD_work/OCT2017_Test/test/DME/DME-7194085-1.jpeg,DME,1,0.024879647,0.96121275,0.0071517695,0.0067558596
/home/yogesh.patel/execution/25_9_2026_PRD_work/OCT2017_Test/test/DME/DME-7239304-1.jpeg,DME,1,0.067192644,0.92598367,0.0050047697,0.0018189178
/home/yogesh.patel/execution/25_9_2026_PRD_work/OCT2017_Test/test/DME/DME-7248535-1.jpeg,DME,1,0.017163314,0.9657165,0.013403765,0.0037164688
/home/yogesh.patel/execution/25_9_2026_PRD_work/OCT2017_Test/test/DME/DME-7432714-1.jpeg,DME,1,0.0038620764,0.98428535,0.0060814,0.005771156
/home/yogesh.patel/execution/25_9_2026_PRD_work/OCT2017_Test/test/DME/DME-7434518-1.jpeg,DME,1,0.0031770926,0.98856825,0.0035101254,0.0047445456
/home/yogesh.patel/execution/25_9_2026_PRD_work/OCT2017_Test/test/DME/DME-7469235-1.jpeg,DME,1,0.03660666,0.94590575,0.011752878,0.005734711
/home/yogesh.patel/execution/25_9_2026_PRD_work/OCT2017_Test/test/DME/DME-7503514-1.jpeg,DME,1,0.0044932156,0.990034,0.0033196267,0.0021531994
/home/yogesh.patel/execution/25_9_2026_PRD_work/OCT2017_Test/test/DME/DME-7558688-1.jpeg,DME,1,0.0023211956,0.991206,0.002195972,0.0042768754
/home/yogesh.patel/execution/25_9_2026_PRD_work/OCT2017_Test/test/DME/DME-7573590-1.jpeg,DME,1,0.011332258,0.9814981,0.0052188775,0.0019507342
/home/yogesh.patel/execution/25_9_2026_PRD_work/OCT2017_Test/test/DME/DME-7578162-1.jpeg,DME,1,0.007834529,0.9857318,0.0041687274,0.0022649441
/home/yogesh.patel/execution/25_9_2026_PRD_work/OCT2017_Test/test/DME/DME-7585263-1.jpeg,DME,1,0.022485591,0.9198322,0.05078597,0.006896196
/home/yogesh.patel/execution/25_9_2026_PRD_work/OCT2017_Test/test/DME/DME-7585263-2.jpeg,DME,1,0.20289266,0.75701964,0.03805011,0.002037611
/home/yogesh.patel/execution/25_9_2026_PRD_work/OCT2017_Test/test/DME/DME-7585263-3.jpeg,DME,1,0.08211996,0.47440732,0.43482673,0.00864604
/home/yogesh.patel/execution/25_9_2026_PRD_work/OCT2017_Test/test/DME/DME-7591008-1.jpeg,DME,1,0.0042658304,0.9804465,0.0074172546,0.00787033
/home/yogesh.patel/execution/25_9_2026_PRD_work/OCT2017_Test/test/DME/DME-7614088-1.jpeg,DME,1,0.023901025,0.9634015,0.010401133,0.0022963719
/home/yogesh.patel/execution/25_9_2026_PRD_work/OCT2017_Test/test/DME/DME-7650134-1.jpeg,DME,1,0.007753606,0.9786747,0.0100370655,0.003534614
/home/yogesh.patel/execution/25_9_2026_PRD_work/OCT2017_Test/test/DME/DME-7650134-2.jpeg,DME,1,0.008034038,0.98465466,0.004962072,0.0023492347
/home/yogesh.patel/execution/25_9_2026_PRD_work/OCT2017_Test/test/DME/DME-7706610-1.jpeg,DME,1,0.013279294,0.9739594,0.009883761,0.002877558
/home/yogesh.patel/execution/25_9_2026_PRD_work/OCT2017_Test/test/DME/DME-7706610-2.jpeg,DME,1,0.015173019,0.97394925,0.0063271723,0.004550545
/home/yogesh.patel/execution/25_9_2026_PRD_work/OCT2017_Test/test/DME/DME-7706610-3.jpeg,DME,1,0.0061449013,0.97819144,0.007930089,0.0077336296
/home/yogesh.patel/execution/25_9_2026_PRD_work/OCT2017_Test/test/DME/DME-7756213-1.jpeg,DME,1,0.012596867,0.9801266,0.001634642,0.005641847
/home/yogesh.patel/execution/25_9_2026_PRD_work/OCT2017_Test/test/DME/DME-7757895-1.jpeg,DME,1,0.002945434,0.9859663,0.004690299,0.00639796
/home/yogesh.patel/execution/25_9_2026_PRD_work/OCT2017_Test/test/DME/DME-7763916-1.jpeg,DME,1,0.0025984987,0.9872176,0.0015378492,0.008645969
/home/yogesh.patel/execution/25_9_2026_PRD_work/OCT2017_Test/test/DME/DME-7780589-1.jpeg,DME,1,0.0066193077,0.98360306,0.0055022063,0.0042754686
/home/yogesh.patel/execution/25_9_2026_PRD_work/OCT2017_Test/test/DME/DME-778975-1.jpeg,DME,1,0.045127846,0.91576016,0.035629928,0.0034820226
/home/yogesh.patel/execution/25_9_2026_PRD_work/OCT2017_Test/test/DME/DME-778975-2.jpeg,DME,1,0.0038249257,0.99088156,0.0032847724,0.0020087387
/home/yogesh.patel/execution/25_9_2026_PRD_work/OCT2017_Test/test/DME/DME-7793366-1.jpeg,DME,1,0.008261087,0.9844639,0.004739487,0.0025354996
/home/yogesh.patel/execution/25_9_2026_PRD_work/OCT2017_Test/test/DME/DME-7837305-1.jpeg,DME,1,0.0055920156,0.98391324,0.003910321,0.006584435
/home/yogesh.patel/execution/25_9_2026_PRD_work/OCT2017_Test/test/DME/DME-7837305-2.jpeg,DME,1,0.031036096,0.92244136,0.017880814,0.028641753
/home/yogesh.patel/execution/25_9_2026_PRD_work/OCT2017_Test/test/DME/DME-7837305-3.jpeg,DME,1,0.004214854,0.96379465,0.007104045,0.02488645
/home/yogesh.patel/execution/25_9_2026_PRD_work/OCT2017_Test/test/DME/DME-7837305-4.jpeg,DME,1,0.0061187223,0.96659935,0.0069132787,0.020368684
/home/yogesh.patel/execution/25_9_2026_PRD_work/OCT2017_Test/test/DME/DME-7837305-5.jpeg,DME,1,0.003209978,0.988609,0.0035816024,0.0045994516
/home/yogesh.patel/execution/25_9_2026_PRD_work/OCT2017_Test/test/DME/DME-7843891-1.jpeg,DME,1,0.4186589,0.21892396,0.07031532,0.29210177
/home/yogesh.patel/execution/25_9_2026_PRD_work/OCT2017_Test/test/DME/DME-7846574-1.jpeg,DME,1,0.022677585,0.96828914,0.007386601,0.0016467548
/home/yogesh.patel/execution/25_9_2026_PRD_work/OCT2017_Test/test/DME/DME-7870558-1.jpeg,DME,1,0.004191482,0.9830483,0.008008232,0.0047520204
/home/yogesh.patel/execution/25_9_2026_PRD_work/OCT2017_Test/test/DME/DME-7870558-2.jpeg,DME,1,0.0076404028,0.9877215,0.0025599455,0.0020781488
/home/yogesh.patel/execution/25_9_2026_PRD_work/OCT2017_Test/test/DME/DME-7870558-3.jpeg,DME,1,0.008273671,0.98460186,0.0044774157,0.0026470395
/home/yogesh.patel/execution/25_9_2026_PRD_work/OCT2017_Test/test/DME/DME-7870558-4.jpeg,DME,1,0.0050510494,0.9887046,0.0033799622,0.002864339
/home/yogesh.patel/execution/25_9_2026_PRD_work/OCT2017_Test/test/DME/DME-7907461-1.jpeg,DME,1,0.009583892,0.9758966,0.002041963,0.012477492
/home/yogesh.patel/execution/25_9_2026_PRD_work/OCT2017_Test/test/DME/DME-7918201-1.jpeg,DME,1,0.002277075,0.9499498,0.0056762993,0.042096857
/home/yogesh.patel/execution/25_9_2026_PRD_work/OCT2017_Test/test/DME/DME-7918201-2.jpeg,DME,1,0.003536887,0.9895716,0.004118447,0.002773081
/home/yogesh.patel/execution/25_9_2026_PRD_work/OCT2017_Test/test/DME/DME-7928636-1.jpeg,DME,1,0.006549808,0.98087513,0.0053344234,0.0072406493
/home/yogesh.patel/execution/25_9_2026_PRD_work/OCT2017_Test/test/DME/DME-7928636-2.jpeg,DME,1,0.033377543,0.95773166,0.0070809987,0.0018097714
/home/yogesh.patel/execution/25_9_2026_PRD_work/OCT2017_Test/test/DME/DME-7934335-1.jpeg,DME,1,0.0054130713,0.98657566,0.0052080187,0.002803259
/home/yogesh.patel/execution/25_9_2026_PRD_work/OCT2017_Test/test/DME/DME-7939555-1.jpeg,DME,1,0.0045101466,0.9822619,0.007191362,0.006036582
/home/yogesh.patel/execution/25_9_2026_PRD_work/OCT2017_Test/test/DME/DME-7939555-2.jpeg,DME,1,0.007892351,0.981967,0.00703466,0.0031060572
/home/yogesh.patel/execution/25_9_2026_PRD_work/OCT2017_Test/test/DME/DME-7939555-3.jpeg,DME,1,0.006305011,0.97447026,0.010741076,0.008483645
/home/yogesh.patel/execution/25_9_2026_PRD_work/OCT2017_Test/test/DME/DME-7939555-4.jpeg,DME,1,0.0046899687,0.9872503,0.0050597945,0.0029998524
/home/yogesh.patel/execution/25_9_2026_PRD_work/OCT2017_Test/test/DME/DME-7939555-5.jpeg,DME,1,0.0037955088,0.98276955,0.006086863,0.0073480527
/home/yogesh.patel/execution/25_9_2026_PRD_work/OCT2017_Test/test/DME/DME-7972888-1.jpeg,DME,1,0.008136275,0.9860924,0.0037491359,0.0020222398
/home/yogesh.patel/execution/25_9_2026_PRD_work/OCT2017_Test/test/DME/DME-7983936-1.jpeg,DME,1,0.06086822,0.9251121,0.011390441,0.0026291623
/home/yogesh.patel/execution/25_9_2026_PRD_work/OCT2017_Test/test/DME/DME-7990001-1.jpeg,DME,1,0.032510467,0.948853,0.0154057145,0.0032307997
/home/yogesh.patel/execution/25_9_2026_PRD_work/OCT2017_Test/test/DME/DME-8000885-1.jpeg,DME,1,0.0071337866,0.9853508,0.0035814752,0.0039339974
/home/yogesh.patel/execution/25_9_2026_PRD_work/OCT2017_Test/test/DME/DME-8019418-1.jpeg,DME,1,0.01172461,0.9805336,0.0051345057,0.0026073004
/home/yogesh.patel/execution/25_9_2026_PRD_work/OCT2017_Test/test/DME/DME-8019418-2.jpeg,DME,1,0.004566355,0.9888329,0.0036615178,0.00293918
/home/yogesh.patel/execution/25_9_2026_PRD_work/OCT2017_Test/test/DME/DME-8019418-3.jpeg,DME,1,0.019172143,0.9701461,0.0071429918,0.0035387212
/home/yogesh.patel/execution/25_9_2026_PRD_work/OCT2017_Test/test/DME/DME-8019418-4.jpeg,DME,1,0.009570584,0.9800067,0.00525483,0.0051679155
/home/yogesh.patel/execution/25_9_2026_PRD_work/OCT2017_Test/test/DME/DME-8021831-1.jpeg,DME,1,0.015248818,0.9782362,0.0033239669,0.0031909808
/home/yogesh.patel/execution/25_9_2026_PRD_work/OCT2017_Test/test/DME/DME-8056259-1.jpeg,DME,1,0.016020691,0.96882415,0.008815012,0.006340093
/home/yogesh.patel/execution/25_9_2026_PRD_work/OCT2017_Test/test/DME/DME-8080050-1.jpeg,DME,1,0.13953018,0.85292274,0.005130684,0.0024164931
/home/yogesh.patel/execution/25_9_2026_PRD_work/OCT2017_Test/test/DME/DME-8130267-1.jpeg,DME,1,0.021680899,0.95989764,0.016271725,0.002149716
/home/yogesh.patel/execution/25_9_2026_PRD_work/OCT2017_Test/test/DME/DME-8136649-1.jpeg,DME,1,0.0039286786,0.98736846,0.0052098036,0.0034930233
/home/yogesh.patel/execution/25_9_2026_PRD_work/OCT2017_Test/test/DME/DME-8167779-1.jpeg,DME,1,0.0053446065,0.9874034,0.0034876429,0.0037643395
/home/yogesh.patel/execution/25_9_2026_PRD_work/OCT2017_Test/test/DME/DME-8177380-1.jpeg,DME,1,0.0055268873,0.9886335,0.0021234502,0.0037161084
/home/yogesh.patel/execution/25_9_2026_PRD_work/OCT2017_Test/test/DME/DME-8177380-2.jpeg,DME,1,0.0042537083,0.988924,0.004066071,0.0027561458
/home/yogesh.patel/execution/25_9_2026_PRD_work/OCT2017_Test/test/DME/DME-8177380-3.jpeg,DME,1,0.0036366126,0.9921767,0.0021430524,0.0020436216
/home/yogesh.patel/execution/25_9_2026_PRD_work/OCT2017_Test/test/DME/DME-8200056-1.jpeg,DME,1,0.0054090032,0.98364794,0.0066361604,0.0043068808
/home/yogesh.patel/execution/25_9_2026_PRD_work/OCT2017_Test/test/DME/DME-8200056-2.jpeg,DME,1,0.030457329,0.96104276,0.0055213654,0.0029785614
/home/yogesh.patel/execution/25_9_2026_PRD_work/OCT2017_Test/test/DME/DME-8200056-3.jpeg,DME,1,0.005912486,0.97177404,0.012533688,0.00977978
/home/yogesh.patel/execution/25_9_2026_PRD_work/OCT2017_Test/test/DME/DME-8218042-1.jpeg,DME,1,0.022811783,0.9706065,0.0050199144,0.001561818
/home/yogesh.patel/execution/25_9_2026_PRD_work/OCT2017_Test/test/DME/DME-8231523-1.jpeg,DME,1,0.009682317,0.9841482,0.004316042,0.0018534056
/home/yogesh.patel/execution/25_9_2026_PRD_work/OCT2017_Test/test/DME/DME-82328-1.jpeg,DME,1,0.005212875,0.98833644,0.0040037055,0.002446967
/home/yogesh.patel/execution/25_9_2026_PRD_work/OCT2017_Test/test/DME/DME-8366524-1.jpeg,DME,1,0.016704587,0.78526455,0.021442324,0.17658857
/home/yogesh.patel/execution/25_9_2026_PRD_work/OCT2017_Test/test/DME/DME-8366524-2.jpeg,DME,1,0.0017910914,0.9911677,0.0016114435,0.0054297494
/home/yogesh.patel/execution/25_9_2026_PRD_work/OCT2017_Test/test/DME/DME-8426419-1.jpeg,DME,1,0.057607166,0.9273359,0.012985196,0.0020717408
/home/yogesh.patel/execution/25_9_2026_PRD_work/OCT2017_Test/test/DME/DME-8426419-2.jpeg,DME,1,0.011020413,0.97437465,0.010319072,0.0042858846
/home/yogesh.patel/execution/25_9_2026_PRD_work/OCT2017_Test/test/DME/DME-8457431-1.jpeg,DME,1,0.032543626,0.9595894,0.0050103148,0.0028565996
/home/yogesh.patel/execution/25_9_2026_PRD_work/OCT2017_Test/test/DME/DME-8469406-1.jpeg,DME,1,0.013493833,0.97885996,0.0031011996,0.0045450265
/home/yogesh.patel/execution/25_9_2026_PRD_work/OCT2017_Test/test/DME/DME-8472707-1.jpeg,DME,1,0.0058183805,0.9869876,0.002546637,0.004647348
/home/yogesh.patel/execution/25_9_2026_PRD_work/OCT2017_Test/test/DME/DME-8477096-1.jpeg,DME,1,0.039892074,0.95581007,0.002730506,0.0015673272
/home/yogesh.patel/execution/25_9_2026_PRD_work/OCT2017_Test/test/DME/DME-8525575-1.jpeg,DME,1,0.016916946,0.97680044,0.004197351,0.0020852769
/home/yogesh.patel/execution/25_9_2026_PRD_work/OCT2017_Test/test/DME/DME-8525575-2.jpeg,DME,1,0.018555094,0.97212166,0.0053858575,0.0039373836
/home/yogesh.patel/execution/25_9_2026_PRD_work/OCT2017_Test/test/DME/DME-8525575-3.jpeg,DME,1,0.0067427414,0.98869264,0.0025474604,0.0020171674
/home/yogesh.patel/execution/25_9_2026_PRD_work/OCT2017_Test/test/DME/DME-8525575-4.jpeg,DME,1,0.012540701,0.97985214,0.004364213,0.003242962
/home/yogesh.patel/execution/25_9_2026_PRD_work/OCT2017_Test/test/DME/DME-8525575-5.jpeg,DME,1,0.078177266,0.91300255,0.006657966,0.0021621995
/home/yogesh.patel/execution/25_9_2026_PRD_work/OCT2017_Test/test/DME/DME-8525575-6.jpeg,DME,1,0.027766507,0.96473444,0.0055608912,0.0019382049
/home/yogesh.patel/execution/25_9_2026_PRD_work/OCT2017_Test/test/DME/DME-8525575-7.jpeg,DME,1,0.035951976,0.9559179,0.005233391,0.0028967494
/home/yogesh.patel/execution/25_9_2026_PRD_work/OCT2017_Test/test/DME/DME-8525575-8.jpeg,DME,1,0.007872634,0.9820017,0.0060871965,0.0040384564
/home/yogesh.patel/execution/25_9_2026_PRD_work/OCT2017_Test/test/DME/DME-8589279-1.jpeg,DME,1,0.09891092,0.8733444,0.024954334,0.0027903635
/home/yogesh.patel/execution/25_9_2026_PRD_work/OCT2017_Test/test/DME/DME-8602716-1.jpeg,DME,1,0.008020838,0.9770589,0.008744941,0.00617532
/home/yogesh.patel/execution/25_9_2026_PRD_work/OCT2017_Test/test/DME/DME-8602716-2.jpeg,DME,1,0.0192942,0.9719386,0.003386217,0.005381031
/home/yogesh.patel/execution/25_9_2026_PRD_work/OCT2017_Test/test/DME/DME-8602716-3.jpeg,DME,1,0.0030569432,0.9889909,0.0044310493,0.0035210727
/home/yogesh.patel/execution/25_9_2026_PRD_work/OCT2017_Test/test/DME/DME-8602716-4.jpeg,DME,1,0.007574016,0.988566,0.002540901,0.0013190757
/home/yogesh.patel/execution/25_9_2026_PRD_work/OCT2017_Test/test/DME/DME-8615417-1.jpeg,DME,1,0.011365173,0.9795248,0.006349324,0.0027607365
/home/yogesh.patel/execution/25_9_2026_PRD_work/OCT2017_Test/test/DME/DME-8615417-2.jpeg,DME,1,0.012667308,0.9777565,0.005147707,0.00442845
/home/yogesh.patel/execution/25_9_2026_PRD_work/OCT2017_Test/test/DME/DME-8635355-1.jpeg,DME,1,0.019233726,0.9688493,0.010236655,0.0016803097
/home/yogesh.patel/execution/25_9_2026_PRD_work/OCT2017_Test/test/DME/DME-8635355-2.jpeg,DME,1,0.09543631,0.88435125,0.018196885,0.0020155523
/home/yogesh.patel/execution/25_9_2026_PRD_work/OCT2017_Test/test/DME/DME-8729675-1.jpeg,DME,1,0.0050729043,0.9819916,0.006099598,0.0068359375
/home/yogesh.patel/execution/25_9_2026_PRD_work/OCT2017_Test/test/DME/DME-8729675-2.jpeg,DME,1,0.08779565,0.58641213,0.2969846,0.028807579
/home/yogesh.patel/execution/25_9_2026_PRD_work/OCT2017_Test/test/DME/DME-8732456-1.jpeg,DME,1,0.15241885,0.6636978,0.18095347,0.0029299431
/home/yogesh.patel/execution/25_9_2026_PRD_work/OCT2017_Test/test/DME/DME-8766603-1.jpeg,DME,1,0.004247213,0.98917156,0.003940533,0.002640724
/home/yogesh.patel/execution/25_9_2026_PRD_work/OCT2017_Test/test/DME/DME-8807486-1.jpeg,DME,1,0.0060683587,0.9904889,0.0021519165,0.0012908846
/home/yogesh.patel/execution/25_9_2026_PRD_work/OCT2017_Test/test/DME/DME-8847144-1.jpeg,DME,1,0.03394016,0.93491304,0.026211545,0.004935282
/home/yogesh.patel/execution/25_9_2026_PRD_work/OCT2017_Test/test/DME/DME-8851193-1.jpeg,DME,1,0.010312603,0.9809836,0.0052871467,0.0034166167
/home/yogesh.patel/execution/25_9_2026_PRD_work/OCT2017_Test/test/DME/DME-8861620-1.jpeg,DME,1,0.018489286,0.96922886,0.009021825,0.0032600756
/home/yogesh.patel/execution/25_9_2026_PRD_work/OCT2017_Test/test/DME/DME-8861620-2.jpeg,DME,1,0.0130105205,0.9605262,0.019761316,0.0067019635
/home/yogesh.patel/execution/25_9_2026_PRD_work/OCT2017_Test/test/DME/DME-8861620-3.jpeg,DME,1,0.009919955,0.97933066,0.0074608843,0.003288506
/home/yogesh.patel/execution/25_9_2026_PRD_work/OCT2017_Test/test/DME/DME-8889771-1.jpeg,DME,1,0.005398381,0.9823695,0.007207526,0.0050246054
/home/yogesh.patel/execution/25_9_2026_PRD_work/OCT2017_Test/test/DME/DME-8889771-2.jpeg,DME,1,0.006882799,0.9862803,0.0040097916,0.0028270571
/home/yogesh.patel/execution/25_9_2026_PRD_work/OCT2017_Test/test/DME/DME-8889771-3.jpeg,DME,1,0.09390937,0.88134927,0.02199305,0.0027483115
/home/yogesh.patel/execution/25_9_2026_PRD_work/OCT2017_Test/test/DME/DME-8889771-4.jpeg,DME,1,0.007025377,0.9832009,0.0065051583,0.00326862
/home/yogesh.patel/execution/25_9_2026_PRD_work/OCT2017_Test/test/DME/DME-8908847-1.jpeg,DME,1,0.005784398,0.99024016,0.0021735986,0.0018018511
/home/yogesh.patel/execution/25_9_2026_PRD_work/OCT2017_Test/test/DME/DME-8989419-1.jpeg,DME,1,0.0058286446,0.98673743,0.0054210415,0.0020128998
/home/yogesh.patel/execution/25_9_2026_PRD_work/OCT2017_Test/test/DME/DME-9066695-1.jpeg,DME,1,0.0046778703,0.9887152,0.0035164338,0.003090563
/home/yogesh.patel/execution/25_9_2026_PRD_work/OCT2017_Test/test/DME/DME-9109143-1.jpeg,DME,1,0.013508308,0.98029655,0.0038549027,0.0023402146
/home/yogesh.patel/execution/25_9_2026_PRD_work/OCT2017_Test/test/DME/DME-910956-1.jpeg,DME,1,0.0049300175,0.9854108,0.0044754376,0.0051837247
/home/yogesh.patel/execution/25_9_2026_PRD_work/OCT2017_Test/test/DME/DME-9211360-1.jpeg,DME,1,0.117152266,0.8001553,0.07581735,0.0068750367
/home/yogesh.patel/execution/25_9_2026_PRD_work/OCT2017_Test/test/DME/DME-9211360-2.jpeg,DME,1,0.124723546,0.86737776,0.0058685117,0.002030232
/home/yogesh.patel/execution/25_9_2026_PRD_work/OCT2017_Test/test/DME/DME-9241179-1.jpeg,DME,1,0.0044838763,0.98728126,0.003167747,0.005067136
/home/yogesh.patel/execution/25_9_2026_PRD_work/OCT2017_Test/test/DME/DME-9333524-1.jpeg,DME,1,0.1395425,0.6166819,0.24060155,0.0031740824
/home/yogesh.patel/execution/25_9_2026_PRD_work/OCT2017_Test/test/DME/DME-9361825-1.jpeg,DME,1,0.007855172,0.9825355,0.0050353594,0.004574012
/home/yogesh.patel/execution/25_9_2026_PRD_work/OCT2017_Test/test/DME/DME-9378346-1.jpeg,DME,1,0.022356356,0.9705904,0.005034502,0.0020187683
/home/yogesh.patel/execution/25_9_2026_PRD_work/OCT2017_Test/test/DME/DME-9378346-2.jpeg,DME,1,0.015336757,0.97779703,0.003948491,0.0029177263
/home/yogesh.patel/execution/25_9_2026_PRD_work/OCT2017_Test/test/DME/DME-9378346-3.jpeg,DME,1,0.008941158,0.9679662,0.01768622,0.005406443
/home/yogesh.patel/execution/25_9_2026_PRD_work/OCT2017_Test/test/DME/DME-9428363-1.jpeg,DME,1,0.011838542,0.9729542,0.0074403384,0.007766868
/home/yogesh.patel/execution/25_9_2026_PRD_work/OCT2017_Test/test/DME/DME-9488073-1.jpeg,DME,1,0.0024190517,0.9885216,0.0035585687,0.00550077
/home/yogesh.patel/execution/25_9_2026_PRD_work/OCT2017_Test/test/DME/DME-9488073-2.jpeg,DME,1,0.0069519826,0.98572963,0.0044286908,0.0028896886
/home/yogesh.patel/execution/25_9_2026_PRD_work/OCT2017_Test/test/DME/DME-9504297-1.jpeg,DME,1,0.02932891,0.9592165,0.0074895704,0.003965018
/home/yogesh.patel/execution/25_9_2026_PRD_work/OCT2017_Test/test/DME/DME-9557298-1.jpeg,DME,1,0.0014254283,0.98571855,0.0028099685,0.010046032
/home/yogesh.patel/execution/25_9_2026_PRD_work/OCT2017_Test/test/DME/DME-9579219-1.jpeg,DME,1,0.09555347,0.89555424,0.007668852,0.0012234442
/home/yogesh.patel/execution/25_9_2026_PRD_work/OCT2017_Test/test/DME/DME-98994-1.jpeg,DME,1,0.0068531805,0.98496026,0.0051070047,0.0030795306
/home/yogesh.patel/execution/25_9_2026_PRD_work/OCT2017_Test/test/DME/DME-98994-2.jpeg,DME,1,0.0053227474,0.98607385,0.0050412132,0.0035621999
/home/yogesh.patel/execution/25_9_2026_PRD_work/OCT2017_Test/test/DRUSEN/DRUSEN-1083159-1.jpeg,DRUSEN,2,0.013476604,0.010257702,0.97446954,0.0017961215
/home/yogesh.patel/execution/25_9_2026_PRD_work/OCT2017_Test/test/DRUSEN/DRUSEN-1112835-1.jpeg,DRUSEN,2,0.038889073,0.007974311,0.9510523,0.0020843386
/home/yogesh.patel/execution/25_9_2026_PRD_work/OCT2017_Test/test/DRUSEN/DRUSEN-1173253-1.jpeg,DRUSEN,2,0.069125205,0.016036492,0.9115304,0.0033079148
/home/yogesh.patel/execution/25_9_2026_PRD_work/OCT2017_Test/test/DRUSEN/DRUSEN-1193659-1.jpeg,DRUSEN,2,0.037799276,0.006814318,0.9532981,0.0020882757
/home/yogesh.patel/execution/25_9_2026_PRD_work/OCT2017_Test/test/DRUSEN/DRUSEN-1219727-1.jpeg,DRUSEN,2,0.02009588,0.010430949,0.9671089,0.0023642771
/home/yogesh.patel/execution/25_9_2026_PRD_work/OCT2017_Test/test/DRUSEN/DRUSEN-1225603-1.jpeg,DRUSEN,2,0.0067287814,0.010913162,0.9799204,0.002437689
/home/yogesh.patel/execution/25_9_2026_PRD_work/OCT2017_Test/test/DRUSEN/DRUSEN-1225603-2.jpeg,DRUSEN,2,0.005878333,0.006737563,0.9849845,0.0023996406
/home/yogesh.patel/execution/25_9_2026_PRD_work/OCT2017_Test/test/DRUSEN/DRUSEN-1237848-1.jpeg,DRUSEN,2,0.0047131837,0.006172207,0.9855872,0.0035274455
/home/yogesh.patel/execution/25_9_2026_PRD_work/OCT2017_Test/test/DRUSEN/DRUSEN-1237848-2.jpeg,DRUSEN,2,0.003251701,0.01231116,0.98136693,0.0030702422
/home/yogesh.patel/execution/25_9_2026_PRD_work/OCT2017_Test/test/DRUSEN/DRUSEN-1237848-3.jpeg,DRUSEN,2,0.0022858002,0.00800613,0.9864666,0.0032414827
/home/yogesh.patel/execution/25_9_2026_PRD_work/OCT2017_Test/test/DRUSEN/DRUSEN-1246453-1.jpeg,DRUSEN,2,0.050126202,0.010080567,0.93818396,0.0016092659
/home/yogesh.patel/execution/25_9_2026_PRD_work/OCT2017_Test/test/DRUSEN/DRUSEN-1487749-1.jpeg,DRUSEN,2,0.010006704,0.010383314,0.9777147,0.0018952705
/home/yogesh.patel/execution/25_9_2026_PRD_work/OCT2017_Test/test/DRUSEN/DRUSEN-1487749-2.jpeg,DRUSEN,2,0.0073613427,0.013156119,0.9770059,0.0024766324
/home/yogesh.patel/execution/25_9_2026_PRD_work/OCT2017_Test/test/DRUSEN/DRUSEN-1487749-3.jpeg,DRUSEN,2,0.0125496285,0.013787133,0.9709631,0.0027001144
/home/yogesh.patel/execution/25_9_2026_PRD_work/OCT2017_Test/test/DRUSEN/DRUSEN-1487749-4.jpeg,DRUSEN,2,0.009810754,0.015165933,0.972727,0.0022963404
/home/yogesh.patel/execution/25_9_2026_PRD_work/OCT2017_Test/test/DRUSEN/DRUSEN-1530990-1.jpeg,DRUSEN,2,0.01875013,0.012608442,0.9670022,0.0016391875
/home/yogesh.patel/execution/25_9_2026_PRD_work/OCT2017_Test/test/DRUSEN/DRUSEN-1730592-1.jpeg,DRUSEN,2,0.013984793,0.012257383,0.97147614,0.0022816882
/home/yogesh.patel/execution/25_9_2026_PRD_work/OCT2017_Test/test/DRUSEN/DRUSEN-1786810-1.jpeg,DRUSEN,2,0.00957687,0.0059088133,0.98297393,0.0015403597
/home/yogesh.patel/execution/25_9_2026_PRD_work/OCT2017_Test/test/DRUSEN/DRUSEN-1786810-2.jpeg,DRUSEN,2,0.03825092,0.013021501,0.94597614,0.0027513846
/home/yogesh.patel/execution/25_9_2026_PRD_work/OCT2017_Test/test/DRUSEN/DRUSEN-1786810-3.jpeg,DRUSEN,2,0.071774684,0.017312907,0.9066395,0.0042728824
/home/yogesh.patel/execution/25_9_2026_PRD_work/OCT2017_Test/test/DRUSEN/DRUSEN-1789270-1.jpeg,DRUSEN,2,0.085780844,0.01385708,0.898829,0.0015330792
/home/yogesh.patel/execution/25_9_2026_PRD_work/OCT2017_Test/test/DRUSEN/DRUSEN-1793499-1.jpeg,DRUSEN,2,0.022793768,0.010016574,0.9649437,0.0022459512
/home/yogesh.patel/execution/25_9_2026_PRD_work/OCT2017_Test/test/DRUSEN/DRUSEN-1912508-1.jpeg,DRUSEN,2,0.0053992816,0.006738722,0.9858321,0.002029896
/home/yogesh.patel/execution/25_9_2026_PRD_work/OCT2017_Test/test/DRUSEN/DRUSEN-1997439-1.jpeg,DRUSEN,2,0.0076345415,0.012403004,0.97621304,0.0037494244
/home/yogesh.patel/execution/25_9_2026_PRD_work/OCT2017_Test/test/DRUSEN/DRUSEN-1997439-2.jpeg,DRUSEN,2,0.0072281095,0.012122533,0.97759724,0.003052104
/home/yogesh.patel/execution/25_9_2026_PRD_work/OCT2017_Test/test/DRUSEN/DRUSEN-1997439-3.jpeg,DRUSEN,2,0.012270965,0.0073546595,0.978909,0.0014653258
/home/yogesh.patel/execution/25_9_2026_PRD_work/OCT2017_Test/test/DRUSEN/DRUSEN-1997439-4.jpeg,DRUSEN,2,0.007865086,0.010502079,0.978586,0.0030467822
/home/yogesh.patel/execution/25_9_2026_PRD_work/OCT2017_Test/test/DRUSEN/DRUSEN-2108193-1.jpeg,DRUSEN,2,0.049417354,0.008376174,0.9398515,0.0023549215
/home/yogesh.patel/execution/25_9_2026_PRD_work/OCT2017_Test/test/DRUSEN/DRUSEN-2108193-2.jpeg,DRUSEN,2,0.043518383,0.0052371207,0.94890046,0.0023440546
/home/yogesh.patel/execution/25_9_2026_PRD_work/OCT2017_Test/test/DRUSEN/DRUSEN-2128644-1.jpeg,DRUSEN,2,0.012405263,0.012325511,0.97173095,0.0035382775
/home/yogesh.patel/execution/25_9_2026_PRD_work/OCT2017_Test/test/DRUSEN/DRUSEN-2128644-2.jpeg,DRUSEN,2,0.04319499,0.013167416,0.94057566,0.003061942
/home/yogesh.patel/execution/25_9_2026_PRD_work/OCT2017_Test/test/DRUSEN/DRUSEN-2128644-3.jpeg,DRUSEN,2,0.06464063,0.022337908,0.9104873,0.0025341653
/home/yogesh.patel/execution/25_9_2026_PRD_work/OCT2017_Test/test/DRUSEN/DRUSEN-2141150-1.jpeg,DRUSEN,2,0.007298511,0.010799119,0.9784611,0.0034412656
/home/yogesh.patel/execution/25_9_2026_PRD_work/OCT2017_Test/test/DRUSEN/DRUSEN-2156263-1.jpeg,DRUSEN,2,0.027230868,0.015501893,0.9550708,0.0021964395
/home/yogesh.patel/execution/25_9_2026_PRD_work/OCT2017_Test/test/DRUSEN/DRUSEN-2173657-1.jpeg,DRUSEN,2,0.006058502,0.013402054,0.9775927,0.0029467372
/home/yogesh.patel/execution/25_9_2026_PRD_work/OCT2017_Test/test/DRUSEN/DRUSEN-2180220-1.jpeg,DRUSEN,2,0.005967255,0.009574544,0.9820545,0.0024036965
/home/yogesh.patel/execution/25_9_2026_PRD_work/OCT2017_Test/test/DRUSEN/DRUSEN-2185112-1.jpeg,DRUSEN,2,0.015756268,0.0098624285,0.9704907,0.0038906687
/home/yogesh.patel/execution/25_9_2026_PRD_work/OCT2017_Test/test/DRUSEN/DRUSEN-2185112-2.jpeg,DRUSEN,2,0.0040111914,0.0040159468,0.9857616,0.006211262
/home/yogesh.patel/execution/25_9_2026_PRD_work/OCT2017_Test/test/DRUSEN/DRUSEN-2232211-1.jpeg,DRUSEN,2,0.01398203,0.0218436,0.96219283,0.0019815536
/home/yogesh.patel/execution/25_9_2026_PRD_work/OCT2017_Test/test/DRUSEN/DRUSEN-2253582-1.jpeg,DRUSEN,2,0.050116464,0.024414109,0.9220183,0.003451164
/home/yogesh.patel/execution/25_9_2026_PRD_work/OCT2017_Test/test/DRUSEN/DRUSEN-2257047-1.jpeg,DRUSEN,2,0.04540533,0.009187299,0.9428493,0.002558056
/home/yogesh.patel/execution/25_9_2026_PRD_work/OCT2017_Test/test/DRUSEN/DRUSEN-2257047-2.jpeg,DRUSEN,2,0.033485457,0.0041134437,0.96062297,0.001778112
/home/yogesh.patel/execution/25_9_2026_PRD_work/OCT2017_Test/test/DRUSEN/DRUSEN-2257047-3.jpeg,DRUSEN,2,0.012454838,0.007873722,0.9766261,0.0030453696
/home/yogesh.patel/execution/25_9_2026_PRD_work/OCT2017_Test/test/DRUSEN/DRUSEN-2257047-4.jpeg,DRUSEN,2,0.049499337,0.011053474,0.93683505,0.0026121098
/home/yogesh.patel/execution/25_9_2026_PRD_work/OCT2017_Test/test/DRUSEN/DRUSEN-2257047-5.jpeg,DRUSEN,2,0.012004083,0.008612891,0.97732633,0.002056717
/home/yogesh.patel/execution/25_9_2026_PRD_work/OCT2017_Test/test/DRUSEN/DRUSEN-2257047-6.jpeg,DRUSEN,2,0.026189191,0.011945285,0.95989984,0.0019656825
/home/yogesh.patel/execution/25_9_2026_PRD_work/OCT2017_Test/test/DRUSEN/DRUSEN-2257047-7.jpeg,DRUSEN,2,0.010619221,0.006453728,0.98169094,0.0012360371
/home/yogesh.patel/execution/25_9_2026_PRD_work/OCT2017_Test/test/DRUSEN/DRUSEN-2257047-8.jpeg,DRUSEN,2,0.12173146,0.013474534,0.8616874,0.003106601
/home/yogesh.patel/execution/25_9_2026_PRD_work/OCT2017_Test/test/DRUSEN/DRUSEN-228939-1.jpeg,DRUSEN,2,0.015270448,0.015882034,0.96591395,0.0029335706
/home/yogesh.patel/execution/25_9_2026_PRD_work/OCT2017_Test/test/DRUSEN/DRUSEN-228939-2.jpeg,DRUSEN,2,0.0067769773,0.0153558105,0.9750076,0.0028596239
/home/yogesh.patel/execution/25_9_2026_PRD_work/OCT2017_Test/test/DRUSEN/DRUSEN-2308158-1.jpeg,DRUSEN,2,0.009675583,0.002561897,0.9859203,0.001842269
/home/yogesh.patel/execution/25_9_2026_PRD_work/OCT2017_Test/test/DRUSEN/DRUSEN-2403178-1.jpeg,DRUSEN,2,0.12720574,0.014506802,0.8554024,0.002885036
/home/yogesh.patel/execution/25_9_2026_PRD_work/OCT2017_Test/test/DRUSEN/DRUSEN-2403178-2.jpeg,DRUSEN,2,0.19238673,0.006574996,0.7995907,0.001447545
/home/yogesh.patel/execution/25_9_2026_PRD_work/OCT2017_Test/test/DRUSEN/DRUSEN-2403178-3.jpeg,DRUSEN,2,0.030135332,0.012788635,0.95491505,0.0021610064
/home/yogesh.patel/execution/25_9_2026_PRD_work/OCT2017_Test/test/DRUSEN/DRUSEN-2403178-4.jpeg,DRUSEN,2,0.14333975,0.013391167,0.839733,0.0035360416
/home/yogesh.patel/execution/25_9_2026_PRD_work/OCT2017_Test/test/DRUSEN/DRUSEN-2403178-5.jpeg,DRUSEN,2,0.0132890595,0.00869415,0.9756507,0.002366081
/home/yogesh.patel/execution/25_9_2026_PRD_work/OCT2017_Test/test/DRUSEN/DRUSEN-2403178-6.jpeg,DRUSEN,2,0.025582973,0.010886095,0.96109504,0.002435879
/home/yogesh.patel/execution/25_9_2026_PRD_work/OCT2017_Test/test/DRUSEN/DRUSEN-2443068-1.jpeg,DRUSEN,2,0.009036458,0.009678257,0.9773262,0.003959113
/home/yogesh.patel/execution/25_9_2026_PRD_work/OCT2017_Test/test/DRUSEN/DRUSEN-2489093-1.jpeg,DRUSEN,2,0.011143234,0.0040052254,0.9825043,0.0023472107
/home/yogesh.patel/execution/25_9_2026_PRD_work/OCT2017_Test/test/DRUSEN/DRUSEN-2489093-2.jpeg,DRUSEN,2,0.0049272315,0.009394205,0.982969,0.0027095757
/home/yogesh.patel/execution/25_9_2026_PRD_work/OCT2017_Test/test/DRUSEN/DRUSEN-2510299-1.jpeg,DRUSEN,2,0.09243986,0.0077539985,0.89739543,0.0024107066
/home/yogesh.patel/execution/25_9_2026_PRD_work/OCT2017_Test/test/DRUSEN/DRUSEN-2510299-2.jpeg,DRUSEN,2,0.05123387,0.011890258,0.93567836,0.0011975482
/home/yogesh.patel/execution/25_9_2026_PRD_work/OCT2017_Test/test/DRUSEN/DRUSEN-2541184-1.jpeg,DRUSEN,2,0.0043112403,0.009148537,0.98349357,0.0030466858
/home/yogesh.patel/execution/25_9_2026_PRD_work/OCT2017_Test/test/DRUSEN/DRUSEN-2785977-1.jpeg,DRUSEN,2,0.02641503,0.0117264595,0.95897114,0.0028873936
/home/yogesh.patel/execution/25_9_2026_PRD_work/OCT2017_Test/test/DRUSEN/DRUSEN-2951435-1.jpeg,DRUSEN,2,0.023932042,0.01165601,0.9623548,0.002057213
/home/yogesh.patel/execution/25_9_2026_PRD_work/OCT2017_Test/test/DRUSEN/DRUSEN-3017923-1.jpeg,DRUSEN,2,0.029595863,0.0058474843,0.96212035,0.0024363252
/home/yogesh.patel/execution/25_9_2026_PRD_work/OCT2017_Test/test/DRUSEN/DRUSEN-303435-1.jpeg,DRUSEN,2,0.0029790248,0.012419359,0.979631,0.0049706656
/home/yogesh.patel/execution/25_9_2026_PRD_work/OCT2017_Test/test/DRUSEN/DRUSEN-3214955-1.jpeg,DRUSEN,2,0.011613507,0.0047275224,0.97935534,0.004303594
/home/yogesh.patel/execution/25_9_2026_PRD_work/OCT2017_Test/test/DRUSEN/DRUSEN-3241692-1.jpeg,DRUSEN,2,0.020222332,0.012181443,0.9650344,0.0025617743
/home/yogesh.patel/execution/25_9_2026_PRD_work/OCT2017_Test/test/DRUSEN/DRUSEN-3276918-1.jpeg,DRUSEN,2,0.009071678,0.01128509,0.9769525,0.0026907627
/home/yogesh.patel/execution/25_9_2026_PRD_work/OCT2017_Test/test/DRUSEN/DRUSEN-3276918-2.jpeg,DRUSEN,2,0.009196443,0.01274927,0.9758114,0.0022428925
/home/yogesh.patel/execution/25_9_2026_PRD_work/OCT2017_Test/test/DRUSEN/DRUSEN-3317878-1.jpeg,DRUSEN,2,0.014526829,0.011457,0.97192353,0.0020925754
/home/yogesh.patel/execution/25_9_2026_PRD_work/OCT2017_Test/test/DRUSEN/DRUSEN-3424668-1.jpeg,DRUSEN,2,0.015582049,0.014457844,0.96770483,0.0022552733
/home/yogesh.patel/execution/25_9_2026_PRD_work/OCT2017_Test/test/DRUSEN/DRUSEN-3424668-2.jpeg,DRUSEN,2,0.020936241,0.00811162,0.96929586,0.001656302
/home/yogesh.patel/execution/25_9_2026_PRD_work/OCT2017_Test/test/DRUSEN/DRUSEN-3424668-3.jpeg,DRUSEN,2,0.03352312,0.0071806605,0.9581325,0.0011636531
/home/yogesh.patel/execution/25_9_2026_PRD_work/OCT2017_Test/test/DRUSEN/DRUSEN-3424668-4.jpeg,DRUSEN,2,0.031293362,0.011590787,0.9545198,0.0025960754
/home/yogesh.patel/execution/25_9_2026_PRD_work/OCT2017_Test/test/DRUSEN/DRUSEN-3439251-1.jpeg,DRUSEN,2,0.016761864,0.010440699,0.9699076,0.002889886
/home/yogesh.patel/execution/25_9_2026_PRD_work/OCT2017_Test/test/DRUSEN/DRUSEN-3439251-2.jpeg,DRUSEN,2,0.017477673,0.010359184,0.9694584,0.0027048027
/home/yogesh.patel/execution/25_9_2026_PRD_work/OCT2017_Test/test/DRUSEN/DRUSEN-3482415-1.jpeg,DRUSEN,2,0.0066000107,0.006622958,0.98556477,0.0012122578
/home/yogesh.patel/execution/25_9_2026_PRD_work/OCT2017_Test/test/DRUSEN/DRUSEN-349021-1.jpeg,DRUSEN,2,0.095113516,0.011216925,0.89168966,0.0019799296
/home/yogesh.patel/execution/25_9_2026_PRD_work/OCT2017_Test/test/DRUSEN/DRUSEN-349021-2.jpeg,DRUSEN,2,0.3587047,0.012556323,0.6269785,0.001760524
/home/yogesh.patel/execution/25_9_2026_PRD_work/OCT2017_Test/test/DRUSEN/DRUSEN-3571629-1.jpeg,DRUSEN,2,0.021305595,0.008416048,0.9685442,0.0017341827
/home/yogesh.patel/execution/25_9_2026_PRD_work/OCT2017_Test/test/DRUSEN/DRUSEN-364469-1.jpeg,DRUSEN,2,0.014233771,0.008869806,0.9744788,0.0024176256
/home/yogesh.patel/execution/25_9_2026_PRD_work/OCT2017_Test/test/DRUSEN/DRUSEN-364469-2.jpeg,DRUSEN,2,0.011297746,0.011332071,0.97478706,0.0025830886
/home/yogesh.patel/execution/25_9_2026_PRD_work/OCT2017_Test/test/DRUSEN/DRUSEN-364469-3.jpeg,DRUSEN,2,0.007743424,0.008783687,0.9816894,0.0017834901
/home/yogesh.patel/execution/25_9_2026_PRD_work/OCT2017_Test/test/DRUSEN/DRUSEN-364469-4.jpeg,DRUSEN,2,0.008207322,0.010280004,0.9786048,0.0029078245
/home/yogesh.patel/execution/25_9_2026_PRD_work/OCT2017_Test/test/DRUSEN/DRUSEN-4240777-1.jpeg,DRUSEN,2,0.007045295,0.012035415,0.9786481,0.0022711738
/home/yogesh.patel/execution/25_9_2026_PRD_work/OCT2017_Test/test/DRUSEN/DRUSEN-4291972-1.jpeg,DRUSEN,2,0.11532022,0.012591266,0.8703204,0.0017681251
/home/yogesh.patel/execution/25_9_2026_PRD_work/OCT2017_Test/test/DRUSEN/DRUSEN-4293095-1.jpeg,DRUSEN,2,0.01961347,0.010189938,0.9670458,0.0031508054
/home/yogesh.patel/execution/25_9_2026_PRD_work/OCT2017_Test/test/DRUSEN/DRUSEN-4293095-2.jpeg,DRUSEN,2,0.0046385517,0.00991228,0.9818438,0.0036053183
/home/yogesh.patel/execution/25_9_2026_PRD_work/OCT2017_Test/test/DRUSEN/DRUSEN-4304015-1.jpeg,DRUSEN,2,0.011617393,0.005013834,0.9819392,0.001429567
/home/yogesh.patel/execution/25_9_2026_PRD_work/OCT2017_Test/test/DRUSEN/DRUSEN-4314625-1.jpeg,DRUSEN,2,0.019792639,0.006462531,0.9715552,0.0021896733
/home/yogesh.patel/execution/25_9_2026_PRD_work/OCT2017_Test/test/DRUSEN/DRUSEN-4343867-1.jpeg,DRUSEN,2,0.039395183,0.009910022,0.9480713,0.002623548
/home/yogesh.patel/execution/25_9_2026_PRD_work/OCT2017_Test/test/DRUSEN/DRUSEN-4343867-2.jpeg,DRUSEN,2,0.01940445,0.011669163,0.967422,0.0015043566
/home/yogesh.patel/execution/25_9_2026_PRD_work/OCT2017_Test/test/DRUSEN/DRUSEN-4379246-1.jpeg,DRUSEN,2,0.030092686,0.011611205,0.95577,0.0025260267
/home/yogesh.patel/execution/25_9_2026_PRD_work/OCT2017_Test/test/DRUSEN/DRUSEN-4379246-2.jpeg,DRUSEN,2,0.10329806,0.013708667,0.8808566,0.0021367266
/home/yogesh.patel/execution/25_9_2026_PRD_work/OCT2017_Test/test/DRUSEN/DRUSEN-457907-1.jpeg,DRUSEN,2,0.12331557,0.017662067,0.85723585,0.0017865654
/home/yogesh.patel/execution/25_9_2026_PRD_work/OCT2017_Test/test/DRUSEN/DRUSEN-4666680-1.jpeg,DRUSEN,2,0.0072246715,0.008103721,0.98136693,0.0033046687
/home/yogesh.patel/execution/25_9_2026_PRD_work/OCT2017_Test/test/DRUSEN/DRUSEN-4666680-2.jpeg,DRUSEN,2,0.0042687953,0.009702904,0.983385,0.0026432183
/home/yogesh.patel/execution/25_9_2026_PRD_work/OCT2017_Test/test/DRUSEN/DRUSEN-4696998-1.jpeg,DRUSEN,2,0.0034480162,0.0050458275,0.9898882,0.001617985
/home/yogesh.patel/execution/25_9_2026_PRD_work/OCT2017_Test/test/DRUSEN/DRUSEN-4878077-1.jpeg,DRUSEN,2,0.02649069,0.008394839,0.96370256,0.0014118811
/home/yogesh.patel/execution/25_9_2026_PRD_work/OCT2017_Test/test/DRUSEN/DRUSEN-4878077-2.jpeg,DRUSEN,2,0.004902246,0.010231297,0.9824321,0.0024343235
/home/yogesh.patel/execution/25_9_2026_PRD_work/OCT2017_Test/test/DRUSEN/DRUSEN-4878077-3.jpeg,DRUSEN,2,0.002975743,0.013547359,0.98065746,0.0028194627
/home/yogesh.patel/execution/25_9_2026_PRD_work/OCT2017_Test/test/DRUSEN/DRUSEN-4878077-4.jpeg,DRUSEN,2,0.019801388,0.008036662,0.97021306,0.0019489059
/home/yogesh.patel/execution/25_9_2026_PRD_work/OCT2017_Test/test/DRUSEN/DRUSEN-4878077-5.jpeg,DRUSEN,2,0.007744867,0.009901165,0.9797747,0.0025792709
/home/yogesh.patel/execution/25_9_2026_PRD_work/OCT2017_Test/test/DRUSEN/DRUSEN-4878077-6.jpeg,DRUSEN,2,0.008584636,0.015520399,0.97309935,0.0027956294
/home/yogesh.patel/execution/25_9_2026_PRD_work/OCT2017_Test/test/DRUSEN/DRUSEN-4904794-1.jpeg,DRUSEN,2,0.012801446,0.00864892,0.9753276,0.003222062
/home/yogesh.patel/execution/25_9_2026_PRD_work/OCT2017_Test/test/DRUSEN/DRUSEN-4951152-1.jpeg,DRUSEN,2,0.017981496,0.005379968,0.97487044,0.0017681203
/home/yogesh.patel/execution/25_9_2026_PRD_work/OCT2017_Test/test/DRUSEN/DRUSEN-4973287-1.jpeg,DRUSEN,2,0.01242505,0.013376959,0.9706122,0.003585735
/home/yogesh.patel/execution/25_9_2026_PRD_work/OCT2017_Test/test/DRUSEN/DRUSEN-5094722-1.jpeg,DRUSEN,2,0.0073249224,0.008538699,0.98211753,0.0020188154
/home/yogesh.patel/execution/25_9_2026_PRD_work/OCT2017_Test/test/DRUSEN/DRUSEN-525301-1.jpeg,DRUSEN,2,0.014421077,0.0073231347,0.9754589,0.0027968537
/home/yogesh.patel/execution/25_9_2026_PRD_work/OCT2017_Test/test/DRUSEN/DRUSEN-5331157-1.jpeg,DRUSEN,2,0.07450762,0.018285386,0.9050699,0.0021370866
/home/yogesh.patel/execution/25_9_2026_PRD_work/OCT2017_Test/test/DRUSEN/DRUSEN-538779-1.jpeg,DRUSEN,2,0.011459537,0.012074343,0.97462606,0.0018400684
/home/yogesh.patel/execution/25_9_2026_PRD_work/OCT2017_Test/test/DRUSEN/DRUSEN-5443411-1.jpeg,DRUSEN,2,0.029005168,0.007271706,0.96194816,0.0017749042
/home/yogesh.patel/execution/25_9_2026_PRD_work/OCT2017_Test/test/DRUSEN/DRUSEN-5477211-1.jpeg,DRUSEN,2,0.03045674,0.010817877,0.9554963,0.0032290327
/home/yogesh.patel/execution/25_9_2026_PRD_work/OCT2017_Test/test/DRUSEN/DRUSEN-5477211-2.jpeg,DRUSEN,2,0.015581782,0.009250835,0.9732441,0.001923328
/home/yogesh.patel/execution/25_9_2026_PRD_work/OCT2017_Test/test/DRUSEN/DRUSEN-5710007-1.jpeg,DRUSEN,2,0.0051786895,0.009184761,0.9816368,0.0039997376
/home/yogesh.patel/execution/25_9_2026_PRD_work/OCT2017_Test/test/DRUSEN/DRUSEN-5710007-2.jpeg,DRUSEN,2,0.005829084,0.0077684172,0.9808309,0.0055715926
/home/yogesh.patel/execution/25_9_2026_PRD_work/OCT2017_Test/test/DRUSEN/DRUSEN-5753467-1.jpeg,DRUSEN,2,0.00300436,0.011528729,0.9810019,0.0044649905
/home/yogesh.patel/execution/25_9_2026_PRD_work/OCT2017_Test/test/DRUSEN/DRUSEN-5801431-1.jpeg,DRUSEN,2,0.04741686,0.013412718,0.9366824,0.0024880257
/home/yogesh.patel/execution/25_9_2026_PRD_work/OCT2017_Test/test/DRUSEN/DRUSEN-584218-1.jpeg,DRUSEN,2,0.02598464,0.007748351,0.9639711,0.0022959074
/home/yogesh.patel/execution/25_9_2026_PRD_work/OCT2017_Test/test/DRUSEN/DRUSEN-5864720-1.jpeg,DRUSEN,2,0.022504196,0.011753054,0.96346235,0.0022803596
/home/yogesh.patel/execution/25_9_2026_PRD_work/OCT2017_Test/test/DRUSEN/DRUSEN-5864720-2.jpeg,DRUSEN,2,0.009579167,0.011455165,0.97562015,0.0033454907
/home/yogesh.patel/execution/25_9_2026_PRD_work/OCT2017_Test/test/DRUSEN/DRUSEN-5929729-1.jpeg,DRUSEN,2,0.10447328,0.008664931,0.88351613,0.0033456194
/home/yogesh.patel/execution/25_9_2026_PRD_work/OCT2017_Test/test/DRUSEN/DRUSEN-609387-1.jpeg,DRUSEN,2,0.012800878,0.009293496,0.9758513,0.0020542787
/home/yogesh.patel/execution/25_9_2026_PRD_work/OCT2017_Test/test/DRUSEN/DRUSEN-609387-2.jpeg,DRUSEN,2,0.03229009,0.0105721,0.9550696,0.0020681731
/home/yogesh.patel/execution/25_9_2026_PRD_work/OCT2017_Test/test/DRUSEN/DRUSEN-609387-3.jpeg,DRUSEN,2,0.034098826,0.014488396,0.94893396,0.0024788638
/home/yogesh.patel/execution/25_9_2026_PRD_work/OCT2017_Test/test/DRUSEN/DRUSEN-6190971-1.jpeg,DRUSEN,2,0.004160584,0.0044097444,0.9881477,0.00328204
/home/yogesh.patel/execution/25_9_2026_PRD_work/OCT2017_Test/test/DRUSEN/DRUSEN-6190971-2.jpeg,DRUSEN,2,0.018800823,0.013139361,0.96586615,0.0021936556
/home/yogesh.patel/execution/25_9_2026_PRD_work/OCT2017_Test/test/DRUSEN/DRUSEN-6193297-1.jpeg,DRUSEN,2,0.0073147295,0.008878837,0.98122567,0.0025807426
/home/yogesh.patel/execution/25_9_2026_PRD_work/OCT2017_Test/test/DRUSEN/DRUSEN-6193297-2.jpeg,DRUSEN,2,0.0039277757,0.0102486815,0.98342746,0.0023961274
/home/yogesh.patel/execution/25_9_2026_PRD_work/OCT2017_Test/test/DRUSEN/DRUSEN-6193297-3.jpeg,DRUSEN,2,0.00654539,0.014430956,0.9770473,0.001976333
/home/yogesh.patel/execution/25_9_2026_PRD_work/OCT2017_Test/test/DRUSEN/DRUSEN-6193297-4.jpeg,DRUSEN,2,0.018952195,0.00921661,0.9691043,0.0027269423
/home/yogesh.patel/execution/25_9_2026_PRD_work/OCT2017_Test/test/DRUSEN/DRUSEN-6193297-5.jpeg,DRUSEN,2,0.0039238157,0.0071880934,0.9847985,0.0040895734
/home/yogesh.patel/execution/25_9_2026_PRD_work/OCT2017_Test/test/DRUSEN/DRUSEN-6264369-1.jpeg,DRUSEN,2,0.024609398,0.016632792,0.95560557,0.003152217
/home/yogesh.patel/execution/25_9_2026_PRD_work/OCT2017_Test/test/DRUSEN/DRUSEN-7064008-1.jpeg,DRUSEN,2,0.016105643,0.009687956,0.9721966,0.0020098279
/home/yogesh.patel/execution/25_9_2026_PRD_work/OCT2017_Test/test/DRUSEN/DRUSEN-7199590-1.jpeg,DRUSEN,2,0.016261138,0.010317448,0.97148234,0.0019390485
/home/yogesh.patel/execution/25_9_2026_PRD_work/OCT2017_Test/test/DRUSEN/DRUSEN-732516-1.jpeg,DRUSEN,2,0.008522311,0.0070615523,0.9823747,0.0020413771
/home/yogesh.patel/execution/25_9_2026_PRD_work/OCT2017_Test/test/DRUSEN/DRUSEN-732516-2.jpeg,DRUSEN,2,0.023131616,0.0059234467,0.969394,0.0015509267
/home/yogesh.patel/execution/25_9_2026_PRD_work/OCT2017_Test/test/DRUSEN/DRUSEN-732516-3.jpeg,DRUSEN,2,0.010818755,0.010398572,0.9766817,0.0021009608
/home/yogesh.patel/execution/25_9_2026_PRD_work/OCT2017_Test/test/DRUSEN/DRUSEN-7345121-1.jpeg,DRUSEN,2,0.1933615,0.009729539,0.7923034,0.0046055675
/home/yogesh.patel/execution/25_9_2026_PRD_work/OCT2017_Test/test/DRUSEN/DRUSEN-7350225-1.jpeg,DRUSEN,2,0.012469937,0.015192617,0.96982473,0.0025127176
/home/yogesh.patel/execution/25_9_2026_PRD_work/OCT2017_Test/test/DRUSEN/DRUSEN-7373858-1.jpeg,DRUSEN,2,0.015055338,0.019521892,0.9625263,0.0028964086
/home/yogesh.patel/execution/25_9_2026_PRD_work/OCT2017_Test/test/DRUSEN/DRUSEN-7393104-1.jpeg,DRUSEN,2,0.058614407,0.007961803,0.9303038,0.0031199574
/home/yogesh.patel/execution/25_9_2026_PRD_work/OCT2017_Test/test/DRUSEN/DRUSEN-7513011-1.jpeg,DRUSEN,2,0.04102543,0.01767299,0.93855774,0.0027438197
/home/yogesh.patel/execution/25_9_2026_PRD_work/OCT2017_Test/test/DRUSEN/DRUSEN-7555604-1.jpeg,DRUSEN,2,0.025860481,0.014438932,0.9573305,0.0023700914
/home/yogesh.patel/execution/25_9_2026_PRD_work/OCT2017_Test/test/DRUSEN/DRUSEN-7555604-2.jpeg,DRUSEN,2,0.041858997,0.009686524,0.94600254,0.0024519109
/home/yogesh.patel/execution/25_9_2026_PRD_work/OCT2017_Test/test/DRUSEN/DRUSEN-7557808-1.jpeg,DRUSEN,2,0.01413673,0.0076103434,0.9754869,0.0027660031
/home/yogesh.patel/execution/25_9_2026_PRD_work/OCT2017_Test/test/DRUSEN/DRUSEN-7563760-1.jpeg,DRUSEN,2,0.009253342,0.009114096,0.97873557,0.0028969673
/home/yogesh.patel/execution/25_9_2026_PRD_work/OCT2017_Test/test/DRUSEN/DRUSEN-7675318-1.jpeg,DRUSEN,2,0.009141825,0.010762667,0.97750366,0.0025918342
/home/yogesh.patel/execution/25_9_2026_PRD_work/OCT2017_Test/test/DRUSEN/DRUSEN-7675318-2.jpeg,DRUSEN,2,0.010691288,0.009248617,0.9772778,0.0027822584
/home/yogesh.patel/execution/25_9_2026_PRD_work/OCT2017_Test/test/DRUSEN/DRUSEN-7710023-1.jpeg,DRUSEN,2,0.09886169,0.011206119,0.8864804,0.0034517783
/home/yogesh.patel/execution/25_9_2026_PRD_work/OCT2017_Test/test/DRUSEN/DRUSEN-7710023-2.jpeg,DRUSEN,2,0.13476925,0.012080689,0.84920806,0.0039419653
/home/yogesh.patel/execution/25_9_2026_PRD_work/OCT2017_Test/test/DRUSEN/DRUSEN-7763772-1.jpeg,DRUSEN,2,0.009456349,0.0141196195,0.9737717,0.00265234
/home/yogesh.patel/execution/25_9_2026_PRD_work/OCT2017_Test/test/DRUSEN/DRUSEN-781814-1.jpeg,DRUSEN,2,0.008880351,0.009545197,0.97946846,0.0021060114
/home/yogesh.patel/execution/25_9_2026_PRD_work/OCT2017_Test/test/DRUSEN/DRUSEN-783692-1.jpeg,DRUSEN,2,0.0066777873,0.006497336,0.984031,0.0027938313
/home/yogesh.patel/execution/25_9_2026_PRD_work/OCT2017_Test/test/DRUSEN/DRUSEN-7915033-1.jpeg,DRUSEN,2,0.019134872,0.0050647436,0.97441465,0.0013857223
/home/yogesh.patel/execution/25_9_2026_PRD_work/OCT2017_Test/test/DRUSEN/DRUSEN-7915033-2.jpeg,DRUSEN,2,0.011690323,0.005942995,0.98112524,0.001241495
/home/yogesh.patel/execution/25_9_2026_PRD_work/OCT2017_Test/test/DRUSEN/DRUSEN-7915033-3.jpeg,DRUSEN,2,0.020942604,0.008666107,0.9680452,0.0023461503
/home/yogesh.patel/execution/25_9_2026_PRD_work/OCT2017_Test/test/DRUSEN/DRUSEN-8023853-1.jpeg,DRUSEN,2,0.0060702777,0.008292904,0.984099,0.0015378211
/home/yogesh.patel/execution/25_9_2026_PRD_work/OCT2017_Test/test/DRUSEN/DRUSEN-8039905-1.jpeg,DRUSEN,2,0.059596732,0.020753782,0.91722214,0.0024272995
/home/yogesh.patel/execution/25_9_2026_PRD_work/OCT2017_Test/test/DRUSEN/DRUSEN-8074563-1.jpeg,DRUSEN,2,0.003240924,0.007489615,0.9846242,0.0046452
/home/yogesh.patel/execution/25_9_2026_PRD_work/OCT2017_Test/test/DRUSEN/DRUSEN-8074563-2.jpeg,DRUSEN,2,0.0032300302,0.008703687,0.98464906,0.0034172055
/home/yogesh.patel/execution/25_9_2026_PRD_work/OCT2017_Test/test/DRUSEN/DRUSEN-8074563-3.jpeg,DRUSEN,2,0.0037266226,0.00809735,0.98434937,0.0038266333
/home/yogesh.patel/execution/25_9_2026_PRD_work/OCT2017_Test/test/DRUSEN/DRUSEN-8086850-1.jpeg,DRUSEN,2,0.010216088,0.011437243,0.97501653,0.003330115
/home/yogesh.patel/execution/25_9_2026_PRD_work/OCT2017_Test/test/DRUSEN/DRUSEN-8086850-2.jpeg,DRUSEN,2,0.0065708347,0.009012493,0.98140407,0.0030126325
/home/yogesh.patel/execution/25_9_2026_PRD_work/OCT2017_Test/test/DRUSEN/DRUSEN-8086850-3.jpeg,DRUSEN,2,0.01197862,0.009191731,0.9766666,0.0021630067
/home/yogesh.patel/execution/25_9_2026_PRD_work/OCT2017_Test/test/DRUSEN/DRUSEN-8086850-4.jpeg,DRUSEN,2,0.011217392,0.011012814,0.9756007,0.0021690635
/home/yogesh.patel/execution/25_9_2026_PRD_work/OCT2017_Test/test/DRUSEN/DRUSEN-8086850-5.jpeg,DRUSEN,2,0.009739116,0.0107451035,0.9769976,0.002518152
/home/yogesh.patel/execution/25_9_2026_PRD_work/OCT2017_Test/test/DRUSEN/DRUSEN-8086850-6.jpeg,DRUSEN,2,0.03562752,0.014169969,0.9469782,0.003224327
/home/yogesh.patel/execution/25_9_2026_PRD_work/OCT2017_Test/test/DRUSEN/DRUSEN-8086850-7.jpeg,DRUSEN,2,0.007993508,0.009886809,0.9790668,0.0030529178
/home/yogesh.patel/execution/25_9_2026_PRD_work/OCT2017_Test/test/DRUSEN/DRUSEN-8086850-8.jpeg,DRUSEN,2,0.0051178434,0.013892821,0.97828925,0.0027001603
/home/yogesh.patel/execution/25_9_2026_PRD_work/OCT2017_Test/test/DRUSEN/DRUSEN-8117834-1.jpeg,DRUSEN,2,0.008957749,0.009167615,0.9795492,0.0023253732
/home/yogesh.patel/execution/25_9_2026_PRD_work/OCT2017_Test/test/DRUSEN/DRUSEN-8213975-1.jpeg,DRUSEN,2,0.01887286,0.008456697,0.9684622,0.0042082304
/home/yogesh.patel/execution/25_9_2026_PRD_work/OCT2017_Test/test/DRUSEN/DRUSEN-8251771-1.jpeg,DRUSEN,2,0.025392294,0.008768513,0.9640371,0.0018020814
/home/yogesh.patel/execution/25_9_2026_PRD_work/OCT2017_Test/test/DRUSEN/DRUSEN-8261063-1.jpeg,DRUSEN,2,0.0029898765,0.005612949,0.9890023,0.0023948983
/home/yogesh.patel/execution/25_9_2026_PRD_work/OCT2017_Test/test/DRUSEN/DRUSEN-8261063-2.jpeg,DRUSEN,2,0.0026394904,0.007955083,0.98451155,0.0048938575
/home/yogesh.patel/execution/25_9_2026_PRD_work/OCT2017_Test/test/DRUSEN/DRUSEN-8261063-3.jpeg,DRUSEN,2,0.002635092,0.002922224,0.98998433,0.004458351
/home/yogesh.patel/execution/25_9_2026_PRD_work/OCT2017_Test/test/DRUSEN/DRUSEN-8261063-4.jpeg,DRUSEN,2,0.0018311294,0.0052058348,0.99053437,0.0024286218
/home/yogesh.patel/execution/25_9_2026_PRD_work/OCT2017_Test/test/DRUSEN/DRUSEN-8261063-5.jpeg,DRUSEN,2,0.0061220047,0.005581873,0.9856897,0.0026064194
/home/yogesh.patel/execution/25_9_2026_PRD_work/OCT2017_Test/test/DRUSEN/DRUSEN-8261063-6.jpeg,DRUSEN,2,0.002378745,0.0069997967,0.9876183,0.003003115
/home/yogesh.patel/execution/25_9_2026_PRD_work/OCT2017_Test/test/DRUSEN/DRUSEN-8261063-7.jpeg,DRUSEN,2,0.00455531,0.008916589,0.98372465,0.0028034274
/home/yogesh.patel/execution/25_9_2026_PRD_work/OCT2017_Test/test/DRUSEN/DRUSEN-827677-1.jpeg,DRUSEN,2,0.0043527414,0.010834278,0.98165184,0.0031612027
/home/yogesh.patel/execution/25_9_2026_PRD_work/OCT2017_Test/test/DRUSEN/DRUSEN-8281517-1.jpeg,DRUSEN,2,0.0065289433,0.0029649436,0.9890114,0.0014946975
/home/yogesh.patel/execution/25_9_2026_PRD_work/OCT2017_Test/test/DRUSEN/DRUSEN-8292670-1.jpeg,DRUSEN,2,0.0049038786,0.011077287,0.98148924,0.0025296225
/home/yogesh.patel/execution/25_9_2026_PRD_work/OCT2017_Test/test/DRUSEN/DRUSEN-8319985-1.jpeg,DRUSEN,2,0.0063062934,0.0014691764,0.9882071,0.004017396
/home/yogesh.patel/execution/25_9_2026_PRD_work/OCT2017_Test/test/DRUSEN/DRUSEN-8339642-1.jpeg,DRUSEN,2,0.0039232527,0.0028741702,0.98940337,0.0037991563
/home/yogesh.patel/execution/25_9_2026_PRD_work/OCT2017_Test/test/DRUSEN/DRUSEN-8345703-1.jpeg,DRUSEN,2,0.008037728,0.0019536652,0.98835295,0.0016557148
/home/yogesh.patel/execution/25_9_2026_PRD_work/OCT2017_Test/test/DRUSEN/DRUSEN-8345703-2.jpeg,DRUSEN,2,0.0028644807,0.0044255527,0.99000716,0.002702778
/home/yogesh.patel/execution/25_9_2026_PRD_work/OCT2017_Test/test/DRUSEN/DRUSEN-8351260-1.jpeg,DRUSEN,2,0.0031124586,0.007880192,0.98632693,0.0026803843
/home/yogesh.patel/execution/25_9_2026_PRD_work/OCT2017_Test/test/DRUSEN/DRUSEN-8351260-2.jpeg,DRUSEN,2,0.0054123653,0.0073787766,0.98484516,0.002363654
/home/yogesh.patel/execution/25_9_2026_PRD_work/OCT2017_Test/test/DRUSEN/DRUSEN-8389446-1.jpeg,DRUSEN,2,0.01612316,0.008564727,0.97353643,0.0017757047
/home/yogesh.patel/execution/25_9_2026_PRD_work/OCT2017_Test/test/DRUSEN/DRUSEN-8389446-2.jpeg,DRUSEN,2,0.016951337,0.013885125,0.9658411,0.003322423
/home/yogesh.patel/execution/25_9_2026_PRD_work/OCT2017_Test/test/DRUSEN/DRUSEN-8389446-3.jpeg,DRUSEN,2,0.003710964,0.008845465,0.9829659,0.0044776904
/home/yogesh.patel/execution/25_9_2026_PRD_work/OCT2017_Test/test/DRUSEN/DRUSEN-8440718-1.jpeg,DRUSEN,2,0.06853651,0.028526826,0.9008103,0.0021263205
/home/yogesh.patel/execution/25_9_2026_PRD_work/OCT2017_Test/test/DRUSEN/DRUSEN-8440718-2.jpeg,DRUSEN,2,0.09890223,0.013959999,0.88502234,0.0021154177
/home/yogesh.patel/execution/25_9_2026_PRD_work/OCT2017_Test/test/DRUSEN/DRUSEN-8440718-3.jpeg,DRUSEN,2,0.012575774,0.008202692,0.9773557,0.0018658523
/home/yogesh.patel/execution/25_9_2026_PRD_work/OCT2017_Test/test/DRUSEN/DRUSEN-8440718-4.jpeg,DRUSEN,2,0.018582487,0.009573459,0.9690347,0.0028094389
/home/yogesh.patel/execution/25_9_2026_PRD_work/OCT2017_Test/test/DRUSEN/DRUSEN-8440718-5.jpeg,DRUSEN,2,0.015130416,0.012134754,0.9704586,0.0022762169
/home/yogesh.patel/execution/25_9_2026_PRD_work/OCT2017_Test/test/DRUSEN/DRUSEN-8549730-1.jpeg,DRUSEN,2,0.030703837,0.015878495,0.95028013,0.0031375184
/home/yogesh.patel/execution/25_9_2026_PRD_work/OCT2017_Test/test/DRUSEN/DRUSEN-8549730-2.jpeg,DRUSEN,2,0.014441322,0.015338877,0.96763283,0.0025869869
/home/yogesh.patel/execution/25_9_2026_PRD_work/OCT2017_Test/test/DRUSEN/DRUSEN-8549730-3.jpeg,DRUSEN,2,0.009354801,0.011588867,0.97712237,0.0019340315
/home/yogesh.patel/execution/25_9_2026_PRD_work/OCT2017_Test/test/DRUSEN/DRUSEN-8549730-4.jpeg,DRUSEN,2,0.026911832,0.009654936,0.9616737,0.0017595526
/home/yogesh.patel/execution/25_9_2026_PRD_work/OCT2017_Test/test/DRUSEN/DRUSEN-8549730-5.jpeg,DRUSEN,2,0.004794992,0.008671715,0.9844838,0.002049473
/home/yogesh.patel/execution/25_9_2026_PRD_work/OCT2017_Test/test/DRUSEN/DRUSEN-8549730-6.jpeg,DRUSEN,2,0.033301614,0.033331446,0.93037623,0.0029906651
/home/yogesh.patel/execution/25_9_2026_PRD_work/OCT2017_Test/test/DRUSEN/DRUSEN-8549730-7.jpeg,DRUSEN,2,0.09875403,0.13787396,0.7596383,0.003733667
/home/yogesh.patel/execution/25_9_2026_PRD_work/OCT2017_Test/test/DRUSEN/DRUSEN-8577392-1.jpeg,DRUSEN,2,0.027959537,0.012354294,0.95679176,0.0028944635
/home/yogesh.patel/execution/25_9_2026_PRD_work/OCT2017_Test/test/DRUSEN/DRUSEN-8605472-1.jpeg,DRUSEN,2,0.08160402,0.01274878,0.90316993,0.0024773076
/home/yogesh.patel/execution/25_9_2026_PRD_work/OCT2017_Test/test/DRUSEN/DRUSEN-8656509-1.jpeg,DRUSEN,2,0.11739397,0.0055604056,0.8749995,0.0020461236
/home/yogesh.patel/execution/25_9_2026_PRD_work/OCT2017_Test/test/DRUSEN/DRUSEN-8708331-1.jpeg,DRUSEN,2,0.0139290895,0.0064893854,0.9771525,0.0024290169
/home/yogesh.patel/execution/25_9_2026_PRD_work/OCT2017_Test/test/DRUSEN/DRUSEN-8811857-1.jpeg,DRUSEN,2,0.0047773556,0.008409862,0.98293597,0.0038768223
/home/yogesh.patel/execution/25_9_2026_PRD_work/OCT2017_Test/test/DRUSEN/DRUSEN-8811857-2.jpeg,DRUSEN,2,0.021121645,0.0053251535,0.96830815,0.0052450453
/home/yogesh.patel/execution/25_9_2026_PRD_work/OCT2017_Test/test/DRUSEN/DRUSEN-8854406-1.jpeg,DRUSEN,2,0.010576823,0.009622439,0.9781095,0.0016913258
/home/yogesh.patel/execution/25_9_2026_PRD_work/OCT2017_Test/test/DRUSEN/DRUSEN-8854406-2.jpeg,DRUSEN,2,0.0040740874,0.012721898,0.9808359,0.002368126
/home/yogesh.patel/execution/25_9_2026_PRD_work/OCT2017_Test/test/DRUSEN/DRUSEN-8870525-1.jpeg,DRUSEN,2,0.03195234,0.007770951,0.95835847,0.0019182372
/home/yogesh.patel/execution/25_9_2026_PRD_work/OCT2017_Test/test/DRUSEN/DRUSEN-8870525-2.jpeg,DRUSEN,2,0.22162893,0.0054246103,0.7669859,0.0059605595
/home/yogesh.patel/execution/25_9_2026_PRD_work/OCT2017_Test/test/DRUSEN/DRUSEN-8870525-3.jpeg,DRUSEN,2,0.81236,0.0071866233,0.1796023,0.000851121
/home/yogesh.patel/execution/25_9_2026_PRD_work/OCT2017_Test/test/DRUSEN/DRUSEN-9049813-1.jpeg,DRUSEN,2,0.0075750267,0.009291212,0.9805964,0.0025372952
/home/yogesh.patel/execution/25_9_2026_PRD_work/OCT2017_Test/test/DRUSEN/DRUSEN-9059831-1.jpeg,DRUSEN,2,0.044203077,0.013867223,0.93919224,0.002737441
/home/yogesh.patel/execution/25_9_2026_PRD_work/OCT2017_Test/test/DRUSEN/DRUSEN-9059831-2.jpeg,DRUSEN,2,0.004812443,0.0028308113,0.99079984,0.0015568393
/home/yogesh.patel/execution/25_9_2026_PRD_work/OCT2017_Test/test/DRUSEN/DRUSEN-907869-1.jpeg,DRUSEN,2,0.005565623,0.010593968,0.9791411,0.004699292
/home/yogesh.patel/execution/25_9_2026_PRD_work/OCT2017_Test/test/DRUSEN/DRUSEN-907869-2.jpeg,DRUSEN,2,0.006682108,0.009231568,0.9787933,0.00529304
/home/yogesh.patel/execution/25_9_2026_PRD_work/OCT2017_Test/test/DRUSEN/DRUSEN-9087597-1.jpeg,DRUSEN,2,0.04883876,0.013244197,0.93474865,0.003168373
/home/yogesh.patel/execution/25_9_2026_PRD_work/OCT2017_Test/test/DRUSEN/DRUSEN-9087597-2.jpeg,DRUSEN,2,0.016431462,0.007949991,0.9738017,0.0018168604
/home/yogesh.patel/execution/25_9_2026_PRD_work/OCT2017_Test/test/DRUSEN/DRUSEN-9155039-1.jpeg,DRUSEN,2,0.04231802,0.008050235,0.9458965,0.0037351982
/home/yogesh.patel/execution/25_9_2026_PRD_work/OCT2017_Test/test/DRUSEN/DRUSEN-9201573-1.jpeg,DRUSEN,2,0.012002287,0.011983959,0.97352695,0.0024867977
/home/yogesh.patel/execution/25_9_2026_PRD_work/OCT2017_Test/test/DRUSEN/DRUSEN-9225057-1.jpeg,DRUSEN,2,0.0028647522,0.004319031,0.9878095,0.005006698
/home/yogesh.patel/execution/25_9_2026_PRD_work/OCT2017_Test/test/DRUSEN/DRUSEN-9225057-2.jpeg,DRUSEN,2,0.005930933,0.004886932,0.98581207,0.003370091
/home/yogesh.patel/execution/25_9_2026_PRD_work/OCT2017_Test/test/DRUSEN/DRUSEN-9280370-1.jpeg,DRUSEN,2,0.0598737,0.015417932,0.9209397,0.0037686788
/home/yogesh.patel/execution/25_9_2026_PRD_work/OCT2017_Test/test/DRUSEN/DRUSEN-9442692-1.jpeg,DRUSEN,2,0.006866885,0.012310189,0.97740346,0.0034194598
/home/yogesh.patel/execution/25_9_2026_PRD_work/OCT2017_Test/test/DRUSEN/DRUSEN-9504181-1.jpeg,DRUSEN,2,0.0048850803,0.010069901,0.9822689,0.0027760759
/home/yogesh.patel/execution/25_9_2026_PRD_work/OCT2017_Test/test/DRUSEN/DRUSEN-9504181-2.jpeg,DRUSEN,2,0.0033320163,0.0067693926,0.98741764,0.002480944
/home/yogesh.patel/execution/25_9_2026_PRD_work/OCT2017_Test/test/DRUSEN/DRUSEN-95633-1.jpeg,DRUSEN,2,0.023367956,0.012290044,0.962409,0.0019330104
/home/yogesh.patel/execution/25_9_2026_PRD_work/OCT2017_Test/test/DRUSEN/DRUSEN-956663-1.jpeg,DRUSEN,2,0.0039385767,0.0073608444,0.985345,0.003355623
/home/yogesh.patel/execution/25_9_2026_PRD_work/OCT2017_Test/test/DRUSEN/DRUSEN-9624303-1.jpeg,DRUSEN,2,0.013479229,0.008046083,0.9767563,0.0017183983
/home/yogesh.patel/execution/25_9_2026_PRD_work/OCT2017_Test/test/DRUSEN/DRUSEN-9624303-2.jpeg,DRUSEN,2,0.012994398,0.009848702,0.97570056,0.0014563394
/home/yogesh.patel/execution/25_9_2026_PRD_work/OCT2017_Test/test/DRUSEN/DRUSEN-9642260-1.jpeg,DRUSEN,2,0.014352836,0.007432031,0.9763182,0.0018969373
/home/yogesh.patel/execution/25_9_2026_PRD_work/OCT2017_Test/test/DRUSEN/DRUSEN-9689334-1.jpeg,DRUSEN,2,0.0067570154,0.014719021,0.9766183,0.0019057503
/home/yogesh.patel/execution/25_9_2026_PRD_work/OCT2017_Test/test/DRUSEN/DRUSEN-9734808-1.jpeg,DRUSEN,2,0.0051265964,0.009808927,0.98212683,0.0029376515
/home/yogesh.patel/execution/25_9_2026_PRD_work/OCT2017_Test/test/DRUSEN/DRUSEN-9734808-2.jpeg,DRUSEN,2,0.1476024,0.016977176,0.83282655,0.0025938584
/home/yogesh.patel/execution/25_9_2026_PRD_work/OCT2017_Test/test/DRUSEN/DRUSEN-9800172-1.jpeg,DRUSEN,2,0.012744737,0.0089890715,0.9751276,0.0031386192
/home/yogesh.patel/execution/25_9_2026_PRD_work/OCT2017_Test/test/DRUSEN/DRUSEN-987193-1.jpeg,DRUSEN,2,0.007471537,0.009864574,0.97998387,0.0026800542
/home/yogesh.patel/execution/25_9_2026_PRD_work/OCT2017_Test/test/NORMAL/NORMAL-1017237-1.jpeg,NORMAL,3,0.010164771,0.009615428,0.011291778,0.96892804
/home/yogesh.patel/execution/25_9_2026_PRD_work/OCT2017_Test/test/NORMAL/NORMAL-101880-1.jpeg,NORMAL,3,0.0073936014,0.006466498,0.009317025,0.9768229
/home/yogesh.patel/execution/25_9_2026_PRD_work/OCT2017_Test/test/NORMAL/NORMAL-1025847-1.jpeg,NORMAL,3,0.007471448,0.0041577932,0.033091027,0.95527977
/home/yogesh.patel/execution/25_9_2026_PRD_work/OCT2017_Test/test/NORMAL/NORMAL-1038998-1.jpeg,NORMAL,3,0.007566453,0.02316257,0.011615163,0.95765585
/home/yogesh.patel/execution/25_9_2026_PRD_work/OCT2017_Test/test/NORMAL/NORMAL-1042462-1.jpeg,NORMAL,3,0.015970081,0.011115673,0.07535917,0.89755505
/home/yogesh.patel/execution/25_9_2026_PRD_work/OCT2017_Test/test/NORMAL/NORMAL-1058176-1.jpeg,NORMAL,3,0.006628182,0.011117728,0.014806591,0.96744746
/home/yogesh.patel/execution/25_9_2026_PRD_work/OCT2017_Test/test/NORMAL/NORMAL-1063128-1.jpeg,NORMAL,3,0.007759546,0.009424847,0.017031416,0.9657842
/home/yogesh.patel/execution/25_9_2026_PRD_work/OCT2017_Test/test/NORMAL/NORMAL-1073137-1.jpeg,NORMAL,3,0.0054113586,0.007870766,0.014718853,0.971999
/home/yogesh.patel/execution/25_9_2026_PRD_work/OCT2017_Test/test/NORMAL/NORMAL-1081406-1.jpeg,NORMAL,3,0.010165024,0.01592799,0.06167471,0.9122323
/home/yogesh.patel/execution/25_9_2026_PRD_work/OCT2017_Test/test/NORMAL/NORMAL-112928-1.jpeg,NORMAL,3,0.014021715,0.006068517,0.02085186,0.9590579
/home/yogesh.patel/execution/25_9_2026_PRD_work/OCT2017_Test/test/NORMAL/NORMAL-119840-1.jpeg,NORMAL,3,0.0123166805,0.023358572,0.014550229,0.9497745
/home/yogesh.patel/execution/25_9_2026_PRD_work/OCT2017_Test/test/NORMAL/NORMAL-12494-1.jpeg,NORMAL,3,0.005175234,0.005239237,0.01495221,0.97463334
/home/yogesh.patel/execution/25_9_2026_PRD_work/OCT2017_Test/test/NORMAL/NORMAL-12494-2.jpeg,NORMAL,3,0.0073406226,0.010403287,0.015118559,0.9671375
/home/yogesh.patel/execution/25_9_2026_PRD_work/OCT2017_Test/test/NORMAL/NORMAL-12494-3.jpeg,NORMAL,3,0.0081116175,0.007960553,0.023393579,0.9605342
/home/yogesh.patel/execution/25_9_2026_PRD_work/OCT2017_Test/test/NORMAL/NORMAL-12494-4.jpeg,NORMAL,3,0.013447197,0.014138195,0.017179498,0.9552351
/home/yogesh.patel/execution/25_9_2026_PRD_work/OCT2017_Test/test/NORMAL/NORMAL-12494-5.jpeg,NORMAL,3,0.0130903525,0.007919539,0.01815896,0.96083117
/home/yogesh.patel/execution/25_9_2026_PRD_work/OCT2017_Test/test/NORMAL/NORMAL-133321-1.jpeg,NORMAL,3,0.009833425,0.012526162,0.009591085,0.9680493
/home/yogesh.patel/execution/25_9_2026_PRD_work/OCT2017_Test/test/NORMAL/NORMAL-138971-1.jpeg,NORMAL,3,0.0058969003,0.011809936,0.022426331,0.9598668
/home/yogesh.patel/execution/25_9_2026_PRD_work/OCT2017_Test/test/NORMAL/NORMAL-15208-1.jpeg,NORMAL,3,0.0047557442,0.0069118505,0.009672609,0.9786598
/home/yogesh.patel/execution/25_9_2026_PRD_work/OCT2017_Test/test/NORMAL/NORMAL-15307-1.jpeg,NORMAL,3,0.0084799705,0.010665811,0.021095091,0.9597591
/home/yogesh.patel/execution/25_9_2026_PRD_work/OCT2017_Test/test/NORMAL/NORMAL-153950-1.jpeg,NORMAL,3,0.010184266,0.0048397016,0.020591788,0.96438426
/home/yogesh.patel/execution/25_9_2026_PRD_work/OCT2017_Test/test/NORMAL/NORMAL-1746717-1.jpeg,NORMAL,3,0.0050846618,0.0059846626,0.009369935,0.97956073
/home/yogesh.patel/execution/25_9_2026_PRD_work/OCT2017_Test/test/NORMAL/NORMAL-1759350-1.jpeg,NORMAL,3,0.0071289474,0.007681093,0.038693037,0.94649696
/home/yogesh.patel/execution/25_9_2026_PRD_work/OCT2017_Test/test/NORMAL/NORMAL-1781140-1.jpeg,NORMAL,3,0.01148385,0.016853811,0.038953036,0.93270934
/home/yogesh.patel/execution/25_9_2026_PRD_work/OCT2017_Test/test/NORMAL/NORMAL-1791409-1.jpeg,NORMAL,3,0.003970955,0.011305685,0.014774453,0.9699489
/home/yogesh.patel/execution/25_9_2026_PRD_work/OCT2017_Test/test/NORMAL/NORMAL-1831654-1.jpeg,NORMAL,3,0.0050290124,0.007887289,0.010792728,0.97629094
/home/yogesh.patel/execution/25_9_2026_PRD_work/OCT2017_Test/test/NORMAL/NORMAL-1853526-1.jpeg,NORMAL,3,0.0048589744,0.0069003305,0.015880693,0.97236
/home/yogesh.patel/execution/25_9_2026_PRD_work/OCT2017_Test/test/NORMAL/NORMAL-1860310-1.jpeg,NORMAL,3,0.0065290085,0.011384621,0.012023077,0.9700633
/home/yogesh.patel/execution/25_9_2026_PRD_work/OCT2017_Test/test/NORMAL/NORMAL-1897894-1.jpeg,NORMAL,3,0.015559421,0.00941057,0.0107032275,0.96432674
/home/yogesh.patel/execution/25_9_2026_PRD_work/OCT2017_Test/test/NORMAL/NORMAL-1907560-1.jpeg,NORMAL,3,0.0049582585,0.007359437,0.025486652,0.96219563
/home/yogesh.patel/execution/25_9_2026_PRD_work/OCT2017_Test/test/NORMAL/NORMAL-1908313-1.jpeg,NORMAL,3,0.004998523,0.011256124,0.011218969,0.9725264
/home/yogesh.patel/execution/25_9_2026_PRD_work/OCT2017_Test/test/NORMAL/NORMAL-1951042-1.jpeg,NORMAL,3,0.010331631,0.01213366,0.013105027,0.96442974
/home/yogesh.patel/execution/25_9_2026_PRD_work/OCT2017_Test/test/NORMAL/NORMAL-1957379-1.jpeg,NORMAL,3,0.007591921,0.0067372047,0.016303638,0.9693672
/home/yogesh.patel/execution/25_9_2026_PRD_work/OCT2017_Test/test/NORMAL/NORMAL-197082-1.jpeg,NORMAL,3,0.012255236,0.00505202,0.094398774,0.888294
/home/yogesh.patel/execution/25_9_2026_PRD_work/OCT2017_Test/test/NORMAL/NORMAL-1983894-1.jpeg,NORMAL,3,0.010491066,0.007372557,0.017394971,0.9647414
/home/yogesh.patel/execution/25_9_2026_PRD_work/OCT2017_Test/test/NORMAL/NORMAL-1988065-1.jpeg,NORMAL,3,0.006187492,0.005320321,0.009676799,0.9788154
/home/yogesh.patel/execution/25_9_2026_PRD_work/OCT2017_Test/test/NORMAL/NORMAL-1989796-1.jpeg,NORMAL,3,0.0060070963,0.0041934713,0.00829667,0.9815027
/home/yogesh.patel/execution/25_9_2026_PRD_work/OCT2017_Test/test/NORMAL/NORMAL-1998191-1.jpeg,NORMAL,3,0.01285979,0.0064557595,0.019045457,0.961639
/home/yogesh.patel/execution/25_9_2026_PRD_work/OCT2017_Test/test/NORMAL/NORMAL-2010714-1.jpeg,NORMAL,3,0.01399887,0.018021736,0.0063932436,0.9615861
/home/yogesh.patel/execution/25_9_2026_PRD_work/OCT2017_Test/test/NORMAL/NORMAL-2011412-1.jpeg,NORMAL,3,0.006329313,0.008067012,0.024436744,0.9611669
/home/yogesh.patel/execution/25_9_2026_PRD_work/OCT2017_Test/test/NORMAL/NORMAL-2019006-1.jpeg,NORMAL,3,0.016705465,0.0061659003,0.05113496,0.9259937
/home/yogesh.patel/execution/25_9_2026_PRD_work/OCT2017_Test/test/NORMAL/NORMAL-2019423-1.jpeg,NORMAL,3,0.012928221,0.00918901,0.02465415,0.95322865
/home/yogesh.patel/execution/25_9_2026_PRD_work/OCT2017_Test/test/NORMAL/NORMAL-2055634-1.jpeg,NORMAL,3,0.0031433967,0.0075929984,0.015609164,0.97365445
/home/yogesh.patel/execution/25_9_2026_PRD_work/OCT2017_Test/test/NORMAL/NORMAL-2059629-1.jpeg,NORMAL,3,0.005770237,0.01231591,0.012362922,0.9695509
/home/yogesh.patel/execution/25_9_2026_PRD_work/OCT2017_Test/test/NORMAL/NORMAL-2075832-1.jpeg,NORMAL,3,0.020948047,0.008479877,0.021242915,0.94932914
/home/yogesh.patel/execution/25_9_2026_PRD_work/OCT2017_Test/test/NORMAL/NORMAL-2082689-1.jpeg,NORMAL,3,0.011023264,0.015900793,0.021202995,0.95187294
/home/yogesh.patel/execution/25_9_2026_PRD_work/OCT2017_Test/test/NORMAL/NORMAL-2095710-1.jpeg,NORMAL,3,0.0071262848,0.013632362,0.018966949,0.96027446
/home/yogesh.patel/execution/25_9_2026_PRD_work/OCT2017_Test/test/NORMAL/NORMAL-2113822-1.jpeg,NORMAL,3,0.015303811,0.010690713,0.02280052,0.95120496
/home/yogesh.patel/execution/25_9_2026_PRD_work/OCT2017_Test/test/NORMAL/NORMAL-2120559-1.jpeg,NORMAL,3,0.010868757,0.004347656,0.013254704,0.9715289
/home/yogesh.patel/execution/25_9_2026_PRD_work/OCT2017_Test/test/NORMAL/NORMAL-2120559-2.jpeg,NORMAL,3,0.0049325414,0.010675368,0.008243201,0.97614884
/home/yogesh.patel/execution/25_9_2026_PRD_work/OCT2017_Test/test/NORMAL/NORMAL-2120559-3.jpeg,NORMAL,3,0.009535599,0.0038354285,0.011184212,0.97544473
/home/yogesh.patel/execution/25_9_2026_PRD_work/OCT2017_Test/test/NORMAL/NORMAL-2126186-1.jpeg,NORMAL,3,0.009307012,0.010772802,0.018870909,0.96104926
/home/yogesh.patel/execution/25_9_2026_PRD_work/OCT2017_Test/test/NORMAL/NORMAL-2131138-1.jpeg,NORMAL,3,0.010747677,0.015466899,0.01622999,0.9575554
/home/yogesh.patel/execution/25_9_2026_PRD_work/OCT2017_Test/test/NORMAL/NORMAL-2158556-1.jpeg,NORMAL,3,0.008608736,0.008014951,0.015328374,0.968048
/home/yogesh.patel/execution/25_9_2026_PRD_work/OCT2017_Test/test/NORMAL/NORMAL-2167295-1.jpeg,NORMAL,3,0.007360934,0.011266654,0.012102975,0.96926945
/home/yogesh.patel/execution/25_9_2026_PRD_work/OCT2017_Test/test/NORMAL/NORMAL-2181272-1.jpeg,NORMAL,3,0.0058647217,0.016676076,0.017707027,0.9597522
/home/yogesh.patel/execution/25_9_2026_PRD_work/OCT2017_Test/test/NORMAL/NORMAL-2182640-1.jpeg,NORMAL,3,0.0029869743,0.002809233,0.95000887,0.044194914
/home/yogesh.patel/execution/25_9_2026_PRD_work/OCT2017_Test/test/NORMAL/NORMAL-2192790-1.jpeg,NORMAL,3,0.009658069,0.0069663147,0.017936125,0.9654395
/home/yogesh.patel/execution/25_9_2026_PRD_work/OCT2017_Test/test/NORMAL/NORMAL-2197972-1.jpeg,NORMAL,3,0.0065786294,0.009907647,0.013007103,0.9705066
/home/yogesh.patel/execution/25_9_2026_PRD_work/OCT2017_Test/test/NORMAL/NORMAL-2226488-1.jpeg,NORMAL,3,0.005475482,0.010773317,0.0066155437,0.97713566
/home/yogesh.patel/execution/25_9_2026_PRD_work/OCT2017_Test/test/NORMAL/NORMAL-2231056-1.jpeg,NORMAL,3,0.013152924,0.016324874,0.025910012,0.9446122
/home/yogesh.patel/execution/25_9_2026_PRD_work/OCT2017_Test/test/NORMAL/NORMAL-223814-1.jpeg,NORMAL,3,0.004644581,0.009760295,0.01070703,0.97488815
/home/yogesh.patel/execution/25_9_2026_PRD_work/OCT2017_Test/test/NORMAL/NORMAL-2244950-1.jpeg,NORMAL,3,0.007591384,0.0099655995,0.010449686,0.9719933
/home/yogesh.patel/execution/25_9_2026_PRD_work/OCT2017_Test/test/NORMAL/NORMAL-2287992-1.jpeg,NORMAL,3,0.0077316044,0.008996299,0.027613485,0.9556586
/home/yogesh.patel/execution/25_9_2026_PRD_work/OCT2017_Test/test/NORMAL/NORMAL-2305502-1.jpeg,NORMAL,3,0.0075536803,0.013621064,0.01571126,0.963114
/home/yogesh.patel/execution/25_9_2026_PRD_work/OCT2017_Test/test/NORMAL/NORMAL-2312921-1.jpeg,NORMAL,3,0.011918287,0.020754678,0.019968467,0.94735855
/home/yogesh.patel/execution/25_9_2026_PRD_work/OCT2017_Test/test/NORMAL/NORMAL-2316423-1.jpeg,NORMAL,3,0.015977679,0.008873992,0.041341726,0.9338066
/home/yogesh.patel/execution/25_9_2026_PRD_work/OCT2017_Test/test/NORMAL/NORMAL-2335256-1.jpeg,NORMAL,3,0.008140562,0.010498219,0.017246848,0.96411437
/home/yogesh.patel/execution/25_9_2026_PRD_work/OCT2017_Test/test/NORMAL/NORMAL-2342517-1.jpeg,NORMAL,3,0.0055699856,0.0069019217,0.020584842,0.96694326
/home/yogesh.patel/execution/25_9_2026_PRD_work/OCT2017_Test/test/NORMAL/NORMAL-2350851-1.jpeg,NORMAL,3,0.005672175,0.014286847,0.008998188,0.9710428
/home/yogesh.patel/execution/25_9_2026_PRD_work/OCT2017_Test/test/NORMAL/NORMAL-2351012-1.jpeg,NORMAL,3,0.0044431686,0.01281743,0.012606332,0.9701331
/home/yogesh.patel/execution/25_9_2026_PRD_work/OCT2017_Test/test/NORMAL/NORMAL-2362579-1.jpeg,NORMAL,3,0.010391885,0.008093208,0.016477773,0.9650371
/home/yogesh.patel/execution/25_9_2026_PRD_work/OCT2017_Test/test/NORMAL/NORMAL-2366700-1.jpeg,NORMAL,3,0.010748969,0.015391417,0.015962409,0.9578972
/home/yogesh.patel/execution/25_9_2026_PRD_work/OCT2017_Test/test/NORMAL/NORMAL-2373878-1.jpeg,NORMAL,3,0.010779801,0.010775412,0.017693717,0.96075106
/home/yogesh.patel/execution/25_9_2026_PRD_work/OCT2017_Test/test/NORMAL/NORMAL-2377429-1.jpeg,NORMAL,3,0.008993507,0.0065549007,0.030175973,0.9542756
/home/yogesh.patel/execution/25_9_2026_PRD_work/OCT2017_Test/test/NORMAL/NORMAL-2392366-1.jpeg,NORMAL,3,0.013628675,0.013958503,0.02177704,0.9506358
/home/yogesh.patel/execution/25_9_2026_PRD_work/OCT2017_Test/test/NORMAL/NORMAL-2397754-1.jpeg,NORMAL,3,0.008547487,0.013617544,0.023992779,0.9538422
/home/yogesh.patel/execution/25_9_2026_PRD_work/OCT2017_Test/test/NORMAL/NORMAL-2403175-1.jpeg,NORMAL,3,0.010742533,0.004489642,0.049760643,0.9350072
/home/yogesh.patel/execution/25_9_2026_PRD_work/OCT2017_Test/test/NORMAL/NORMAL-2416187-1.jpeg,NORMAL,3,0.012742107,0.016871372,0.012339977,0.9580465
/home/yogesh.patel/execution/25_9_2026_PRD_work/OCT2017_Test/test/NORMAL/NORMAL-2421067-1.jpeg,NORMAL,3,0.003805751,0.015016021,0.0060795867,0.9750986
/home/yogesh.patel/execution/25_9_2026_PRD_work/OCT2017_Test/test/NORMAL/NORMAL-2424949-1.jpeg,NORMAL,3,0.004525928,0.024083855,0.01094767,0.96044254
/home/yogesh.patel/execution/25_9_2026_PRD_work/OCT2017_Test/test/NORMAL/NORMAL-2434258-1.jpeg,NORMAL,3,0.005603155,0.012295336,0.00958459,0.97251695
/home/yogesh.patel/execution/25_9_2026_PRD_work/OCT2017_Test/test/NORMAL/NORMAL-2436365-1.jpeg,NORMAL,3,0.012729461,0.0070243776,0.015288577,0.96495754
/home/yogesh.patel/execution/25_9_2026_PRD_work/OCT2017_Test/test/NORMAL/NORMAL-2448954-1.jpeg,NORMAL,3,0.006727889,0.0043623634,0.018956108,0.96995366
/home/yogesh.patel/execution/25_9_2026_PRD_work/OCT2017_Test/test/NORMAL/NORMAL-2459401-1.jpeg,NORMAL,3,0.010749056,0.012644241,0.009834585,0.96677214
/home/yogesh.patel/execution/25_9_2026_PRD_work/OCT2017_Test/test/NORMAL/NORMAL-2460548-1.jpeg,NORMAL,3,0.0057605486,0.006825497,0.018461643,0.9689523
/home/yogesh.patel/execution/25_9_2026_PRD_work/OCT2017_Test/test/NORMAL/NORMAL-2476896-1.jpeg,NORMAL,3,0.007531541,0.008835386,0.010265682,0.9733674
/home/yogesh.patel/execution/25_9_2026_PRD_work/OCT2017_Test/test/NORMAL/NORMAL-2493975-1.jpeg,NORMAL,3,0.009270188,0.0066129253,0.009104153,0.9750127
/home/yogesh.patel/execution/25_9_2026_PRD_work/OCT2017_Test/test/NORMAL/NORMAL-2504667-1.jpeg,NORMAL,3,0.011711958,0.008001426,0.024999648,0.955287
/home/yogesh.patel/execution/25_9_2026_PRD_work/OCT2017_Test/test/NORMAL/NORMAL-2509453-1.jpeg,NORMAL,3,0.0072143427,0.012876463,0.005676011,0.9742332
/home/yogesh.patel/execution/25_9_2026_PRD_work/OCT2017_Test/test/NORMAL/NORMAL-2517546-1.jpeg,NORMAL,3,0.008688932,0.012159585,0.0070797023,0.97207177
/home/yogesh.patel/execution/25_9_2026_PRD_work/OCT2017_Test/test/NORMAL/NORMAL-2549549-1.jpeg,NORMAL,3,0.008999804,0.0057618497,0.012665068,0.9725733
/home/yogesh.patel/execution/25_9_2026_PRD_work/OCT2017_Test/test/NORMAL/NORMAL-2551333-1.jpeg,NORMAL,3,0.0100570535,0.010257671,0.018439775,0.9612455
/home/yogesh.patel/execution/25_9_2026_PRD_work/OCT2017_Test/test/NORMAL/NORMAL-2569106-1.jpeg,NORMAL,3,0.007069265,0.02490923,0.007725926,0.9602956
/home/yogesh.patel/execution/25_9_2026_PRD_work/OCT2017_Test/test/NORMAL/NORMAL-2570020-1.jpeg,NORMAL,3,0.008622496,0.013435635,0.020123739,0.95781815
/home/yogesh.patel/execution/25_9_2026_PRD_work/OCT2017_Test/test/NORMAL/NORMAL-2579419-1.jpeg,NORMAL,3,0.008297992,0.004254398,0.026484322,0.9609633
/home/yogesh.patel/execution/25_9_2026_PRD_work/OCT2017_Test/test/NORMAL/NORMAL-2598368-1.jpeg,NORMAL,3,0.006449427,0.006941141,0.022929166,0.96368027
/home/yogesh.patel/execution/25_9_2026_PRD_work/OCT2017_Test/test/NORMAL/NORMAL-2602596-1.jpeg,NORMAL,3,0.0066560153,0.020520829,0.011606206,0.961217
/home/yogesh.patel/execution/25_9_2026_PRD_work/OCT2017_Test/test/NORMAL/NORMAL-2627129-1.jpeg,NORMAL,3,0.010382695,0.014543232,0.0118489675,0.9632251
/home/yogesh.patel/execution/25_9_2026_PRD_work/OCT2017_Test/test/NORMAL/NORMAL-2633503-1.jpeg,NORMAL,3,0.006496123,0.018456042,0.012512849,0.962535
/home/yogesh.patel/execution/25_9_2026_PRD_work/OCT2017_Test/test/NORMAL/NORMAL-2636641-1.jpeg,NORMAL,3,0.0073654894,0.007881002,0.0103710545,0.97438246
/home/yogesh.patel/execution/25_9_2026_PRD_work/OCT2017_Test/test/NORMAL/NORMAL-2665491-1.jpeg,NORMAL,3,0.010584395,0.0144166965,0.02430728,0.9506916
/home/yogesh.patel/execution/25_9_2026_PRD_work/OCT2017_Test/test/NORMAL/NORMAL-269181-1.jpeg,NORMAL,3,0.00442267,0.006979213,0.011579758,0.97701836
/home/yogesh.patel/execution/25_9_2026_PRD_work/OCT2017_Test/test/NORMAL/NORMAL-2705520-1.jpeg,NORMAL,3,0.0063174022,0.006122453,0.038799867,0.9487603
/home/yogesh.patel/execution/25_9_2026_PRD_work/OCT2017_Test/test/NORMAL/NORMAL-2709055-1.jpeg,NORMAL,3,0.013399999,0.014707442,0.014863732,0.9570288
/home/yogesh.patel/execution/25_9_2026_PRD_work/OCT2017_Test/test/NORMAL/NORMAL-2733663-1.jpeg,NORMAL,3,0.011607428,0.020909185,0.013508428,0.95397496
/home/yogesh.patel/execution/25_9_2026_PRD_work/OCT2017_Test/test/NORMAL/NORMAL-2739821-1.jpeg,NORMAL,3,0.010684406,0.005870464,0.035490084,0.947955
/home/yogesh.patel/execution/25_9_2026_PRD_work/OCT2017_Test/test/NORMAL/NORMAL-2769622-1.jpeg,NORMAL,3,0.013205856,0.006725099,0.035005096,0.94506395
/home/yogesh.patel/execution/25_9_2026_PRD_work/OCT2017_Test/test/NORMAL/NORMAL-2769622-2.jpeg,NORMAL,3,0.0037292077,0.013310794,0.008270493,0.97468954
/home/yogesh.patel/execution/25_9_2026_PRD_work/OCT2017_Test/test/NORMAL/NORMAL-279206-1.jpeg,NORMAL,3,0.011264196,0.017307976,0.017697172,0.9537307
/home/yogesh.patel/execution/25_9_2026_PRD_work/OCT2017_Test/test/NORMAL/NORMAL-283376-1.jpeg,NORMAL,3,0.0069355187,0.012068406,0.014933713,0.96606237
/home/yogesh.patel/execution/25_9_2026_PRD_work/OCT2017_Test/test/NORMAL/NORMAL-285896-1.jpeg,NORMAL,3,0.019882513,0.014374125,0.025926841,0.93981653
/home/yogesh.patel/execution/25_9_2026_PRD_work/OCT2017_Test/test/NORMAL/NORMAL-2973935-1.jpeg,NORMAL,3,0.007989025,0.008056821,0.014652118,0.96930206
/home/yogesh.patel/execution/25_9_2026_PRD_work/OCT2017_Test/test/NORMAL/NORMAL-3059523-1.jpeg,NORMAL,3,0.012247976,0.015920812,0.022101572,0.9497296
/home/yogesh.patel/execution/25_9_2026_PRD_work/OCT2017_Test/test/NORMAL/NORMAL-307151-1.jpeg,NORMAL,3,0.00686805,0.011021058,0.016852017,0.9652589
/home/yogesh.patel/execution/25_9_2026_PRD_work/OCT2017_Test/test/NORMAL/NORMAL-307151-2.jpeg,NORMAL,3,0.008273813,0.022643749,0.028561149,0.9405213
/home/yogesh.patel/execution/25_9_2026_PRD_work/OCT2017_Test/test/NORMAL/NORMAL-3077276-1.jpeg,NORMAL,3,0.0071292035,0.0070488784,0.02585343,0.95996845
/home/yogesh.patel/execution/25_9_2026_PRD_work/OCT2017_Test/test/NORMAL/NORMAL-3100637-1.jpeg,NORMAL,3,0.0036406887,0.006840071,0.018652188,0.97086704
/home/yogesh.patel/execution/25_9_2026_PRD_work/OCT2017_Test/test/NORMAL/NORMAL-3103940-1.jpeg,NORMAL,3,0.0062114783,0.005408254,0.01299489,0.97538537
/home/yogesh.patel/execution/25_9_2026_PRD_work/OCT2017_Test/test/NORMAL/NORMAL-3108564-1.jpeg,NORMAL,3,0.013751233,0.008273381,0.01474048,0.9632349
/home/yogesh.patel/execution/25_9_2026_PRD_work/OCT2017_Test/test/NORMAL/NORMAL-3134896-1.jpeg,NORMAL,3,0.005647428,0.007896583,0.014970674,0.9714853
/home/yogesh.patel/execution/25_9_2026_PRD_work/OCT2017_Test/test/NORMAL/NORMAL-3166591-1.jpeg,NORMAL,3,0.015457531,0.011463806,0.023301482,0.9497772
/home/yogesh.patel/execution/25_9_2026_PRD_work/OCT2017_Test/test/NORMAL/NORMAL-3220509-1.jpeg,NORMAL,3,0.0076140743,0.008814034,0.025672914,0.957899
/home/yogesh.patel/execution/25_9_2026_PRD_work/OCT2017_Test/test/NORMAL/NORMAL-3244919-1.jpeg,NORMAL,3,0.011171707,0.00796303,0.013195614,0.96766967
/home/yogesh.patel/execution/25_9_2026_PRD_work/OCT2017_Test/test/NORMAL/NORMAL-3256489-1.jpeg,NORMAL,3,0.020753663,0.013035067,0.02139964,0.94481164
/home/yogesh.patel/execution/25_9_2026_PRD_work/OCT2017_Test/test/NORMAL/NORMAL-3277704-1.jpeg,NORMAL,3,0.0040535065,0.017744577,0.011024949,0.967177
/home/yogesh.patel/execution/25_9_2026_PRD_work/OCT2017_Test/test/NORMAL/NORMAL-3300015-1.jpeg,NORMAL,3,0.006145693,0.013692366,0.015110981,0.96505094
/home/yogesh.patel/execution/25_9_2026_PRD_work/OCT2017_Test/test/NORMAL/NORMAL-3307598-1.jpeg,NORMAL,3,0.012132239,0.010931112,0.045560114,0.9313766
/home/yogesh.patel/execution/25_9_2026_PRD_work/OCT2017_Test/test/NORMAL/NORMAL-3307598-2.jpeg,NORMAL,3,0.008950557,0.010443032,0.027389612,0.9532168
/home/yogesh.patel/execution/25_9_2026_PRD_work/OCT2017_Test/test/NORMAL/NORMAL-3308307-1.jpeg,NORMAL,3,0.020676086,0.008703409,0.04116327,0.9294572
/home/yogesh.patel/execution/25_9_2026_PRD_work/OCT2017_Test/test/NORMAL/NORMAL-330905-1.jpeg,NORMAL,3,0.0076099727,0.009856944,0.017803548,0.96472955
/home/yogesh.patel/execution/25_9_2026_PRD_work/OCT2017_Test/test/NORMAL/NORMAL-3320960-1.jpeg,NORMAL,3,0.006987437,0.011022222,0.015011029,0.96697927
/home/yogesh.patel/execution/25_9_2026_PRD_work/OCT2017_Test/test/NORMAL/NORMAL-3326661-1.jpeg,NORMAL,3,0.0112521555,0.013832865,0.032649696,0.9422653
/home/yogesh.patel/execution/25_9_2026_PRD_work/OCT2017_Test/test/NORMAL/NORMAL-3330006-1.jpeg,NORMAL,3,0.014409328,0.013058171,0.020080006,0.9524525
/home/yogesh.patel/execution/25_9_2026_PRD_work/OCT2017_Test/test/NORMAL/NORMAL-3332063-1.jpeg,NORMAL,3,0.003962008,0.0056233373,0.01851189,0.9719028
/home/yogesh.patel/execution/25_9_2026_PRD_work/OCT2017_Test/test/NORMAL/NORMAL-33350-1.jpeg,NORMAL,3,0.00347647,0.01902745,0.010172387,0.9673237
/home/yogesh.patel/execution/25_9_2026_PRD_work/OCT2017_Test/test/NORMAL/NORMAL-33350-2.jpeg,NORMAL,3,0.0034731145,0.0117374435,0.013470162,0.97131926
/home/yogesh.patel/execution/25_9_2026_PRD_work/OCT2017_Test/test/NORMAL/NORMAL-33350-3.jpeg,NORMAL,3,0.04703245,0.019745544,0.14834765,0.7848744
/home/yogesh.patel/execution/25_9_2026_PRD_work/OCT2017_Test/test/NORMAL/NORMAL-3340309-1.jpeg,NORMAL,3,0.01361531,0.0059706084,0.022015959,0.9583981
/home/yogesh.patel/execution/25_9_2026_PRD_work/OCT2017_Test/test/NORMAL/NORMAL-3346049-1.jpeg,NORMAL,3,0.009729463,0.005725916,0.01280283,0.9717418
/home/yogesh.patel/execution/25_9_2026_PRD_work/OCT2017_Test/test/NORMAL/NORMAL-3347645-1.jpeg,NORMAL,3,0.0045910175,0.0062090587,0.01167474,0.97752523
/home/yogesh.patel/execution/25_9_2026_PRD_work/OCT2017_Test/test/NORMAL/NORMAL-3354044-1.jpeg,NORMAL,3,0.0038800247,0.0069982884,0.010809116,0.97831255
/home/yogesh.patel/execution/25_9_2026_PRD_work/OCT2017_Test/test/NORMAL/NORMAL-3361560-1.jpeg,NORMAL,3,0.01411314,0.011487193,0.017173627,0.95722604
/home/yogesh.patel/execution/25_9_2026_PRD_work/OCT2017_Test/test/NORMAL/NORMAL-3361750-1.jpeg,NORMAL,3,0.013304131,0.00814889,0.014764806,0.96378213
/home/yogesh.patel/execution/25_9_2026_PRD_work/OCT2017_Test/test/NORMAL/NORMAL-33637-1.jpeg,NORMAL,3,0.0051671118,0.017205566,0.010952032,0.9666753
/home/yogesh.patel/execution/25_9_2026_PRD_work/OCT2017_Test/test/NORMAL/NORMAL-3373954-1.jpeg,NORMAL,3,0.003954791,0.012954765,0.011018641,0.9720718
/home/yogesh.patel/execution/25_9_2026_PRD_work/OCT2017_Test/test/NORMAL/NORMAL-3380901-1.jpeg,NORMAL,3,0.013101243,0.010048191,0.016311597,0.960539
/home/yogesh.patel/execution/25_9_2026_PRD_work/OCT2017_Test/test/NORMAL/NORMAL-338568-1.jpeg,NORMAL,3,0.007184795,0.0071671763,0.02624167,0.9594063
/home/yogesh.patel/execution/25_9_2026_PRD_work/OCT2017_Test/test/NORMAL/NORMAL-3390782-1.jpeg,NORMAL,3,0.010149774,0.011252163,0.021553714,0.9570443
/home/yogesh.patel/execution/25_9_2026_PRD_work/OCT2017_Test/test/NORMAL/NORMAL-3398969-1.jpeg,NORMAL,3,0.012563613,0.007909283,0.019587355,0.9599398
/home/yogesh.patel/execution/25_9_2026_PRD_work/OCT2017_Test/test/NORMAL/NORMAL-3399839-1.jpeg,NORMAL,3,0.0056928685,0.0085271085,0.009177455,0.97660255
/home/yogesh.patel/execution/25_9_2026_PRD_work/OCT2017_Test/test/NORMAL/NORMAL-3416330-1.jpeg,NORMAL,3,0.0045014285,0.006125175,0.008555275,0.98081815
/home/yogesh.patel/execution/25_9_2026_PRD_work/OCT2017_Test/test/NORMAL/NORMAL-3431386-1.jpeg,NORMAL,3,0.006592476,0.019256985,0.01035974,0.96379083
/home/yogesh.patel/execution/25_9_2026_PRD_work/OCT2017_Test/test/NORMAL/NORMAL-3451887-1.jpeg,NORMAL,3,0.010425729,0.010129064,0.009700413,0.9697448
/home/yogesh.patel/execution/25_9_2026_PRD_work/OCT2017_Test/test/NORMAL/NORMAL-3465750-1.jpeg,NORMAL,3,0.0053164596,0.0049450044,0.015268912,0.97446966
/home/yogesh.patel/execution/25_9_2026_PRD_work/OCT2017_Test/test/NORMAL/NORMAL-3466714-1.jpeg,NORMAL,3,0.010174709,0.012936081,0.018412411,0.9584768
/home/yogesh.patel/execution/25_9_2026_PRD_work/OCT2017_Test/test/NORMAL/NORMAL-3475211-1.jpeg,NORMAL,3,0.012697778,0.0076839435,0.018624065,0.9609942
/home/yogesh.patel/execution/25_9_2026_PRD_work/OCT2017_Test/test/NORMAL/NORMAL-348347-1.jpeg,NORMAL,3,0.0073507777,0.0076055024,0.01699567,0.96804804
/home/yogesh.patel/execution/25_9_2026_PRD_work/OCT2017_Test/test/NORMAL/NORMAL-349021-1.jpeg,NORMAL,3,0.008058878,0.0067481976,0.07849517,0.90669775
/home/yogesh.patel/execution/25_9_2026_PRD_work/OCT2017_Test/test/NORMAL/NORMAL-351109-1.jpeg,NORMAL,3,0.0046355827,0.0062449346,0.00994767,0.9791718
/home/yogesh.patel/execution/25_9_2026_PRD_work/OCT2017_Test/test/NORMAL/NORMAL-351109-2.jpeg,NORMAL,3,0.005962686,0.011148204,0.007449765,0.9754393
/home/yogesh.patel/execution/25_9_2026_PRD_work/OCT2017_Test/test/NORMAL/NORMAL-3531215-1.jpeg,NORMAL,3,0.011976083,0.011577921,0.014637065,0.9618089
/home/yogesh.patel/execution/25_9_2026_PRD_work/OCT2017_Test/test/NORMAL/NORMAL-3538316-1.jpeg,NORMAL,3,0.004438459,0.0071511166,0.020399168,0.96801126
/home/yogesh.patel/execution/25_9_2026_PRD_work/OCT2017_Test/test/NORMAL/NORMAL-3561306-1.jpeg,NORMAL,3,0.0080472855,0.007765251,0.009852737,0.9743347
/home/yogesh.patel/execution/25_9_2026_PRD_work/OCT2017_Test/test/NORMAL/NORMAL-3561306-2.jpeg,NORMAL,3,0.010576359,0.012191556,0.0090688765,0.96816325
/home/yogesh.patel/execution/25_9_2026_PRD_work/OCT2017_Test/test/NORMAL/NORMAL-366503-1.jpeg,NORMAL,3,0.0085224155,0.016453631,0.013742163,0.96128184
/home/yogesh.patel/execution/25_9_2026_PRD_work/OCT2017_Test/test/NORMAL/NORMAL-366503-2.jpeg,NORMAL,3,0.030664146,0.021536408,0.36711362,0.58068585
/home/yogesh.patel/execution/25_9_2026_PRD_work/OCT2017_Test/test/NORMAL/NORMAL-36734-1.jpeg,NORMAL,3,0.010458082,0.022095663,0.027861381,0.93958485
/home/yogesh.patel/execution/25_9_2026_PRD_work/OCT2017_Test/test/NORMAL/NORMAL-37818-1.jpeg,NORMAL,3,0.004285611,0.007077024,0.00998442,0.97865295
/home/yogesh.patel/execution/25_9_2026_PRD_work/OCT2017_Test/test/NORMAL/NORMAL-395557-1.jpeg,NORMAL,3,0.009844059,0.007988777,0.025428083,0.95673907
/home/yogesh.patel/execution/25_9_2026_PRD_work/OCT2017_Test/test/NORMAL/NORMAL-402066-1.jpeg,NORMAL,3,0.006592227,0.007242227,0.019149158,0.96701634
/home/yogesh.patel/execution/25_9_2026_PRD_work/OCT2017_Test/test/NORMAL/NORMAL-402066-2.jpeg,NORMAL,3,0.009127736,0.009931051,0.025690494,0.9552507
/home/yogesh.patel/execution/25_9_2026_PRD_work/OCT2017_Test/test/NORMAL/NORMAL-402066-3.jpeg,NORMAL,3,0.008179272,0.009682582,0.007895811,0.9742423
/home/yogesh.patel/execution/25_9_2026_PRD_work/OCT2017_Test/test/NORMAL/NORMAL-402066-4.jpeg,NORMAL,3,0.00650496,0.009147806,0.017299179,0.96704805
/home/yogesh.patel/execution/25_9_2026_PRD_work/OCT2017_Test/test/NORMAL/NORMAL-402066-5.jpeg,NORMAL,3,0.009212493,0.0112191755,0.01164163,0.96792674
/home/yogesh.patel/execution/25_9_2026_PRD_work/OCT2017_Test/test/NORMAL/NORMAL-438684-1.jpeg,NORMAL,3,0.008584849,0.0057248697,0.007989201,0.97770107
/home/yogesh.patel/execution/25_9_2026_PRD_work/OCT2017_Test/test/NORMAL/NORMAL-438684-2.jpeg,NORMAL,3,0.016122658,0.0062997374,0.012418543,0.96515906
/home/yogesh.patel/execution/25_9_2026_PRD_work/OCT2017_Test/test/NORMAL/NORMAL-438684-3.jpeg,NORMAL,3,0.01028844,0.0071264203,0.008834687,0.9737505
/home/yogesh.patel/execution/25_9_2026_PRD_work/OCT2017_Test/test/NORMAL/NORMAL-443980-1.jpeg,NORMAL,3,0.01454632,0.01221002,0.01470228,0.9585414
/home/yogesh.patel/execution/25_9_2026_PRD_work/OCT2017_Test/test/NORMAL/NORMAL-446851-1.jpeg,NORMAL,3,0.012830139,0.021544434,0.016924124,0.9487013
/home/yogesh.patel/execution/25_9_2026_PRD_work/OCT2017_Test/test/NORMAL/NORMAL-446851-2.jpeg,NORMAL,3,0.006777443,0.014313133,0.011013599,0.9678958
/home/yogesh.patel/execution/25_9_2026_PRD_work/OCT2017_Test/test/NORMAL/NORMAL-447690-1.jpeg,NORMAL,3,0.005103671,0.009718577,0.011104116,0.97407365
/home/yogesh.patel/execution/25_9_2026_PRD_work/OCT2017_Test/test/NORMAL/NORMAL-447690-2.jpeg,NORMAL,3,0.008300382,0.014339724,0.011126917,0.966233
/home/yogesh.patel/execution/25_9_2026_PRD_work/OCT2017_Test/test/NORMAL/NORMAL-450532-1.jpeg,NORMAL,3,0.00935311,0.011180172,0.01838651,0.9610802
/home/yogesh.patel/execution/25_9_2026_PRD_work/OCT2017_Test/test/NORMAL/NORMAL-450923-1.jpeg,NORMAL,3,0.01701853,0.019414773,0.01865702,0.9449097
/home/yogesh.patel/execution/25_9_2026_PRD_work/OCT2017_Test/test/NORMAL/NORMAL-450923-2.jpeg,NORMAL,3,0.012086711,0.015212833,0.012105537,0.96059495
/home/yogesh.patel/execution/25_9_2026_PRD_work/OCT2017_Test/test/NORMAL/NORMAL-460711-1.jpeg,NORMAL,3,0.01021411,0.015189485,0.019282946,0.9553135
/home/yogesh.patel/execution/25_9_2026_PRD_work/OCT2017_Test/test/NORMAL/NORMAL-460844-1.jpeg,NORMAL,3,0.0072734402,0.008968508,0.012848932,0.9709091
/home/yogesh.patel/execution/25_9_2026_PRD_work/OCT2017_Test/test/NORMAL/NORMAL-466978-1.jpeg,NORMAL,3,0.011681562,0.005102808,0.0129773365,0.97023827
/home/yogesh.patel/execution/25_9_2026_PRD_work/OCT2017_Test/test/NORMAL/NORMAL-469935-1.jpeg,NORMAL,3,0.010051211,0.011096235,0.023165291,0.9556872
/home/yogesh.patel/execution/25_9_2026_PRD_work/OCT2017_Test/test/NORMAL/NORMAL-4761187-1.jpeg,NORMAL,3,0.0063297153,0.008135026,0.013135617,0.9723996
/home/yogesh.patel/execution/25_9_2026_PRD_work/OCT2017_Test/test/NORMAL/NORMAL-4790999-1.jpeg,NORMAL,3,0.0064797923,0.013156792,0.023443373,0.95692
/home/yogesh.patel/execution/25_9_2026_PRD_work/OCT2017_Test/test/NORMAL/NORMAL-48053-1.jpeg,NORMAL,3,0.005407342,0.01570245,0.0064300885,0.97246015
/home/yogesh.patel/execution/25_9_2026_PRD_work/OCT2017_Test/test/NORMAL/NORMAL-4839633-1.jpeg,NORMAL,3,0.011319156,0.009651701,0.019873263,0.95915586
/home/yogesh.patel/execution/25_9_2026_PRD_work/OCT2017_Test/test/NORMAL/NORMAL-486271-1.jpeg,NORMAL,3,0.010865185,0.013842221,0.008308507,0.9669841
/home/yogesh.patel/execution/25_9_2026_PRD_work/OCT2017_Test/test/NORMAL/NORMAL-508852-1.jpeg,NORMAL,3,0.007698031,0.004094051,0.013940105,0.97426784
/home/yogesh.patel/execution/25_9_2026_PRD_work/OCT2017_Test/test/NORMAL/NORMAL-508852-2.jpeg,NORMAL,3,0.0051574945,0.0057884054,0.007276722,0.98177737
/home/yogesh.patel/execution/25_9_2026_PRD_work/OCT2017_Test/test/NORMAL/NORMAL-519372-1.jpeg,NORMAL,3,0.0076027047,0.0055723027,0.037891444,0.94893354
/home/yogesh.patel/execution/25_9_2026_PRD_work/OCT2017_Test/test/NORMAL/NORMAL-524640-1.jpeg,NORMAL,3,0.011915826,0.009804804,0.021103796,0.9571756
/home/yogesh.patel/execution/25_9_2026_PRD_work/OCT2017_Test/test/NORMAL/NORMAL-544457-1.jpeg,NORMAL,3,0.004646875,0.008108036,0.015355695,0.9718894
/home/yogesh.patel/execution/25_9_2026_PRD_work/OCT2017_Test/test/NORMAL/NORMAL-544711-1.jpeg,NORMAL,3,0.008088855,0.016155748,0.012819145,0.9629363
/home/yogesh.patel/execution/25_9_2026_PRD_work/OCT2017_Test/test/NORMAL/NORMAL-547422-1.jpeg,NORMAL,3,0.012332234,0.004776218,0.006396069,0.97649544
/home/yogesh.patel/execution/25_9_2026_PRD_work/OCT2017_Test/test/NORMAL/NORMAL-547422-2.jpeg,NORMAL,3,0.013201194,0.0064350576,0.014500452,0.9658633
/home/yogesh.patel/execution/25_9_2026_PRD_work/OCT2017_Test/test/NORMAL/NORMAL-549356-1.jpeg,NORMAL,3,0.010711974,0.007630677,0.025772896,0.95588446
/home/yogesh.patel/execution/25_9_2026_PRD_work/OCT2017_Test/test/NORMAL/NORMAL-549356-2.jpeg,NORMAL,3,0.019032393,0.0030552153,0.017227499,0.9606849
/home/yogesh.patel/execution/25_9_2026_PRD_work/OCT2017_Test/test/NORMAL/NORMAL-549356-3.jpeg,NORMAL,3,0.006542486,0.0069656563,0.015407304,0.9710846
/home/yogesh.patel/execution/25_9_2026_PRD_work/OCT2017_Test/test/NORMAL/NORMAL-552739-1.jpeg,NORMAL,3,0.009017286,0.005841383,0.015220832,0.9699205
/home/yogesh.patel/execution/25_9_2026_PRD_work/OCT2017_Test/test/NORMAL/NORMAL-557437-1.jpeg,NORMAL,3,0.01276496,0.010859169,0.0123491585,0.9640267
/home/yogesh.patel/execution/25_9_2026_PRD_work/OCT2017_Test/test/NORMAL/NORMAL-557437-2.jpeg,NORMAL,3,0.010602061,0.012907394,0.030520406,0.9459702
/home/yogesh.patel/execution/25_9_2026_PRD_work/OCT2017_Test/test/NORMAL/NORMAL-565818-1.jpeg,NORMAL,3,0.0058099637,0.009112447,0.009243099,0.9758345
/home/yogesh.patel/execution/25_9_2026_PRD_work/OCT2017_Test/test/NORMAL/NORMAL-566040-1.jpeg,NORMAL,3,0.013593639,0.01273956,0.040297955,0.93336886
/home/yogesh.patel/execution/25_9_2026_PRD_work/OCT2017_Test/test/NORMAL/NORMAL-568518-1.jpeg,NORMAL,3,0.0050747525,0.014231803,0.012574113,0.9681193
/home/yogesh.patel/execution/25_9_2026_PRD_work/OCT2017_Test/test/NORMAL/NORMAL-568518-2.jpeg,NORMAL,3,0.002827669,0.0058707646,0.0130231595,0.9782784
/home/yogesh.patel/execution/25_9_2026_PRD_work/OCT2017_Test/test/NORMAL/NORMAL-571157-1.jpeg,NORMAL,3,0.007931978,0.016887119,0.010435188,0.9647457
/home/yogesh.patel/execution/25_9_2026_PRD_work/OCT2017_Test/test/NORMAL/NORMAL-571484-1.jpeg,NORMAL,3,0.00847177,0.0150849875,0.010726427,0.9657168
/home/yogesh.patel/execution/25_9_2026_PRD_work/OCT2017_Test/test/NORMAL/NORMAL-572972-1.jpeg,NORMAL,3,0.0070231725,0.009878622,0.0148833,0.9682149
/home/yogesh.patel/execution/25_9_2026_PRD_work/OCT2017_Test/test/NORMAL/NORMAL-574089-1.jpeg,NORMAL,3,0.0059112487,0.017159147,0.014604706,0.96232486
/home/yogesh.patel/execution/25_9_2026_PRD_work/OCT2017_Test/test/NORMAL/NORMAL-582215-1.jpeg,NORMAL,3,0.006555282,0.0073353807,0.05168136,0.934428
/home/yogesh.patel/execution/25_9_2026_PRD_work/OCT2017_Test/test/NORMAL/NORMAL-588227-1.jpeg,NORMAL,3,0.009967907,0.007063527,0.011409222,0.97155935
/home/yogesh.patel/execution/25_9_2026_PRD_work/OCT2017_Test/test/NORMAL/NORMAL-60471-1.jpeg,NORMAL,3,0.0050789895,0.009052348,0.015265536,0.9706031
/home/yogesh.patel/execution/25_9_2026_PRD_work/OCT2017_Test/test/NORMAL/NORMAL-605310-1.jpeg,NORMAL,3,0.007833177,0.039210044,0.0051358715,0.9478209
/home/yogesh.patel/execution/25_9_2026_PRD_work/OCT2017_Test/test/NORMAL/NORMAL-626127-1.jpeg,NORMAL,3,0.0075365594,0.008410827,0.02826163,0.955791
/home/yogesh.patel/execution/25_9_2026_PRD_work/OCT2017_Test/test/NORMAL/NORMAL-628048-1.jpeg,NORMAL,3,0.008642793,0.015963098,0.01787346,0.9575206
/home/yogesh.patel/execution/25_9_2026_PRD_work/OCT2017_Test/test/NORMAL/NORMAL-629493-1.jpeg,NORMAL,3,0.0073847957,0.009408161,0.01659864,0.9666084
/home/yogesh.patel/execution/25_9_2026_PRD_work/OCT2017_Test/test/NORMAL/NORMAL-651257-1.jpeg,NORMAL,3,0.0076900455,0.012900479,0.01709484,0.96231467
/home/yogesh.patel/execution/25_9_2026_PRD_work/OCT2017_Test/test/NORMAL/NORMAL-655117-1.jpeg,NORMAL,3,0.0048641996,0.008607385,0.0063364697,0.98019195
/home/yogesh.patel/execution/25_9_2026_PRD_work/OCT2017_Test/test/NORMAL/NORMAL-655447-1.jpeg,NORMAL,3,0.0068101105,0.004922168,0.015347246,0.9729205
/home/yogesh.patel/execution/25_9_2026_PRD_work/OCT2017_Test/test/NORMAL/NORMAL-664536-1.jpeg,NORMAL,3,0.006725458,0.011161,0.014889503,0.967224
/home/yogesh.patel/execution/25_9_2026_PRD_work/OCT2017_Test/test/NORMAL/NORMAL-66515-1.jpeg,NORMAL,3,0.009417674,0.012107753,0.013319495,0.96515507
/home/yogesh.patel/execution/25_9_2026_PRD_work/OCT2017_Test/test/NORMAL/NORMAL-672619-1.jpeg,NORMAL,3,0.00806713,0.01048668,0.015412562,0.96603364
/home/yogesh.patel/execution/25_9_2026_PRD_work/OCT2017_Test/test/NORMAL/NORMAL-692554-1.jpeg,NORMAL,3,0.012394139,0.01919218,0.024005383,0.9444083
/home/yogesh.patel/execution/25_9_2026_PRD_work/OCT2017_Test/test/NORMAL/NORMAL-693575-1.jpeg,NORMAL,3,0.016107874,0.0061263028,0.021210765,0.95655507
/home/yogesh.patel/execution/25_9_2026_PRD_work/OCT2017_Test/test/NORMAL/NORMAL-697826-1.jpeg,NORMAL,3,0.005512107,0.010007891,0.026078451,0.9584015
/home/yogesh.patel/execution/25_9_2026_PRD_work/OCT2017_Test/test/NORMAL/NORMAL-744709-1.jpeg,NORMAL,3,0.003552724,0.00473287,0.006580446,0.98513395
/home/yogesh.patel/execution/25_9_2026_PRD_work/OCT2017_Test/test/NORMAL/NORMAL-755659-1.jpeg,NORMAL,3,0.0077509237,0.014120155,0.012123393,0.96600556
/home/yogesh.patel/execution/25_9_2026_PRD_work/OCT2017_Test/test/NORMAL/NORMAL-758272-1.jpeg,NORMAL,3,0.02483207,0.009616453,0.04517792,0.92037356
/home/yogesh.patel/execution/25_9_2026_PRD_work/OCT2017_Test/test/NORMAL/NORMAL-76914-1.jpeg,NORMAL,3,0.009596487,0.010977629,0.02010331,0.9593226
/home/yogesh.patel/execution/25_9_2026_PRD_work/OCT2017_Test/test/NORMAL/NORMAL-772481-1.jpeg,NORMAL,3,0.007649709,0.010277838,0.010512999,0.97155946
/home/yogesh.patel/execution/25_9_2026_PRD_work/OCT2017_Test/test/NORMAL/NORMAL-84466-1.jpeg,NORMAL,3,0.0061639496,0.00744776,0.013186774,0.9732015
/home/yogesh.patel/execution/25_9_2026_PRD_work/OCT2017_Test/test/NORMAL/NORMAL-85367-1.jpeg,NORMAL,3,0.0036207954,0.01808723,0.0041861357,0.97410583
/home/yogesh.patel/execution/25_9_2026_PRD_work/OCT2017_Test/test/NORMAL/NORMAL-9251-1.jpeg,NORMAL,3,0.009504184,0.019946074,0.022444714,0.948105
/home/yogesh.patel/execution/25_9_2026_PRD_work/OCT2017_Test/test/NORMAL/NORMAL-98720-1.jpeg,NORMAL,3,0.002643575,0.006965789,0.0044650915,0.98592556
