path,label,class,predicted_8class,predicted_external_class,correct,prob_AMD,prob_CNV,prob_CSR,prob_DME,prob_DR,prob_DRUSEN,prob_MH,prob_NORMAL
/home/yogesh.patel/execution/25_9_2026_PRD_work/OCT2017_Test/test/CNV/CNV-1016042-1.jpeg,0,CNV,CNV,CNV,True,0.005131161,0.97067386,0.0041639665,0.005886008,0.0051075555,0.0025654838,0.0050668223,0.0014051907
/home/yogesh.patel/execution/25_9_2026_PRD_work/OCT2017_Test/test/CNV/CNV-1016042-2.jpeg,0,CNV,CNV,CNV,True,0.004349429,0.9700576,0.0037558048,0.008065163,0.004123415,0.0025380047,0.005146981,0.0019636557
/home/yogesh.patel/execution/25_9_2026_PRD_work/OCT2017_Test/test/CNV/CNV-1016042-3.jpeg,0,CNV,CNV,CNV,True,0.008677522,0.9523271,0.007258864,0.010939531,0.012558925,0.0017461411,0.003850144,0.0026418483
/home/yogesh.patel/execution/25_9_2026_PRD_work/OCT2017_Test/test/CNV/CNV-1016042-4.jpeg,0,CNV,CNV,CNV,True,0.005543316,0.96586925,0.0045934296,0.009055917,0.0070954743,0.0024636793,0.0038066728,0.0015722881
/home/yogesh.patel/execution/25_9_2026_PRD_work/OCT2017_Test/test/CNV/CNV-103044-1.jpeg,0,CNV,CNV,CNV,True,0.0079253875,0.9579761,0.004129765,0.009382129,0.01262492,0.003422868,0.0032177076,0.001321146
/home/yogesh.patel/execution/25_9_2026_PRD_work/OCT2017_Test/test/CNV/CNV-103044-10.jpeg,0,CNV,CNV,CNV,True,0.007192799,0.9141353,0.004000222,0.0057386225,0.008429311,0.05487367,0.004742037,0.00088806206
/home/yogesh.patel/execution/25_9_2026_PRD_work/OCT2017_Test/test/CNV/CNV-103044-11.jpeg,0,CNV,CNV,CNV,True,0.007780838,0.95933485,0.006105089,0.007984734,0.010341734,0.0034670264,0.0029804097,0.0020053086
/home/yogesh.patel/execution/25_9_2026_PRD_work/OCT2017_Test/test/CNV/CNV-103044-12.jpeg,0,CNV,CNV,CNV,True,0.008374027,0.9635872,0.006261579,0.0034645959,0.008898548,0.0038968676,0.0026431044,0.0028740484
/home/yogesh.patel/execution/25_9_2026_PRD_work/OCT2017_Test/test/CNV/CNV-103044-2.jpeg,0,CNV,CNV,CNV,True,0.008065115,0.9462532,0.0059139715,0.017132012,0.011172161,0.0059680035,0.0021070684,0.003388593
/home/yogesh.patel/execution/25_9_2026_PRD_work/OCT2017_Test/test/CNV/CNV-103044-3.jpeg,0,CNV,CNV,CNV,True,0.0043934262,0.94222295,0.002536695,0.0040285266,0.006073188,0.035717707,0.004282845,0.00074462115
/home/yogesh.patel/execution/25_9_2026_PRD_work/OCT2017_Test/test/CNV/CNV-103044-4.jpeg,0,CNV,CNV,CNV,True,0.01122257,0.95035577,0.007301213,0.008325181,0.01591022,0.0022943995,0.0025915725,0.0019991593
/home/yogesh.patel/execution/25_9_2026_PRD_work/OCT2017_Test/test/CNV/CNV-103044-5.jpeg,0,CNV,CNV,CNV,True,0.0044643423,0.95124197,0.0044058175,0.0033819044,0.0052531064,0.023632195,0.0066885347,0.00093208865
/home/yogesh.patel/execution/25_9_2026_PRD_work/OCT2017_Test/test/CNV/CNV-103044-6.jpeg,0,CNV,CNV,CNV,True,0.007178211,0.9655582,0.0039068293,0.0028499167,0.006415004,0.008275551,0.005026218,0.0007901565
/home/yogesh.patel/execution/25_9_2026_PRD_work/OCT2017_Test/test/CNV/CNV-103044-7.jpeg,0,CNV,CNV,CNV,True,0.0063722422,0.966277,0.0030018268,0.004491525,0.0060013374,0.009076596,0.0037946717,0.0009846948
/home/yogesh.patel/execution/25_9_2026_PRD_work/OCT2017_Test/test/CNV/CNV-103044-8.jpeg,0,CNV,CNV,CNV,True,0.0041875215,0.955933,0.0036519878,0.0033040172,0.0066483417,0.022339562,0.003275602,0.0006600394
/home/yogesh.patel/execution/25_9_2026_PRD_work/OCT2017_Test/test/CNV/CNV-103044-9.jpeg,0,CNV,CNV,CNV,True,0.007654573,0.9634787,0.007014311,0.002615548,0.009044559,0.0045347395,0.0030947733,0.002562834
/home/yogesh.patel/execution/25_9_2026_PRD_work/OCT2017_Test/test/CNV/CNV-1083927-1.jpeg,0,CNV,CNV,CNV,True,0.007943205,0.9424404,0.0036152329,0.029615661,0.009191006,0.003394204,0.002586829,0.0012134837
/home/yogesh.patel/execution/25_9_2026_PRD_work/OCT2017_Test/test/CNV/CNV-1112835-1.jpeg,0,CNV,CNV,CNV,True,0.011701417,0.9480892,0.01355451,0.0069760457,0.0062039252,0.0037060068,0.00516176,0.0046071047
/home/yogesh.patel/execution/25_9_2026_PRD_work/OCT2017_Test/test/CNV/CNV-1112835-2.jpeg,0,CNV,CNV,CNV,True,0.0092444755,0.9606072,0.0083254175,0.0054762014,0.0065631154,0.0026190244,0.003400859,0.0037637472
/home/yogesh.patel/execution/25_9_2026_PRD_work/OCT2017_Test/test/CNV/CNV-1130960-1.jpeg,0,CNV,CNV,CNV,True,0.006555911,0.9677789,0.007595279,0.004742115,0.0054597356,0.0026693696,0.002545438,0.0026532356
/home/yogesh.patel/execution/25_9_2026_PRD_work/OCT2017_Test/test/CNV/CNV-1131664-1.jpeg,0,CNV,CNV,CNV,True,0.010467623,0.9610081,0.0041711056,0.0061052684,0.009014203,0.0043734415,0.0031506873,0.0017095277
/home/yogesh.patel/execution/25_9_2026_PRD_work/OCT2017_Test/test/CNV/CNV-1136126-1.jpeg,0,CNV,CNV,CNV,True,0.003718926,0.97393596,0.0022013753,0.0024816045,0.003785419,0.009037051,0.0042379606,0.0006017835
/home/yogesh.patel/execution/25_9_2026_PRD_work/OCT2017_Test/test/CNV/CNV-1177084-1.jpeg,0,CNV,CNV,CNV,True,0.0050024157,0.85174066,0.0047691595,0.10672944,0.0067463294,0.004630524,0.019736208,0.00064532476
/home/yogesh.patel/execution/25_9_2026_PRD_work/OCT2017_Test/test/CNV/CNV-1188386-1.jpeg,0,CNV,CNV,CNV,True,0.005671474,0.96781856,0.0029655674,0.00914488,0.004455775,0.0035420174,0.005350212,0.0010514987
/home/yogesh.patel/execution/25_9_2026_PRD_work/OCT2017_Test/test/CNV/CNV-1188386-2.jpeg,0,CNV,CNV,CNV,True,0.011571226,0.9518752,0.0065215267,0.01026751,0.009285945,0.0061337673,0.0027462898,0.0015985346
/home/yogesh.patel/execution/25_9_2026_PRD_work/OCT2017_Test/test/CNV/CNV-1188386-3.jpeg,0,CNV,CNV,CNV,True,0.011895997,0.95404387,0.006086987,0.0086700525,0.007847143,0.0033712187,0.006972804,0.0011119124
/home/yogesh.patel/execution/25_9_2026_PRD_work/OCT2017_Test/test/CNV/CNV-1188386-4.jpeg,0,CNV,CNV,CNV,True,0.009229936,0.9663333,0.0036751106,0.006516675,0.0077720885,0.0024616576,0.0029034833,0.0011076719
/home/yogesh.patel/execution/25_9_2026_PRD_work/OCT2017_Test/test/CNV/CNV-1260317-1.jpeg,0,CNV,CNV,CNV,True,0.010652348,0.9617044,0.0047804224,0.007705192,0.0069828364,0.0025460958,0.0030425417,0.0025861
/home/yogesh.patel/execution/25_9_2026_PRD_work/OCT2017_Test/test/CNV/CNV-1290410-1.jpeg,0,CNV,CNV,CNV,True,0.006796386,0.9657609,0.0049307356,0.0065425807,0.005841313,0.0049159713,0.0029502537,0.0022619925
/home/yogesh.patel/execution/25_9_2026_PRD_work/OCT2017_Test/test/CNV/CNV-1290410-2.jpeg,0,CNV,CNV,CNV,True,0.0024863495,0.97403175,0.004845189,0.0029656314,0.009777255,0.001975786,0.0029043406,0.001013627
/home/yogesh.patel/execution/25_9_2026_PRD_work/OCT2017_Test/test/CNV/CNV-1290410-3.jpeg,0,CNV,CNV,CNV,True,0.0060306075,0.9574418,0.004659019,0.008988223,0.014807625,0.0040063737,0.0024990488,0.0015673729
/home/yogesh.patel/execution/25_9_2026_PRD_work/OCT2017_Test/test/CNV/CNV-1305450-1.jpeg,0,CNV,CNV,CNV,True,0.0062875994,0.96610415,0.004724363,0.0029463428,0.0095692715,0.005214642,0.00271982,0.0024337904
/home/yogesh.patel/execution/25_9_2026_PRD_work/OCT2017_Test/test/CNV/CNV-1305450-2.jpeg,0,CNV,CNV,CNV,True,0.004121792,0.95844775,0.0055096475,0.004562538,0.008302034,0.014872155,0.0022586214,0.001925367
/home/yogesh.patel/execution/25_9_2026_PRD_work/OCT2017_Test/test/CNV/CNV-1305450-3.jpeg,0,CNV,CNV,CNV,True,0.0031180475,0.9320186,0.003740187,0.044121817,0.0073387004,0.0023453063,0.005574024,0.0017433101
/home/yogesh.patel/execution/25_9_2026_PRD_work/OCT2017_Test/test/CNV/CNV-1305450-4.jpeg,0,CNV,CNV,CNV,True,0.0031304734,0.96962714,0.003963179,0.006793197,0.007971236,0.0050321296,0.002342873,0.0011398526
/home/yogesh.patel/execution/25_9_2026_PRD_work/OCT2017_Test/test/CNV/CNV-137351-1.jpeg,0,CNV,CNV,CNV,True,0.010060283,0.95400894,0.0035448244,0.010421203,0.007585793,0.00803802,0.005419807,0.0009211949
/home/yogesh.patel/execution/25_9_2026_PRD_work/OCT2017_Test/test/CNV/CNV-1415351-1.jpeg,0,CNV,CNV,CNV,True,0.0047038044,0.89446545,0.0020675312,0.078468226,0.0044293017,0.00737624,0.007590306,0.0008992418
/home/yogesh.patel/execution/25_9_2026_PRD_work/OCT2017_Test/test/CNV/CNV-154835-1.jpeg,0,CNV,CNV,CNV,True,0.0051988377,0.96680206,0.00472449,0.008126291,0.0046190806,0.003467986,0.0036450832,0.0034160665
/home/yogesh.patel/execution/25_9_2026_PRD_work/OCT2017_Test/test/CNV/CNV-154835-2.jpeg,0,CNV,CNV,CNV,True,0.0075549167,0.9632775,0.0053972374,0.0053941933,0.005151401,0.0034656993,0.003097694,0.0066613136
/home/yogesh.patel/execution/25_9_2026_PRD_work/OCT2017_Test/test/CNV/CNV-163081-1.jpeg,0,CNV,CNV,CNV,True,0.018544368,0.93801445,0.009836707,0.007842675,0.013604496,0.0028797449,0.006233699,0.003043822
/home/yogesh.patel/execution/25_9_2026_PRD_work/OCT2017_Test/test/CNV/CNV-163081-10.jpeg,0,CNV,CNV,CNV,True,0.009842876,0.95924926,0.006540763,0.0050343717,0.009170162,0.004348013,0.0044765403,0.0013379912
/home/yogesh.patel/execution/25_9_2026_PRD_work/OCT2017_Test/test/CNV/CNV-163081-2.jpeg,0,CNV,CNV,CNV,True,0.010154307,0.9571891,0.0053618015,0.0069945245,0.012374201,0.0028565896,0.003832082,0.0012375268
/home/yogesh.patel/execution/25_9_2026_PRD_work/OCT2017_Test/test/CNV/CNV-163081-3.jpeg,0,CNV,CNV,CNV,True,0.00583875,0.9582625,0.004017343,0.0055897646,0.004948721,0.013476569,0.0065256027,0.0013407768
/home/yogesh.patel/execution/25_9_2026_PRD_work/OCT2017_Test/test/CNV/CNV-163081-4.jpeg,0,CNV,CNV,CNV,True,0.01787817,0.9371043,0.0080886,0.006328555,0.021008033,0.002717208,0.0048235944,0.0020515355
/home/yogesh.patel/execution/25_9_2026_PRD_work/OCT2017_Test/test/CNV/CNV-163081-5.jpeg,0,CNV,CNV,CNV,True,0.007026941,0.9708288,0.0033758248,0.0045689545,0.0060917907,0.0037271804,0.003009085,0.0013715376
/home/yogesh.patel/execution/25_9_2026_PRD_work/OCT2017_Test/test/CNV/CNV-163081-6.jpeg,0,CNV,CNV,CNV,True,0.00831035,0.9583421,0.0040111355,0.013297911,0.010115412,0.0018354126,0.002859091,0.0012285438
/home/yogesh.patel/execution/25_9_2026_PRD_work/OCT2017_Test/test/CNV/CNV-163081-7.jpeg,0,CNV,CNV,CNV,True,0.011819219,0.94871473,0.007235045,0.010858262,0.012520755,0.0033483873,0.003014572,0.0024890576
/home/yogesh.patel/execution/25_9_2026_PRD_work/OCT2017_Test/test/CNV/CNV-163081-8.jpeg,0,CNV,CNV,CNV,True,0.005838389,0.96614367,0.0054258006,0.002846375,0.012065301,0.0014941244,0.0052585057,0.0009278694
/home/yogesh.patel/execution/25_9_2026_PRD_work/OCT2017_Test/test/CNV/CNV-163081-9.jpeg,0,CNV,CNV,CNV,True,0.009404831,0.9543939,0.0062922835,0.0076914644,0.014623702,0.0026930044,0.0034594298,0.0014413315
/home/yogesh.patel/execution/25_9_2026_PRD_work/OCT2017_Test/test/CNV/CNV-1632795-1.jpeg,0,CNV,CNV,CNV,True,0.0049765427,0.96616435,0.0017883802,0.0100607285,0.005545765,0.005457173,0.004305102,0.0017019928
/home/yogesh.patel/execution/25_9_2026_PRD_work/OCT2017_Test/test/CNV/CNV-1641792-1.jpeg,0,CNV,CNV,CNV,True,0.002729309,0.95800096,0.002256207,0.011825508,0.010128895,0.009387676,0.0043100854,0.0013613341
/home/yogesh.patel/execution/25_9_2026_PRD_work/OCT2017_Test/test/CNV/CNV-1641792-2.jpeg,0,CNV,CNV,CNV,True,0.012455513,0.95807326,0.004977154,0.006276478,0.009624511,0.002344378,0.0045865118,0.0016622624
/home/yogesh.patel/execution/25_9_2026_PRD_work/OCT2017_Test/test/CNV/CNV-1699976-1.jpeg,0,CNV,CNV,CNV,True,0.004133957,0.9670182,0.0050574252,0.004051218,0.008601091,0.003008189,0.004741355,0.0033885366
/home/yogesh.patel/execution/25_9_2026_PRD_work/OCT2017_Test/test/CNV/CNV-1699976-2.jpeg,0,CNV,CNV,CNV,True,0.0046489416,0.96941525,0.003456217,0.0073177502,0.0039879763,0.0027637053,0.005975926,0.0024341932
/home/yogesh.patel/execution/25_9_2026_PRD_work/OCT2017_Test/test/CNV/CNV-1699976-3.jpeg,0,CNV,CNV,CNV,True,0.003943903,0.9745154,0.0042392504,0.0050770966,0.003942019,0.0022800562,0.0037218872,0.0022804248
/home/yogesh.patel/execution/25_9_2026_PRD_work/OCT2017_Test/test/CNV/CNV-1699976-4.jpeg,0,CNV,CNV,CNV,True,0.010996486,0.9552664,0.008816185,0.006370544,0.008909778,0.0023159627,0.0052792416,0.0020453576
/home/yogesh.patel/execution/25_9_2026_PRD_work/OCT2017_Test/test/CNV/CNV-1699976-5.jpeg,0,CNV,CNV,CNV,True,0.00783519,0.9624172,0.007161803,0.0057496345,0.007258577,0.001932703,0.0057089343,0.0019359387
/home/yogesh.patel/execution/25_9_2026_PRD_work/OCT2017_Test/test/CNV/CNV-1704482-1.jpeg,0,CNV,CNV,CNV,True,0.003844715,0.9605676,0.003898289,0.011519783,0.012780602,0.0033176292,0.0028565815,0.0012147153
/home/yogesh.patel/execution/25_9_2026_PRD_work/OCT2017_Test/test/CNV/CNV-172472-1.jpeg,0,CNV,CNV,CNV,True,0.0055607203,0.96660846,0.0051361206,0.0035344458,0.006410555,0.0059867706,0.0058535524,0.0009093093
/home/yogesh.patel/execution/25_9_2026_PRD_work/OCT2017_Test/test/CNV/CNV-172472-10.jpeg,0,CNV,CNV,CNV,True,0.0068216436,0.96821,0.005202249,0.003930042,0.006646291,0.0039592194,0.0032890628,0.0019414363
/home/yogesh.patel/execution/25_9_2026_PRD_work/OCT2017_Test/test/CNV/CNV-172472-11.jpeg,0,CNV,CNV,CNV,True,0.01119556,0.9531112,0.009722248,0.0042937254,0.008908322,0.004410128,0.006990715,0.0013680619
/home/yogesh.patel/execution/25_9_2026_PRD_work/OCT2017_Test/test/CNV/CNV-172472-2.jpeg,0,CNV,CNV,CNV,True,0.0060308315,0.96909225,0.003995442,0.0045083375,0.0065227966,0.00303239,0.005083955,0.0017339633
/home/yogesh.patel/execution/25_9_2026_PRD_work/OCT2017_Test/test/CNV/CNV-172472-3.jpeg,0,CNV,CNV,CNV,True,0.0055802776,0.96618026,0.010538594,0.00315145,0.00498687,0.0032908763,0.0041485284,0.0021231733
/home/yogesh.patel/execution/25_9_2026_PRD_work/OCT2017_Test/test/CNV/CNV-172472-4.jpeg,0,CNV,CNV,CNV,True,0.0129021155,0.9455102,0.012394673,0.0045470353,0.0075535635,0.0043113427,0.011019604,0.0017614955
/home/yogesh.patel/execution/25_9_2026_PRD_work/OCT2017_Test/test/CNV/CNV-172472-5.jpeg,0,CNV,CNV,CNV,True,0.0044291094,0.9662687,0.002732521,0.011100873,0.005764502,0.0028735497,0.0062131886,0.00061752583
/home/yogesh.patel/execution/25_9_2026_PRD_work/OCT2017_Test/test/CNV/CNV-172472-6.jpeg,0,CNV,CNV,CNV,True,0.004010299,0.9645099,0.0022168667,0.010198418,0.0044667167,0.0076763816,0.0066698934,0.00025153652
/home/yogesh.patel/execution/25_9_2026_PRD_work/OCT2017_Test/test/CNV/CNV-172472-7.jpeg,0,CNV,CNV,CNV,True,0.0062353597,0.9661301,0.0029408005,0.0055897427,0.0049873767,0.007523576,0.0059254444,0.0006675833
/home/yogesh.patel/execution/25_9_2026_PRD_work/OCT2017_Test/test/CNV/CNV-172472-8.jpeg,0,CNV,CNV,CNV,True,0.00666086,0.9680826,0.0034704807,0.004693836,0.007267505,0.0047978596,0.0043022996,0.0007244842
/home/yogesh.patel/execution/25_9_2026_PRD_work/OCT2017_Test/test/CNV/CNV-172472-9.jpeg,0,CNV,CNV,CNV,True,0.01669244,0.94297177,0.012643002,0.007736173,0.008426349,0.00270102,0.0066069188,0.002222214
/home/yogesh.patel/execution/25_9_2026_PRD_work/OCT2017_Test/test/CNV/CNV-1730592-1.jpeg,0,CNV,CNV,CNV,True,0.0032332875,0.9651406,0.0035537533,0.00784849,0.0029905816,0.010988481,0.004524364,0.001720476
/home/yogesh.patel/execution/25_9_2026_PRD_work/OCT2017_Test/test/CNV/CNV-1730592-2.jpeg,0,CNV,CNV,CNV,True,0.002773082,0.9528244,0.008589375,0.0054799155,0.004502459,0.015934125,0.005889692,0.0040069767
/home/yogesh.patel/execution/25_9_2026_PRD_work/OCT2017_Test/test/CNV/CNV-1731375-1.jpeg,0,CNV,CNV,CNV,True,0.00713753,0.94368047,0.020005092,0.00694613,0.011025821,0.002407698,0.002455852,0.0063414187
/home/yogesh.patel/execution/25_9_2026_PRD_work/OCT2017_Test/test/CNV/CNV-1731375-2.jpeg,0,CNV,CNV,CNV,True,0.0046241893,0.95951545,0.004844598,0.0050875107,0.01229905,0.009556124,0.0031494603,0.00092361175
/home/yogesh.patel/execution/25_9_2026_PRD_work/OCT2017_Test/test/CNV/CNV-1731375-3.jpeg,0,CNV,CNV,CNV,True,0.006632466,0.8975374,0.006361595,0.0057617403,0.011066604,0.06815002,0.0028766536,0.0016135023
/home/yogesh.patel/execution/25_9_2026_PRD_work/OCT2017_Test/test/CNV/CNV-1784116-1.jpeg,0,CNV,CNV,CNV,True,0.0041659097,0.9500376,0.0034476088,0.023639776,0.007478117,0.0055074985,0.004743757,0.0009797206
/home/yogesh.patel/execution/25_9_2026_PRD_work/OCT2017_Test/test/CNV/CNV-1894770-1.jpeg,0,CNV,CNV,CNV,True,0.0034543083,0.87776095,0.0030495254,0.09354893,0.0077903257,0.0035360036,0.009372476,0.0014875004
/home/yogesh.patel/execution/25_9_2026_PRD_work/OCT2017_Test/test/CNV/CNV-1894770-2.jpeg,0,CNV,CNV,CNV,True,0.0025124166,0.82499975,0.003187737,0.018274307,0.014298278,0.12667385,0.008746803,0.0013069597
/home/yogesh.patel/execution/25_9_2026_PRD_work/OCT2017_Test/test/CNV/CNV-1980926-1.jpeg,0,CNV,CNV,CNV,True,0.007296527,0.95550567,0.0051502055,0.0105602965,0.013196784,0.0034717668,0.0031972998,0.0016214637
/home/yogesh.patel/execution/25_9_2026_PRD_work/OCT2017_Test/test/CNV/CNV-198660-1.jpeg,0,CNV,CNV,CNV,True,0.0045094816,0.96920514,0.0030653186,0.0029355513,0.0067237387,0.008203058,0.0030416627,0.0023161
/home/yogesh.patel/execution/25_9_2026_PRD_work/OCT2017_Test/test/CNV/CNV-1997439-1.jpeg,0,CNV,CNV,CNV,True,0.009443658,0.9451912,0.008876041,0.01737212,0.007982671,0.004564837,0.002629593,0.0039398577
/home/yogesh.patel/execution/25_9_2026_PRD_work/OCT2017_Test/test/CNV/CNV-1997439-2.jpeg,0,CNV,CNV,CNV,True,0.004236581,0.8754318,0.010104997,0.07911692,0.017868172,0.0055885734,0.0018214791,0.0058314404
/home/yogesh.patel/execution/25_9_2026_PRD_work/OCT2017_Test/test/CNV/CNV-1997439-3.jpeg,0,CNV,CNV,CNV,True,0.00853861,0.9601234,0.007108292,0.007194367,0.0061834846,0.0033693956,0.0054322346,0.0020502536
/home/yogesh.patel/execution/25_9_2026_PRD_work/OCT2017_Test/test/CNV/CNV-1997439-4.jpeg,0,CNV,CNV,CNV,True,0.008641457,0.95643955,0.012049992,0.0073667644,0.006202127,0.0017531891,0.0043300283,0.0032169062
/home/yogesh.patel/execution/25_9_2026_PRD_work/OCT2017_Test/test/CNV/CNV-1997439-5.jpeg,0,CNV,CNV,CNV,True,0.008428193,0.95289236,0.013649995,0.0079731755,0.0058591557,0.004560048,0.0046302527,0.0020067734
/home/yogesh.patel/execution/25_9_2026_PRD_work/OCT2017_Test/test/CNV/CNV-1997439-6.jpeg,0,CNV,CNV,CNV,True,0.011201192,0.95264715,0.007403412,0.007494983,0.011811342,0.003274659,0.004159557,0.002007655
/home/yogesh.patel/execution/25_9_2026_PRD_work/OCT2017_Test/test/CNV/CNV-1997439-7.jpeg,0,CNV,CNV,CNV,True,0.010245847,0.9577273,0.008175786,0.0065819835,0.009384479,0.002217163,0.0031344998,0.0025330228
/home/yogesh.patel/execution/25_9_2026_PRD_work/OCT2017_Test/test/CNV/CNV-2025105-1.jpeg,0,CNV,CNV,CNV,True,0.0034272491,0.94596004,0.0035172661,0.014248129,0.011252236,0.016867539,0.004228493,0.00049909286
/home/yogesh.patel/execution/25_9_2026_PRD_work/OCT2017_Test/test/CNV/CNV-204397-1.jpeg,0,CNV,CNV,CNV,True,0.0045867795,0.95355093,0.017674668,0.004219346,0.0055953576,0.0068863104,0.0033095893,0.0041769976
/home/yogesh.patel/execution/25_9_2026_PRD_work/OCT2017_Test/test/CNV/CNV-2116022-1.jpeg,0,CNV,CNV,CNV,True,0.010963805,0.95259506,0.0073260213,0.0057862806,0.008737869,0.007239762,0.0059066624,0.0014445161
/home/yogesh.patel/execution/25_9_2026_PRD_work/OCT2017_Test/test/CNV/CNV-2141150-1.jpeg,0,CNV,CNV,CNV,True,0.008646528,0.9657617,0.005129295,0.0047306665,0.0071247853,0.0045829094,0.0025296814,0.0014943209
/home/yogesh.patel/execution/25_9_2026_PRD_work/OCT2017_Test/test/CNV/CNV-2141150-2.jpeg,0,CNV,CNV,CNV,True,0.0068002995,0.95993805,0.004700488,0.010038304,0.0084416,0.005627537,0.0034123205,0.0010413199
/home/yogesh.patel/execution/25_9_2026_PRD_work/OCT2017_Test/test/CNV/CNV-2158821-1.jpeg,0,CNV,CNV,CNV,True,0.006174225,0.96927935,0.005326618,0.004546089,0.007817451,0.0019129494,0.0031848724,0.0017584008
/home/yogesh.patel/execution/25_9_2026_PRD_work/OCT2017_Test/test/CNV/CNV-2158821-2.jpeg,0,CNV,CNV,CNV,True,0.0065727965,0.9652788,0.006262073,0.008927843,0.0055301036,0.0016328477,0.003657979,0.0021374407
/home/yogesh.patel/execution/25_9_2026_PRD_work/OCT2017_Test/test/CNV/CNV-2168793-1.jpeg,0,CNV,CNV,CNV,True,0.0075663878,0.96541816,0.0056666736,0.005704907,0.006911606,0.001792271,0.004964078,0.001975882
/home/yogesh.patel/execution/25_9_2026_PRD_work/OCT2017_Test/test/CNV/CNV-2177326-1.jpeg,0,CNV,CNV,CNV,True,0.012572939,0.94777817,0.011084268,0.0088043045,0.0090976665,0.0040499526,0.0036048894,0.0030078415
/home/yogesh.patel/execution/25_9_2026_PRD_work/OCT2017_Test/test/CNV/CNV-218676-1.jpeg,0,CNV,CNV,CNV,True,0.013458172,0.95187956,0.010605195,0.0053792247,0.00815905,0.0022083295,0.0036674396,0.0046429853
/home/yogesh.patel/execution/25_9_2026_PRD_work/OCT2017_Test/test/CNV/CNV-2192440-1.jpeg,0,CNV,CNV,CNV,True,0.003227725,0.9589251,0.010052918,0.008845935,0.003912561,0.0083062,0.0044727363,0.0022567646
/home/yogesh.patel/execution/25_9_2026_PRD_work/OCT2017_Test/test/CNV/CNV-2192440-2.jpeg,0,CNV,CNV,CNV,True,0.0055171684,0.9675839,0.0046097385,0.008542123,0.005158651,0.004005799,0.0024594462,0.0021231254
/home/yogesh.patel/execution/25_9_2026_PRD_work/OCT2017_Test/test/CNV/CNV-2350851-1.jpeg,0,CNV,CNV,CNV,True,0.003023001,0.9461571,0.0051911594,0.008379266,0.019815147,0.012766525,0.00349502,0.0011727614
/home/yogesh.patel/execution/25_9_2026_PRD_work/OCT2017_Test/test/CNV/CNV-2438783-1.jpeg,0,CNV,CNV,CNV,True,0.0040002614,0.9713742,0.0056393556,0.0041140006,0.0055646948,0.0028524094,0.004636043,0.0018189484
/home/yogesh.patel/execution/25_9_2026_PRD_work/OCT2017_Test/test/CNV/CNV-2438783-2.jpeg,0,CNV,CNV,CNV,True,0.003839196,0.96544814,0.0044966904,0.004791737,0.0117823,0.0023770414,0.0035071261,0.0037576717
/home/yogesh.patel/execution/25_9_2026_PRD_work/OCT2017_Test/test/CNV/CNV-2541184-1.jpeg,0,CNV,CNV,CNV,True,0.0071439496,0.910445,0.006219018,0.0069873836,0.007727207,0.054431036,0.005776699,0.0012697527
/home/yogesh.patel/execution/25_9_2026_PRD_work/OCT2017_Test/test/CNV/CNV-2632189-1.jpeg,0,CNV,CNV,CNV,True,0.00941307,0.9598855,0.004061495,0.0039808764,0.010277341,0.0059182467,0.0055400105,0.00092348654
/home/yogesh.patel/execution/25_9_2026_PRD_work/OCT2017_Test/test/CNV/CNV-2692822-1.jpeg,0,CNV,CNV,CNV,True,0.0059919157,0.9461656,0.0063051567,0.025411021,0.0065656085,0.0024546254,0.0049786298,0.0021274714
/home/yogesh.patel/execution/25_9_2026_PRD_work/OCT2017_Test/test/CNV/CNV-2725524-1.jpeg,0,CNV,CNV,CNV,True,0.007652868,0.95665205,0.00942572,0.0058314614,0.009999235,0.003049853,0.005697672,0.0016910913
/home/yogesh.patel/execution/25_9_2026_PRD_work/OCT2017_Test/test/CNV/CNV-2725524-2.jpeg,0,CNV,CNV,CNV,True,0.003491016,0.9620065,0.004268088,0.016065974,0.004278088,0.0030148749,0.0050897924,0.0017857228
/home/yogesh.patel/execution/25_9_2026_PRD_work/OCT2017_Test/test/CNV/CNV-2760476-1.jpeg,0,CNV,CNV,CNV,True,0.004720118,0.96484727,0.0067307684,0.0086523695,0.0064617004,0.0036103649,0.0038503855,0.0011269222
/home/yogesh.patel/execution/25_9_2026_PRD_work/OCT2017_Test/test/CNV/CNV-2959614-1.jpeg,0,CNV,CNV,CNV,True,0.004259549,0.96304476,0.0064076846,0.006801727,0.0050092344,0.0076856446,0.002888645,0.0039027398
/home/yogesh.patel/execution/25_9_2026_PRD_work/OCT2017_Test/test/CNV/CNV-2959614-2.jpeg,0,CNV,CNV,CNV,True,0.0061604097,0.9606314,0.0051621934,0.0120695,0.007640593,0.004397141,0.0021821205,0.0017566142
/home/yogesh.patel/execution/25_9_2026_PRD_work/OCT2017_Test/test/CNV/CNV-2959614-3.jpeg,0,CNV,CNV,CNV,True,0.0032145213,0.9673455,0.005110797,0.0061250217,0.0031160235,0.007715955,0.0054778922,0.001894214
/home/yogesh.patel/execution/25_9_2026_PRD_work/OCT2017_Test/test/CNV/CNV-2959614-4.jpeg,0,CNV,CNV,CNV,True,0.0042758,0.95628494,0.009696944,0.0073443693,0.004636997,0.009492982,0.005121019,0.0031468866
/home/yogesh.patel/execution/25_9_2026_PRD_work/OCT2017_Test/test/CNV/CNV-3030629-1.jpeg,0,CNV,CNV,CNV,True,0.0025537133,0.971341,0.004087331,0.007558739,0.0072876145,0.0018200749,0.00416691,0.0011846068
/home/yogesh.patel/execution/25_9_2026_PRD_work/OCT2017_Test/test/CNV/CNV-3080163-1.jpeg,0,CNV,CNV,CNV,True,0.006669658,0.9572139,0.0064259176,0.012603542,0.007724309,0.0013822383,0.0034254258,0.0045549856
/home/yogesh.patel/execution/25_9_2026_PRD_work/OCT2017_Test/test/CNV/CNV-3080163-2.jpeg,0,CNV,CNV,CNV,True,0.008515071,0.9586823,0.0063972943,0.010516832,0.007855711,0.0013355989,0.002935389,0.0037618694
/home/yogesh.patel/execution/25_9_2026_PRD_work/OCT2017_Test/test/CNV/CNV-3119854-1.jpeg,0,CNV,CNV,CNV,True,0.014317211,0.9525611,0.00856286,0.0071276096,0.010063472,0.0013338459,0.0037558018,0.0022781393
/home/yogesh.patel/execution/25_9_2026_PRD_work/OCT2017_Test/test/CNV/CNV-3163547-1.jpeg,0,CNV,CNV,CNV,True,0.005513598,0.9627357,0.005480995,0.009237838,0.0065535298,0.0026180302,0.0055560926,0.0023041524
/home/yogesh.patel/execution/25_9_2026_PRD_work/OCT2017_Test/test/CNV/CNV-3200277-1.jpeg,0,CNV,CNV,CNV,True,0.007994923,0.9585645,0.005963555,0.011984216,0.005203502,0.0039824843,0.0039872653,0.0023195383
/home/yogesh.patel/execution/25_9_2026_PRD_work/OCT2017_Test/test/CNV/CNV-3200277-2.jpeg,0,CNV,CNV,CNV,True,0.007103184,0.9627767,0.005408027,0.006642471,0.005962359,0.0060331244,0.004363954,0.0017101817
/home/yogesh.patel/execution/25_9_2026_PRD_work/OCT2017_Test/test/CNV/CNV-3213586-1.jpeg,0,CNV,CNV,CNV,True,0.009476806,0.9583885,0.009679782,0.0057499744,0.006582973,0.00437152,0.004407857,0.0013425557
/home/yogesh.patel/execution/25_9_2026_PRD_work/OCT2017_Test/test/CNV/CNV-3241692-1.jpeg,0,CNV,CNV,CNV,True,0.0116819935,0.91881317,0.007926301,0.006871607,0.011686958,0.038556706,0.0028499914,0.0016133132
/home/yogesh.patel/execution/25_9_2026_PRD_work/OCT2017_Test/test/CNV/CNV-3241692-2.jpeg,0,CNV,CNV,CNV,True,0.009754449,0.9502712,0.010716473,0.0050722677,0.012620379,0.0076048593,0.0014898953,0.0024705306
/home/yogesh.patel/execution/25_9_2026_PRD_work/OCT2017_Test/test/CNV/CNV-328435-1.jpeg,0,CNV,CNV,CNV,True,0.0013260872,0.91259235,0.0027622033,0.010868611,0.0044381414,0.0552661,0.010683391,0.0020632218
/home/yogesh.patel/execution/25_9_2026_PRD_work/OCT2017_Test/test/CNV/CNV-3300060-1.jpeg,0,CNV,CNV,CNV,True,0.0014916336,0.972391,0.006831584,0.0064360234,0.0049046907,0.0014201385,0.0024618988,0.004063036
/home/yogesh.patel/execution/25_9_2026_PRD_work/OCT2017_Test/test/CNV/CNV-338282-1.jpeg,0,CNV,CNV,CNV,True,0.010304761,0.95303106,0.005551717,0.009428513,0.014383705,0.0025936177,0.0029973898,0.001709278
/home/yogesh.patel/execution/25_9_2026_PRD_work/OCT2017_Test/test/CNV/CNV-3424668-1.jpeg,0,CNV,CNV,CNV,True,0.0071343263,0.8892769,0.004420587,0.079905234,0.009101919,0.0062243612,0.0030807634,0.0008558737
/home/yogesh.patel/execution/25_9_2026_PRD_work/OCT2017_Test/test/CNV/CNV-3432812-1.jpeg,0,CNV,CNV,CNV,True,0.0055191657,0.9357343,0.0039548413,0.0066478522,0.0066044866,0.035089858,0.0049970616,0.0014524633
/home/yogesh.patel/execution/25_9_2026_PRD_work/OCT2017_Test/test/CNV/CNV-3459091-1.jpeg,0,CNV,CNV,CNV,True,0.011449415,0.95190495,0.006928611,0.009403444,0.013213622,0.0013899463,0.0040632347,0.001646848
/home/yogesh.patel/execution/25_9_2026_PRD_work/OCT2017_Test/test/CNV/CNV-3541867-1.jpeg,0,CNV,CNV,CNV,True,0.007283227,0.9517314,0.0056546237,0.0057248045,0.006863643,0.01749949,0.004139529,0.0011032147
/home/yogesh.patel/execution/25_9_2026_PRD_work/OCT2017_Test/test/CNV/CNV-3616460-1.jpeg,0,CNV,CNV,CNV,True,0.0076262183,0.9619225,0.007030746,0.005669695,0.0048389863,0.007004859,0.004234306,0.0016727116
/home/yogesh.patel/execution/25_9_2026_PRD_work/OCT2017_Test/test/CNV/CNV-3618489-1.jpeg,0,CNV,CNV,CNV,True,0.0037177622,0.9438696,0.0050816946,0.015183034,0.0053785373,0.013157408,0.003481613,0.010130433
/home/yogesh.patel/execution/25_9_2026_PRD_work/OCT2017_Test/test/CNV/CNV-3618489-2.jpeg,0,CNV,CNV,CNV,True,0.005329782,0.95750254,0.0028927212,0.016788816,0.0062462995,0.007201686,0.003271309,0.0007668231
/home/yogesh.patel/execution/25_9_2026_PRD_work/OCT2017_Test/test/CNV/CNV-364469-1.jpeg,0,CNV,CNV,CNV,True,0.0051672887,0.9540633,0.0039053108,0.009249519,0.0063487007,0.014773706,0.0059324303,0.000559822
/home/yogesh.patel/execution/25_9_2026_PRD_work/OCT2017_Test/test/CNV/CNV-364469-2.jpeg,0,CNV,CNV,CNV,True,0.004129965,0.95442367,0.0026016962,0.009063194,0.005021946,0.019926963,0.004313855,0.0005186818
/home/yogesh.patel/execution/25_9_2026_PRD_work/OCT2017_Test/test/CNV/CNV-364469-3.jpeg,0,CNV,CNV,CNV,True,0.007406926,0.9314959,0.0076904385,0.0056260806,0.005930001,0.033586804,0.007638611,0.00062521896
/home/yogesh.patel/execution/25_9_2026_PRD_work/OCT2017_Test/test/CNV/CNV-3734032-1.jpeg,0,CNV,CNV,CNV,True,0.009418078,0.95713013,0.008328662,0.006627156,0.007589928,0.0030465212,0.004662273,0.003197285
/home/yogesh.patel/execution/25_9_2026_PRD_work/OCT2017_Test/test/CNV/CNV-375851-1.jpeg,0,CNV,CNV,CNV,True,0.0077618565,0.97009885,0.0054509705,0.0039683986,0.0032782156,0.0034165524,0.0043657487,0.0016593254
/home/yogesh.patel/execution/25_9_2026_PRD_work/OCT2017_Test/test/CNV/CNV-3847391-1.jpeg,0,CNV,CNV,CNV,True,0.004298252,0.9587432,0.0037922945,0.007024209,0.012303969,0.010061978,0.0031234117,0.0006527154
/home/yogesh.patel/execution/25_9_2026_PRD_work/OCT2017_Test/test/CNV/CNV-412653-1.jpeg,0,CNV,CNV,CNV,True,0.005161608,0.96647847,0.0053666597,0.0029437947,0.009113995,0.0074521196,0.0020125639,0.0014708148
/home/yogesh.patel/execution/25_9_2026_PRD_work/OCT2017_Test/test/CNV/CNV-417468-1.jpeg,0,CNV,CNV,CNV,True,0.0017154651,0.96477115,0.0025926093,0.0146453995,0.0020213919,0.005116758,0.007894045,0.0012431795
/home/yogesh.patel/execution/25_9_2026_PRD_work/OCT2017_Test/test/CNV/CNV-4244160-1.jpeg,0,CNV,CNV,CNV,True,0.0026736935,0.9745554,0.0032195093,0.004835887,0.004748824,0.0026325227,0.006163778,0.0011704845
/home/yogesh.patel/execution/25_9_2026_PRD_work/OCT2017_Test/test/CNV/CNV-4244160-2.jpeg,0,CNV,CNV,CNV,True,0.0028092572,0.9673207,0.003022197,0.008767287,0.008517961,0.00257379,0.005142082,0.001846766
/home/yogesh.patel/execution/25_9_2026_PRD_work/OCT2017_Test/test/CNV/CNV-4244160-3.jpeg,0,CNV,CNV,CNV,True,0.011518921,0.94560546,0.009276095,0.00879889,0.014966111,0.0036686016,0.0023825718,0.0037832821
/home/yogesh.patel/execution/25_9_2026_PRD_work/OCT2017_Test/test/CNV/CNV-4274486-1.jpeg,0,CNV,CNV,CNV,True,0.0050095133,0.8108028,0.0049213213,0.027004171,0.008385224,0.13853122,0.004160594,0.0011850994
/home/yogesh.patel/execution/25_9_2026_PRD_work/OCT2017_Test/test/CNV/CNV-4283050-1.jpeg,0,CNV,CNV,CNV,True,0.0041236146,0.6977317,0.00839877,0.26588428,0.0039578206,0.0033939343,0.014947029,0.0015628962
/home/yogesh.patel/execution/25_9_2026_PRD_work/OCT2017_Test/test/CNV/CNV-4283050-2.jpeg,0,CNV,CNV,CNV,True,0.0051820325,0.9625637,0.0045106835,0.012150193,0.005112115,0.005205225,0.0035538115,0.0017222441
/home/yogesh.patel/execution/25_9_2026_PRD_work/OCT2017_Test/test/CNV/CNV-4464785-1.jpeg,0,CNV,CNV,CNV,True,0.01289143,0.9552705,0.0061234725,0.0059454544,0.010426958,0.0043660705,0.0039877174,0.0009882675
/home/yogesh.patel/execution/25_9_2026_PRD_work/OCT2017_Test/test/CNV/CNV-451136-1.jpeg,0,CNV,CNV,CNV,True,0.017108474,0.94534916,0.010680715,0.008588638,0.008830303,0.001378313,0.0058804317,0.0021839465
/home/yogesh.patel/execution/25_9_2026_PRD_work/OCT2017_Test/test/CNV/CNV-451136-2.jpeg,0,CNV,CNV,CNV,True,0.0040676733,0.96787024,0.0047426415,0.0067528193,0.0056235027,0.00189112,0.0046813255,0.004370668
/home/yogesh.patel/execution/25_9_2026_PRD_work/OCT2017_Test/test/CNV/CNV-451136-3.jpeg,0,CNV,CNV,CNV,True,0.00874709,0.94994324,0.0035945773,0.021279084,0.006848673,0.004460726,0.0037386448,0.0013880433
/home/yogesh.patel/execution/25_9_2026_PRD_work/OCT2017_Test/test/CNV/CNV-451136-4.jpeg,0,CNV,CNV,CNV,True,0.015869526,0.9375843,0.011729811,0.014664538,0.008903525,0.0022726671,0.006026711,0.0029489682
/home/yogesh.patel/execution/25_9_2026_PRD_work/OCT2017_Test/test/CNV/CNV-451136-5.jpeg,0,CNV,CNV,CNV,True,0.013516412,0.9485944,0.008256221,0.00923244,0.009430798,0.0029695723,0.0056577236,0.0023424372
/home/yogesh.patel/execution/25_9_2026_PRD_work/OCT2017_Test/test/CNV/CNV-451136-6.jpeg,0,CNV,CNV,CNV,True,0.007653351,0.9617312,0.008603022,0.008107513,0.0042123045,0.0012743686,0.004056247,0.0043619103
/home/yogesh.patel/execution/25_9_2026_PRD_work/OCT2017_Test/test/CNV/CNV-451136-7.jpeg,0,CNV,CNV,CNV,True,0.009818946,0.9490806,0.0061004534,0.017043581,0.0075421263,0.0033787878,0.004811757,0.002223838
/home/yogesh.patel/execution/25_9_2026_PRD_work/OCT2017_Test/test/CNV/CNV-457527-1.jpeg,0,CNV,CNV,CNV,True,0.0045706984,0.96203583,0.0039432705,0.0131077655,0.0041365493,0.0031131622,0.008106973,0.0009857382
/home/yogesh.patel/execution/25_9_2026_PRD_work/OCT2017_Test/test/CNV/CNV-457907-1.jpeg,0,CNV,CNV,CNV,True,0.002676097,0.9306362,0.004368546,0.03777637,0.01330522,0.0045701005,0.0032789835,0.0033884053
/home/yogesh.patel/execution/25_9_2026_PRD_work/OCT2017_Test/test/CNV/CNV-460403-1.jpeg,0,CNV,CNV,CNV,True,0.0036812304,0.9468782,0.002855892,0.020515814,0.007231311,0.014368307,0.0038347086,0.0006345655
/home/yogesh.patel/execution/25_9_2026_PRD_work/OCT2017_Test/test/CNV/CNV-4643364-1.jpeg,0,CNV,CNV,CNV,True,0.009231713,0.9567301,0.009142499,0.005644891,0.007083389,0.0056448122,0.0051437696,0.0013786717
/home/yogesh.patel/execution/25_9_2026_PRD_work/OCT2017_Test/test/CNV/CNV-4674526-1.jpeg,0,CNV,CNV,CNV,True,0.0035678586,0.96347356,0.0064842114,0.0059486097,0.008566496,0.0051277606,0.0036953127,0.0031361592
/home/yogesh.patel/execution/25_9_2026_PRD_work/OCT2017_Test/test/CNV/CNV-4740418-1.jpeg,0,CNV,CNV,CNV,True,0.0034729443,0.96023124,0.005791482,0.015446565,0.0043907296,0.0021940381,0.005270708,0.0032023168
/home/yogesh.patel/execution/25_9_2026_PRD_work/OCT2017_Test/test/CNV/CNV-4775389-1.jpeg,0,CNV,CNV,CNV,True,0.0052595274,0.962386,0.004404968,0.0067028003,0.008486103,0.004280199,0.0076593542,0.0008208633
/home/yogesh.patel/execution/25_9_2026_PRD_work/OCT2017_Test/test/CNV/CNV-4884091-1.jpeg,0,CNV,CNV,CNV,True,0.0067066546,0.94333625,0.0031185423,0.021582536,0.011002832,0.0066571073,0.0072657513,0.00033037298
/home/yogesh.patel/execution/25_9_2026_PRD_work/OCT2017_Test/test/CNV/CNV-4907724-1.jpeg,0,CNV,CNV,CNV,True,0.0056867385,0.9439466,0.0033437067,0.014376235,0.0065136254,0.02042335,0.0051829675,0.0005266538
/home/yogesh.patel/execution/25_9_2026_PRD_work/OCT2017_Test/test/CNV/CNV-4974377-1.jpeg,0,CNV,CNV,CNV,True,0.0036698722,0.9724023,0.002457188,0.007208477,0.004259794,0.0058746967,0.0034144146,0.0007132646
/home/yogesh.patel/execution/25_9_2026_PRD_work/OCT2017_Test/test/CNV/CNV-5054419-1.jpeg,0,CNV,CNV,CNV,True,0.0045235753,0.9665768,0.005612031,0.0050932276,0.0060609244,0.004265857,0.0071372655,0.00073032844
/home/yogesh.patel/execution/25_9_2026_PRD_work/OCT2017_Test/test/CNV/CNV-5054419-2.jpeg,0,CNV,CNV,CNV,True,0.0072538,0.9660354,0.0053908597,0.005875399,0.008501695,0.002115197,0.0030994324,0.001728215
/home/yogesh.patel/execution/25_9_2026_PRD_work/OCT2017_Test/test/CNV/CNV-53018-1.jpeg,0,CNV,CNV,CNV,True,0.0025643832,0.7810966,0.004861226,0.043384545,0.006710821,0.14680552,0.012316626,0.0022602961
/home/yogesh.patel/execution/25_9_2026_PRD_work/OCT2017_Test/test/CNV/CNV-53018-2.jpeg,0,CNV,CNV,CNV,True,0.008818454,0.95722,0.0053091953,0.0043222276,0.006604726,0.011146231,0.004819031,0.0017601311
/home/yogesh.patel/execution/25_9_2026_PRD_work/OCT2017_Test/test/CNV/CNV-538779-1.jpeg,0,CNV,CNV,CNV,True,0.011123335,0.95429313,0.012066484,0.005659578,0.005985803,0.0022310994,0.0054928507,0.0031477576
/home/yogesh.patel/execution/25_9_2026_PRD_work/OCT2017_Test/test/CNV/CNV-538779-2.jpeg,0,CNV,CNV,CNV,True,0.01010055,0.95420426,0.010258612,0.0041950806,0.007397681,0.0066035874,0.0036439968,0.0035962998
/home/yogesh.patel/execution/25_9_2026_PRD_work/OCT2017_Test/test/CNV/CNV-5409617-1.jpeg,0,CNV,CNV,CNV,True,0.006967912,0.965438,0.004575182,0.0066051004,0.007164779,0.0038913477,0.004415833,0.0009417269
/home/yogesh.patel/execution/25_9_2026_PRD_work/OCT2017_Test/test/CNV/CNV-5429703-1.jpeg,0,CNV,CNV,CNV,True,0.005332108,0.96595985,0.0081919925,0.0062614256,0.005793825,0.0020989806,0.0043633664,0.0019984539
/home/yogesh.patel/execution/25_9_2026_PRD_work/OCT2017_Test/test/CNV/CNV-5429703-2.jpeg,0,CNV,CNV,CNV,True,0.009419891,0.9627175,0.004419347,0.0065757083,0.00866825,0.0026479214,0.0030593579,0.0024920232
/home/yogesh.patel/execution/25_9_2026_PRD_work/OCT2017_Test/test/CNV/CNV-5431636-1.jpeg,0,CNV,CNV,CNV,True,0.003263147,0.92721575,0.0027072649,0.024890386,0.0056447224,0.032020148,0.0035956185,0.00066289736
/home/yogesh.patel/execution/25_9_2026_PRD_work/OCT2017_Test/test/CNV/CNV-5431636-2.jpeg,0,CNV,CNV,CNV,True,0.008383566,0.9532173,0.0066123335,0.011687463,0.010882123,0.002657013,0.0030446248,0.0035155453
/home/yogesh.patel/execution/25_9_2026_PRD_work/OCT2017_Test/test/CNV/CNV-5457415-1.jpeg,0,CNV,CNV,CNV,True,0.012649076,0.95220757,0.007150805,0.010612148,0.00823237,0.002927978,0.0035840585,0.0026359379
/home/yogesh.patel/execution/25_9_2026_PRD_work/OCT2017_Test/test/CNV/CNV-5536678-1.jpeg,0,CNV,CNV,CNV,True,0.0063267876,0.97320664,0.0042457795,0.0034300985,0.00410037,0.0038072192,0.0026983635,0.002184766
/home/yogesh.patel/execution/25_9_2026_PRD_work/OCT2017_Test/test/CNV/CNV-5536678-2.jpeg,0,CNV,CNV,CNV,True,0.003568045,0.9656848,0.005067896,0.006269279,0.0060484884,0.0066977167,0.0023523755,0.004311367
/home/yogesh.patel/execution/25_9_2026_PRD_work/OCT2017_Test/test/CNV/CNV-5557306-1.jpeg,0,CNV,CNV,CNV,True,0.008564194,0.96437275,0.00625746,0.0044397353,0.0071893735,0.0022941318,0.0042505143,0.0026317758
/home/yogesh.patel/execution/25_9_2026_PRD_work/OCT2017_Test/test/CNV/CNV-5594757-1.jpeg,0,CNV,CNV,CNV,True,0.00266462,0.9635299,0.005222379,0.0020889358,0.004868633,0.015769748,0.0032134128,0.0026422834
/home/yogesh.patel/execution/25_9_2026_PRD_work/OCT2017_Test/test/CNV/CNV-5594757-2.jpeg,0,CNV,CNV,CNV,True,0.009253199,0.960315,0.006109159,0.005553699,0.010362469,0.004194225,0.0028439828,0.001368324
/home/yogesh.patel/execution/25_9_2026_PRD_work/OCT2017_Test/test/CNV/CNV-5603164-1.jpeg,0,CNV,CNV,CNV,True,0.0048814267,0.96722245,0.002672124,0.012407916,0.0070055537,0.0022890102,0.0018509773,0.0016706573
/home/yogesh.patel/execution/25_9_2026_PRD_work/OCT2017_Test/test/CNV/CNV-564246-1.jpeg,0,CNV,CNV,CNV,True,0.0065314574,0.94371414,0.002912267,0.03168849,0.0062177232,0.0017237935,0.0055792984,0.0016327833
/home/yogesh.patel/execution/25_9_2026_PRD_work/OCT2017_Test/test/CNV/CNV-5674369-1.jpeg,0,CNV,CNV,CNV,True,0.0047051953,0.96140164,0.0023834752,0.016256789,0.006695829,0.002966174,0.0040163035,0.0015745226
/home/yogesh.patel/execution/25_9_2026_PRD_work/OCT2017_Test/test/CNV/CNV-5674369-2.jpeg,0,CNV,CNV,CNV,True,0.012651863,0.95687115,0.0059516546,0.0077604777,0.008475751,0.0018625156,0.0035492417,0.0028774298
/home/yogesh.patel/execution/25_9_2026_PRD_work/OCT2017_Test/test/CNV/CNV-5674369-3.jpeg,0,CNV,CNV,CNV,True,0.0056994148,0.97305363,0.0021230876,0.0069701113,0.005130565,0.0036886309,0.0027628373,0.00057164504
/home/yogesh.patel/execution/25_9_2026_PRD_work/OCT2017_Test/test/CNV/CNV-5674369-4.jpeg,0,CNV,CNV,CNV,True,0.0059946063,0.9550579,0.0028195912,0.006102591,0.006807344,0.017657219,0.004522451,0.0010381718
/home/yogesh.patel/execution/25_9_2026_PRD_work/OCT2017_Test/test/CNV/CNV-5674369-5.jpeg,0,CNV,CNV,CNV,True,0.008550053,0.9617325,0.0064374018,0.0053212526,0.008862307,0.002531696,0.0044102194,0.0021545072
/home/yogesh.patel/execution/25_9_2026_PRD_work/OCT2017_Test/test/CNV/CNV-5760454-1.jpeg,0,CNV,CNV,CNV,True,0.004264775,0.91642207,0.0035690411,0.011829212,0.00826083,0.05031408,0.004695469,0.0006445311
/home/yogesh.patel/execution/25_9_2026_PRD_work/OCT2017_Test/test/CNV/CNV-5813701-1.jpeg,0,CNV,CNV,CNV,True,0.008525946,0.95877576,0.00609145,0.0061327596,0.012556825,0.0034943859,0.00341635,0.0010065635
/home/yogesh.patel/execution/25_9_2026_PRD_work/OCT2017_Test/test/CNV/CNV-5813701-2.jpeg,0,CNV,CNV,CNV,True,0.004021607,0.96332777,0.0024288855,0.016523644,0.007958872,0.0028588169,0.0022884007,0.000591921
/home/yogesh.patel/execution/25_9_2026_PRD_work/OCT2017_Test/test/CNV/CNV-5813701-3.jpeg,0,CNV,CNV,CNV,True,0.008419379,0.9399459,0.005476849,0.025906889,0.011901149,0.003261574,0.0041895597,0.0008987396
/home/yogesh.patel/execution/25_9_2026_PRD_work/OCT2017_Test/test/CNV/CNV-5824631-1.jpeg,0,CNV,CNV,CNV,True,0.009611258,0.947501,0.0068985755,0.013092876,0.005739621,0.0050174063,0.011060424,0.001078952
/home/yogesh.patel/execution/25_9_2026_PRD_work/OCT2017_Test/test/CNV/CNV-5861916-1.jpeg,0,CNV,CNV,CNV,True,0.0034576284,0.9355892,0.0063420516,0.031279672,0.013238951,0.003309763,0.003495973,0.0032866707
/home/yogesh.patel/execution/25_9_2026_PRD_work/OCT2017_Test/test/CNV/CNV-5861916-2.jpeg,0,CNV,CNV,CNV,True,0.0043862998,0.9700965,0.004325489,0.008059774,0.0037804607,0.0022468683,0.00568359,0.0014210073
/home/yogesh.patel/execution/25_9_2026_PRD_work/OCT2017_Test/test/CNV/CNV-5861916-3.jpeg,0,CNV,CNV,CNV,True,0.00670438,0.95472336,0.01582583,0.007036292,0.007178335,0.0021497887,0.0019842153,0.0043978523
/home/yogesh.patel/execution/25_9_2026_PRD_work/OCT2017_Test/test/CNV/CNV-5861916-4.jpeg,0,CNV,CNV,CNV,True,0.008624802,0.96580637,0.0045250226,0.0066483077,0.006725769,0.002281099,0.0039874446,0.0014010796
/home/yogesh.patel/execution/25_9_2026_PRD_work/OCT2017_Test/test/CNV/CNV-5861916-5.jpeg,0,CNV,CNV,CNV,True,0.0037668447,0.9615925,0.008009092,0.011855084,0.005665429,0.001936939,0.005338162,0.0018359841
/home/yogesh.patel/execution/25_9_2026_PRD_work/OCT2017_Test/test/CNV/CNV-5904584-1.jpeg,0,CNV,CNV,CNV,True,0.004040288,0.90437245,0.0046566287,0.068617314,0.007843447,0.0031272701,0.0063177138,0.0010248361
/home/yogesh.patel/execution/25_9_2026_PRD_work/OCT2017_Test/test/CNV/CNV-5904584-2.jpeg,0,CNV,CNV,CNV,True,0.008976007,0.95975095,0.007308157,0.0055739223,0.0063755224,0.0051396242,0.00495047,0.0019253235
/home/yogesh.patel/execution/25_9_2026_PRD_work/OCT2017_Test/test/CNV/CNV-5904584-3.jpeg,0,CNV,CNV,CNV,True,0.00492814,0.96026105,0.004022551,0.015214022,0.0051044477,0.0033795014,0.0064110872,0.00067926495
/home/yogesh.patel/execution/25_9_2026_PRD_work/OCT2017_Test/test/CNV/CNV-5969175-1.jpeg,0,CNV,CNV,CNV,True,0.008159069,0.9598632,0.0043353303,0.008067251,0.0074116183,0.0067703985,0.0045828572,0.0008103585
/home/yogesh.patel/execution/25_9_2026_PRD_work/OCT2017_Test/test/CNV/CNV-5969175-2.jpeg,0,CNV,CNV,CNV,True,0.0038468856,0.96635336,0.0046323044,0.008803842,0.006479259,0.0026415882,0.0064952546,0.0007474749
/home/yogesh.patel/execution/25_9_2026_PRD_work/OCT2017_Test/test/CNV/CNV-6053140-1.jpeg,0,CNV,CNV,CNV,True,0.007816472,0.87131095,0.0064900434,0.0102720605,0.009621507,0.088003226,0.0034001842,0.0030855732
/home/yogesh.patel/execution/25_9_2026_PRD_work/OCT2017_Test/test/CNV/CNV-6190971-1.jpeg,0,CNV,CNV,CNV,True,0.0105747925,0.9259553,0.0076999124,0.03430577,0.00619773,0.0018302059,0.012180056,0.0012562552
/home/yogesh.patel/execution/25_9_2026_PRD_work/OCT2017_Test/test/CNV/CNV-6215140-1.jpeg,0,CNV,CNV,CNV,True,0.008990457,0.96043146,0.0080183055,0.005149202,0.0060728686,0.0036309734,0.005071975,0.0026346531
/home/yogesh.patel/execution/25_9_2026_PRD_work/OCT2017_Test/test/CNV/CNV-6215140-2.jpeg,0,CNV,CNV,CNV,True,0.005764586,0.9713079,0.003839888,0.0031683005,0.0096489955,0.0012992378,0.0030208947,0.0019502242
/home/yogesh.patel/execution/25_9_2026_PRD_work/OCT2017_Test/test/CNV/CNV-624911-1.jpeg,0,CNV,CNV,CNV,True,0.008898049,0.9545463,0.0038913,0.016303713,0.007759973,0.003604724,0.0041826735,0.00081321725
/home/yogesh.patel/execution/25_9_2026_PRD_work/OCT2017_Test/test/CNV/CNV-624911-2.jpeg,0,CNV,CNV,CNV,True,0.009768398,0.95186365,0.0044158236,0.014007424,0.010257912,0.004829159,0.0041131587,0.0007444911
/home/yogesh.patel/execution/25_9_2026_PRD_work/OCT2017_Test/test/CNV/CNV-624911-3.jpeg,0,CNV,CNV,CNV,True,0.007868509,0.94421756,0.0044643464,0.023848496,0.0090849595,0.004469812,0.005049431,0.0009969039
/home/yogesh.patel/execution/25_9_2026_PRD_work/OCT2017_Test/test/CNV/CNV-6256161-1.jpeg,0,CNV,CNV,CNV,True,0.006038669,0.84693146,0.008892791,0.010349894,0.00474902,0.110416606,0.011572902,0.0010486586
/home/yogesh.patel/execution/25_9_2026_PRD_work/OCT2017_Test/test/CNV/CNV-732516-1.jpeg,0,CNV,CNV,CNV,True,0.007272815,0.9661539,0.0035109418,0.004941059,0.0064767017,0.006054296,0.004414967,0.0011753874
/home/yogesh.patel/execution/25_9_2026_PRD_work/OCT2017_Test/test/CNV/CNV-732516-2.jpeg,0,CNV,CNV,CNV,True,0.0054417676,0.96399474,0.0063087298,0.003992872,0.0071979277,0.007273207,0.0044070734,0.0013836196
/home/yogesh.patel/execution/25_9_2026_PRD_work/OCT2017_Test/test/CNV/CNV-732516-3.jpeg,0,CNV,CNV,CNV,True,0.0084732715,0.9637818,0.006566562,0.0039395033,0.005451295,0.004744065,0.005358184,0.0016853972
/home/yogesh.patel/execution/25_9_2026_PRD_work/OCT2017_Test/test/CNV/CNV-732516-4.jpeg,0,CNV,CNV,CNV,True,0.004560806,0.96663564,0.007919037,0.004405,0.00523866,0.0046756994,0.004058295,0.0025069462
/home/yogesh.patel/execution/25_9_2026_PRD_work/OCT2017_Test/test/CNV/CNV-743852-1.jpeg,0,CNV,CNV,CNV,True,0.0060990592,0.938447,0.0034937481,0.033921868,0.0041193576,0.0048049074,0.00778877,0.0013253384
/home/yogesh.patel/execution/25_9_2026_PRD_work/OCT2017_Test/test/CNV/CNV-776149-1.jpeg,0,CNV,CNV,CNV,True,0.0109988265,0.95661765,0.008130931,0.0041247997,0.008941274,0.0033292177,0.0066204444,0.0012368347
/home/yogesh.patel/execution/25_9_2026_PRD_work/OCT2017_Test/test/CNV/CNV-779442-1.jpeg,0,CNV,CNV,CNV,True,0.0045559406,0.963999,0.003395945,0.0074713896,0.0035705809,0.005253975,0.010741706,0.0010115645
/home/yogesh.patel/execution/25_9_2026_PRD_work/OCT2017_Test/test/CNV/CNV-779442-2.jpeg,0,CNV,CNV,CNV,True,0.0051073036,0.8788826,0.003832606,0.006006828,0.0065738875,0.084453665,0.012687927,0.0024551824
/home/yogesh.patel/execution/25_9_2026_PRD_work/OCT2017_Test/test/CNV/CNV-779442-3.jpeg,0,CNV,CNV,CNV,True,0.005165051,0.95190334,0.004537534,0.005796669,0.008179854,0.014576972,0.008362293,0.001478307
/home/yogesh.patel/execution/25_9_2026_PRD_work/OCT2017_Test/test/CNV/CNV-781814-1.jpeg,0,CNV,CNV,CNV,True,0.0043018237,0.96223,0.0042809006,0.0068969764,0.0043148734,0.0115578,0.0040964233,0.0023211867
/home/yogesh.patel/execution/25_9_2026_PRD_work/OCT2017_Test/test/CNV/CNV-794538-1.jpeg,0,CNV,CNV,CNV,True,0.0049173366,0.9597691,0.004266399,0.0029645422,0.0045436635,0.01625237,0.0053083687,0.0019781792
/home/yogesh.patel/execution/25_9_2026_PRD_work/OCT2017_Test/test/CNV/CNV-794538-2.jpeg,0,CNV,CNV,CNV,True,0.0071993684,0.93973804,0.017938882,0.007842629,0.0058349823,0.01573401,0.002083678,0.0036284116
/home/yogesh.patel/execution/25_9_2026_PRD_work/OCT2017_Test/test/CNV/CNV-81630-1.jpeg,0,CNV,CNV,CNV,True,0.0071828254,0.9659822,0.0062475707,0.004289476,0.0047665667,0.0063353735,0.0030562037,0.0021397022
/home/yogesh.patel/execution/25_9_2026_PRD_work/OCT2017_Test/test/CNV/CNV-81630-2.jpeg,0,CNV,CNV,CNV,True,0.0046562008,0.96070975,0.0043014484,0.008077783,0.0045779618,0.0056529664,0.0071916613,0.004832302
/home/yogesh.patel/execution/25_9_2026_PRD_work/OCT2017_Test/test/CNV/CNV-81630-3.jpeg,0,CNV,CNV,CNV,True,0.0047093164,0.9669298,0.0067713703,0.0033861822,0.004309961,0.0042263246,0.0070722527,0.002594791
/home/yogesh.patel/execution/25_9_2026_PRD_work/OCT2017_Test/test/CNV/CNV-81630-4.jpeg,0,CNV,CNV,CNV,True,0.0051521873,0.96030897,0.004207323,0.008107531,0.005535725,0.003795296,0.0045275143,0.008365473
/home/yogesh.patel/execution/25_9_2026_PRD_work/OCT2017_Test/test/CNV/CNV-827677-1.jpeg,0,CNV,CNV,CNV,True,0.004068076,0.9520807,0.0048112036,0.0037173098,0.015328621,0.01710571,0.0012053805,0.0016829825
/home/yogesh.patel/execution/25_9_2026_PRD_work/OCT2017_Test/test/CNV/CNV-830921-1.jpeg,0,CNV,CNV,CNV,True,0.008730606,0.62480575,0.0092745265,0.009562131,0.012633155,0.32642165,0.007227387,0.0013447625
/home/yogesh.patel/execution/25_9_2026_PRD_work/OCT2017_Test/test/CNV/CNV-865813-1.jpeg,0,CNV,CNV,CNV,True,0.008435765,0.9622493,0.0060271574,0.004520741,0.009323451,0.0025916572,0.003486939,0.0033650831
/home/yogesh.patel/execution/25_9_2026_PRD_work/OCT2017_Test/test/CNV/CNV-904464-1.jpeg,0,CNV,CNV,CNV,True,0.0140417125,0.95605326,0.005495825,0.0038278757,0.013071768,0.0032498585,0.0031501157,0.001109607
/home/yogesh.patel/execution/25_9_2026_PRD_work/OCT2017_Test/test/CNV/CNV-904464-2.jpeg,0,CNV,CNV,CNV,True,0.014089027,0.953776,0.0071047326,0.005014441,0.011896561,0.0023539795,0.0031191616,0.0026461417
/home/yogesh.patel/execution/25_9_2026_PRD_work/OCT2017_Test/test/CNV/CNV-904464-3.jpeg,0,CNV,CNV,CNV,True,0.016998932,0.9326762,0.0072434205,0.017177368,0.01678096,0.0026929784,0.0044024433,0.0020276865
/home/yogesh.patel/execution/25_9_2026_PRD_work/OCT2017_Test/test/CNV/CNV-904464-4.jpeg,0,CNV,CNV,CNV,True,0.01279537,0.9537766,0.005049976,0.0075840643,0.012080973,0.003611837,0.0036553675,0.0014459065
/home/yogesh.patel/execution/25_9_2026_PRD_work/OCT2017_Test/test/CNV/CNV-909994-1.jpeg,0,CNV,CNV,CNV,True,0.005381556,0.9454871,0.003422071,0.02889396,0.008230315,0.004327566,0.003458108,0.00079938106
/home/yogesh.patel/execution/25_9_2026_PRD_work/OCT2017_Test/test/CNV/CNV-933576-1.jpeg,0,CNV,CNV,CNV,True,0.002766076,0.96316606,0.0045630466,0.006056018,0.0050962917,0.011752848,0.004104201,0.00249548
/home/yogesh.patel/execution/25_9_2026_PRD_work/OCT2017_Test/test/CNV/CNV-933576-2.jpeg,0,CNV,CNV,CNV,True,0.0132801095,0.95288306,0.008671905,0.0059931767,0.009322638,0.003308806,0.0041120676,0.0024281559
/home/yogesh.patel/execution/25_9_2026_PRD_work/OCT2017_Test/test/CNV/CNV-933576-3.jpeg,0,CNV,CNV,CNV,True,0.0074982075,0.96052414,0.005810046,0.0109862285,0.007555313,0.0031497418,0.003233918,0.0012423717
/home/yogesh.patel/execution/25_9_2026_PRD_work/OCT2017_Test/test/CNV/CNV-933576-4.jpeg,0,CNV,CNV,CNV,True,0.008736135,0.931213,0.004523895,0.031682275,0.011902708,0.008282743,0.0032643634,0.00039485333
/home/yogesh.patel/execution/25_9_2026_PRD_work/OCT2017_Test/test/CNV/CNV-954024-1.jpeg,0,CNV,CNV,CNV,True,0.0033660156,0.9691648,0.004001707,0.009655714,0.0037288147,0.0057396307,0.0027512275,0.0015919771
/home/yogesh.patel/execution/25_9_2026_PRD_work/OCT2017_Test/test/CNV/CNV-987193-1.jpeg,0,CNV,CNV,CNV,True,0.010250284,0.9380132,0.005402211,0.015026699,0.010187126,0.01857742,0.001810605,0.0007324421
/home/yogesh.patel/execution/25_9_2026_PRD_work/OCT2017_Test/test/CNV/CNV-987193-2.jpeg,0,CNV,CNV,CNV,True,0.010486374,0.95808446,0.005190191,0.00710478,0.01213683,0.0038291186,0.0024779432,0.00069025205
/home/yogesh.patel/execution/25_9_2026_PRD_work/OCT2017_Test/test/CNV/CNV-995513-1.jpeg,0,CNV,CNV,CNV,True,0.007314849,0.96479577,0.005871498,0.004048093,0.005287887,0.0055032144,0.005164736,0.0020139245
/home/yogesh.patel/execution/25_9_2026_PRD_work/OCT2017_Test/test/DME/DME-1081406-1.jpeg,1,DME,DME,DME,True,0.0067533962,0.040043738,0.009216689,0.92127824,0.0053008976,0.007904485,0.0077169607,0.0017855008
/home/yogesh.patel/execution/25_9_2026_PRD_work/OCT2017_Test/test/DME/DME-1102486-1.jpeg,1,DME,DME,DME,True,0.0035368155,0.022065623,0.0056699975,0.9493984,0.0051926007,0.006320196,0.0048579397,0.002958433
/home/yogesh.patel/execution/25_9_2026_PRD_work/OCT2017_Test/test/DME/DME-1102486-2.jpeg,1,DME,DME,DME,True,0.0038567926,0.010923776,0.0064453166,0.9536146,0.0043889508,0.009651099,0.00713307,0.0039864406
/home/yogesh.patel/execution/25_9_2026_PRD_work/OCT2017_Test/test/DME/DME-1102486-3.jpeg,1,DME,DME,DME,True,0.0030554042,0.0053563877,0.0044652293,0.96680397,0.0034278966,0.0057256115,0.006151809,0.005013671
/home/yogesh.patel/execution/25_9_2026_PRD_work/OCT2017_Test/test/DME/DME-1102486-4.jpeg,1,DME,DME,DME,True,0.0030312333,0.0026752758,0.004210542,0.971942,0.0031448675,0.0054603424,0.005476956,0.004058792
/home/yogesh.patel/execution/25_9_2026_PRD_work/OCT2017_Test/test/DME/DME-11053-1.jpeg,1,DME,DME,DME,True,0.00508257,0.016858412,0.0049274056,0.94202304,0.0051673837,0.0154983755,0.005634407,0.00480836
/home/yogesh.patel/execution/25_9_2026_PRD_work/OCT2017_Test/test/DME/DME-119840-1.jpeg,1,DME,DME,DME,True,0.005095451,0.027063867,0.006629074,0.94274944,0.006889978,0.0059938966,0.003075661,0.0025026796
/home/yogesh.patel/execution/25_9_2026_PRD_work/OCT2017_Test/test/DME/DME-1274315-1.jpeg,1,DME,DME,DME,True,0.0070819617,0.023036402,0.009361411,0.9278424,0.0034778977,0.0082784835,0.01663459,0.004286927
/home/yogesh.patel/execution/25_9_2026_PRD_work/OCT2017_Test/test/DME/DME-1274315-2.jpeg,1,DME,DME,DME,True,0.0028015438,0.020049008,0.004795021,0.9562229,0.0040251343,0.00348451,0.0065813214,0.0020405587
/home/yogesh.patel/execution/25_9_2026_PRD_work/OCT2017_Test/test/DME/DME-138971-1.jpeg,1,DME,DME,DME,True,0.0072050933,0.0035135774,0.007311159,0.9541158,0.004222653,0.006998801,0.009466731,0.0071661193
/home/yogesh.patel/execution/25_9_2026_PRD_work/OCT2017_Test/test/DME/DME-138971-2.jpeg,1,DME,DME,DME,True,0.006083632,0.010811148,0.0069293203,0.954745,0.005026179,0.006862635,0.006397268,0.003144878
/home/yogesh.patel/execution/25_9_2026_PRD_work/OCT2017_Test/test/DME/DME-1430899-1.jpeg,1,DME,DME,DME,True,0.0052555953,0.023010135,0.008286873,0.9399997,0.012023954,0.0061349827,0.0023331414,0.0029557252
/home/yogesh.patel/execution/25_9_2026_PRD_work/OCT2017_Test/test/DME/DME-1479682-1.jpeg,1,DME,DME,DME,True,0.0069048414,0.022616647,0.008801939,0.9181607,0.0086440295,0.023960585,0.007664627,0.0032466685
/home/yogesh.patel/execution/25_9_2026_PRD_work/OCT2017_Test/test/DME/DME-15208-1.jpeg,1,DME,DME,DME,True,0.0018229154,0.0034849113,0.0023255215,0.9837419,0.0033560456,0.0013012342,0.0015918785,0.0023756283
/home/yogesh.patel/execution/25_9_2026_PRD_work/OCT2017_Test/test/DME/DME-15208-2.jpeg,1,DME,DME,DME,True,0.002245584,0.029490791,0.0031617521,0.9513713,0.0044114604,0.003734837,0.003825912,0.0017584371
/home/yogesh.patel/execution/25_9_2026_PRD_work/OCT2017_Test/test/DME/DME-2091157-1.jpeg,1,DME,DME,DME,True,0.0062890514,0.032425184,0.008289646,0.88856256,0.026478548,0.025649153,0.00763125,0.0046744803
/home/yogesh.patel/execution/25_9_2026_PRD_work/OCT2017_Test/test/DME/DME-2105194-1.jpeg,1,DME,DME,DME,True,0.0032658651,0.0029280167,0.0040150494,0.97066915,0.003741135,0.002764161,0.0028361196,0.009780616
/home/yogesh.patel/execution/25_9_2026_PRD_work/OCT2017_Test/test/DME/DME-2126962-1.jpeg,1,DME,DME,DME,True,0.007000157,0.0036119062,0.0073493924,0.96286005,0.0044561294,0.005371905,0.0055559753,0.0037945483
/home/yogesh.patel/execution/25_9_2026_PRD_work/OCT2017_Test/test/DME/DME-2261889-1.jpeg,1,DME,DME,DME,True,0.0035249959,0.036520038,0.0057164496,0.92891926,0.007190337,0.011015656,0.0036361788,0.0034771226
/home/yogesh.patel/execution/25_9_2026_PRD_work/OCT2017_Test/test/DME/DME-2556938-1.jpeg,1,DME,DME,DME,True,0.004844948,0.006259033,0.006039151,0.9449588,0.0043131537,0.011966441,0.012494099,0.009124265
/home/yogesh.patel/execution/25_9_2026_PRD_work/OCT2017_Test/test/DME/DME-2630113-1.jpeg,1,DME,DME,DME,True,0.0055630617,0.0079214005,0.006244375,0.9490359,0.012384321,0.0060296436,0.0072307535,0.0055905664
/home/yogesh.patel/execution/25_9_2026_PRD_work/OCT2017_Test/test/DME/DME-2630665-1.jpeg,1,DME,DME,DME,True,0.0035369191,0.026603278,0.0049975496,0.94039685,0.0018114639,0.0064805313,0.012800469,0.0033729086
/home/yogesh.patel/execution/25_9_2026_PRD_work/OCT2017_Test/test/DME/DME-269181-1.jpeg,1,DME,DME,DME,True,0.0036954924,0.009788094,0.004583986,0.96586144,0.0030316159,0.005416036,0.0046465388,0.0029768802
/home/yogesh.patel/execution/25_9_2026_PRD_work/OCT2017_Test/test/DME/DME-269181-2.jpeg,1,DME,DME,DME,True,0.0026312806,0.0040822355,0.0028617152,0.9791804,0.0017803303,0.0033279017,0.0026967654,0.0034394464
/home/yogesh.patel/execution/25_9_2026_PRD_work/OCT2017_Test/test/DME/DME-269181-3.jpeg,1,DME,DME,DME,True,0.0033109968,0.006059583,0.0036832842,0.96010715,0.003265773,0.013950917,0.003989107,0.005633289
/home/yogesh.patel/execution/25_9_2026_PRD_work/OCT2017_Test/test/DME/DME-2716523-1.jpeg,1,DME,DME,DME,True,0.005413946,0.009203326,0.0055908286,0.9671369,0.005239181,0.003249187,0.0023586736,0.0018079466
/home/yogesh.patel/execution/25_9_2026_PRD_work/OCT2017_Test/test/DME/DME-2763635-1.jpeg,1,DME,DME,DME,True,0.006613045,0.02014398,0.0069701183,0.9263835,0.0051902747,0.025979325,0.0064400965,0.0022796474
/home/yogesh.patel/execution/25_9_2026_PRD_work/OCT2017_Test/test/DME/DME-30521-1.jpeg,1,DME,DME,DME,True,0.0064082015,0.0056781643,0.007529534,0.9585189,0.0053037168,0.008628061,0.004584619,0.003348763
/home/yogesh.patel/execution/25_9_2026_PRD_work/OCT2017_Test/test/DME/DME-30521-10.jpeg,1,DME,DME,DME,True,0.0018512362,0.002426378,0.0022206267,0.97732556,0.0020344062,0.0031825332,0.0041548293,0.006804465
/home/yogesh.patel/execution/25_9_2026_PRD_work/OCT2017_Test/test/DME/DME-30521-11.jpeg,1,DME,DME,DME,True,0.0049944287,0.003460054,0.005729718,0.97037125,0.003103358,0.0051192646,0.004034414,0.003187501
/home/yogesh.patel/execution/25_9_2026_PRD_work/OCT2017_Test/test/DME/DME-30521-12.jpeg,1,DME,DME,DME,True,0.0050404347,0.0058797323,0.0055460306,0.96959585,0.003533324,0.005389824,0.0031270932,0.0018877033
/home/yogesh.patel/execution/25_9_2026_PRD_work/OCT2017_Test/test/DME/DME-30521-13.jpeg,1,DME,DME,DME,True,0.0048320214,0.007700006,0.006050375,0.96393424,0.0049533504,0.0064840736,0.00322663,0.0028192753
/home/yogesh.patel/execution/25_9_2026_PRD_work/OCT2017_Test/test/DME/DME-30521-2.jpeg,1,DME,DME,DME,True,0.002970954,0.003663515,0.0036888728,0.96844816,0.0037990636,0.0068911696,0.004406726,0.006131492
/home/yogesh.patel/execution/25_9_2026_PRD_work/OCT2017_Test/test/DME/DME-30521-3.jpeg,1,DME,DME,DME,True,0.0040010847,0.0034116143,0.004459667,0.9612701,0.0013285585,0.0071736663,0.010790126,0.007565071
/home/yogesh.patel/execution/25_9_2026_PRD_work/OCT2017_Test/test/DME/DME-30521-4.jpeg,1,DME,DME,DME,True,0.0050569046,0.0060035246,0.0056642154,0.9695026,0.0031986265,0.0046092165,0.003636675,0.002328198
/home/yogesh.patel/execution/25_9_2026_PRD_work/OCT2017_Test/test/DME/DME-30521-5.jpeg,1,DME,DME,DME,True,0.005316066,0.026373403,0.005651572,0.9410896,0.0026096452,0.0043737274,0.01295861,0.0016273506
/home/yogesh.patel/execution/25_9_2026_PRD_work/OCT2017_Test/test/DME/DME-30521-6.jpeg,1,DME,DME,DME,True,0.006194586,0.01154397,0.007862689,0.9560664,0.0053940555,0.005118953,0.005253137,0.0025660938
/home/yogesh.patel/execution/25_9_2026_PRD_work/OCT2017_Test/test/DME/DME-30521-7.jpeg,1,DME,DME,DME,True,0.0058537736,0.0040746517,0.005823659,0.9700019,0.0034663419,0.0041370303,0.0039587487,0.0026839843
/home/yogesh.patel/execution/25_9_2026_PRD_work/OCT2017_Test/test/DME/DME-30521-8.jpeg,1,DME,DME,DME,True,0.0031236988,0.004212972,0.0035982297,0.9766863,0.002351748,0.003409464,0.0030018024,0.0036157663
/home/yogesh.patel/execution/25_9_2026_PRD_work/OCT2017_Test/test/DME/DME-30521-9.jpeg,1,DME,DME,DME,True,0.004590079,0.0048228395,0.0054528685,0.9701836,0.0035487635,0.004014084,0.0042787236,0.0031089913
/home/yogesh.patel/execution/25_9_2026_PRD_work/OCT2017_Test/test/DME/DME-306172-1.jpeg,1,DME,DME,DME,True,0.0035612732,0.004934436,0.007745388,0.95524865,0.0155440355,0.0031415748,0.00038481836,0.00943972
/home/yogesh.patel/execution/25_9_2026_PRD_work/OCT2017_Test/test/DME/DME-3064922-1.jpeg,1,DME,DME,DME,True,0.0059784693,0.009051465,0.008128931,0.9539524,0.011382303,0.006717544,0.0020866976,0.0027022306
/home/yogesh.patel/execution/25_9_2026_PRD_work/OCT2017_Test/test/DME/DME-3157783-1.jpeg,1,DME,DME,DME,True,0.0052670315,0.003275348,0.005887468,0.9622493,0.0042334003,0.005857559,0.0069341497,0.0062958333
/home/yogesh.patel/execution/25_9_2026_PRD_work/OCT2017_Test/test/DME/DME-323904-1.jpeg,1,DME,DME,DME,True,0.0033594691,0.007986862,0.0048792637,0.96153665,0.00233373,0.0052565597,0.011445518,0.0032019506
/home/yogesh.patel/execution/25_9_2026_PRD_work/OCT2017_Test/test/DME/DME-323904-2.jpeg,1,DME,DME,DME,True,0.0028599333,0.010818002,0.0037368867,0.97296256,0.0030572223,0.0030817017,0.0019438198,0.0015399642
/home/yogesh.patel/execution/25_9_2026_PRD_work/OCT2017_Test/test/DME/DME-3288089-1.jpeg,1,DME,DME,DME,True,0.0034543767,0.32905525,0.0053746905,0.6304374,0.005073026,0.010375022,0.010326345,0.0059038745
/home/yogesh.patel/execution/25_9_2026_PRD_work/OCT2017_Test/test/DME/DME-3475211-1.jpeg,1,DME,DME,DME,True,0.005124607,0.091060825,0.008292543,0.86853814,0.005526187,0.004019342,0.015101605,0.0023368318
/home/yogesh.patel/execution/25_9_2026_PRD_work/OCT2017_Test/test/DME/DME-3722280-1.jpeg,1,DME,DME,DME,True,0.0029054547,0.106887996,0.008347647,0.8450958,0.0072386106,0.006420951,0.020551963,0.002551547
/home/yogesh.patel/execution/25_9_2026_PRD_work/OCT2017_Test/test/DME/DME-3731953-1.jpeg,1,DME,DME,DME,True,0.005869086,0.005231024,0.006559498,0.9587593,0.010451693,0.0073116776,0.0022352128,0.0035824848
/home/yogesh.patel/execution/25_9_2026_PRD_work/OCT2017_Test/test/DME/DME-37503-1.jpeg,1,DME,DME,DME,True,0.0035892813,0.004277442,0.0049077584,0.9573727,0.0018897164,0.009731054,0.010344437,0.007887583
/home/yogesh.patel/execution/25_9_2026_PRD_work/OCT2017_Test/test/DME/DME-3791742-1.jpeg,1,DME,DME,DME,True,0.0043549943,0.019557728,0.00597704,0.9486663,0.003960694,0.007085734,0.007164542,0.003233044
/home/yogesh.patel/execution/25_9_2026_PRD_work/OCT2017_Test/test/DME/DME-3810791-1.jpeg,1,DME,DME,DME,True,0.0033728958,0.021931766,0.0045734607,0.9495638,0.0037786723,0.0101737585,0.0045926403,0.0020129408
/home/yogesh.patel/execution/25_9_2026_PRD_work/OCT2017_Test/test/DME/DME-3921035-1.jpeg,1,DME,DME,DME,True,0.0044499137,0.0078296345,0.0052622026,0.958615,0.003181522,0.00695909,0.010283481,0.0034192663
/home/yogesh.patel/execution/25_9_2026_PRD_work/OCT2017_Test/test/DME/DME-4079773-1.jpeg,1,DME,DME,DME,True,0.0026791177,0.0052112103,0.002473975,0.97901,0.0026526314,0.0019465369,0.0037290517,0.0022975183
/home/yogesh.patel/execution/25_9_2026_PRD_work/OCT2017_Test/test/DME/DME-4117019-1.jpeg,1,DME,DME,DME,True,0.004806894,0.018784901,0.0056864545,0.95517164,0.005106365,0.0039805593,0.0047518406,0.0017113888
/home/yogesh.patel/execution/25_9_2026_PRD_work/OCT2017_Test/test/DME/DME-4146088-1.jpeg,1,DME,DME,DME,True,0.003261331,0.01635319,0.004622211,0.96214926,0.0038088937,0.0033437843,0.004488712,0.0019726858
/home/yogesh.patel/execution/25_9_2026_PRD_work/OCT2017_Test/test/DME/DME-4240465-1.jpeg,1,DME,DME,DME,True,0.0034340261,0.022541339,0.0060115745,0.9466111,0.0038772514,0.006784895,0.008160546,0.002579236
/home/yogesh.patel/execution/25_9_2026_PRD_work/OCT2017_Test/test/DME/DME-4240465-2.jpeg,1,DME,DME,DME,True,0.00152069,0.003910572,0.002695874,0.97825485,0.0023405782,0.0028632667,0.0040968237,0.0043174606
/home/yogesh.patel/execution/25_9_2026_PRD_work/OCT2017_Test/test/DME/DME-4244491-1.jpeg,1,DME,DME,DME,True,0.0038802603,0.0023461476,0.0034958664,0.97813886,0.0013102081,0.0042221895,0.003088378,0.0035181362
/home/yogesh.patel/execution/25_9_2026_PRD_work/OCT2017_Test/test/DME/DME-4298019-1.jpeg,1,DME,DME,DME,True,0.0040985984,0.01266924,0.0063194656,0.9529323,0.0096058715,0.00610662,0.005003297,0.0032646118
/home/yogesh.patel/execution/25_9_2026_PRD_work/OCT2017_Test/test/DME/DME-4336607-1.jpeg,1,DME,DME,DME,True,0.0054471693,0.111124,0.0078323325,0.8033231,0.010731489,0.03843016,0.016458955,0.0066528535
/home/yogesh.patel/execution/25_9_2026_PRD_work/OCT2017_Test/test/DME/DME-4478609-1.jpeg,1,DME,DME,DME,True,0.0029897261,0.0071542733,0.0037282193,0.96277064,0.0054316917,0.0059757438,0.0047254697,0.007224161
/home/yogesh.patel/execution/25_9_2026_PRD_work/OCT2017_Test/test/DME/DME-4616882-1.jpeg,1,DME,DME,DME,True,0.0026348494,0.0056701708,0.0036116326,0.9666931,0.003165091,0.005005225,0.007090043,0.0061298674
/home/yogesh.patel/execution/25_9_2026_PRD_work/OCT2017_Test/test/DME/DME-462675-1.jpeg,1,DME,DME,DME,True,0.008691287,0.013244607,0.009258446,0.92697424,0.008159754,0.02774915,0.0029363814,0.002986039
/home/yogesh.patel/execution/25_9_2026_PRD_work/OCT2017_Test/test/DME/DME-4634094-1.jpeg,1,DME,DME,DME,True,0.0024395217,0.0039419276,0.002223291,0.98385185,0.0022007336,0.0014972105,0.0015225722,0.0023229509
/home/yogesh.patel/execution/25_9_2026_PRD_work/OCT2017_Test/test/DME/DME-4634094-2.jpeg,1,DME,DME,DME,True,0.0057825614,0.008876988,0.0061174594,0.9620523,0.007036705,0.004596633,0.0027765771,0.0027608036
/home/yogesh.patel/execution/25_9_2026_PRD_work/OCT2017_Test/test/DME/DME-4658666-1.jpeg,1,DME,DME,DME,True,0.0018761596,0.01697143,0.00597185,0.93211883,0.0062070587,0.006436393,0.0033960894,0.027022118
/home/yogesh.patel/execution/25_9_2026_PRD_work/OCT2017_Test/test/DME/DME-4732091-1.jpeg,1,DME,DME,DME,True,0.009059852,0.0047772946,0.006969339,0.95148623,0.004965587,0.015363627,0.003854344,0.0035237253
/home/yogesh.patel/execution/25_9_2026_PRD_work/OCT2017_Test/test/DME/DME-4732091-2.jpeg,1,DME,CNV,CNV,False,0.010431702,0.4376715,0.009074278,0.43696946,0.011689073,0.04789295,0.04445525,0.0018158158
/home/yogesh.patel/execution/25_9_2026_PRD_work/OCT2017_Test/test/DME/DME-4804900-1.jpeg,1,DME,DME,DME,True,0.0040746457,0.0074542467,0.004487825,0.96406543,0.0034759731,0.0044747773,0.0076320455,0.0043350477
/home/yogesh.patel/execution/25_9_2026_PRD_work/OCT2017_Test/test/DME/DME-4897748-1.jpeg,1,DME,DME,DME,True,0.005415353,0.017316941,0.005896676,0.9194032,0.009327876,0.0300628,0.0079669375,0.004610257
/home/yogesh.patel/execution/25_9_2026_PRD_work/OCT2017_Test/test/DME/DME-4940184-1.jpeg,1,DME,DME,DME,True,0.0019748185,0.0013467311,0.0022470406,0.9753679,0.0063682753,0.0014347832,0.0025139179,0.008746473
/home/yogesh.patel/execution/25_9_2026_PRD_work/OCT2017_Test/test/DME/DME-4989358-1.jpeg,1,DME,DME,DME,True,0.0041489294,0.003864705,0.0058586667,0.97461414,0.005744539,0.0032490557,0.00079359656,0.001726456
/home/yogesh.patel/execution/25_9_2026_PRD_work/OCT2017_Test/test/DME/DME-5014129-1.jpeg,1,DME,DME,DME,True,0.0022429721,0.0014824689,0.002613592,0.97863674,0.003248469,0.0038502314,0.0019053485,0.0060201706
/home/yogesh.patel/execution/25_9_2026_PRD_work/OCT2017_Test/test/DME/DME-5014129-2.jpeg,1,DME,DME,DME,True,0.009015294,0.021972528,0.010552982,0.8833447,0.01167354,0.056776546,0.0038711573,0.0027933177
/home/yogesh.patel/execution/25_9_2026_PRD_work/OCT2017_Test/test/DME/DME-5071032-1.jpeg,1,DME,DME,DME,True,0.004091363,0.0192933,0.006488586,0.945153,0.009031898,0.010359064,0.0028663608,0.0027164184
/home/yogesh.patel/execution/25_9_2026_PRD_work/OCT2017_Test/test/DME/DME-5072525-1.jpeg,1,DME,DME,DME,True,0.006258566,0.00932838,0.0077853734,0.9524286,0.004996393,0.007192222,0.008927881,0.0030825962
/home/yogesh.patel/execution/25_9_2026_PRD_work/OCT2017_Test/test/DME/DME-5434248-1.jpeg,1,DME,DME,DME,True,0.0049308073,0.036615957,0.005268046,0.93494594,0.0056103575,0.0060984124,0.0041457345,0.0023847814
/home/yogesh.patel/execution/25_9_2026_PRD_work/OCT2017_Test/test/DME/DME-5465575-1.jpeg,1,DME,DME,DME,True,0.0047347397,0.02154472,0.005293908,0.9535735,0.004435004,0.0043381136,0.003670037,0.002409979
/home/yogesh.patel/execution/25_9_2026_PRD_work/OCT2017_Test/test/DME/DME-5497895-1.jpeg,1,DME,DME,DME,True,0.0069884122,0.008368268,0.006573413,0.95905614,0.0053479867,0.007786126,0.0034605546,0.002419098
/home/yogesh.patel/execution/25_9_2026_PRD_work/OCT2017_Test/test/DME/DME-563695-1.jpeg,1,DME,DME,DME,True,0.0054498026,0.02310103,0.0075837914,0.9416721,0.010177937,0.0058504776,0.0030785662,0.003086237
/home/yogesh.patel/execution/25_9_2026_PRD_work/OCT2017_Test/test/DME/DME-563695-2.jpeg,1,DME,DME,DME,True,0.0057695718,0.006152004,0.0072624767,0.95836323,0.012048635,0.004242009,0.0026883804,0.0034737529
/home/yogesh.patel/execution/25_9_2026_PRD_work/OCT2017_Test/test/DME/DME-5656004-1.jpeg,1,DME,DME,DME,True,0.004705659,0.012232026,0.0038218047,0.92725825,0.013213234,0.02401689,0.006943767,0.007808315
/home/yogesh.patel/execution/25_9_2026_PRD_work/OCT2017_Test/test/DME/DME-5713682-1.jpeg,1,DME,DME,DME,True,0.0042769765,0.022351293,0.006909256,0.9447514,0.009059351,0.0069235233,0.0027101468,0.0030180921
/home/yogesh.patel/execution/25_9_2026_PRD_work/OCT2017_Test/test/DME/DME-57603-1.jpeg,1,DME,DME,DME,True,0.0043637673,0.0034124656,0.0045459378,0.9684248,0.0022060212,0.008331744,0.0049753534,0.0037399516
/home/yogesh.patel/execution/25_9_2026_PRD_work/OCT2017_Test/test/DME/DME-5760454-1.jpeg,1,DME,DME,DME,True,0.004332125,0.01698992,0.0067706737,0.95409214,0.005950172,0.004479948,0.0024264178,0.0049585826
/home/yogesh.patel/execution/25_9_2026_PRD_work/OCT2017_Test/test/DME/DME-5768195-1.jpeg,1,DME,DME,DME,True,0.0051679877,0.016204461,0.0077457703,0.9496655,0.007813921,0.008193939,0.0032829484,0.0019254894
/home/yogesh.patel/execution/25_9_2026_PRD_work/OCT2017_Test/test/DME/DME-5796574-1.jpeg,1,DME,DME,DME,True,0.0066142436,0.0039737956,0.0061667967,0.9576765,0.0036537703,0.006413747,0.009136674,0.006364575
/home/yogesh.patel/execution/25_9_2026_PRD_work/OCT2017_Test/test/DME/DME-5796574-2.jpeg,1,DME,DME,DME,True,0.010646015,0.04415388,0.009896404,0.895229,0.010558057,0.018322466,0.008704302,0.0024898415
/home/yogesh.patel/execution/25_9_2026_PRD_work/OCT2017_Test/test/DME/DME-5802218-1.jpeg,1,DME,CNV,CNV,False,0.0026103908,0.88433117,0.0027391538,0.07548316,0.0037398664,0.013199756,0.01691401,0.0009824603
/home/yogesh.patel/execution/25_9_2026_PRD_work/OCT2017_Test/test/DME/DME-5834001-1.jpeg,1,DME,DME,DME,True,0.0041402285,0.20599103,0.00821344,0.7571958,0.0037147047,0.0050335303,0.012737942,0.00297332
/home/yogesh.patel/execution/25_9_2026_PRD_work/OCT2017_Test/test/DME/DME-5843591-1.jpeg,1,DME,DME,DME,True,0.003193905,0.0051616766,0.004046141,0.9627542,0.0031068376,0.010898022,0.006262819,0.004576463
/home/yogesh.patel/execution/25_9_2026_PRD_work/OCT2017_Test/test/DME/DME-5864085-1.jpeg,1,DME,DME,DME,True,0.00602678,0.004630254,0.00645368,0.9685346,0.0047788583,0.00448343,0.0028894425,0.0022029895
/home/yogesh.patel/execution/25_9_2026_PRD_work/OCT2017_Test/test/DME/DME-5912153-1.jpeg,1,DME,DME,DME,True,0.0027983459,0.027494727,0.0059769196,0.9432258,0.007422446,0.005041673,0.0023367035,0.0057034423
/home/yogesh.patel/execution/25_9_2026_PRD_work/OCT2017_Test/test/DME/DME-5975636-1.jpeg,1,DME,DME,DME,True,0.004438007,0.013096348,0.0051191575,0.9632263,0.0053496696,0.003758726,0.003198502,0.0018132814
/home/yogesh.patel/execution/25_9_2026_PRD_work/OCT2017_Test/test/DME/DME-5981434-1.jpeg,1,DME,DME,DME,True,0.010401927,0.02679915,0.009821465,0.87474924,0.007488936,0.04098013,0.0152261425,0.014533052
/home/yogesh.patel/execution/25_9_2026_PRD_work/OCT2017_Test/test/DME/DME-6090983-1.jpeg,1,DME,DME,DME,True,0.0032336523,0.030537995,0.004051388,0.94079214,0.0011948852,0.009212613,0.008180508,0.0027968253
/home/yogesh.patel/execution/25_9_2026_PRD_work/OCT2017_Test/test/DME/DME-6151003-1.jpeg,1,DME,NORMAL,NORMAL,False,0.01107508,0.011363121,0.012608222,0.33922258,0.021274868,0.031618025,0.012602625,0.56023544
/home/yogesh.patel/execution/25_9_2026_PRD_work/OCT2017_Test/test/DME/DME-6296605-1.jpeg,1,DME,DME,DME,True,0.0047500543,0.009090446,0.0045626354,0.9701067,0.0028592995,0.003167648,0.0034352732,0.0020278804
/home/yogesh.patel/execution/25_9_2026_PRD_work/OCT2017_Test/test/DME/DME-6314020-1.jpeg,1,DME,DME,DME,True,0.00608735,0.016716372,0.009246125,0.9467391,0.009696668,0.0062121325,0.003532631,0.001769596
/home/yogesh.patel/execution/25_9_2026_PRD_work/OCT2017_Test/test/DME/DME-633268-1.jpeg,1,DME,DME,DME,True,0.006776438,0.015596365,0.006387725,0.9426407,0.0036241421,0.012572325,0.008727297,0.0036748548
/home/yogesh.patel/execution/25_9_2026_PRD_work/OCT2017_Test/test/DME/DME-6383847-1.jpeg,1,DME,DME,DME,True,0.003333977,0.0018408238,0.003485149,0.97122765,0.002954423,0.0035930746,0.008766766,0.0047981045
/home/yogesh.patel/execution/25_9_2026_PRD_work/OCT2017_Test/test/DME/DME-6434323-1.jpeg,1,DME,DME,DME,True,0.0050688465,0.011493055,0.0054281736,0.9632575,0.00546852,0.0037337632,0.003782722,0.0017673274
/home/yogesh.patel/execution/25_9_2026_PRD_work/OCT2017_Test/test/DME/DME-671384-1.jpeg,1,DME,DME,DME,True,0.0048988755,0.0074651856,0.0055246726,0.95746213,0.0032808278,0.010568379,0.007495494,0.0033044587
/home/yogesh.patel/execution/25_9_2026_PRD_work/OCT2017_Test/test/DME/DME-6716735-1.jpeg,1,DME,DME,DME,True,0.0059852893,0.002948488,0.0063745524,0.9673951,0.003157711,0.004724875,0.0056185527,0.0037953292
/home/yogesh.patel/execution/25_9_2026_PRD_work/OCT2017_Test/test/DME/DME-6716735-2.jpeg,1,DME,DME,DME,True,0.002645941,0.0047144475,0.0031672905,0.9700389,0.0017470049,0.004198362,0.009203796,0.0042843265
/home/yogesh.patel/execution/25_9_2026_PRD_work/OCT2017_Test/test/DME/DME-70266-1.jpeg,1,DME,DME,DME,True,0.0060319407,0.080655426,0.010576487,0.88156265,0.0070874053,0.005564388,0.0067439373,0.0017777543
/home/yogesh.patel/execution/25_9_2026_PRD_work/OCT2017_Test/test/DME/DME-70266-2.jpeg,1,DME,DME,DME,True,0.0038587672,0.026487123,0.0076585673,0.9469957,0.005621515,0.0040800087,0.0028288963,0.002469394
/home/yogesh.patel/execution/25_9_2026_PRD_work/OCT2017_Test/test/DME/DME-70266-3.jpeg,1,DME,DME,DME,True,0.004966705,0.01335292,0.005814538,0.961756,0.0039992398,0.004615762,0.0033963919,0.0020985205
/home/yogesh.patel/execution/25_9_2026_PRD_work/OCT2017_Test/test/DME/DME-7027665-1.jpeg,1,DME,DME,DME,True,0.006150445,0.0020988411,0.0053302874,0.97223544,0.0031312944,0.0044333567,0.0031616825,0.003458629
/home/yogesh.patel/execution/25_9_2026_PRD_work/OCT2017_Test/test/DME/DME-7194085-1.jpeg,1,DME,DME,DME,True,0.0025174248,0.024368603,0.0038250932,0.94146883,0.0029193393,0.0070048673,0.01127876,0.0066170897
/home/yogesh.patel/execution/25_9_2026_PRD_work/OCT2017_Test/test/DME/DME-7239304-1.jpeg,1,DME,DME,DME,True,0.006000406,0.0653078,0.008790133,0.9000086,0.008654724,0.0048643793,0.004606014,0.0017678947
/home/yogesh.patel/execution/25_9_2026_PRD_work/OCT2017_Test/test/DME/DME-7248535-1.jpeg,1,DME,DME,DME,True,0.006138501,0.016639257,0.007003742,0.9362297,0.009221403,0.012994501,0.0081700105,0.0036029918
/home/yogesh.patel/execution/25_9_2026_PRD_work/OCT2017_Test/test/DME/DME-7432714-1.jpeg,1,DME,DME,DME,True,0.002883342,0.0037897078,0.0034565309,0.96584153,0.002200658,0.005967445,0.0101978425,0.0056630145
/home/yogesh.patel/execution/25_9_2026_PRD_work/OCT2017_Test/test/DME/DME-7434518-1.jpeg,1,DME,DME,DME,True,0.0033292023,0.0031355787,0.0027265837,0.97565097,0.0030338876,0.00346426,0.003976975,0.00468255
/home/yogesh.patel/execution/25_9_2026_PRD_work/OCT2017_Test/test/DME/DME-7469235-1.jpeg,1,DME,DME,DME,True,0.004328619,0.03587134,0.005265925,0.9269054,0.004596341,0.011516799,0.0058960496,0.005619518
/home/yogesh.patel/execution/25_9_2026_PRD_work/OCT2017_Test/test/DME/DME-7503514-1.jpeg,1,DME,DME,DME,True,0.004351553,0.0044274945,0.0046665114,0.97555304,0.0035587389,0.0032710712,0.0020498345,0.002121705
/home/yogesh.patel/execution/25_9_2026_PRD_work/OCT2017_Test/test/DME/DME-7558688-1.jpeg,1,DME,DME,DME,True,0.0014226519,0.0023011502,0.0019263739,0.9826461,0.0013051509,0.002177008,0.0039816275,0.004239941
/home/yogesh.patel/execution/25_9_2026_PRD_work/OCT2017_Test/test/DME/DME-7573590-1.jpeg,1,DME,DME,DME,True,0.0061822017,0.011020288,0.008411302,0.9544781,0.010164494,0.005075205,0.0027714395,0.0018970317
/home/yogesh.patel/execution/25_9_2026_PRD_work/OCT2017_Test/test/DME/DME-7578162-1.jpeg,1,DME,DME,DME,True,0.0046511497,0.0076975008,0.004478752,0.9684911,0.0039643142,0.004095815,0.004396037,0.0022253296
/home/yogesh.patel/execution/25_9_2026_PRD_work/OCT2017_Test/test/DME/DME-7585263-1.jpeg,1,DME,DME,DME,True,0.004560529,0.021918591,0.0059425137,0.8966376,0.005279303,0.04950534,0.009433724,0.0067223003
/home/yogesh.patel/execution/25_9_2026_PRD_work/OCT2017_Test/test/DME/DME-7585263-2.jpeg,1,DME,DME,DME,True,0.013814184,0.1918168,0.011629242,0.7156941,0.017811866,0.035972964,0.011334475,0.0019263785
/home/yogesh.patel/execution/25_9_2026_PRD_work/OCT2017_Test/test/DME/DME-7585263-3.jpeg,1,DME,DME,DME,True,0.0057629403,0.07929884,0.007203404,0.4581097,0.008423705,0.41988885,0.012963552,0.008349017
/home/yogesh.patel/execution/25_9_2026_PRD_work/OCT2017_Test/test/DME/DME-7591008-1.jpeg,1,DME,DME,DME,True,0.005806529,0.004153835,0.0067400155,0.95470583,0.0062935515,0.0072225216,0.007413894,0.0076637017
/home/yogesh.patel/execution/25_9_2026_PRD_work/OCT2017_Test/test/DME/DME-7614088-1.jpeg,1,DME,DME,DME,True,0.009123075,0.023194846,0.008524508,0.9349369,0.00907608,0.010093822,0.0028222739,0.0022285234
/home/yogesh.patel/execution/25_9_2026_PRD_work/OCT2017_Test/test/DME/DME-7650134-1.jpeg,1,DME,DME,DME,True,0.004733666,0.0075851805,0.0062487694,0.95741576,0.00693982,0.009819038,0.0037999616,0.0034578345
/home/yogesh.patel/execution/25_9_2026_PRD_work/OCT2017_Test/test/DME/DME-7650134-2.jpeg,1,DME,DME,DME,True,0.0063409554,0.007847933,0.006560677,0.9618455,0.0059462595,0.004847127,0.0043167626,0.0022948156
/home/yogesh.patel/execution/25_9_2026_PRD_work/OCT2017_Test/test/DME/DME-7706610-1.jpeg,1,DME,DME,DME,True,0.0041376003,0.012987964,0.006289893,0.952592,0.0014960929,0.009666924,0.010015147,0.0028144282
/home/yogesh.patel/execution/25_9_2026_PRD_work/OCT2017_Test/test/DME/DME-7706610-2.jpeg,1,DME,DME,DME,True,0.0040875804,0.014798927,0.005707465,0.9499365,0.0012434897,0.0061711757,0.013616539,0.004438351
/home/yogesh.patel/execution/25_9_2026_PRD_work/OCT2017_Test/test/DME/DME-7706610-3.jpeg,1,DME,DME,DME,True,0.0031207239,0.0059909406,0.0044050575,0.9536828,0.0019503139,0.0077314004,0.0155789135,0.007539863
/home/yogesh.patel/execution/25_9_2026_PRD_work/OCT2017_Test/test/DME/DME-7756213-1.jpeg,1,DME,DME,DME,True,0.0024257689,0.012419115,0.0034239832,0.96629626,0.0044165417,0.001611576,0.0038445843,0.005562236
/home/yogesh.patel/execution/25_9_2026_PRD_work/OCT2017_Test/test/DME/DME-7757895-1.jpeg,1,DME,DME,DME,True,0.003593399,0.002896205,0.004463894,0.9694872,0.0072255475,0.0046119066,0.0014309429,0.0062910262
/home/yogesh.patel/execution/25_9_2026_PRD_work/OCT2017_Test/test/DME/DME-7763916-1.jpeg,1,DME,DME,DME,True,0.0022258486,0.002559997,0.003854644,0.9725901,0.0054044607,0.001515063,0.0033321201,0.008517862
/home/yogesh.patel/execution/25_9_2026_PRD_work/OCT2017_Test/test/DME/DME-7780589-1.jpeg,1,DME,DME,DME,True,0.0048594167,0.0064690653,0.0065617175,0.96127766,0.0055285087,0.0053773196,0.005747917,0.0041784258
/home/yogesh.patel/execution/25_9_2026_PRD_work/OCT2017_Test/test/DME/DME-778975-1.jpeg,1,DME,DME,DME,True,0.0055829394,0.043865707,0.0068892743,0.8901481,0.012576592,0.034633428,0.0029192911,0.003384637
/home/yogesh.patel/execution/25_9_2026_PRD_work/OCT2017_Test/test/DME/DME-778975-2.jpeg,1,DME,DME,DME,True,0.0037106927,0.00377576,0.0039470876,0.9781447,0.0040408694,0.0032425497,0.0011555367,0.0019829182
/home/yogesh.patel/execution/25_9_2026_PRD_work/OCT2017_Test/test/DME/DME-7793366-1.jpeg,1,DME,DME,DME,True,0.0025078605,0.00815103,0.0034987787,0.97134846,0.0030167343,0.0046763457,0.0042989324,0.0025017206
/home/yogesh.patel/execution/25_9_2026_PRD_work/OCT2017_Test/test/DME/DME-7837305-1.jpeg,1,DME,DME,DME,True,0.0027473832,0.005496784,0.004381706,0.9671573,0.0069891065,0.0038437287,0.002911564,0.0064723026
/home/yogesh.patel/execution/25_9_2026_PRD_work/OCT2017_Test/test/DME/DME-7837305-2.jpeg,1,DME,DME,DME,True,0.0043085106,0.03005321,0.0068252506,0.8932284,0.008400239,0.017314544,0.012135197,0.027734693
/home/yogesh.patel/execution/25_9_2026_PRD_work/OCT2017_Test/test/DME/DME-7837305-3.jpeg,1,DME,DME,DME,True,0.0061682924,0.0040972102,0.005352072,0.9368935,0.011087288,0.006905759,0.0053039533,0.024191828
/home/yogesh.patel/execution/25_9_2026_PRD_work/OCT2017_Test/test/DME/DME-7837305-4.jpeg,1,DME,DME,DME,True,0.0033334536,0.006003514,0.004337826,0.9483994,0.0058195596,0.00678311,0.0053379782,0.019985165
/home/yogesh.patel/execution/25_9_2026_PRD_work/OCT2017_Test/test/DME/DME-7837305-5.jpeg,1,DME,DME,DME,True,0.0038929307,0.003155914,0.0048957244,0.97195834,0.0058919033,0.003521279,0.0021619506,0.004521985
/home/yogesh.patel/execution/25_9_2026_PRD_work/OCT2017_Test/test/DME/DME-7843891-1.jpeg,1,DME,CNV,CNV,False,0.0085550025,0.37829235,0.03489898,0.19781558,0.040191915,0.0635356,0.012772859,0.26393768
/home/yogesh.patel/execution/25_9_2026_PRD_work/OCT2017_Test/test/DME/DME-7846574-1.jpeg,1,DME,DME,DME,True,0.007309901,0.02205498,0.009056918,0.94170505,0.00467918,0.007183804,0.006408658,0.0016015436
/home/yogesh.patel/execution/25_9_2026_PRD_work/OCT2017_Test/test/DME/DME-7870558-1.jpeg,1,DME,DME,DME,True,0.0036754452,0.004098782,0.004986238,0.96130687,0.009337252,0.007831119,0.0041173417,0.004646923
/home/yogesh.patel/execution/25_9_2026_PRD_work/OCT2017_Test/test/DME/DME-7870558-2.jpeg,1,DME,DME,DME,True,0.0044750157,0.007506812,0.0054073795,0.9704514,0.004971832,0.0025151854,0.002630555,0.0020418128
/home/yogesh.patel/execution/25_9_2026_PRD_work/OCT2017_Test/test/DME/DME-7870558-3.jpeg,1,DME,DME,DME,True,0.00592089,0.008092793,0.0069693914,0.9630766,0.0041806074,0.004379531,0.0047910935,0.0025891701
/home/yogesh.patel/execution/25_9_2026_PRD_work/OCT2017_Test/test/DME/DME-7870558-4.jpeg,1,DME,DME,DME,True,0.004510869,0.004965502,0.0052581793,0.97195935,0.0032740603,0.003322717,0.0038935118,0.0028158268
/home/yogesh.patel/execution/25_9_2026_PRD_work/OCT2017_Test/test/DME/DME-7907461-1.jpeg,1,DME,DME,DME,True,0.0027808945,0.009462212,0.0028834678,0.96350634,0.004275062,0.0020160377,0.002756961,0.012319074
/home/yogesh.patel/execution/25_9_2026_PRD_work/OCT2017_Test/test/DME/DME-7918201-1.jpeg,1,DME,DME,DME,True,0.004630928,0.0022321222,0.004170223,0.9311964,0.007703654,0.0055642407,0.003236691,0.041265804
/home/yogesh.patel/execution/25_9_2026_PRD_work/OCT2017_Test/test/DME/DME-7918201-2.jpeg,1,DME,DME,DME,True,0.006691906,0.0034610343,0.006236564,0.96834904,0.0029332824,0.0040301224,0.0055845105,0.002713609
/home/yogesh.patel/execution/25_9_2026_PRD_work/OCT2017_Test/test/DME/DME-7928636-1.jpeg,1,DME,DME,DME,True,0.002146386,0.0064487113,0.0037792122,0.96573526,0.0033479044,0.005252086,0.006161589,0.007128889
/home/yogesh.patel/execution/25_9_2026_PRD_work/OCT2017_Test/test/DME/DME-7928636-2.jpeg,1,DME,DME,DME,True,0.005688492,0.03271518,0.0050770417,0.9387258,0.004659704,0.006940479,0.004419434,0.0017738572
/home/yogesh.patel/execution/25_9_2026_PRD_work/OCT2017_Test/test/DME/DME-7934335-1.jpeg,1,DME,DME,DME,True,0.003491355,0.0053397333,0.0034716134,0.9732092,0.0030472828,0.005137459,0.003538021,0.0027652797
/home/yogesh.patel/execution/25_9_2026_PRD_work/OCT2017_Test/test/DME/DME-7939555-1.jpeg,1,DME,DME,DME,True,0.004473283,0.0044078617,0.0056150258,0.9599853,0.0031493865,0.00702827,0.009441062,0.0058996794
/home/yogesh.patel/execution/25_9_2026_PRD_work/OCT2017_Test/test/DME/DME-7939555-2.jpeg,1,DME,DME,DME,True,0.0070377635,0.007670768,0.007694573,0.9543977,0.0063344403,0.0068371575,0.007008711,0.0030188528
/home/yogesh.patel/execution/25_9_2026_PRD_work/OCT2017_Test/test/DME/DME-7939555-3.jpeg,1,DME,DME,DME,True,0.0068937084,0.006056841,0.007594155,0.9361144,0.0045520607,0.0103183,0.020320887,0.008149722
/home/yogesh.patel/execution/25_9_2026_PRD_work/OCT2017_Test/test/DME/DME-7939555-4.jpeg,1,DME,DME,DME,True,0.0057042195,0.00459402,0.0060519744,0.96705294,0.0046318667,0.0049562803,0.004070231,0.0029384808
/home/yogesh.patel/execution/25_9_2026_PRD_work/OCT2017_Test/test/DME/DME-7939555-5.jpeg,1,DME,DME,DME,True,0.00637783,0.003693418,0.005637809,0.9563353,0.00621146,0.0059231403,0.0086705955,0.007150407
/home/yogesh.patel/execution/25_9_2026_PRD_work/OCT2017_Test/test/DME/DME-7972888-1.jpeg,1,DME,DME,DME,True,0.0063903313,0.007942561,0.0062619634,0.96261483,0.004944712,0.003659874,0.006211541,0.001974093
/home/yogesh.patel/execution/25_9_2026_PRD_work/OCT2017_Test/test/DME/DME-7983936-1.jpeg,1,DME,DME,DME,True,0.003865523,0.059194084,0.0062360475,0.8996676,0.0067888224,0.011077155,0.010613881,0.002556849
/home/yogesh.patel/execution/25_9_2026_PRD_work/OCT2017_Test/test/DME/DME-7990001-1.jpeg,1,DME,DME,DME,True,0.0051053283,0.03179986,0.007618417,0.92811316,0.006827187,0.01506898,0.0023068867,0.0031601815
/home/yogesh.patel/execution/25_9_2026_PRD_work/OCT2017_Test/test/DME/DME-8000885-1.jpeg,1,DME,DME,DME,True,0.0039872606,0.0069255424,0.006823116,0.95658714,0.0148924785,0.0034769275,0.0034884063,0.0038191592
/home/yogesh.patel/execution/25_9_2026_PRD_work/OCT2017_Test/test/DME/DME-8019418-1.jpeg,1,DME,DME,DME,True,0.0045995177,0.011512286,0.0051048733,0.96277684,0.0049901563,0.0050415234,0.0034148314,0.0025600842
/home/yogesh.patel/execution/25_9_2026_PRD_work/OCT2017_Test/test/DME/DME-8019418-2.jpeg,1,DME,DME,DME,True,0.004583743,0.0044932677,0.0048309853,0.973006,0.004268419,0.0036029129,0.0023224375,0.0028921366
/home/yogesh.patel/execution/25_9_2026_PRD_work/OCT2017_Test/test/DME/DME-8019418-3.jpeg,1,DME,DME,DME,True,0.00565497,0.018798629,0.005029426,0.9512456,0.005246373,0.007003831,0.0035514177,0.0034697794
/home/yogesh.patel/execution/25_9_2026_PRD_work/OCT2017_Test/test/DME/DME-8019418-4.jpeg,1,DME,DME,DME,True,0.003884094,0.009416223,0.003358937,0.9642005,0.0039640125,0.0051700766,0.004921555,0.005084564
/home/yogesh.patel/execution/25_9_2026_PRD_work/OCT2017_Test/test/DME/DME-8021831-1.jpeg,1,DME,DME,DME,True,0.0027229588,0.014967393,0.005092712,0.9601823,0.004566317,0.0032626211,0.0060736598,0.0031320895
/home/yogesh.patel/execution/25_9_2026_PRD_work/OCT2017_Test/test/DME/DME-8056259-1.jpeg,1,DME,DME,DME,True,0.002317159,0.015590006,0.0035663866,0.9427791,0.0008078025,0.008578037,0.020191833,0.0061696516
/home/yogesh.patel/execution/25_9_2026_PRD_work/OCT2017_Test/test/DME/DME-8080050-1.jpeg,1,DME,DME,DME,True,0.0037369973,0.1354079,0.005832914,0.8277239,0.009594332,0.004979103,0.010379786,0.0023451
/home/yogesh.patel/execution/25_9_2026_PRD_work/OCT2017_Test/test/DME/DME-8130267-1.jpeg,1,DME,DME,DME,True,0.008337504,0.021073733,0.007968239,0.933016,0.004051142,0.01581604,0.007647848,0.002089514
/home/yogesh.patel/execution/25_9_2026_PRD_work/OCT2017_Test/test/DME/DME-8136649-1.jpeg,1,DME,DME,DME,True,0.002851149,0.003868841,0.0037431105,0.9723299,0.0030879823,0.0051304535,0.0055487133,0.0034398213
/home/yogesh.patel/execution/25_9_2026_PRD_work/OCT2017_Test/test/DME/DME-8167779-1.jpeg,1,DME,DME,DME,True,0.0027652155,0.0052854293,0.0028307773,0.9764706,0.0030190507,0.0034490267,0.0024572394,0.0037226598
/home/yogesh.patel/execution/25_9_2026_PRD_work/OCT2017_Test/test/DME/DME-8177380-1.jpeg,1,DME,DME,DME,True,0.0026996671,0.005453498,0.0031594727,0.9755058,0.0023557,0.0020952537,0.005063795,0.0036667637
/home/yogesh.patel/execution/25_9_2026_PRD_work/OCT2017_Test/test/DME/DME-8177380-2.jpeg,1,DME,DME,DME,True,0.005275216,0.0041659973,0.0055969795,0.9685325,0.005126347,0.0039822287,0.0046214447,0.0026993142
/home/yogesh.patel/execution/25_9_2026_PRD_work/OCT2017_Test/test/DME/DME-8177380-3.jpeg,1,DME,DME,DME,True,0.0033555876,0.0035866245,0.0032843298,0.97853845,0.004298252,0.0021135944,0.002807569,0.0020155304
/home/yogesh.patel/execution/25_9_2026_PRD_work/OCT2017_Test/test/DME/DME-8200056-1.jpeg,1,DME,DME,DME,True,0.0032546439,0.005348262,0.0032355862,0.97260195,0.0018237007,0.006561639,0.0029156639,0.0042585162
/home/yogesh.patel/execution/25_9_2026_PRD_work/OCT2017_Test/test/DME/DME-8200056-2.jpeg,1,DME,DME,DME,True,0.0049647586,0.02989674,0.0048448476,0.94335407,0.004061941,0.0054197405,0.004534181,0.002923739
/home/yogesh.patel/execution/25_9_2026_PRD_work/OCT2017_Test/test/DME/DME-8200056-3.jpeg,1,DME,DME,DME,True,0.0053259525,0.0058016027,0.0042044027,0.9535493,0.002994487,0.012298631,0.006229273,0.009596369
/home/yogesh.patel/execution/25_9_2026_PRD_work/OCT2017_Test/test/DME/DME-8218042-1.jpeg,1,DME,DME,DME,True,0.006738706,0.022195533,0.0075077433,0.944386,0.008532082,0.0048843035,0.00423603,0.0015196261
/home/yogesh.patel/execution/25_9_2026_PRD_work/OCT2017_Test/test/DME/DME-8231523-1.jpeg,1,DME,DME,DME,True,0.0074573746,0.009426222,0.007924866,0.9581177,0.005799999,0.004201884,0.0052675093,0.0018043835
/home/yogesh.patel/execution/25_9_2026_PRD_work/OCT2017_Test/test/DME/DME-82328-1.jpeg,1,DME,DME,DME,True,0.003983464,0.005127198,0.0045480505,0.9720925,0.002485991,0.003937902,0.005418203,0.0024067494
/home/yogesh.patel/execution/25_9_2026_PRD_work/OCT2017_Test/test/DME/DME-8366524-1.jpeg,1,DME,DME,DME,True,0.0055821105,0.01607678,0.009050565,0.755752,0.0098004,0.02063646,0.013149802,0.16995186
/home/yogesh.patel/execution/25_9_2026_PRD_work/OCT2017_Test/test/DME/DME-8366524-2.jpeg,1,DME,DME,DME,True,0.002489643,0.0017722505,0.0023275996,0.98074144,0.0027558925,0.0015944924,0.0029460427,0.0053726328
/home/yogesh.patel/execution/25_9_2026_PRD_work/OCT2017_Test/test/DME/DME-8426419-1.jpeg,1,DME,DME,DME,True,0.00541231,0.055951014,0.008497597,0.9006759,0.012537729,0.012611884,0.0023014615,0.0020121802
/home/yogesh.patel/execution/25_9_2026_PRD_work/OCT2017_Test/test/DME/DME-8426419-2.jpeg,1,DME,DME,DME,True,0.005151705,0.010768551,0.00460844,0.95210624,0.008959388,0.0100832395,0.0041344888,0.004187935
/home/yogesh.patel/execution/25_9_2026_PRD_work/OCT2017_Test/test/DME/DME-8457431-1.jpeg,1,DME,DME,DME,True,0.005541799,0.031762037,0.007734728,0.9365433,0.009163068,0.0048899837,0.0015771352,0.0027879935
/home/yogesh.patel/execution/25_9_2026_PRD_work/OCT2017_Test/test/DME/DME-8469406-1.jpeg,1,DME,DME,DME,True,0.0037906421,0.013309561,0.003798006,0.9654926,0.0040412354,0.0030588496,0.0020261288,0.0044829594
/home/yogesh.patel/execution/25_9_2026_PRD_work/OCT2017_Test/test/DME/DME-8472707-1.jpeg,1,DME,DME,DME,True,0.0037752944,0.005749976,0.0031433902,0.97538394,0.0027944827,0.0025166972,0.0020435567,0.0045927106
/home/yogesh.patel/execution/25_9_2026_PRD_work/OCT2017_Test/test/DME/DME-8477096-1.jpeg,1,DME,DME,DME,True,0.006812268,0.03899211,0.005769069,0.9342471,0.004753032,0.002668906,0.0052256268,0.0015319684
/home/yogesh.patel/execution/25_9_2026_PRD_work/OCT2017_Test/test/DME/DME-8525575-1.jpeg,1,DME,DME,DME,True,0.0039636795,0.016591737,0.0046264557,0.95802253,0.0054995483,0.004116662,0.0051342268,0.0020451897
/home/yogesh.patel/execution/25_9_2026_PRD_work/OCT2017_Test/test/DME/DME-8525575-2.jpeg,1,DME,DME,DME,True,0.0031140281,0.018249206,0.004141137,0.95609593,0.003931295,0.00529707,0.005298854,0.0038724744
/home/yogesh.patel/execution/25_9_2026_PRD_work/OCT2017_Test/test/DME/DME-8525575-3.jpeg,1,DME,DME,DME,True,0.0023522165,0.0066627394,0.0030735913,0.9769619,0.0019363877,0.002517235,0.004502787,0.0019932338
/home/yogesh.patel/execution/25_9_2026_PRD_work/OCT2017_Test/test/DME/DME-8525575-4.jpeg,1,DME,DME,DME,True,0.0026394462,0.0123584615,0.0037451645,0.96561307,0.0033718024,0.0043007927,0.004775386,0.0031958357
/home/yogesh.patel/execution/25_9_2026_PRD_work/OCT2017_Test/test/DME/DME-8525575-5.jpeg,1,DME,DME,DME,True,0.0040145568,0.07619924,0.006068286,0.889902,0.008089778,0.006489508,0.007129128,0.002107492
/home/yogesh.patel/execution/25_9_2026_PRD_work/OCT2017_Test/test/DME/DME-8525575-6.jpeg,1,DME,DME,DME,True,0.0025988603,0.027304856,0.0040846895,0.9486946,0.0039419956,0.0054684347,0.00600057,0.0019059799
/home/yogesh.patel/execution/25_9_2026_PRD_work/OCT2017_Test/test/DME/DME-8525575-7.jpeg,1,DME,DME,DME,True,0.0030174495,0.035087403,0.004942167,0.93293,0.008285837,0.005107539,0.0078024957,0.0028270886
/home/yogesh.patel/execution/25_9_2026_PRD_work/OCT2017_Test/test/DME/DME-8525575-8.jpeg,1,DME,DME,DME,True,0.0029876938,0.0077460227,0.003922458,0.96620876,0.0051392266,0.0059892996,0.004032958,0.0039735083
/home/yogesh.patel/execution/25_9_2026_PRD_work/OCT2017_Test/test/DME/DME-8589279-1.jpeg,1,DME,DME,DME,True,0.0087349275,0.09597808,0.00652464,0.8474486,0.008913425,0.024214404,0.0054783374,0.0027076255
/home/yogesh.patel/execution/25_9_2026_PRD_work/OCT2017_Test/test/DME/DME-8602716-1.jpeg,1,DME,DME,DME,True,0.0049706767,0.007800316,0.007110981,0.950196,0.0121575445,0.008504511,0.003254386,0.006005538
/home/yogesh.patel/execution/25_9_2026_PRD_work/OCT2017_Test/test/DME/DME-8602716-2.jpeg,1,DME,DME,DME,True,0.0044592726,0.01891002,0.006633125,0.95258564,0.0065667685,0.0033187915,0.0022526227,0.0052738856
/home/yogesh.patel/execution/25_9_2026_PRD_work/OCT2017_Test/test/DME/DME-8602716-3.jpeg,1,DME,DME,DME,True,0.0029295594,0.0030193154,0.0037127195,0.9768174,0.0023323307,0.004376508,0.0033343588,0.003477732
/home/yogesh.patel/execution/25_9_2026_PRD_work/OCT2017_Test/test/DME/DME-8602716-4.jpeg,1,DME,DME,DME,True,0.004801851,0.007465521,0.004306936,0.9744051,0.003043901,0.0025045036,0.002172056,0.0013001803
/home/yogesh.patel/execution/25_9_2026_PRD_work/OCT2017_Test/test/DME/DME-8615417-1.jpeg,1,DME,DME,DME,True,0.008702903,0.011051557,0.007919209,0.9524953,0.0043814024,0.0061741173,0.006591003,0.0026845552
/home/yogesh.patel/execution/25_9_2026_PRD_work/OCT2017_Test/test/DME/DME-8615417-2.jpeg,1,DME,DME,DME,True,0.0035432072,0.012419386,0.004463985,0.9586201,0.0045791883,0.005046957,0.006985415,0.0043417774
/home/yogesh.patel/execution/25_9_2026_PRD_work/OCT2017_Test/test/DME/DME-8635355-1.jpeg,1,DME,DME,DME,True,0.006643051,0.01875486,0.007256155,0.9447277,0.0040600393,0.0099817915,0.0069379443,0.0016384748
/home/yogesh.patel/execution/25_9_2026_PRD_work/OCT2017_Test/test/DME/DME-8635355-2.jpeg,1,DME,DME,DME,True,0.007653477,0.09117308,0.010772275,0.8448464,0.008880645,0.017384013,0.017364517,0.0019255157
/home/yogesh.patel/execution/25_9_2026_PRD_work/OCT2017_Test/test/DME/DME-8729675-1.jpeg,1,DME,DME,DME,True,0.0030389037,0.004985989,0.003519748,0.96516687,0.0017767759,0.005995092,0.00879791,0.006718816
/home/yogesh.patel/execution/25_9_2026_PRD_work/OCT2017_Test/test/DME/DME-8729675-2.jpeg,1,DME,DME,DME,True,0.022260755,0.073719025,0.016975736,0.49239033,0.014901766,0.2493679,0.10619582,0.024188744
/home/yogesh.patel/execution/25_9_2026_PRD_work/OCT2017_Test/test/DME/DME-8732456-1.jpeg,1,DME,DME,DME,True,0.017764967,0.14136453,0.01443419,0.6155625,0.022789821,0.16782966,0.01753688,0.0027174463
/home/yogesh.patel/execution/25_9_2026_PRD_work/OCT2017_Test/test/DME/DME-8766603-1.jpeg,1,DME,DME,DME,True,0.0055515943,0.00416654,0.0051525054,0.97038305,0.0038207201,0.0038656855,0.0044692927,0.0025905655
/home/yogesh.patel/execution/25_9_2026_PRD_work/OCT2017_Test/test/DME/DME-8807486-1.jpeg,1,DME,DME,DME,True,0.0029477072,0.00600454,0.0036610242,0.98007226,0.0018934936,0.0021292856,0.0020143718,0.0012773088
/home/yogesh.patel/execution/25_9_2026_PRD_work/OCT2017_Test/test/DME/DME-8847144-1.jpeg,1,DME,DME,DME,True,0.003532819,0.033116657,0.0051469216,0.9122289,0.0072188606,0.025575563,0.008364698,0.004815535
/home/yogesh.patel/execution/25_9_2026_PRD_work/OCT2017_Test/test/DME/DME-8851193-1.jpeg,1,DME,DME,DME,True,0.0048187706,0.010032789,0.0069910455,0.95436645,0.009210038,0.0051436895,0.006113396,0.003323913
/home/yogesh.patel/execution/25_9_2026_PRD_work/OCT2017_Test/test/DME/DME-8861620-1.jpeg,1,DME,DME,DME,True,0.010656843,0.01784616,0.010327504,0.93551546,0.006993675,0.008708012,0.006805679,0.003146678
/home/yogesh.patel/execution/25_9_2026_PRD_work/OCT2017_Test/test/DME/DME-8861620-2.jpeg,1,DME,DME,DME,True,0.0097841015,0.012444916,0.010616658,0.9187694,0.0044541145,0.018902237,0.01861797,0.0064106104
/home/yogesh.patel/execution/25_9_2026_PRD_work/OCT2017_Test/test/DME/DME-8861620-3.jpeg,1,DME,DME,DME,True,0.0084535405,0.009637169,0.008790388,0.95141304,0.0056358925,0.007248198,0.00562698,0.0031947612
/home/yogesh.patel/execution/25_9_2026_PRD_work/OCT2017_Test/test/DME/DME-8889771-1.jpeg,1,DME,DME,DME,True,0.0051883603,0.005252276,0.0062587806,0.955782,0.0028888204,0.007012457,0.012728807,0.0048886165
/home/yogesh.patel/execution/25_9_2026_PRD_work/OCT2017_Test/test/DME/DME-8889771-2.jpeg,1,DME,DME,DME,True,0.0053157043,0.0067390096,0.0052531455,0.9656759,0.0072175534,0.003926023,0.003104681,0.0027679969
/home/yogesh.patel/execution/25_9_2026_PRD_work/OCT2017_Test/test/DME/DME-8889771-3.jpeg,1,DME,DME,DME,True,0.005958357,0.09014753,0.008828618,0.84604406,0.005298095,0.021112049,0.019972997,0.0026382192
/home/yogesh.patel/execution/25_9_2026_PRD_work/OCT2017_Test/test/DME/DME-8889771-4.jpeg,1,DME,DME,DME,True,0.0065295356,0.0068540797,0.0063458798,0.95922786,0.0061108153,0.006346545,0.005396313,0.0031889223
/home/yogesh.patel/execution/25_9_2026_PRD_work/OCT2017_Test/test/DME/DME-8908847-1.jpeg,1,DME,DME,DME,True,0.0021785973,0.0057309563,0.0024532874,0.9810914,0.0017350095,0.0021535167,0.0028720838,0.0017852038
/home/yogesh.patel/execution/25_9_2026_PRD_work/OCT2017_Test/test/DME/DME-8989419-1.jpeg,1,DME,DME,DME,True,0.0045239017,0.0057272343,0.006203126,0.96956956,0.0052817157,0.005326723,0.0013898452,0.0019778782
/home/yogesh.patel/execution/25_9_2026_PRD_work/OCT2017_Test/test/DME/DME-9066695-1.jpeg,1,DME,DME,DME,True,0.003788629,0.004599836,0.0045345384,0.97222185,0.005590915,0.0034577742,0.0027675466,0.0030390075
/home/yogesh.patel/execution/25_9_2026_PRD_work/OCT2017_Test/test/DME/DME-9109143-1.jpeg,1,DME,DME,DME,True,0.0036609725,0.013320774,0.0046945433,0.9666872,0.0014778735,0.0038013856,0.0040494855,0.0023077256
/home/yogesh.patel/execution/25_9_2026_PRD_work/OCT2017_Test/test/DME/DME-910956-1.jpeg,1,DME,DME,DME,True,0.0064360225,0.004820354,0.006025388,0.96349126,0.004074521,0.0043758857,0.00570814,0.0050684176
/home/yogesh.patel/execution/25_9_2026_PRD_work/OCT2017_Test/test/DME/DME-9211360-1.jpeg,1,DME,DME,DME,True,0.0059076026,0.111815915,0.008383726,0.76370776,0.012335265,0.07236382,0.018924141,0.006561875
/home/yogesh.patel/execution/25_9_2026_PRD_work/OCT2017_Test/test/DME/DME-9211360-2.jpeg,1,DME,DME,DME,True,0.0059771747,0.120961815,0.008131334,0.84121716,0.010499577,0.0056915144,0.005552401,0.0019689992
/home/yogesh.patel/execution/25_9_2026_PRD_work/OCT2017_Test/test/DME/DME-9241179-1.jpeg,1,DME,DME,DME,True,0.001985978,0.004423059,0.002560023,0.9738902,0.0012438924,0.0031247812,0.007773732,0.004998408
/home/yogesh.patel/execution/25_9_2026_PRD_work/OCT2017_Test/test/DME/DME-9333524-1.jpeg,1,DME,DME,DME,True,0.017493624,0.13082574,0.011665694,0.57815975,0.018978806,0.22557196,0.014328593,0.0029758078
/home/yogesh.patel/execution/25_9_2026_PRD_work/OCT2017_Test/test/DME/DME-9361825-1.jpeg,1,DME,DME,DME,True,0.0031075326,0.007723135,0.0049645137,0.96602005,0.007487318,0.0049507204,0.0012496501,0.0044971276
/home/yogesh.patel/execution/25_9_2026_PRD_work/OCT2017_Test/test/DME/DME-9378346-1.jpeg,1,DME,DME,DME,True,0.0072286637,0.02157361,0.010897544,0.9366079,0.014466092,0.004858233,0.0024198736,0.0019480869
/home/yogesh.patel/execution/25_9_2026_PRD_work/OCT2017_Test/test/DME/DME-9378346-2.jpeg,1,DME,DME,DME,True,0.0068818615,0.014831234,0.009615456,0.9455673,0.014454208,0.0038183427,0.0020099867,0.0028215535
/home/yogesh.patel/execution/25_9_2026_PRD_work/OCT2017_Test/test/DME/DME-9378346-3.jpeg,1,DME,DME,DME,True,0.0071040136,0.008548867,0.011616926,0.92549694,0.023403205,0.016910242,0.0017505597,0.0051692366
/home/yogesh.patel/execution/25_9_2026_PRD_work/OCT2017_Test/test/DME/DME-9428363-1.jpeg,1,DME,DME,DME,True,0.004651877,0.0115967225,0.00487216,0.95308024,0.006987512,0.0072883586,0.003914941,0.0076082186
/home/yogesh.patel/execution/25_9_2026_PRD_work/OCT2017_Test/test/DME/DME-9488073-1.jpeg,1,DME,DME,DME,True,0.004284902,0.0023618836,0.0042629344,0.9651604,0.0016359353,0.0034744712,0.013448625,0.005370774
/home/yogesh.patel/execution/25_9_2026_PRD_work/OCT2017_Test/test/DME/DME-9488073-2.jpeg,1,DME,DME,DME,True,0.004963762,0.0068121287,0.0059060636,0.9658996,0.0047521596,0.004339598,0.004495062,0.0028315564
/home/yogesh.patel/execution/25_9_2026_PRD_work/OCT2017_Test/test/DME/DME-9504297-1.jpeg,1,DME,DME,DME,True,0.0039697816,0.028445324,0.005623313,0.93031836,0.005391013,0.007263934,0.015142782,0.0038455646
/home/yogesh.patel/execution/25_9_2026_PRD_work/OCT2017_Test/test/DME/DME-9557298-1.jpeg,1,DME,DME,DME,True,0.000982272,0.001415362,0.0014162377,0.97875744,0.0013308604,0.0027901246,0.0033326165,0.009975088
/home/yogesh.patel/execution/25_9_2026_PRD_work/OCT2017_Test/test/DME/DME-9579219-1.jpeg,1,DME,DME,DME,True,0.0054072086,0.09292576,0.008323875,0.87092656,0.008580151,0.007457959,0.0051887715,0.0011897996
/home/yogesh.patel/execution/25_9_2026_PRD_work/OCT2017_Test/test/DME/DME-98994-1.jpeg,1,DME,DME,DME,True,0.005985622,0.0067065195,0.006156597,0.9638817,0.004756821,0.0049977126,0.0045013614,0.0030136271
/home/yogesh.patel/execution/25_9_2026_PRD_work/OCT2017_Test/test/DME/DME-98994-2.jpeg,1,DME,DME,DME,True,0.0034460712,0.005227107,0.0039324868,0.96835583,0.00320149,0.0049506314,0.00738824,0.0034981933
/home/yogesh.patel/execution/25_9_2026_PRD_work/OCT2017_Test/test/DRUSEN/DRUSEN-1083159-1.jpeg,2,DRUSEN,DRUSEN,DRUSEN,True,0.009052065,0.012957641,0.012190346,0.009862695,0.013238043,0.93694425,0.0040279794,0.0017269556
/home/yogesh.patel/execution/25_9_2026_PRD_work/OCT2017_Test/test/DRUSEN/DRUSEN-1112835-1.jpeg,2,DRUSEN,DRUSEN,DRUSEN,True,0.010548803,0.037651125,0.008860143,0.0077204662,0.007358547,0.9207777,0.0050652726,0.0020179884
/home/yogesh.patel/execution/25_9_2026_PRD_work/OCT2017_Test/test/DRUSEN/DRUSEN-1173253-1.jpeg,2,DRUSEN,DRUSEN,DRUSEN,True,0.009601171,0.06700443,0.009157388,0.015544489,0.00797683,0.8835644,0.003944872,0.0032064272
/home/yogesh.patel/execution/25_9_2026_PRD_work/OCT2017_Test/test/DRUSEN/DRUSEN-1193659-1.jpeg,2,DRUSEN,DRUSEN,DRUSEN,True,0.003960951,0.037138086,0.0043187183,0.0066951206,0.0045505804,0.93662286,0.004661875,0.0020517472
/home/yogesh.patel/execution/25_9_2026_PRD_work/OCT2017_Test/test/DRUSEN/DRUSEN-1219727-1.jpeg,2,DRUSEN,DRUSEN,DRUSEN,True,0.010432794,0.019328302,0.011173221,0.010032531,0.0111163575,0.9301694,0.0054734373,0.0022739717
/home/yogesh.patel/execution/25_9_2026_PRD_work/OCT2017_Test/test/DRUSEN/DRUSEN-1225603-1.jpeg,2,DRUSEN,DRUSEN,DRUSEN,True,0.00898932,0.0065621133,0.0056492295,0.010642849,0.0064945756,0.9556483,0.0036362729,0.002377309
/home/yogesh.patel/execution/25_9_2026_PRD_work/OCT2017_Test/test/DRUSEN/DRUSEN-1225603-2.jpeg,2,DRUSEN,DRUSEN,DRUSEN,True,0.006300016,0.0057651764,0.004752367,0.006607866,0.0055083064,0.96602374,0.0026891863,0.002353448
/home/yogesh.patel/execution/25_9_2026_PRD_work/OCT2017_Test/test/DRUSEN/DRUSEN-1237848-1.jpeg,2,DRUSEN,DRUSEN,DRUSEN,True,0.006303142,0.00461433,0.00531603,0.006042752,0.006275096,0.96491563,0.0030795513,0.0034534612
/home/yogesh.patel/execution/25_9_2026_PRD_work/OCT2017_Test/test/DRUSEN/DRUSEN-1237848-2.jpeg,2,DRUSEN,DRUSEN,DRUSEN,True,0.0074684117,0.0031765671,0.007375913,0.012026698,0.005919863,0.9586915,0.0023418427,0.0029993013
/home/yogesh.patel/execution/25_9_2026_PRD_work/OCT2017_Test/test/DRUSEN/DRUSEN-1237848-3.jpeg,2,DRUSEN,DRUSEN,DRUSEN,True,0.006525035,0.0022429123,0.005577907,0.007855914,0.004615645,0.9679578,0.0020440207,0.0031806636
/home/yogesh.patel/execution/25_9_2026_PRD_work/OCT2017_Test/test/DRUSEN/DRUSEN-1246453-1.jpeg,2,DRUSEN,DRUSEN,DRUSEN,True,0.0065418417,0.048858818,0.0063377805,0.009825691,0.0064347773,0.91446304,0.0059695197,0.0015685775
/home/yogesh.patel/execution/25_9_2026_PRD_work/OCT2017_Test/test/DRUSEN/DRUSEN-1487749-1.jpeg,2,DRUSEN,DRUSEN,DRUSEN,True,0.006729326,0.009748449,0.009151032,0.010115339,0.006985171,0.95248157,0.0029426888,0.0018463569
/home/yogesh.patel/execution/25_9_2026_PRD_work/OCT2017_Test/test/DRUSEN/DRUSEN-1487749-2.jpeg,2,DRUSEN,DRUSEN,DRUSEN,True,0.008330034,0.007142394,0.0090032425,0.012764815,0.008531072,0.9479467,0.0038786775,0.0024029696
/home/yogesh.patel/execution/25_9_2026_PRD_work/OCT2017_Test/test/DRUSEN/DRUSEN-1487749-3.jpeg,2,DRUSEN,DRUSEN,DRUSEN,True,0.010954309,0.012082001,0.011761078,0.013273393,0.010459975,0.93478286,0.0040869587,0.002599502
/home/yogesh.patel/execution/25_9_2026_PRD_work/OCT2017_Test/test/DRUSEN/DRUSEN-1487749-4.jpeg,2,DRUSEN,DRUSEN,DRUSEN,True,0.011992619,0.009387087,0.0127576925,0.014511009,0.014111098,0.9307208,0.004322489,0.0021971755
/home/yogesh.patel/execution/25_9_2026_PRD_work/OCT2017_Test/test/DRUSEN/DRUSEN-1530990-1.jpeg,2,DRUSEN,DRUSEN,DRUSEN,True,0.009136511,0.018210625,0.006187974,0.012245655,0.007782754,0.9391783,0.0056662112,0.0015920225
/home/yogesh.patel/execution/25_9_2026_PRD_work/OCT2017_Test/test/DRUSEN/DRUSEN-1730592-1.jpeg,2,DRUSEN,DRUSEN,DRUSEN,True,0.009212671,0.01350679,0.011298172,0.011838423,0.010289667,0.93827087,0.0033797016,0.0022036994
/home/yogesh.patel/execution/25_9_2026_PRD_work/OCT2017_Test/test/DRUSEN/DRUSEN-1786810-1.jpeg,2,DRUSEN,DRUSEN,DRUSEN,True,0.0021095003,0.009466697,0.0022785787,0.005840838,0.0039344714,0.97166574,0.0031814845,0.0015226393
/home/yogesh.patel/execution/25_9_2026_PRD_work/OCT2017_Test/test/DRUSEN/DRUSEN-1786810-2.jpeg,2,DRUSEN,DRUSEN,DRUSEN,True,0.009092269,0.037138864,0.0068354406,0.012642931,0.008429971,0.91847414,0.004714965,0.0026713945
/home/yogesh.patel/execution/25_9_2026_PRD_work/OCT2017_Test/test/DRUSEN/DRUSEN-1786810-3.jpeg,2,DRUSEN,DRUSEN,DRUSEN,True,0.010353327,0.06940007,0.007847926,0.016740123,0.011218924,0.8766441,0.0036641078,0.0041315174
/home/yogesh.patel/execution/25_9_2026_PRD_work/OCT2017_Test/test/DRUSEN/DRUSEN-1789270-1.jpeg,2,DRUSEN,DRUSEN,DRUSEN,True,0.009683657,0.08255553,0.010968727,0.0133360615,0.01090376,0.8650335,0.006043285,0.0014754363
/home/yogesh.patel/execution/25_9_2026_PRD_work/OCT2017_Test/test/DRUSEN/DRUSEN-1793499-1.jpeg,2,DRUSEN,DRUSEN,DRUSEN,True,0.00831435,0.022004232,0.009211308,0.009669617,0.011449952,0.93151975,0.0056626857,0.0021681555
/home/yogesh.patel/execution/25_9_2026_PRD_work/OCT2017_Test/test/DRUSEN/DRUSEN-1912508-1.jpeg,2,DRUSEN,DRUSEN,DRUSEN,True,0.0070409044,0.0052683796,0.008246388,0.006575346,0.0067056827,0.9619312,0.0022512218,0.0019806824
/home/yogesh.patel/execution/25_9_2026_PRD_work/OCT2017_Test/test/DRUSEN/DRUSEN-1997439-1.jpeg,2,DRUSEN,DRUSEN,DRUSEN,True,0.0077501475,0.007448287,0.008546694,0.012100417,0.005790449,0.9523971,0.0023088378,0.0036579524
/home/yogesh.patel/execution/25_9_2026_PRD_work/OCT2017_Test/test/DRUSEN/DRUSEN-1997439-2.jpeg,2,DRUSEN,DRUSEN,DRUSEN,True,0.008402751,0.0070313783,0.008666995,0.011792588,0.0071776607,0.9509895,0.0029699793,0.0029690333
/home/yogesh.patel/execution/25_9_2026_PRD_work/OCT2017_Test/test/DRUSEN/DRUSEN-1997439-3.jpeg,2,DRUSEN,DRUSEN,DRUSEN,True,0.005313446,0.011997388,0.006634363,0.00719069,0.007067986,0.9570846,0.0032789211,0.0014326569
/home/yogesh.patel/execution/25_9_2026_PRD_work/OCT2017_Test/test/DRUSEN/DRUSEN-1997439-4.jpeg,2,DRUSEN,DRUSEN,DRUSEN,True,0.006807125,0.0076908297,0.0066288826,0.010269398,0.005878493,0.95690477,0.0028412968,0.0029792786
/home/yogesh.patel/execution/25_9_2026_PRD_work/OCT2017_Test/test/DRUSEN/DRUSEN-2108193-1.jpeg,2,DRUSEN,DRUSEN,DRUSEN,True,0.009370264,0.04784628,0.008477418,0.008109879,0.008224616,0.90997183,0.0057197064,0.0022800541
/home/yogesh.patel/execution/25_9_2026_PRD_work/OCT2017_Test/test/DRUSEN/DRUSEN-2108193-2.jpeg,2,DRUSEN,DRUSEN,DRUSEN,True,0.004871837,0.04241136,0.009686763,0.0051038982,0.0071971314,0.92476225,0.0036823654,0.0022844265
/home/yogesh.patel/execution/25_9_2026_PRD_work/OCT2017_Test/test/DRUSEN/DRUSEN-2128644-1.jpeg,2,DRUSEN,DRUSEN,DRUSEN,True,0.007773084,0.0120920325,0.00727654,0.012014294,0.0073146406,0.9471949,0.002885675,0.0034489366
/home/yogesh.patel/execution/25_9_2026_PRD_work/OCT2017_Test/test/DRUSEN/DRUSEN-2128644-2.jpeg,2,DRUSEN,DRUSEN,DRUSEN,True,0.0070961392,0.042149182,0.006967969,0.012848615,0.0068780994,0.91780305,0.0032691536,0.0029878083
/home/yogesh.patel/execution/25_9_2026_PRD_work/OCT2017_Test/test/DRUSEN/DRUSEN-2128644-3.jpeg,2,DRUSEN,DRUSEN,DRUSEN,True,0.008675655,0.062401634,0.00859379,0.021564176,0.011291047,0.87895024,0.0060769464,0.002446388
/home/yogesh.patel/execution/25_9_2026_PRD_work/OCT2017_Test/test/DRUSEN/DRUSEN-2141150-1.jpeg,2,DRUSEN,DRUSEN,DRUSEN,True,0.009185198,0.007084103,0.00867317,0.0104818735,0.007679786,0.94971687,0.0038388278,0.0033401717
/home/yogesh.patel/execution/25_9_2026_PRD_work/OCT2017_Test/test/DRUSEN/DRUSEN-2156263-1.jpeg,2,DRUSEN,DRUSEN,DRUSEN,True,0.008227959,0.026510749,0.008159025,0.015091946,0.007467984,0.929814,0.0025900004,0.0021383548
/home/yogesh.patel/execution/25_9_2026_PRD_work/OCT2017_Test/test/DRUSEN/DRUSEN-2173657-1.jpeg,2,DRUSEN,DRUSEN,DRUSEN,True,0.009655392,0.005849691,0.010930798,0.012940141,0.010456275,0.9438992,0.0034233297,0.0028451756
/home/yogesh.patel/execution/25_9_2026_PRD_work/OCT2017_Test/test/DRUSEN/DRUSEN-2180220-1.jpeg,2,DRUSEN,DRUSEN,DRUSEN,True,0.00537622,0.005861634,0.0060506095,0.009405073,0.0043452317,0.96467197,0.0019281786,0.0023611507
/home/yogesh.patel/execution/25_9_2026_PRD_work/OCT2017_Test/test/DRUSEN/DRUSEN-2185112-1.jpeg,2,DRUSEN,DRUSEN,DRUSEN,True,0.0074404543,0.015370024,0.007071809,0.009620665,0.006829591,0.9467004,0.003171843,0.003795294
/home/yogesh.patel/execution/25_9_2026_PRD_work/OCT2017_Test/test/DRUSEN/DRUSEN-2185112-2.jpeg,2,DRUSEN,DRUSEN,DRUSEN,True,0.0025042018,0.003970829,0.0038466244,0.0039755367,0.0029396117,0.9758424,0.0007719464,0.0061487616
/home/yogesh.patel/execution/25_9_2026_PRD_work/OCT2017_Test/test/DRUSEN/DRUSEN-2232211-1.jpeg,2,DRUSEN,DRUSEN,DRUSEN,True,0.0077493503,0.013635273,0.0055123675,0.021301873,0.0069074375,0.9383303,0.0046309726,0.0019324108
/home/yogesh.patel/execution/25_9_2026_PRD_work/OCT2017_Test/test/DRUSEN/DRUSEN-2253582-1.jpeg,2,DRUSEN,DRUSEN,DRUSEN,True,0.013224113,0.047648378,0.015254103,0.023211787,0.015021519,0.87661165,0.005747271,0.0032812045
/home/yogesh.patel/execution/25_9_2026_PRD_work/OCT2017_Test/test/DRUSEN/DRUSEN-2257047-1.jpeg,2,DRUSEN,DRUSEN,DRUSEN,True,0.008624353,0.044091903,0.007515934,0.008921541,0.008597192,0.9155758,0.004189309,0.00248406
/home/yogesh.patel/execution/25_9_2026_PRD_work/OCT2017_Test/test/DRUSEN/DRUSEN-2257047-2.jpeg,2,DRUSEN,DRUSEN,DRUSEN,True,0.0054238676,0.032531373,0.010384667,0.0039962414,0.009536916,0.93325245,0.0031470472,0.0017274492
/home/yogesh.patel/execution/25_9_2026_PRD_work/OCT2017_Test/test/DRUSEN/DRUSEN-2257047-3.jpeg,2,DRUSEN,DRUSEN,DRUSEN,True,0.006313379,0.0121679,0.007416594,0.007692326,0.006138574,0.9541263,0.0031696216,0.0029752096
/home/yogesh.patel/execution/25_9_2026_PRD_work/OCT2017_Test/test/DRUSEN/DRUSEN-2257047-4.jpeg,2,DRUSEN,DRUSEN,DRUSEN,True,0.010891884,0.047663115,0.009893782,0.010643435,0.009851207,0.9020823,0.0064590424,0.0025152112
/home/yogesh.patel/execution/25_9_2026_PRD_work/OCT2017_Test/test/DRUSEN/DRUSEN-2257047-5.jpeg,2,DRUSEN,DRUSEN,DRUSEN,True,0.0071752854,0.011652515,0.009712925,0.008360642,0.009010108,0.94870305,0.0033889979,0.001996481
/home/yogesh.patel/execution/25_9_2026_PRD_work/OCT2017_Test/test/DRUSEN/DRUSEN-2257047-6.jpeg,2,DRUSEN,DRUSEN,DRUSEN,True,0.008379398,0.02538246,0.009697929,0.011577322,0.008649912,0.93033105,0.0040767123,0.0019051315
/home/yogesh.patel/execution/25_9_2026_PRD_work/OCT2017_Test/test/DRUSEN/DRUSEN-2257047-7.jpeg,2,DRUSEN,DRUSEN,DRUSEN,True,0.004673301,0.010369456,0.0086383065,0.0063019358,0.007094829,0.95860153,0.003113636,0.0012069654
/home/yogesh.patel/execution/25_9_2026_PRD_work/OCT2017_Test/test/DRUSEN/DRUSEN-2257047-8.jpeg,2,DRUSEN,DRUSEN,DRUSEN,True,0.016568817,0.11447923,0.01489074,0.01267178,0.021432342,0.8103518,0.006683675,0.0029215233
/home/yogesh.patel/execution/25_9_2026_PRD_work/OCT2017_Test/test/DRUSEN/DRUSEN-228939-1.jpeg,2,DRUSEN,DRUSEN,DRUSEN,True,0.009754009,0.014765057,0.011167555,0.015356401,0.0087921005,0.933946,0.0033824022,0.002836481
/home/yogesh.patel/execution/25_9_2026_PRD_work/OCT2017_Test/test/DRUSEN/DRUSEN-228939-2.jpeg,2,DRUSEN,DRUSEN,DRUSEN,True,0.008748885,0.0065811034,0.011169395,0.014911984,0.0066040647,0.9468271,0.0023805748,0.0027769727
/home/yogesh.patel/execution/25_9_2026_PRD_work/OCT2017_Test/test/DRUSEN/DRUSEN-2308158-1.jpeg,2,DRUSEN,DRUSEN,DRUSEN,True,0.0027787127,0.0095588695,0.00378251,0.0025309937,0.002498858,0.97402745,0.0030024524,0.0018200463
/home/yogesh.patel/execution/25_9_2026_PRD_work/OCT2017_Test/test/DRUSEN/DRUSEN-2403178-1.jpeg,2,DRUSEN,DRUSEN,DRUSEN,True,0.012729355,0.121349074,0.011931518,0.013838895,0.013459689,0.8160189,0.007920376,0.002752206
/home/yogesh.patel/execution/25_9_2026_PRD_work/OCT2017_Test/test/DRUSEN/DRUSEN-2403178-2.jpeg,2,DRUSEN,DRUSEN,DRUSEN,True,0.007773464,0.18452896,0.013440849,0.0063064494,0.013683783,0.76693255,0.005945552,0.0013884221
/home/yogesh.patel/execution/25_9_2026_PRD_work/OCT2017_Test/test/DRUSEN/DRUSEN-2403178-3.jpeg,2,DRUSEN,DRUSEN,DRUSEN,True,0.01305336,0.028861891,0.011346922,0.012248221,0.013914006,0.9145628,0.003943097,0.002069688
/home/yogesh.patel/execution/25_9_2026_PRD_work/OCT2017_Test/test/DRUSEN/DRUSEN-2403178-4.jpeg,2,DRUSEN,DRUSEN,DRUSEN,True,0.01217468,0.13656655,0.012485171,0.012758397,0.01570142,0.80005324,0.006891617,0.0033689537
/home/yogesh.patel/execution/25_9_2026_PRD_work/OCT2017_Test/test/DRUSEN/DRUSEN-2403178-5.jpeg,2,DRUSEN,DRUSEN,DRUSEN,True,0.0062717916,0.0130140325,0.0052339374,0.008514218,0.0061045615,0.9554589,0.0030854607,0.0023171133
/home/yogesh.patel/execution/25_9_2026_PRD_work/OCT2017_Test/test/DRUSEN/DRUSEN-2403178-6.jpeg,2,DRUSEN,DRUSEN,DRUSEN,True,0.010894043,0.02468882,0.011011974,0.010505615,0.009663118,0.9275037,0.003381965,0.0023507425
/home/yogesh.patel/execution/25_9_2026_PRD_work/OCT2017_Test/test/DRUSEN/DRUSEN-2443068-1.jpeg,2,DRUSEN,DRUSEN,DRUSEN,True,0.008973864,0.0087704295,0.009097353,0.009393334,0.008326633,0.9485543,0.0030415065,0.0038425587
/home/yogesh.patel/execution/25_9_2026_PRD_work/OCT2017_Test/test/DRUSEN/DRUSEN-2489093-1.jpeg,2,DRUSEN,DRUSEN,DRUSEN,True,0.0047085467,0.01095009,0.0047644223,0.0039358037,0.005173968,0.9654748,0.0026859273,0.002306527
/home/yogesh.patel/execution/25_9_2026_PRD_work/OCT2017_Test/test/DRUSEN/DRUSEN-2489093-2.jpeg,2,DRUSEN,DRUSEN,DRUSEN,True,0.0057233986,0.0048399526,0.0061162086,0.0092278,0.0044094254,0.96555704,0.0014646654,0.0026615793
/home/yogesh.patel/execution/25_9_2026_PRD_work/OCT2017_Test/test/DRUSEN/DRUSEN-2510299-1.jpeg,2,DRUSEN,DRUSEN,DRUSEN,True,0.0066429465,0.0894905,0.00971534,0.0075066015,0.010012077,0.8687634,0.005535401,0.0023337912
/home/yogesh.patel/execution/25_9_2026_PRD_work/OCT2017_Test/test/DRUSEN/DRUSEN-2510299-2.jpeg,2,DRUSEN,DRUSEN,DRUSEN,True,0.006787637,0.049681984,0.007925896,0.011530099,0.009656998,0.9073365,0.0059196325,0.0011612743
/home/yogesh.patel/execution/25_9_2026_PRD_work/OCT2017_Test/test/DRUSEN/DRUSEN-2541184-1.jpeg,2,DRUSEN,DRUSEN,DRUSEN,True,0.0066301734,0.004209249,0.0077095754,0.00893211,0.006661524,0.96022695,0.0026557567,0.00297461
/home/yogesh.patel/execution/25_9_2026_PRD_work/OCT2017_Test/test/DRUSEN/DRUSEN-2785977-1.jpeg,2,DRUSEN,DRUSEN,DRUSEN,True,0.010636443,0.025396766,0.009840282,0.011274421,0.01230365,0.9220041,0.0057682768,0.0027760884
/home/yogesh.patel/execution/25_9_2026_PRD_work/OCT2017_Test/test/DRUSEN/DRUSEN-2951435-1.jpeg,2,DRUSEN,DRUSEN,DRUSEN,True,0.007722322,0.02334402,0.006405196,0.011369616,0.0062310537,0.93870926,0.00421185,0.0020066665
/home/yogesh.patel/execution/25_9_2026_PRD_work/OCT2017_Test/test/DRUSEN/DRUSEN-3017923-1.jpeg,2,DRUSEN,DRUSEN,DRUSEN,True,0.0050966237,0.029074728,0.0047162687,0.0057445196,0.004438581,0.945179,0.0033569026,0.0023934254
/home/yogesh.patel/execution/25_9_2026_PRD_work/OCT2017_Test/test/DRUSEN/DRUSEN-303435-1.jpeg,2,DRUSEN,DRUSEN,DRUSEN,True,0.006900525,0.002918374,0.006453213,0.012166509,0.0052805734,0.9596864,0.0017250006,0.004869466
/home/yogesh.patel/execution/25_9_2026_PRD_work/OCT2017_Test/test/DRUSEN/DRUSEN-3214955-1.jpeg,2,DRUSEN,DRUSEN,DRUSEN,True,0.0063092145,0.011363303,0.0067807552,0.004625672,0.0059611574,0.95825595,0.0024930784,0.0042108768
/home/yogesh.patel/execution/25_9_2026_PRD_work/OCT2017_Test/test/DRUSEN/DRUSEN-3241692-1.jpeg,2,DRUSEN,DRUSEN,DRUSEN,True,0.010390781,0.01958347,0.0107059935,0.011796608,0.007929507,0.9345471,0.0025657066,0.0024808429
/home/yogesh.patel/execution/25_9_2026_PRD_work/OCT2017_Test/test/DRUSEN/DRUSEN-3276918-1.jpeg,2,DRUSEN,DRUSEN,DRUSEN,True,0.009272483,0.008799786,0.009061194,0.010946859,0.00874639,0.9476717,0.002891415,0.0026101165
/home/yogesh.patel/execution/25_9_2026_PRD_work/OCT2017_Test/test/DRUSEN/DRUSEN-3276918-2.jpeg,2,DRUSEN,DRUSEN,DRUSEN,True,0.009745281,0.008932484,0.008328509,0.012383337,0.006961374,0.94780344,0.0036671357,0.0021785165
/home/yogesh.patel/execution/25_9_2026_PRD_work/OCT2017_Test/test/DRUSEN/DRUSEN-3317878-1.jpeg,2,DRUSEN,DRUSEN,DRUSEN,True,0.00793688,0.014048547,0.010896722,0.011079789,0.009403991,0.9399239,0.0046866685,0.0020236794
/home/yogesh.patel/execution/25_9_2026_PRD_work/OCT2017_Test/test/DRUSEN/DRUSEN-3424668-1.jpeg,2,DRUSEN,DRUSEN,DRUSEN,True,0.009263936,0.015131342,0.007711051,0.014039654,0.0076495693,0.9397142,0.0043002698,0.00219004
/home/yogesh.patel/execution/25_9_2026_PRD_work/OCT2017_Test/test/DRUSEN/DRUSEN-3424668-2.jpeg,2,DRUSEN,DRUSEN,DRUSEN,True,0.00650316,0.020423174,0.007353682,0.007912836,0.0060663684,0.94554216,0.0045829252,0.0016157124
/home/yogesh.patel/execution/25_9_2026_PRD_work/OCT2017_Test/test/DRUSEN/DRUSEN-3424668-3.jpeg,2,DRUSEN,DRUSEN,DRUSEN,True,0.0046337987,0.03263693,0.010247398,0.006990838,0.0062954547,0.93280405,0.0052586724,0.0011328916
/home/yogesh.patel/execution/25_9_2026_PRD_work/OCT2017_Test/test/DRUSEN/DRUSEN-3424668-4.jpeg,2,DRUSEN,DRUSEN,DRUSEN,True,0.008449225,0.030149214,0.010702831,0.011167006,0.012112113,0.9196207,0.0052978103,0.0025011578
/home/yogesh.patel/execution/25_9_2026_PRD_work/OCT2017_Test/test/DRUSEN/DRUSEN-3439251-1.jpeg,2,DRUSEN,DRUSEN,DRUSEN,True,0.004552892,0.01645107,0.0066318144,0.01024711,0.0053420193,0.95192385,0.0020150235,0.0028363026
/home/yogesh.patel/execution/25_9_2026_PRD_work/OCT2017_Test/test/DRUSEN/DRUSEN-3439251-2.jpeg,2,DRUSEN,DRUSEN,DRUSEN,True,0.004339978,0.017076094,0.008634053,0.010121164,0.007246785,0.94718343,0.002755814,0.0026426553
/home/yogesh.patel/execution/25_9_2026_PRD_work/OCT2017_Test/test/DRUSEN/DRUSEN-3482415-1.jpeg,2,DRUSEN,DRUSEN,DRUSEN,True,0.0048387344,0.006499174,0.0040460685,0.006521771,0.0036319122,0.9705071,0.0027614706,0.0011937367
/home/yogesh.patel/execution/25_9_2026_PRD_work/OCT2017_Test/test/DRUSEN/DRUSEN-349021-1.jpeg,2,DRUSEN,DRUSEN,DRUSEN,True,0.008114754,0.09195652,0.011410559,0.010844615,0.008502118,0.8620928,0.005164335,0.0019142121
/home/yogesh.patel/execution/25_9_2026_PRD_work/OCT2017_Test/test/DRUSEN/DRUSEN-349021-2.jpeg,2,DRUSEN,DRUSEN,DRUSEN,True,0.010664034,0.34377262,0.014121892,0.012033632,0.008128789,0.60087883,0.0087129865,0.0016872374
/home/yogesh.patel/execution/25_9_2026_PRD_work/OCT2017_Test/test/DRUSEN/DRUSEN-3571629-1.jpeg,2,DRUSEN,DRUSEN,DRUSEN,True,0.007895119,0.020728676,0.009396864,0.008188156,0.0071812724,0.94231766,0.0026050373,0.001687224
/home/yogesh.patel/execution/25_9_2026_PRD_work/OCT2017_Test/test/DRUSEN/DRUSEN-364469-1.jpeg,2,DRUSEN,DRUSEN,DRUSEN,True,0.0059105526,0.013860491,0.008065773,0.008637196,0.008108175,0.9489232,0.0041404925,0.0023542235
/home/yogesh.patel/execution/25_9_2026_PRD_work/OCT2017_Test/test/DRUSEN/DRUSEN-364469-2.jpeg,2,DRUSEN,DRUSEN,DRUSEN,True,0.008267049,0.0109359035,0.010596359,0.01096913,0.010093871,0.9435668,0.0030705149,0.002500358
/home/yogesh.patel/execution/25_9_2026_PRD_work/OCT2017_Test/test/DRUSEN/DRUSEN-364469-3.jpeg,2,DRUSEN,DRUSEN,DRUSEN,True,0.006103605,0.0075314925,0.009242768,0.008543285,0.00878353,0.95482135,0.003239347,0.0017346774
/home/yogesh.patel/execution/25_9_2026_PRD_work/OCT2017_Test/test/DRUSEN/DRUSEN-364469-4.jpeg,2,DRUSEN,DRUSEN,DRUSEN,True,0.0078080683,0.007948658,0.010811304,0.009956017,0.0102186,0.9477629,0.0026782742,0.002816181
/home/yogesh.patel/execution/25_9_2026_PRD_work/OCT2017_Test/test/DRUSEN/DRUSEN-4240777-1.jpeg,2,DRUSEN,DRUSEN,DRUSEN,True,0.008054141,0.0068366276,0.0082629025,0.01167895,0.009282092,0.94966257,0.00401882,0.0022039062
/home/yogesh.patel/execution/25_9_2026_PRD_work/OCT2017_Test/test/DRUSEN/DRUSEN-4291972-1.jpeg,2,DRUSEN,DRUSEN,DRUSEN,True,0.009210647,0.11097217,0.008625089,0.012116523,0.010198797,0.8375057,0.009669582,0.0017014595
/home/yogesh.patel/execution/25_9_2026_PRD_work/OCT2017_Test/test/DRUSEN/DRUSEN-4293095-1.jpeg,2,DRUSEN,DRUSEN,DRUSEN,True,0.005517304,0.019218544,0.007297841,0.009984759,0.0050670756,0.94757384,0.002253288,0.0030873623
/home/yogesh.patel/execution/25_9_2026_PRD_work/OCT2017_Test/test/DRUSEN/DRUSEN-4293095-2.jpeg,2,DRUSEN,DRUSEN,DRUSEN,True,0.0044466653,0.0045672148,0.005942685,0.009759838,0.0039395574,0.9667439,0.0010501903,0.0035498713
/home/yogesh.patel/execution/25_9_2026_PRD_work/OCT2017_Test/test/DRUSEN/DRUSEN-4304015-1.jpeg,2,DRUSEN,DRUSEN,DRUSEN,True,0.005483826,0.0113110235,0.008883765,0.004881611,0.0090536,0.95604384,0.0029504795,0.001391867
/home/yogesh.patel/execution/25_9_2026_PRD_work/OCT2017_Test/test/DRUSEN/DRUSEN-4314625-1.jpeg,2,DRUSEN,DRUSEN,DRUSEN,True,0.006020279,0.019275619,0.008881526,0.0062937182,0.007527927,0.9461764,0.0036920311,0.0021324751
/home/yogesh.patel/execution/25_9_2026_PRD_work/OCT2017_Test/test/DRUSEN/DRUSEN-4343867-1.jpeg,2,DRUSEN,DRUSEN,DRUSEN,True,0.0073556793,0.038305644,0.009667281,0.009635944,0.008132535,0.9218508,0.0025011215,0.0025509894
/home/yogesh.patel/execution/25_9_2026_PRD_work/OCT2017_Test/test/DRUSEN/DRUSEN-4343867-2.jpeg,2,DRUSEN,DRUSEN,DRUSEN,True,0.00629471,0.018901404,0.009466986,0.011366648,0.007777575,0.9423422,0.002385082,0.0014653571
/home/yogesh.patel/execution/25_9_2026_PRD_work/OCT2017_Test/test/DRUSEN/DRUSEN-4379246-1.jpeg,2,DRUSEN,DRUSEN,DRUSEN,True,0.007458116,0.029159607,0.01011593,0.011251179,0.009097299,0.92613465,0.004335493,0.0024477027
/home/yogesh.patel/execution/25_9_2026_PRD_work/OCT2017_Test/test/DRUSEN/DRUSEN-4379246-2.jpeg,2,DRUSEN,DRUSEN,DRUSEN,True,0.011947456,0.0987741,0.01422568,0.013108293,0.012978083,0.84227926,0.004643997,0.0020431483
/home/yogesh.patel/execution/25_9_2026_PRD_work/OCT2017_Test/test/DRUSEN/DRUSEN-457907-1.jpeg,2,DRUSEN,DRUSEN,DRUSEN,True,0.009483108,0.11785935,0.01307008,0.01688059,0.009785987,0.81930655,0.011906876,0.001707517
/home/yogesh.patel/execution/25_9_2026_PRD_work/OCT2017_Test/test/DRUSEN/DRUSEN-4666680-1.jpeg,2,DRUSEN,DRUSEN,DRUSEN,True,0.007164414,0.007051275,0.0077784816,0.007909227,0.006121503,0.95781356,0.002936212,0.0032253547
/home/yogesh.patel/execution/25_9_2026_PRD_work/OCT2017_Test/test/DRUSEN/DRUSEN-4666680-2.jpeg,2,DRUSEN,DRUSEN,DRUSEN,True,0.006035258,0.004179734,0.0072773946,0.009500469,0.0050703124,0.96286833,0.002480439,0.0025880719
/home/yogesh.patel/execution/25_9_2026_PRD_work/OCT2017_Test/test/DRUSEN/DRUSEN-4696998-1.jpeg,2,DRUSEN,DRUSEN,DRUSEN,True,0.00526352,0.0033557995,0.009732927,0.0049108774,0.009631322,0.9634137,0.0021170918,0.0015747121
/home/yogesh.patel/execution/25_9_2026_PRD_work/OCT2017_Test/test/DRUSEN/DRUSEN-4878077-1.jpeg,2,DRUSEN,DRUSEN,DRUSEN,True,0.006664115,0.02588948,0.004932001,0.008204318,0.005475863,0.94183123,0.0056232205,0.0013798382
/home/yogesh.patel/execution/25_9_2026_PRD_work/OCT2017_Test/test/DRUSEN/DRUSEN-4878077-2.jpeg,2,DRUSEN,DRUSEN,DRUSEN,True,0.0076224343,0.0047858707,0.007891089,0.009988414,0.006150503,0.95910996,0.0020752545,0.0023765345
/home/yogesh.patel/execution/25_9_2026_PRD_work/OCT2017_Test/test/DRUSEN/DRUSEN-4878077-3.jpeg,2,DRUSEN,DRUSEN,DRUSEN,True,0.007850424,0.002905325,0.008108071,0.0132267745,0.005979834,0.95745116,0.0017255985,0.002752743
/home/yogesh.patel/execution/25_9_2026_PRD_work/OCT2017_Test/test/DRUSEN/DRUSEN-4878077-4.jpeg,2,DRUSEN,DRUSEN,DRUSEN,True,0.0076628826,0.019271892,0.007020348,0.007821758,0.007731757,0.9442692,0.004325402,0.0018967914
/home/yogesh.patel/execution/25_9_2026_PRD_work/OCT2017_Test/test/DRUSEN/DRUSEN-4878077-5.jpeg,2,DRUSEN,DRUSEN,DRUSEN,True,0.008233269,0.007560776,0.006346812,0.009665821,0.0059980885,0.9564861,0.0031911524,0.0025179633
/home/yogesh.patel/execution/25_9_2026_PRD_work/OCT2017_Test/test/DRUSEN/DRUSEN-4878077-6.jpeg,2,DRUSEN,DRUSEN,DRUSEN,True,0.007053246,0.008399855,0.006194459,0.015186329,0.0054061036,0.95215374,0.0028707027,0.0027354546
/home/yogesh.patel/execution/25_9_2026_PRD_work/OCT2017_Test/test/DRUSEN/DRUSEN-4904794-1.jpeg,2,DRUSEN,DRUSEN,DRUSEN,True,0.0055731945,0.012542888,0.0066586,0.008474233,0.0055009336,0.9556283,0.0024647901,0.003156984
/home/yogesh.patel/execution/25_9_2026_PRD_work/OCT2017_Test/test/DRUSEN/DRUSEN-4951152-1.jpeg,2,DRUSEN,DRUSEN,DRUSEN,True,0.0047671353,0.017669195,0.0052218265,0.0052865297,0.004122548,0.957939,0.00325634,0.001737412
/home/yogesh.patel/execution/25_9_2026_PRD_work/OCT2017_Test/test/DRUSEN/DRUSEN-4973287-1.jpeg,2,DRUSEN,DRUSEN,DRUSEN,True,0.007944219,0.012051835,0.011959542,0.012975151,0.008303589,0.9414576,0.0018300137,0.003478029
/home/yogesh.patel/execution/25_9_2026_PRD_work/OCT2017_Test/test/DRUSEN/DRUSEN-5094722-1.jpeg,2,DRUSEN,DRUSEN,DRUSEN,True,0.006593567,0.0071560545,0.0076625613,0.008341849,0.0065671657,0.95947593,0.0022306005,0.001972274
/home/yogesh.patel/execution/25_9_2026_PRD_work/OCT2017_Test/test/DRUSEN/DRUSEN-525301-1.jpeg,2,DRUSEN,DRUSEN,DRUSEN,True,0.007321379,0.01396942,0.010195559,0.0070937797,0.0107612545,0.9449083,0.00304102,0.0027092583
/home/yogesh.patel/execution/25_9_2026_PRD_work/OCT2017_Test/test/DRUSEN/DRUSEN-5331157-1.jpeg,2,DRUSEN,DRUSEN,DRUSEN,True,0.015607775,0.07059335,0.015964214,0.01732476,0.015209848,0.85752195,0.0057532024,0.0020248145
/home/yogesh.patel/execution/25_9_2026_PRD_work/OCT2017_Test/test/DRUSEN/DRUSEN-538779-1.jpeg,2,DRUSEN,DRUSEN,DRUSEN,True,0.008939295,0.011071519,0.011245441,0.011665507,0.010012477,0.94162536,0.0036625636,0.001777764
/home/yogesh.patel/execution/25_9_2026_PRD_work/OCT2017_Test/test/DRUSEN/DRUSEN-5443411-1.jpeg,2,DRUSEN,DRUSEN,DRUSEN,True,0.005284704,0.028487595,0.0054864227,0.007141948,0.0038540857,0.944783,0.003218944,0.0017432325
/home/yogesh.patel/execution/25_9_2026_PRD_work/OCT2017_Test/test/DRUSEN/DRUSEN-5477211-1.jpeg,2,DRUSEN,DRUSEN,DRUSEN,True,0.007022643,0.029696839,0.006759973,0.010547969,0.0069256057,0.9316565,0.0042420835,0.0031484677
/home/yogesh.patel/execution/25_9_2026_PRD_work/OCT2017_Test/test/DRUSEN/DRUSEN-5477211-2.jpeg,2,DRUSEN,DRUSEN,DRUSEN,True,0.0060963295,0.015222477,0.007741612,0.009037517,0.0065348856,0.95080173,0.002686481,0.0018789774
/home/yogesh.patel/execution/25_9_2026_PRD_work/OCT2017_Test/test/DRUSEN/DRUSEN-5710007-1.jpeg,2,DRUSEN,DRUSEN,DRUSEN,True,0.006666047,0.005051122,0.009070519,0.008958511,0.0069443486,0.957456,0.0019522696,0.0039012115
/home/yogesh.patel/execution/25_9_2026_PRD_work/OCT2017_Test/test/DRUSEN/DRUSEN-5710007-2.jpeg,2,DRUSEN,DRUSEN,DRUSEN,True,0.006405398,0.0056834826,0.010506194,0.0075743743,0.0067394003,0.95633125,0.0013274412,0.0054324227
/home/yogesh.patel/execution/25_9_2026_PRD_work/OCT2017_Test/test/DRUSEN/DRUSEN-5753467-1.jpeg,2,DRUSEN,DRUSEN,DRUSEN,True,0.007245971,0.002937906,0.0068301093,0.011273723,0.005589548,0.9593029,0.0024536264,0.0043662284
/home/yogesh.patel/execution/25_9_2026_PRD_work/OCT2017_Test/test/DRUSEN/DRUSEN-5801431-1.jpeg,2,DRUSEN,DRUSEN,DRUSEN,True,0.007876973,0.045691144,0.013462629,0.012924568,0.011827241,0.9025923,0.0032276758,0.002397475
/home/yogesh.patel/execution/25_9_2026_PRD_work/OCT2017_Test/test/DRUSEN/DRUSEN-584218-1.jpeg,2,DRUSEN,DRUSEN,DRUSEN,True,0.0074522775,0.025300888,0.007794492,0.0075444635,0.007328335,0.9386055,0.0037385847,0.0022354936
/home/yogesh.patel/execution/25_9_2026_PRD_work/OCT2017_Test/test/DRUSEN/DRUSEN-5864720-1.jpeg,2,DRUSEN,DRUSEN,DRUSEN,True,0.0063601686,0.02189395,0.00784544,0.011434347,0.008511362,0.9373362,0.004400034,0.0022185233
/home/yogesh.patel/execution/25_9_2026_PRD_work/OCT2017_Test/test/DRUSEN/DRUSEN-5864720-2.jpeg,2,DRUSEN,DRUSEN,DRUSEN,True,0.0058801775,0.00938213,0.006394851,0.011219541,0.005473717,0.9555523,0.0028206618,0.0032766762
/home/yogesh.patel/execution/25_9_2026_PRD_work/OCT2017_Test/test/DRUSEN/DRUSEN-5929729-1.jpeg,2,DRUSEN,DRUSEN,DRUSEN,True,0.006788748,0.10153381,0.0077157402,0.008421134,0.0065138387,0.8586575,0.0071177064,0.003251487
/home/yogesh.patel/execution/25_9_2026_PRD_work/OCT2017_Test/test/DRUSEN/DRUSEN-609387-1.jpeg,2,DRUSEN,DRUSEN,DRUSEN,True,0.007793913,0.012381071,0.010106543,0.008988714,0.011313045,0.94384813,0.0035815516,0.0019869085
/home/yogesh.patel/execution/25_9_2026_PRD_work/OCT2017_Test/test/DRUSEN/DRUSEN-609387-2.jpeg,2,DRUSEN,DRUSEN,DRUSEN,True,0.009361832,0.031151636,0.009380037,0.010199359,0.010260975,0.9213967,0.0062543238,0.0019952555
/home/yogesh.patel/execution/25_9_2026_PRD_work/OCT2017_Test/test/DRUSEN/DRUSEN-609387-3.jpeg,2,DRUSEN,DRUSEN,DRUSEN,True,0.007767561,0.03306979,0.0076380507,0.0140511645,0.009716631,0.92029697,0.005055781,0.0024040565
/home/yogesh.patel/execution/25_9_2026_PRD_work/OCT2017_Test/test/DRUSEN/DRUSEN-6190971-1.jpeg,2,DRUSEN,DRUSEN,DRUSEN,True,0.004453923,0.004075943,0.0073521594,0.0043200348,0.006741797,0.9680453,0.0017956356,0.0032152717
/home/yogesh.patel/execution/25_9_2026_PRD_work/OCT2017_Test/test/DRUSEN/DRUSEN-6190971-2.jpeg,2,DRUSEN,DRUSEN,DRUSEN,True,0.009346348,0.018071534,0.0136677995,0.012629682,0.0110213375,0.9284,0.0047547673,0.0021085632
/home/yogesh.patel/execution/25_9_2026_PRD_work/OCT2017_Test/test/DRUSEN/DRUSEN-6193297-1.jpeg,2,DRUSEN,DRUSEN,DRUSEN,True,0.0042073955,0.0071553146,0.008325124,0.008685335,0.007414606,0.9598412,0.0018464132,0.0025244989
/home/yogesh.patel/execution/25_9_2026_PRD_work/OCT2017_Test/test/DRUSEN/DRUSEN-6193297-2.jpeg,2,DRUSEN,DRUSEN,DRUSEN,True,0.0038302483,0.0038616022,0.0072684265,0.010076016,0.0046146354,0.9668591,0.0011342866,0.0023557586
/home/yogesh.patel/execution/25_9_2026_PRD_work/OCT2017_Test/test/DRUSEN/DRUSEN-6193297-3.jpeg,2,DRUSEN,DRUSEN,DRUSEN,True,0.006737309,0.0063891085,0.008047098,0.014086395,0.0065407935,0.9537188,0.0025513624,0.0019291451
/home/yogesh.patel/execution/25_9_2026_PRD_work/OCT2017_Test/test/DRUSEN/DRUSEN-6193297-4.jpeg,2,DRUSEN,DRUSEN,DRUSEN,True,0.0060813827,0.018520445,0.0065898616,0.009006646,0.0062584756,0.9470271,0.0038511893,0.0026648198
/home/yogesh.patel/execution/25_9_2026_PRD_work/OCT2017_Test/test/DRUSEN/DRUSEN-6193297-5.jpeg,2,DRUSEN,DRUSEN,DRUSEN,True,0.0031106952,0.003865785,0.0055409386,0.007081786,0.0048289606,0.970234,0.0013087214,0.0040290914
/home/yogesh.patel/execution/25_9_2026_PRD_work/OCT2017_Test/test/DRUSEN/DRUSEN-6264369-1.jpeg,2,DRUSEN,DRUSEN,DRUSEN,True,0.009489601,0.023892839,0.008793461,0.016148489,0.007986903,0.9277809,0.0028473998,0.003060433
/home/yogesh.patel/execution/25_9_2026_PRD_work/OCT2017_Test/test/DRUSEN/DRUSEN-7064008-1.jpeg,2,DRUSEN,DRUSEN,DRUSEN,True,0.008464546,0.015499086,0.011509855,0.009323098,0.01257599,0.93558264,0.0051105022,0.0019341357
/home/yogesh.patel/execution/25_9_2026_PRD_work/OCT2017_Test/test/DRUSEN/DRUSEN-7199590-1.jpeg,2,DRUSEN,DRUSEN,DRUSEN,True,0.004928784,0.0159223,0.0068961945,0.01010246,0.006538816,0.95123935,0.0024734298,0.0018986441
/home/yogesh.patel/execution/25_9_2026_PRD_work/OCT2017_Test/test/DRUSEN/DRUSEN-732516-1.jpeg,2,DRUSEN,DRUSEN,DRUSEN,True,0.0043383846,0.008407865,0.0035826096,0.006966722,0.0029268612,0.9691824,0.0025812679,0.0020139634
/home/yogesh.patel/execution/25_9_2026_PRD_work/OCT2017_Test/test/DRUSEN/DRUSEN-732516-2.jpeg,2,DRUSEN,DRUSEN,DRUSEN,True,0.00351242,0.022724185,0.0048548835,0.0058191135,0.005661289,0.9523195,0.0035849942,0.0015236093
/home/yogesh.patel/execution/25_9_2026_PRD_work/OCT2017_Test/test/DRUSEN/DRUSEN-732516-3.jpeg,2,DRUSEN,DRUSEN,DRUSEN,True,0.0077040982,0.010504116,0.0096476665,0.010096153,0.008834478,0.9482772,0.0028964179,0.002039859
/home/yogesh.patel/execution/25_9_2026_PRD_work/OCT2017_Test/test/DRUSEN/DRUSEN-7345121-1.jpeg,2,DRUSEN,DRUSEN,DRUSEN,True,0.008683809,0.1860553,0.011995301,0.009361906,0.012080155,0.762366,0.0050260206,0.0044315453
/home/yogesh.patel/execution/25_9_2026_PRD_work/OCT2017_Test/test/DRUSEN/DRUSEN-7350225-1.jpeg,2,DRUSEN,DRUSEN,DRUSEN,True,0.010293855,0.012058316,0.010017414,0.014691122,0.008735627,0.9378117,0.00396224,0.002429775
/home/yogesh.patel/execution/25_9_2026_PRD_work/OCT2017_Test/test/DRUSEN/DRUSEN-7373858-1.jpeg,2,DRUSEN,DRUSEN,DRUSEN,True,0.011545485,0.014523125,0.010174939,0.018831784,0.009558033,0.9285006,0.0040720776,0.0027940192
/home/yogesh.patel/execution/25_9_2026_PRD_work/OCT2017_Test/test/DRUSEN/DRUSEN-7393104-1.jpeg,2,DRUSEN,DRUSEN,DRUSEN,True,0.0048361956,0.057443622,0.0063043134,0.007802771,0.0057412046,0.9117216,0.0030926983,0.0030576382
/home/yogesh.patel/execution/25_9_2026_PRD_work/OCT2017_Test/test/DRUSEN/DRUSEN-7513011-1.jpeg,2,DRUSEN,DRUSEN,DRUSEN,True,0.011005404,0.039414633,0.01341687,0.016979089,0.011208173,0.9017068,0.003632984,0.002636088
/home/yogesh.patel/execution/25_9_2026_PRD_work/OCT2017_Test/test/DRUSEN/DRUSEN-7555604-1.jpeg,2,DRUSEN,DRUSEN,DRUSEN,True,0.010080601,0.024881624,0.01273717,0.013892397,0.010803125,0.9210942,0.004230633,0.0022803799
/home/yogesh.patel/execution/25_9_2026_PRD_work/OCT2017_Test/test/DRUSEN/DRUSEN-7555604-2.jpeg,2,DRUSEN,DRUSEN,DRUSEN,True,0.0062273075,0.0408033,0.007788887,0.009442227,0.007172507,0.92214406,0.0040316754,0.002390073
/home/yogesh.patel/execution/25_9_2026_PRD_work/OCT2017_Test/test/DRUSEN/DRUSEN-7557808-1.jpeg,2,DRUSEN,DRUSEN,DRUSEN,True,0.006960107,0.013720885,0.010955206,0.007386478,0.008763245,0.94679207,0.0027373026,0.0026846386
/home/yogesh.patel/execution/25_9_2026_PRD_work/OCT2017_Test/test/DRUSEN/DRUSEN-7563760-1.jpeg,2,DRUSEN,DRUSEN,DRUSEN,True,0.00645509,0.00904979,0.005806781,0.008913607,0.006075941,0.9572057,0.0036599168,0.002833241
/home/yogesh.patel/execution/25_9_2026_PRD_work/OCT2017_Test/test/DRUSEN/DRUSEN-7675318-1.jpeg,2,DRUSEN,DRUSEN,DRUSEN,True,0.004280437,0.009027191,0.0036321948,0.010627708,0.0027902438,0.96524626,0.0018367025,0.0025593338
/home/yogesh.patel/execution/25_9_2026_PRD_work/OCT2017_Test/test/DRUSEN/DRUSEN-7675318-2.jpeg,2,DRUSEN,DRUSEN,DRUSEN,True,0.005560233,0.010487292,0.005232963,0.009072148,0.005765154,0.9586308,0.002522217,0.0027291714
/home/yogesh.patel/execution/25_9_2026_PRD_work/OCT2017_Test/test/DRUSEN/DRUSEN-7710023-1.jpeg,2,DRUSEN,DRUSEN,DRUSEN,True,0.0075342595,0.09548079,0.012452937,0.01082289,0.010236421,0.85616434,0.0039747125,0.0033337336
/home/yogesh.patel/execution/25_9_2026_PRD_work/OCT2017_Test/test/DRUSEN/DRUSEN-7710023-2.jpeg,2,DRUSEN,DRUSEN,DRUSEN,True,0.009046708,0.12949459,0.012749961,0.01160787,0.011813042,0.81597143,0.005528779,0.003787683
/home/yogesh.patel/execution/25_9_2026_PRD_work/OCT2017_Test/test/DRUSEN/DRUSEN-7763772-1.jpeg,2,DRUSEN,DRUSEN,DRUSEN,True,0.011508954,0.009094269,0.013559239,0.013578986,0.010384215,0.9364864,0.0028370959,0.002550783
/home/yogesh.patel/execution/25_9_2026_PRD_work/OCT2017_Test/test/DRUSEN/DRUSEN-781814-1.jpeg,2,DRUSEN,DRUSEN,DRUSEN,True,0.004912393,0.008726548,0.0056217345,0.00937988,0.004296622,0.9625046,0.0024885682,0.0020695364
/home/yogesh.patel/execution/25_9_2026_PRD_work/OCT2017_Test/test/DRUSEN/DRUSEN-783692-1.jpeg,2,DRUSEN,DRUSEN,DRUSEN,True,0.0050973166,0.006568023,0.0039363834,0.006390538,0.004546778,0.9678563,0.0028567899,0.0027479085
/home/yogesh.patel/execution/25_9_2026_PRD_work/OCT2017_Test/test/DRUSEN/DRUSEN-7915033-1.jpeg,2,DRUSEN,DRUSEN,DRUSEN,True,0.0058597834,0.018660156,0.008158259,0.004939093,0.00855692,0.9502405,0.0022340151,0.001351344
/home/yogesh.patel/execution/25_9_2026_PRD_work/OCT2017_Test/test/DRUSEN/DRUSEN-7915033-2.jpeg,2,DRUSEN,DRUSEN,DRUSEN,True,0.0033987875,0.01143979,0.008134981,0.005815632,0.0073582064,0.9600989,0.002538857,0.0012148888
/home/yogesh.patel/execution/25_9_2026_PRD_work/OCT2017_Test/test/DRUSEN/DRUSEN-7915033-3.jpeg,2,DRUSEN,DRUSEN,DRUSEN,True,0.006271121,0.020455552,0.006443298,0.008464565,0.0072295624,0.94553185,0.0033123917,0.0022915872
/home/yogesh.patel/execution/25_9_2026_PRD_work/OCT2017_Test/test/DRUSEN/DRUSEN-8023853-1.jpeg,2,DRUSEN,DRUSEN,DRUSEN,True,0.0036078973,0.0059350757,0.008377776,0.008108199,0.007882098,0.9621804,0.0024049405,0.0015035697
/home/yogesh.patel/execution/25_9_2026_PRD_work/OCT2017_Test/test/DRUSEN/DRUSEN-8039905-1.jpeg,2,DRUSEN,DRUSEN,DRUSEN,True,0.010084212,0.057440057,0.009835761,0.020002749,0.012090609,0.88402987,0.004177341,0.002339461
/home/yogesh.patel/execution/25_9_2026_PRD_work/OCT2017_Test/test/DRUSEN/DRUSEN-8074563-1.jpeg,2,DRUSEN,DRUSEN,DRUSEN,True,0.006757787,0.003179216,0.005498592,0.007347011,0.004833065,0.96587676,0.0019508008,0.004556754
/home/yogesh.patel/execution/25_9_2026_PRD_work/OCT2017_Test/test/DRUSEN/DRUSEN-8074563-2.jpeg,2,DRUSEN,DRUSEN,DRUSEN,True,0.0070119053,0.003161505,0.0062629716,0.008519039,0.0059426324,0.9637597,0.001997548,0.0033447095
/home/yogesh.patel/execution/25_9_2026_PRD_work/OCT2017_Test/test/DRUSEN/DRUSEN-8074563-3.jpeg,2,DRUSEN,DRUSEN,DRUSEN,True,0.0057727452,0.0036631718,0.00404878,0.007959481,0.005026983,0.9675895,0.0021778706,0.0037614796
/home/yogesh.patel/execution/25_9_2026_PRD_work/OCT2017_Test/test/DRUSEN/DRUSEN-8086850-1.jpeg,2,DRUSEN,DRUSEN,DRUSEN,True,0.0072062626,0.010014039,0.005088942,0.011211043,0.005140711,0.9557332,0.002341553,0.0032642537
/home/yogesh.patel/execution/25_9_2026_PRD_work/OCT2017_Test/test/DRUSEN/DRUSEN-8086850-2.jpeg,2,DRUSEN,DRUSEN,DRUSEN,True,0.005186153,0.0064693824,0.0037242894,0.008873343,0.0040292293,0.9662514,0.0025001501,0.002966118
/home/yogesh.patel/execution/25_9_2026_PRD_work/OCT2017_Test/test/DRUSEN/DRUSEN-8086850-3.jpeg,2,DRUSEN,DRUSEN,DRUSEN,True,0.0056775194,0.011718616,0.006881356,0.008992218,0.006396277,0.9554674,0.0027505667,0.002116057
/home/yogesh.patel/execution/25_9_2026_PRD_work/OCT2017_Test/test/DRUSEN/DRUSEN-8086850-4.jpeg,2,DRUSEN,DRUSEN,DRUSEN,True,0.0078767,0.010956421,0.0059360387,0.0107566025,0.0056155636,0.9529035,0.0038365368,0.0021186005
/home/yogesh.patel/execution/25_9_2026_PRD_work/OCT2017_Test/test/DRUSEN/DRUSEN-8086850-5.jpeg,2,DRUSEN,DRUSEN,DRUSEN,True,0.007553272,0.009496719,0.00772755,0.010477669,0.007183924,0.9526811,0.0024243456,0.0024554776
/home/yogesh.patel/execution/25_9_2026_PRD_work/OCT2017_Test/test/DRUSEN/DRUSEN-8086850-6.jpeg,2,DRUSEN,DRUSEN,DRUSEN,True,0.007536232,0.034765225,0.0069897417,0.013827012,0.0066832006,0.92405844,0.0029939248,0.0031462885
/home/yogesh.patel/execution/25_9_2026_PRD_work/OCT2017_Test/test/DRUSEN/DRUSEN-8086850-7.jpeg,2,DRUSEN,DRUSEN,DRUSEN,True,0.008326709,0.007808051,0.005796854,0.009657425,0.0060936064,0.95635146,0.0029838963,0.002982087
/home/yogesh.patel/execution/25_9_2026_PRD_work/OCT2017_Test/test/DRUSEN/DRUSEN-8086850-8.jpeg,2,DRUSEN,DRUSEN,DRUSEN,True,0.008091413,0.0049980017,0.0059344782,0.013567501,0.0067332187,0.9553812,0.0026572465,0.0026369323
/home/yogesh.patel/execution/25_9_2026_PRD_work/OCT2017_Test/test/DRUSEN/DRUSEN-8117834-1.jpeg,2,DRUSEN,DRUSEN,DRUSEN,True,0.008288824,0.008715402,0.009958838,0.00891959,0.0067786905,0.95304805,0.0020280478,0.0022624615
/home/yogesh.patel/execution/25_9_2026_PRD_work/OCT2017_Test/test/DRUSEN/DRUSEN-8213975-1.jpeg,2,DRUSEN,DRUSEN,DRUSEN,True,0.006056076,0.018541083,0.005174938,0.008308031,0.003911148,0.951437,0.0024373839,0.0041342513
/home/yogesh.patel/execution/25_9_2026_PRD_work/OCT2017_Test/test/DRUSEN/DRUSEN-8251771-1.jpeg,2,DRUSEN,DRUSEN,DRUSEN,True,0.0050335512,0.024859993,0.0066659683,0.008584698,0.006281504,0.94382787,0.0029821822,0.0017643041
/home/yogesh.patel/execution/25_9_2026_PRD_work/OCT2017_Test/test/DRUSEN/DRUSEN-8261063-1.jpeg,2,DRUSEN,DRUSEN,DRUSEN,True,0.0045856303,0.002941419,0.005591188,0.0055219787,0.004404578,0.9729733,0.0016258177,0.0023560836
/home/yogesh.patel/execution/25_9_2026_PRD_work/OCT2017_Test/test/DRUSEN/DRUSEN-8261063-2.jpeg,2,DRUSEN,DRUSEN,DRUSEN,True,0.0054555666,0.0025929392,0.0066192467,0.007814784,0.004107053,0.9671483,0.001454555,0.004807547
/home/yogesh.patel/execution/25_9_2026_PRD_work/OCT2017_Test/test/DRUSEN/DRUSEN-8261063-3.jpeg,2,DRUSEN,DRUSEN,DRUSEN,True,0.0031857137,0.0026067912,0.0033939586,0.0028908397,0.0017354081,0.979352,0.0024247898,0.0044104685
/home/yogesh.patel/execution/25_9_2026_PRD_work/OCT2017_Test/test/DRUSEN/DRUSEN-8261063-4.jpeg,2,DRUSEN,DRUSEN,DRUSEN,True,0.0036572944,0.001810056,0.003947716,0.0051459237,0.0024977832,0.9791349,0.0014057886,0.0024006723
/home/yogesh.patel/execution/25_9_2026_PRD_work/OCT2017_Test/test/DRUSEN/DRUSEN-8261063-5.jpeg,2,DRUSEN,DRUSEN,DRUSEN,True,0.0032872057,0.006035384,0.004653423,0.0055028945,0.0036511642,0.97174305,0.0025573017,0.0025695409
/home/yogesh.patel/execution/25_9_2026_PRD_work/OCT2017_Test/test/DRUSEN/DRUSEN-8261063-6.jpeg,2,DRUSEN,DRUSEN,DRUSEN,True,0.006346164,0.0023361742,0.005833742,0.0068745264,0.003912442,0.96994364,0.0018039476,0.0029493705
/home/yogesh.patel/execution/25_9_2026_PRD_work/OCT2017_Test/test/DRUSEN/DRUSEN-8261063-7.jpeg,2,DRUSEN,DRUSEN,DRUSEN,True,0.006079858,0.004467254,0.006423594,0.008744228,0.0041523115,0.9647088,0.002674733,0.0027492358
/home/yogesh.patel/execution/25_9_2026_PRD_work/OCT2017_Test/test/DRUSEN/DRUSEN-827677-1.jpeg,2,DRUSEN,DRUSEN,DRUSEN,True,0.010932284,0.004221926,0.008678686,0.010508669,0.0071561476,0.9521497,0.0032864138,0.0030661973
/home/yogesh.patel/execution/25_9_2026_PRD_work/OCT2017_Test/test/DRUSEN/DRUSEN-8281517-1.jpeg,2,DRUSEN,DRUSEN,DRUSEN,True,0.0035473886,0.006441999,0.0036384284,0.0029254602,0.003418737,0.975841,0.0027122893,0.0014747931
/home/yogesh.patel/execution/25_9_2026_PRD_work/OCT2017_Test/test/DRUSEN/DRUSEN-8292670-1.jpeg,2,DRUSEN,DRUSEN,DRUSEN,True,0.0062845773,0.0048134294,0.0053205853,0.010872973,0.004834394,0.9633863,0.0020048355,0.0024829654
/home/yogesh.patel/execution/25_9_2026_PRD_work/OCT2017_Test/test/DRUSEN/DRUSEN-8319985-1.jpeg,2,DRUSEN,DRUSEN,DRUSEN,True,0.00139138,0.0062270653,0.0048451247,0.0014507186,0.003949708,0.97579193,0.0023771732,0.003966924
/home/yogesh.patel/execution/25_9_2026_PRD_work/OCT2017_Test/test/DRUSEN/DRUSEN-8339642-1.jpeg,2,DRUSEN,DRUSEN,DRUSEN,True,0.005663578,0.0038491779,0.0047008647,0.0028199032,0.0047103474,0.9707225,0.0038062718,0.0037274247
/home/yogesh.patel/execution/25_9_2026_PRD_work/OCT2017_Test/test/DRUSEN/DRUSEN-8345703-1.jpeg,2,DRUSEN,DRUSEN,DRUSEN,True,0.002526242,0.007913619,0.0049014064,0.001923499,0.004824285,0.973092,0.0031888478,0.0016301493
/home/yogesh.patel/execution/25_9_2026_PRD_work/OCT2017_Test/test/DRUSEN/DRUSEN-8345703-2.jpeg,2,DRUSEN,DRUSEN,DRUSEN,True,0.005478949,0.002816566,0.0047133532,0.0043515256,0.003810532,0.9734471,0.002724462,0.002657568
/home/yogesh.patel/execution/25_9_2026_PRD_work/OCT2017_Test/test/DRUSEN/DRUSEN-8351260-1.jpeg,2,DRUSEN,DRUSEN,DRUSEN,True,0.005798099,0.003049848,0.006146545,0.0077216728,0.0057702092,0.96648586,0.0024014076,0.0026264654
/home/yogesh.patel/execution/25_9_2026_PRD_work/OCT2017_Test/test/DRUSEN/DRUSEN-8351260-2.jpeg,2,DRUSEN,DRUSEN,DRUSEN,True,0.006845968,0.005299122,0.004992641,0.00722439,0.005369722,0.9642392,0.0037146767,0.0023141992
/home/yogesh.patel/execution/25_9_2026_PRD_work/OCT2017_Test/test/DRUSEN/DRUSEN-8389446-1.jpeg,2,DRUSEN,DRUSEN,DRUSEN,True,0.0049984683,0.015611212,0.012219643,0.0082927765,0.011434245,0.94262433,0.0031000401,0.0017193218
/home/yogesh.patel/execution/25_9_2026_PRD_work/OCT2017_Test/test/DRUSEN/DRUSEN-8389446-2.jpeg,2,DRUSEN,DRUSEN,DRUSEN,True,0.009739896,0.01634744,0.011397947,0.013390462,0.011159703,0.9314327,0.003327685,0.0032040605
/home/yogesh.patel/execution/25_9_2026_PRD_work/OCT2017_Test/test/DRUSEN/DRUSEN-8389446-3.jpeg,2,DRUSEN,DRUSEN,DRUSEN,True,0.005311884,0.0036439917,0.0063951113,0.00868583,0.0046626395,0.9652262,0.0016774604,0.004396881
/home/yogesh.patel/execution/25_9_2026_PRD_work/OCT2017_Test/test/DRUSEN/DRUSEN-8440718-1.jpeg,2,DRUSEN,DRUSEN,DRUSEN,True,0.008905023,0.066423215,0.0082529485,0.027647212,0.010123872,0.8730342,0.0035527984,0.0020607563
/home/yogesh.patel/execution/25_9_2026_PRD_work/OCT2017_Test/test/DRUSEN/DRUSEN-8440718-2.jpeg,2,DRUSEN,DRUSEN,DRUSEN,True,0.008026595,0.09611905,0.0063611898,0.013567154,0.009246919,0.8601172,0.0045059593,0.0020558883
/home/yogesh.patel/execution/25_9_2026_PRD_work/OCT2017_Test/test/DRUSEN/DRUSEN-8440718-3.jpeg,2,DRUSEN,DRUSEN,DRUSEN,True,0.004440435,0.0123689035,0.004250542,0.008067758,0.004701465,0.96127826,0.003057534,0.0018351591
/home/yogesh.patel/execution/25_9_2026_PRD_work/OCT2017_Test/test/DRUSEN/DRUSEN-8440718-4.jpeg,2,DRUSEN,DRUSEN,DRUSEN,True,0.0051062633,0.018160153,0.0088154,0.0093558775,0.006543042,0.9470109,0.0022628545,0.0027455871
/home/yogesh.patel/execution/25_9_2026_PRD_work/OCT2017_Test/test/DRUSEN/DRUSEN-8440718-5.jpeg,2,DRUSEN,DRUSEN,DRUSEN,True,0.0059832595,0.014843323,0.004909654,0.011904502,0.0047675036,0.9520446,0.003314137,0.0022330268
/home/yogesh.patel/execution/25_9_2026_PRD_work/OCT2017_Test/test/DRUSEN/DRUSEN-8549730-1.jpeg,2,DRUSEN,DRUSEN,DRUSEN,True,0.00879628,0.029675532,0.011811222,0.015346707,0.010183639,0.91845423,0.002699877,0.0030324396
/home/yogesh.patel/execution/25_9_2026_PRD_work/OCT2017_Test/test/DRUSEN/DRUSEN-8549730-2.jpeg,2,DRUSEN,DRUSEN,DRUSEN,True,0.0074954857,0.014061879,0.008771877,0.014935852,0.007859529,0.9422085,0.0021479174,0.0025190145
/home/yogesh.patel/execution/25_9_2026_PRD_work/OCT2017_Test/test/DRUSEN/DRUSEN-8549730-3.jpeg,2,DRUSEN,DRUSEN,DRUSEN,True,0.0055131037,0.009170804,0.006549651,0.011360929,0.005360666,0.9579036,0.0022452204,0.0018959916
/home/yogesh.patel/execution/25_9_2026_PRD_work/OCT2017_Test/test/DRUSEN/DRUSEN-8549730-4.jpeg,2,DRUSEN,DRUSEN,DRUSEN,True,0.007940168,0.025968717,0.014357172,0.009316583,0.010225441,0.9279722,0.0025218115,0.0016978898
/home/yogesh.patel/execution/25_9_2026_PRD_work/OCT2017_Test/test/DRUSEN/DRUSEN-8549730-5.jpeg,2,DRUSEN,DRUSEN,DRUSEN,True,0.0045390045,0.0047207093,0.0033030703,0.008537375,0.004878252,0.96923244,0.0027714025,0.0020177232
/home/yogesh.patel/execution/25_9_2026_PRD_work/OCT2017_Test/test/DRUSEN/DRUSEN-8549730-6.jpeg,2,DRUSEN,DRUSEN,DRUSEN,True,0.005855598,0.03258752,0.0036975918,0.032616712,0.0062500318,0.910426,0.0056400504,0.0029265357
/home/yogesh.patel/execution/25_9_2026_PRD_work/OCT2017_Test/test/DRUSEN/DRUSEN-8549730-7.jpeg,2,DRUSEN,DRUSEN,DRUSEN,True,0.013594967,0.09444141,0.0068594185,0.13185295,0.013036674,0.7264646,0.010179231,0.0035706165
/home/yogesh.patel/execution/25_9_2026_PRD_work/OCT2017_Test/test/DRUSEN/DRUSEN-8577392-1.jpeg,2,DRUSEN,DRUSEN,DRUSEN,True,0.009574165,0.027157044,0.007225026,0.011999701,0.007910246,0.92932993,0.003992497,0.0028113867
/home/yogesh.patel/execution/25_9_2026_PRD_work/OCT2017_Test/test/DRUSEN/DRUSEN-8605472-1.jpeg,2,DRUSEN,DRUSEN,DRUSEN,True,0.011411181,0.07747121,0.01665542,0.012103123,0.017409956,0.8574292,0.005168073,0.0023518451
/home/yogesh.patel/execution/25_9_2026_PRD_work/OCT2017_Test/test/DRUSEN/DRUSEN-8656509-1.jpeg,2,DRUSEN,DRUSEN,DRUSEN,True,0.0046595964,0.1149993,0.005436882,0.005446981,0.0051594814,0.8571508,0.0051426003,0.0020043857
/home/yogesh.patel/execution/25_9_2026_PRD_work/OCT2017_Test/test/DRUSEN/DRUSEN-8708331-1.jpeg,2,DRUSEN,DRUSEN,DRUSEN,True,0.005676045,0.013623035,0.008945258,0.0063467985,0.005535472,0.95568216,0.0018155861,0.0023756456
/home/yogesh.patel/execution/25_9_2026_PRD_work/OCT2017_Test/test/DRUSEN/DRUSEN-8811857-1.jpeg,2,DRUSEN,DRUSEN,DRUSEN,True,0.0063165193,0.00469119,0.005276082,0.00825818,0.004113214,0.9652075,0.0023303553,0.003806899
/home/yogesh.patel/execution/25_9_2026_PRD_work/OCT2017_Test/test/DRUSEN/DRUSEN-8811857-2.jpeg,2,DRUSEN,DRUSEN,DRUSEN,True,0.0044096527,0.020762492,0.005927072,0.0052346047,0.0044667926,0.951843,0.002200372,0.0051558586
/home/yogesh.patel/execution/25_9_2026_PRD_work/OCT2017_Test/test/DRUSEN/DRUSEN-8854406-1.jpeg,2,DRUSEN,DRUSEN,DRUSEN,True,0.0073348638,0.010314683,0.008021348,0.009383953,0.006353516,0.9538677,0.0030745065,0.0016494074
/home/yogesh.patel/execution/25_9_2026_PRD_work/OCT2017_Test/test/DRUSEN/DRUSEN-8854406-2.jpeg,2,DRUSEN,DRUSEN,DRUSEN,True,0.0075795525,0.0039931554,0.005482815,0.012469176,0.004627335,0.9613515,0.0021754617,0.002321083
/home/yogesh.patel/execution/25_9_2026_PRD_work/OCT2017_Test/test/DRUSEN/DRUSEN-8870525-1.jpeg,2,DRUSEN,DRUSEN,DRUSEN,True,0.007406644,0.030947113,0.010025896,0.007526475,0.010510346,0.9282083,0.0035174442,0.001857889
/home/yogesh.patel/execution/25_9_2026_PRD_work/OCT2017_Test/test/DRUSEN/DRUSEN-8870525-2.jpeg,2,DRUSEN,DRUSEN,DRUSEN,True,0.005977666,0.21494323,0.008784702,0.0052609704,0.008049722,0.74384886,0.0073541338,0.005780752
/home/yogesh.patel/execution/25_9_2026_PRD_work/OCT2017_Test/test/DRUSEN/DRUSEN-8870525-3.jpeg,2,DRUSEN,CNV,CNV,False,0.0062063565,0.7887372,0.007845603,0.0069776415,0.007948569,0.17437959,0.007078648,0.000826371
/home/yogesh.patel/execution/25_9_2026_PRD_work/OCT2017_Test/test/DRUSEN/DRUSEN-9049813-1.jpeg,2,DRUSEN,DRUSEN,DRUSEN,True,0.006613312,0.0074094054,0.006356725,0.009088068,0.005888304,0.9591566,0.0030058718,0.0024818196
/home/yogesh.patel/execution/25_9_2026_PRD_work/OCT2017_Test/test/DRUSEN/DRUSEN-9059831-1.jpeg,2,DRUSEN,DRUSEN,DRUSEN,True,0.008819843,0.04295082,0.008790746,0.013474369,0.006895384,0.91258526,0.003823684,0.0026598906
/home/yogesh.patel/execution/25_9_2026_PRD_work/OCT2017_Test/test/DRUSEN/DRUSEN-9059831-2.jpeg,2,DRUSEN,DRUSEN,DRUSEN,True,0.002328345,0.0047479714,0.004617388,0.0027928872,0.0043426943,0.9775262,0.0021084934,0.0015359825
/home/yogesh.patel/execution/25_9_2026_PRD_work/OCT2017_Test/test/DRUSEN/DRUSEN-907869-1.jpeg,2,DRUSEN,DRUSEN,DRUSEN,True,0.0057067694,0.0054603694,0.0060912413,0.010393622,0.004980303,0.9606242,0.002133023,0.004610422
/home/yogesh.patel/execution/25_9_2026_PRD_work/OCT2017_Test/test/DRUSEN/DRUSEN-907869-2.jpeg,2,DRUSEN,DRUSEN,DRUSEN,True,0.0063981675,0.00652549,0.00922031,0.009015195,0.00617651,0.9558519,0.0016435263,0.0051689795
/home/yogesh.patel/execution/25_9_2026_PRD_work/OCT2017_Test/test/DRUSEN/DRUSEN-9087597-1.jpeg,2,DRUSEN,DRUSEN,DRUSEN,True,0.012650757,0.046956435,0.011044573,0.0127337435,0.010204789,0.8987219,0.0046415497,0.0030462586
/home/yogesh.patel/execution/25_9_2026_PRD_work/OCT2017_Test/test/DRUSEN/DRUSEN-9087597-2.jpeg,2,DRUSEN,DRUSEN,DRUSEN,True,0.0057053813,0.016018506,0.008640898,0.0077501917,0.0077594477,0.949328,0.0030263998,0.0017711989
/home/yogesh.patel/execution/25_9_2026_PRD_work/OCT2017_Test/test/DRUSEN/DRUSEN-9155039-1.jpeg,2,DRUSEN,DRUSEN,DRUSEN,True,0.008546419,0.040974647,0.009681753,0.0077946824,0.00836011,0.9158693,0.0051564667,0.0036166254
/home/yogesh.patel/execution/25_9_2026_PRD_work/OCT2017_Test/test/DRUSEN/DRUSEN-9201573-1.jpeg,2,DRUSEN,DRUSEN,DRUSEN,True,0.009388454,0.0116364425,0.009134624,0.011618673,0.008144206,0.9438526,0.0038139618,0.002410997
/home/yogesh.patel/execution/25_9_2026_PRD_work/OCT2017_Test/test/DRUSEN/DRUSEN-9225057-1.jpeg,2,DRUSEN,DRUSEN,DRUSEN,True,0.0055901855,0.0028178343,0.0044092005,0.0042482954,0.0035332001,0.9716315,0.0028449525,0.0049247
/home/yogesh.patel/execution/25_9_2026_PRD_work/OCT2017_Test/test/DRUSEN/DRUSEN-9225057-2.jpeg,2,DRUSEN,DRUSEN,DRUSEN,True,0.0057323547,0.005820006,0.0055946037,0.0047955313,0.004817421,0.96737427,0.0025587801,0.0033070596
/home/yogesh.patel/execution/25_9_2026_PRD_work/OCT2017_Test/test/DRUSEN/DRUSEN-9280370-1.jpeg,2,DRUSEN,DRUSEN,DRUSEN,True,0.010192828,0.05778459,0.009402098,0.01487997,0.010361274,0.8888063,0.0049357875,0.003637182
/home/yogesh.patel/execution/25_9_2026_PRD_work/OCT2017_Test/test/DRUSEN/DRUSEN-9442692-1.jpeg,2,DRUSEN,DRUSEN,DRUSEN,True,0.007856213,0.006679089,0.010109602,0.01197353,0.007278722,0.9506734,0.0021034873,0.0033259443
/home/yogesh.patel/execution/25_9_2026_PRD_work/OCT2017_Test/test/DRUSEN/DRUSEN-9504181-1.jpeg,2,DRUSEN,DRUSEN,DRUSEN,True,0.005905311,0.004784372,0.006343179,0.0098623065,0.0058606607,0.9620191,0.0025062892,0.0027188458
/home/yogesh.patel/execution/25_9_2026_PRD_work/OCT2017_Test/test/DRUSEN/DRUSEN-9504181-2.jpeg,2,DRUSEN,DRUSEN,DRUSEN,True,0.004270252,0.003287477,0.004538296,0.0066789053,0.0030801706,0.9742187,0.0014783733,0.002447781
/home/yogesh.patel/execution/25_9_2026_PRD_work/OCT2017_Test/test/DRUSEN/DRUSEN-95633-1.jpeg,2,DRUSEN,DRUSEN,DRUSEN,True,0.007377347,0.022596769,0.010540869,0.011884449,0.0103711905,0.9306477,0.004712563,0.0018692174
/home/yogesh.patel/execution/25_9_2026_PRD_work/OCT2017_Test/test/DRUSEN/DRUSEN-956663-1.jpeg,2,DRUSEN,DRUSEN,DRUSEN,True,0.0063989256,0.0038648706,0.0051051895,0.0072230943,0.0047360924,0.96690536,0.0024735865,0.0032928262
/home/yogesh.patel/execution/25_9_2026_PRD_work/OCT2017_Test/test/DRUSEN/DRUSEN-9624303-1.jpeg,2,DRUSEN,DRUSEN,DRUSEN,True,0.005345889,0.013229126,0.0053180335,0.00789679,0.0051987115,0.9586329,0.0026920505,0.001686514
/home/yogesh.patel/execution/25_9_2026_PRD_work/OCT2017_Test/test/DRUSEN/DRUSEN-9624303-2.jpeg,2,DRUSEN,DRUSEN,DRUSEN,True,0.0052650706,0.0126869865,0.0073960167,0.009615708,0.0074473885,0.9526182,0.0035486594,0.0014218864
/home/yogesh.patel/execution/25_9_2026_PRD_work/OCT2017_Test/test/DRUSEN/DRUSEN-9642260-1.jpeg,2,DRUSEN,DRUSEN,DRUSEN,True,0.005505718,0.013994579,0.00927298,0.0072465222,0.007847852,0.9519486,0.002334112,0.0018495884
/home/yogesh.patel/execution/25_9_2026_PRD_work/OCT2017_Test/test/DRUSEN/DRUSEN-9689334-1.jpeg,2,DRUSEN,DRUSEN,DRUSEN,True,0.009713341,0.0065546166,0.009102796,0.014278129,0.00824127,0.94736475,0.0028963878,0.0018486656
/home/yogesh.patel/execution/25_9_2026_PRD_work/OCT2017_Test/test/DRUSEN/DRUSEN-9734808-1.jpeg,2,DRUSEN,DRUSEN,DRUSEN,True,0.0056404117,0.0050366884,0.005445974,0.009636902,0.0043407707,0.96490276,0.0021103097,0.0028861323
/home/yogesh.patel/execution/25_9_2026_PRD_work/OCT2017_Test/test/DRUSEN/DRUSEN-9734808-2.jpeg,2,DRUSEN,DRUSEN,DRUSEN,True,0.007619297,0.14322028,0.005187638,0.016473146,0.0077266507,0.808101,0.009155089,0.0025168501
/home/yogesh.patel/execution/25_9_2026_PRD_work/OCT2017_Test/test/DRUSEN/DRUSEN-9800172-1.jpeg,2,DRUSEN,DRUSEN,DRUSEN,True,0.007949639,0.012336027,0.010912262,0.008700802,0.008219669,0.9438563,0.0049872627,0.0030379673
/home/yogesh.patel/execution/25_9_2026_PRD_work/OCT2017_Test/test/DRUSEN/DRUSEN-987193-1.jpeg,2,DRUSEN,DRUSEN,DRUSEN,True,0.010076189,0.007224677,0.010251078,0.009538649,0.009649587,0.94760513,0.0030631672,0.002591505
/home/yogesh.patel/execution/25_9_2026_PRD_work/OCT2017_Test/test/NORMAL/NORMAL-1017237-1.jpeg,3,NORMAL,NORMAL,NORMAL,True,0.0073082643,0.009840429,0.008762677,0.009308614,0.008167942,0.010931474,0.0076696007,0.938011
/home/yogesh.patel/execution/25_9_2026_PRD_work/OCT2017_Test/test/NORMAL/NORMAL-101880-1.jpeg,3,NORMAL,NORMAL,NORMAL,True,0.007111882,0.0070754895,0.010292205,0.006188275,0.015591907,0.008916156,0.01002941,0.9347948
/home/yogesh.patel/execution/25_9_2026_PRD_work/OCT2017_Test/test/NORMAL/NORMAL-1025847-1.jpeg,3,NORMAL,NORMAL,NORMAL,True,0.0072184284,0.007180018,0.009150848,0.003995615,0.01257691,0.031800285,0.010059575,0.9180183
/home/yogesh.patel/execution/25_9_2026_PRD_work/OCT2017_Test/test/NORMAL/NORMAL-1038998-1.jpeg,3,NORMAL,NORMAL,NORMAL,True,0.012589861,0.007274652,0.008427364,0.022269303,0.010242788,0.011167223,0.007305161,0.92072374
/home/yogesh.patel/execution/25_9_2026_PRD_work/OCT2017_Test/test/NORMAL/NORMAL-1042462-1.jpeg,3,NORMAL,NORMAL,NORMAL,True,0.007840391,0.015481757,0.010609845,0.010775784,0.008924328,0.07305488,0.003202895,0.8701101
/home/yogesh.patel/execution/25_9_2026_PRD_work/OCT2017_Test/test/NORMAL/NORMAL-1058176-1.jpeg,3,NORMAL,NORMAL,NORMAL,True,0.006197056,0.0064698556,0.0068392796,0.010852162,0.0064993044,0.014452909,0.0043510515,0.94433826
/home/yogesh.patel/execution/25_9_2026_PRD_work/OCT2017_Test/test/NORMAL/NORMAL-1063128-1.jpeg,3,NORMAL,NORMAL,NORMAL,True,0.009786747,0.007466941,0.008097496,0.009069446,0.012243039,0.016389178,0.007581738,0.92936546
/home/yogesh.patel/execution/25_9_2026_PRD_work/OCT2017_Test/test/NORMAL/NORMAL-1073137-1.jpeg,3,NORMAL,NORMAL,NORMAL,True,0.0071360935,0.005287823,0.0051792855,0.0076910844,0.0057173525,0.014382836,0.0047962363,0.94980925
/home/yogesh.patel/execution/25_9_2026_PRD_work/OCT2017_Test/test/NORMAL/NORMAL-1081406-1.jpeg,3,NORMAL,NORMAL,NORMAL,True,0.007845968,0.009832757,0.008287215,0.015407348,0.010298716,0.059658732,0.0062553897,0.8824139
/home/yogesh.patel/execution/25_9_2026_PRD_work/OCT2017_Test/test/NORMAL/NORMAL-112928-1.jpeg,3,NORMAL,NORMAL,NORMAL,True,0.009263276,0.013541672,0.010536957,0.0058607575,0.009355194,0.020137982,0.0050803293,0.92622393
/home/yogesh.patel/execution/25_9_2026_PRD_work/OCT2017_Test/test/NORMAL/NORMAL-119840-1.jpeg,3,NORMAL,NORMAL,NORMAL,True,0.008499922,0.011875904,0.009124962,0.022522641,0.009771061,0.014029521,0.008390877,0.915785
/home/yogesh.patel/execution/25_9_2026_PRD_work/OCT2017_Test/test/NORMAL/NORMAL-12494-1.jpeg,3,NORMAL,NORMAL,NORMAL,True,0.0049209124,0.005070507,0.006483088,0.0051332153,0.0055586775,0.014649635,0.0032735826,0.9549105
/home/yogesh.patel/execution/25_9_2026_PRD_work/OCT2017_Test/test/NORMAL/NORMAL-12494-2.jpeg,3,NORMAL,NORMAL,NORMAL,True,0.0069813933,0.0071288077,0.008072472,0.010103098,0.008646349,0.014682311,0.0051548555,0.9392306
/home/yogesh.patel/execution/25_9_2026_PRD_work/OCT2017_Test/test/NORMAL/NORMAL-12494-3.jpeg,3,NORMAL,NORMAL,NORMAL,True,0.0057608923,0.0078817345,0.009677466,0.007734951,0.007825095,0.022730606,0.005076528,0.9333127
/home/yogesh.patel/execution/25_9_2026_PRD_work/OCT2017_Test/test/NORMAL/NORMAL-12494-4.jpeg,3,NORMAL,NORMAL,NORMAL,True,0.009611385,0.012960919,0.010760057,0.013626929,0.009302414,0.016558252,0.0064881793,0.9206919
/home/yogesh.patel/execution/25_9_2026_PRD_work/OCT2017_Test/test/NORMAL/NORMAL-12494-5.jpeg,3,NORMAL,NORMAL,NORMAL,True,0.0067652445,0.012633182,0.01226273,0.0076429555,0.010135979,0.017524771,0.0057603926,0.9272749
/home/yogesh.patel/execution/25_9_2026_PRD_work/OCT2017_Test/test/NORMAL/NORMAL-133321-1.jpeg,3,NORMAL,NORMAL,NORMAL,True,0.00600878,0.009391898,0.01208007,0.011963729,0.017831353,0.009160439,0.008980467,0.92458326
/home/yogesh.patel/execution/25_9_2026_PRD_work/OCT2017_Test/test/NORMAL/NORMAL-138971-1.jpeg,3,NORMAL,NORMAL,NORMAL,True,0.008303261,0.005723737,0.0070118164,0.0114631355,0.008348708,0.02176778,0.005701371,0.9316802
/home/yogesh.patel/execution/25_9_2026_PRD_work/OCT2017_Test/test/NORMAL/NORMAL-15208-1.jpeg,3,NORMAL,NORMAL,NORMAL,True,0.0078133205,0.0046270457,0.006558267,0.006724804,0.007855351,0.009410852,0.0048347414,0.9521756
/home/yogesh.patel/execution/25_9_2026_PRD_work/OCT2017_Test/test/NORMAL/NORMAL-15307-1.jpeg,3,NORMAL,NORMAL,NORMAL,True,0.0076495064,0.008242426,0.007128683,0.010367036,0.0076765646,0.020504167,0.0055576432,0.93287396
/home/yogesh.patel/execution/25_9_2026_PRD_work/OCT2017_Test/test/NORMAL/NORMAL-153950-1.jpeg,3,NORMAL,NORMAL,NORMAL,True,0.0067045153,0.009841851,0.009398126,0.0046769814,0.010131215,0.019899452,0.007388171,0.93195975
/home/yogesh.patel/execution/25_9_2026_PRD_work/OCT2017_Test/test/NORMAL/NORMAL-1746717-1.jpeg,3,NORMAL,NORMAL,NORMAL,True,0.0063854754,0.0049437806,0.0071676676,0.005818845,0.0092966,0.009110321,0.004857505,0.95241994
/home/yogesh.patel/execution/25_9_2026_PRD_work/OCT2017_Test/test/NORMAL/NORMAL-1759350-1.jpeg,3,NORMAL,NORMAL,NORMAL,True,0.0073181377,0.0069049336,0.007239307,0.007439729,0.008755332,0.03747718,0.008110288,0.916755
/home/yogesh.patel/execution/25_9_2026_PRD_work/OCT2017_Test/test/NORMAL/NORMAL-1781140-1.jpeg,3,NORMAL,NORMAL,NORMAL,True,0.006235414,0.011177441,0.006577248,0.016404122,0.006189404,0.037913702,0.0076796925,0.907823
/home/yogesh.patel/execution/25_9_2026_PRD_work/OCT2017_Test/test/NORMAL/NORMAL-1791409-1.jpeg,3,NORMAL,NORMAL,NORMAL,True,0.006903363,0.0038705359,0.005640828,0.011019782,0.00770575,0.01440083,0.005038653,0.9454204
/home/yogesh.patel/execution/25_9_2026_PRD_work/OCT2017_Test/test/NORMAL/NORMAL-1831654-1.jpeg,3,NORMAL,NORMAL,NORMAL,True,0.007432526,0.0048712557,0.008574265,0.00763987,0.011407234,0.010454167,0.003955296,0.94566536
/home/yogesh.patel/execution/25_9_2026_PRD_work/OCT2017_Test/test/NORMAL/NORMAL-1853526-1.jpeg,3,NORMAL,NORMAL,NORMAL,True,0.008003233,0.0047119544,0.0076106694,0.0066915443,0.008827007,0.015400184,0.0058164676,0.9429389
/home/yogesh.patel/execution/25_9_2026_PRD_work/OCT2017_Test/test/NORMAL/NORMAL-1860310-1.jpeg,3,NORMAL,NORMAL,NORMAL,True,0.0047348966,0.0063537876,0.00651897,0.011079089,0.010124693,0.01170041,0.005458719,0.94402945
/home/yogesh.patel/execution/25_9_2026_PRD_work/OCT2017_Test/test/NORMAL/NORMAL-1897894-1.jpeg,3,NORMAL,NORMAL,NORMAL,True,0.008239986,0.015006438,0.011567046,0.009076118,0.009534499,0.010322833,0.0061986065,0.9300545
/home/yogesh.patel/execution/25_9_2026_PRD_work/OCT2017_Test/test/NORMAL/NORMAL-1907560-1.jpeg,3,NORMAL,NORMAL,NORMAL,True,0.0056305863,0.0048447233,0.0070940093,0.0071909195,0.006903131,0.024903053,0.0032704799,0.9401631
/home/yogesh.patel/execution/25_9_2026_PRD_work/OCT2017_Test/test/NORMAL/NORMAL-1908313-1.jpeg,3,NORMAL,NORMAL,NORMAL,True,0.009501799,0.004839592,0.00921267,0.01089823,0.008400023,0.010862256,0.0046809535,0.94160444
/home/yogesh.patel/execution/25_9_2026_PRD_work/OCT2017_Test/test/NORMAL/NORMAL-1951042-1.jpeg,3,NORMAL,NORMAL,NORMAL,True,0.009680864,0.009970119,0.009523135,0.011709094,0.009334159,0.012646473,0.0064525614,0.9306836
/home/yogesh.patel/execution/25_9_2026_PRD_work/OCT2017_Test/test/NORMAL/NORMAL-1957379-1.jpeg,3,NORMAL,NORMAL,NORMAL,True,0.0071723578,0.0073688487,0.00712746,0.0065392465,0.009447457,0.015824592,0.005635549,0.9408845
/home/yogesh.patel/execution/25_9_2026_PRD_work/OCT2017_Test/test/NORMAL/NORMAL-197082-1.jpeg,3,NORMAL,NORMAL,NORMAL,True,0.007845346,0.011809364,0.009365584,0.0048682163,0.010705364,0.09096435,0.00846589,0.8559759
/home/yogesh.patel/execution/25_9_2026_PRD_work/OCT2017_Test/test/NORMAL/NORMAL-1983894-1.jpeg,3,NORMAL,NORMAL,NORMAL,True,0.0079728775,0.010064753,0.013526167,0.0070729675,0.013335711,0.016688114,0.005801,0.9255384
/home/yogesh.patel/execution/25_9_2026_PRD_work/OCT2017_Test/test/NORMAL/NORMAL-1988065-1.jpeg,3,NORMAL,NORMAL,NORMAL,True,0.0054132547,0.0059977127,0.008710249,0.005157139,0.010657732,0.009379998,0.0058901515,0.9487937
/home/yogesh.patel/execution/25_9_2026_PRD_work/OCT2017_Test/test/NORMAL/NORMAL-1989796-1.jpeg,3,NORMAL,NORMAL,NORMAL,True,0.0065499675,0.005873755,0.005844565,0.0041003875,0.006105587,0.008112507,0.0036973045,0.959716
/home/yogesh.patel/execution/25_9_2026_PRD_work/OCT2017_Test/test/NORMAL/NORMAL-1998191-1.jpeg,3,NORMAL,NORMAL,NORMAL,True,0.006446221,0.012345822,0.013771184,0.0061977417,0.012327257,0.018284267,0.007422407,0.9232051
/home/yogesh.patel/execution/25_9_2026_PRD_work/OCT2017_Test/test/NORMAL/NORMAL-2010714-1.jpeg,3,NORMAL,NORMAL,NORMAL,True,0.009613674,0.01352357,0.00903476,0.01740985,0.008528879,0.0061761755,0.00677555,0.9289377
/home/yogesh.patel/execution/25_9_2026_PRD_work/OCT2017_Test/test/NORMAL/NORMAL-2011412-1.jpeg,3,NORMAL,NORMAL,NORMAL,True,0.0059599616,0.006157023,0.0072200177,0.00784742,0.008974231,0.023771552,0.005066733,0.93500304
/home/yogesh.patel/execution/25_9_2026_PRD_work/OCT2017_Test/test/NORMAL/NORMAL-2019006-1.jpeg,3,NORMAL,NORMAL,NORMAL,True,0.006775216,0.016010119,0.013747338,0.0059092515,0.013892631,0.04900652,0.0072086705,0.8874502
/home/yogesh.patel/execution/25_9_2026_PRD_work/OCT2017_Test/test/NORMAL/NORMAL-2019423-1.jpeg,3,NORMAL,NORMAL,NORMAL,True,0.00755636,0.012424577,0.0109291235,0.0088310335,0.011124951,0.023693698,0.009346436,0.9160937
/home/yogesh.patel/execution/25_9_2026_PRD_work/OCT2017_Test/test/NORMAL/NORMAL-2055634-1.jpeg,3,NORMAL,NORMAL,NORMAL,True,0.008559751,0.003061863,0.005883356,0.0073960507,0.0075657773,0.015204292,0.003929066,0.9483997
/home/yogesh.patel/execution/25_9_2026_PRD_work/OCT2017_Test/test/NORMAL/NORMAL-2059629-1.jpeg,3,NORMAL,NORMAL,NORMAL,True,0.011256672,0.0055558956,0.009165707,0.011858423,0.010776118,0.011903688,0.00594758,0.93353593
/home/yogesh.patel/execution/25_9_2026_PRD_work/OCT2017_Test/test/NORMAL/NORMAL-2075832-1.jpeg,3,NORMAL,NORMAL,NORMAL,True,0.006235416,0.020126758,0.013269757,0.008147416,0.0102552045,0.020410066,0.009445636,0.9121098
/home/yogesh.patel/execution/25_9_2026_PRD_work/OCT2017_Test/test/NORMAL/NORMAL-2082689-1.jpeg,3,NORMAL,NORMAL,NORMAL,True,0.008025788,0.01067818,0.008357283,0.0154030165,0.008277052,0.020539232,0.006645076,0.92207444
/home/yogesh.patel/execution/25_9_2026_PRD_work/OCT2017_Test/test/NORMAL/NORMAL-2095710-1.jpeg,3,NORMAL,NORMAL,NORMAL,True,0.007617419,0.006934674,0.006826592,0.0132658165,0.0077542886,0.018456968,0.004689565,0.9344547
/home/yogesh.patel/execution/25_9_2026_PRD_work/OCT2017_Test/test/NORMAL/NORMAL-2113822-1.jpeg,3,NORMAL,NORMAL,NORMAL,True,0.008902055,0.014763088,0.010224463,0.010312983,0.008986723,0.021994919,0.0072193374,0.91759646
/home/yogesh.patel/execution/25_9_2026_PRD_work/OCT2017_Test/test/NORMAL/NORMAL-2120559-1.jpeg,3,NORMAL,NORMAL,NORMAL,True,0.0056596952,0.010528563,0.010912569,0.0042115734,0.009354863,0.012839829,0.005373114,0.9411198
/home/yogesh.patel/execution/25_9_2026_PRD_work/OCT2017_Test/test/NORMAL/NORMAL-2120559-2.jpeg,3,NORMAL,NORMAL,NORMAL,True,0.0052679633,0.0048227534,0.005468863,0.010437757,0.007892858,0.008059725,0.0036283277,0.9544218
/home/yogesh.patel/execution/25_9_2026_PRD_work/OCT2017_Test/test/NORMAL/NORMAL-2120559-3.jpeg,3,NORMAL,NORMAL,NORMAL,True,0.0044164564,0.009223733,0.011820641,0.0037099891,0.01103179,0.010818427,0.0054365452,0.9435424
/home/yogesh.patel/execution/25_9_2026_PRD_work/OCT2017_Test/test/NORMAL/NORMAL-2126186-1.jpeg,3,NORMAL,NORMAL,NORMAL,True,0.0075646504,0.009020873,0.008658122,0.0104415985,0.008445999,0.018290734,0.0060755913,0.93150234
/home/yogesh.patel/execution/25_9_2026_PRD_work/OCT2017_Test/test/NORMAL/NORMAL-2131138-1.jpeg,3,NORMAL,NORMAL,NORMAL,True,0.008674093,0.010423321,0.008685359,0.015000121,0.0081202835,0.015740184,0.004699364,0.92865723
/home/yogesh.patel/execution/25_9_2026_PRD_work/OCT2017_Test/test/NORMAL/NORMAL-2158556-1.jpeg,3,NORMAL,NORMAL,NORMAL,True,0.007009451,0.0083709415,0.007390349,0.007793558,0.008791372,0.014904967,0.0044314065,0.9413081
/home/yogesh.patel/execution/25_9_2026_PRD_work/OCT2017_Test/test/NORMAL/NORMAL-2167295-1.jpeg,3,NORMAL,NORMAL,NORMAL,True,0.007380654,0.0071490165,0.009070342,0.010942293,0.006890774,0.011754536,0.0054477537,0.9413647
/home/yogesh.patel/execution/25_9_2026_PRD_work/OCT2017_Test/test/NORMAL/NORMAL-2181272-1.jpeg,3,NORMAL,NORMAL,NORMAL,True,0.007754065,0.0057143955,0.0063489317,0.01624863,0.007493079,0.017253157,0.0040360596,0.9351516
/home/yogesh.patel/execution/25_9_2026_PRD_work/OCT2017_Test/test/NORMAL/NORMAL-2182640-1.jpeg,3,NORMAL,DRUSEN,DRUSEN,False,0.0058432356,0.0029175275,0.0074921413,0.0027439187,0.0070814765,0.9279213,0.0028330837,0.04316739
/home/yogesh.patel/execution/25_9_2026_PRD_work/OCT2017_Test/test/NORMAL/NORMAL-2192790-1.jpeg,3,NORMAL,NORMAL,NORMAL,True,0.0071876263,0.009376038,0.0080027655,0.006762887,0.008714901,0.01741236,0.0052963123,0.9372471
/home/yogesh.patel/execution/25_9_2026_PRD_work/OCT2017_Test/test/NORMAL/NORMAL-2197972-1.jpeg,3,NORMAL,NORMAL,NORMAL,True,0.009415435,0.006371613,0.008262892,0.009595874,0.008005798,0.0125977965,0.0057838275,0.93996674
/home/yogesh.patel/execution/25_9_2026_PRD_work/OCT2017_Test/test/NORMAL/NORMAL-2226488-1.jpeg,3,NORMAL,NORMAL,NORMAL,True,0.004170349,0.0053685866,0.006708874,0.0105629945,0.005513064,0.0064863916,0.0031302685,0.9580595
/home/yogesh.patel/execution/25_9_2026_PRD_work/OCT2017_Test/test/NORMAL/NORMAL-2231056-1.jpeg,3,NORMAL,NORMAL,NORMAL,True,0.0068333196,0.012811625,0.007573208,0.015901268,0.006305105,0.025237685,0.00523687,0.9201009
/home/yogesh.patel/execution/25_9_2026_PRD_work/OCT2017_Test/test/NORMAL/NORMAL-223814-1.jpeg,3,NORMAL,NORMAL,NORMAL,True,0.006069558,0.0045505953,0.005436272,0.009562789,0.0057738633,0.010490367,0.002955857,0.9551607
/home/yogesh.patel/execution/25_9_2026_PRD_work/OCT2017_Test/test/NORMAL/NORMAL-2244950-1.jpeg,3,NORMAL,NORMAL,NORMAL,True,0.0063263383,0.0074180528,0.0061346134,0.009738059,0.0066556884,0.010211092,0.0037160865,0.94980013
/home/yogesh.patel/execution/25_9_2026_PRD_work/OCT2017_Test/test/NORMAL/NORMAL-2287992-1.jpeg,3,NORMAL,NORMAL,NORMAL,True,0.007139415,0.0075186617,0.0068593733,0.008748524,0.006910156,0.026852958,0.006632855,0.929338
/home/yogesh.patel/execution/25_9_2026_PRD_work/OCT2017_Test/test/NORMAL/NORMAL-2305502-1.jpeg,3,NORMAL,NORMAL,NORMAL,True,0.008990809,0.007272471,0.009528124,0.013113977,0.011972618,0.015126359,0.0067365346,0.9272591
/home/yogesh.patel/execution/25_9_2026_PRD_work/OCT2017_Test/test/NORMAL/NORMAL-2312921-1.jpeg,3,NORMAL,NORMAL,NORMAL,True,0.0070118564,0.011584601,0.00889353,0.020173592,0.008002574,0.019409394,0.0040898924,0.9208346
/home/yogesh.patel/execution/25_9_2026_PRD_work/OCT2017_Test/test/NORMAL/NORMAL-2316423-1.jpeg,3,NORMAL,NORMAL,NORMAL,True,0.008894711,0.015390264,0.0094473995,0.008547742,0.010451271,0.039821807,0.00797135,0.89947546
/home/yogesh.patel/execution/25_9_2026_PRD_work/OCT2017_Test/test/NORMAL/NORMAL-2335256-1.jpeg,3,NORMAL,NORMAL,NORMAL,True,0.007849457,0.007846926,0.009534371,0.010119541,0.011910931,0.016624741,0.0067760083,0.9293381
/home/yogesh.patel/execution/25_9_2026_PRD_work/OCT2017_Test/test/NORMAL/NORMAL-2342517-1.jpeg,3,NORMAL,NORMAL,NORMAL,True,0.006575082,0.0054337857,0.006840535,0.006733153,0.0072476733,0.020081492,0.0037891294,0.9432991
/home/yogesh.patel/execution/25_9_2026_PRD_work/OCT2017_Test/test/NORMAL/NORMAL-2350851-1.jpeg,3,NORMAL,NORMAL,NORMAL,True,0.011174696,0.005459437,0.008684745,0.013751011,0.01199603,0.008660707,0.0056500696,0.93462336
/home/yogesh.patel/execution/25_9_2026_PRD_work/OCT2017_Test/test/NORMAL/NORMAL-2351012-1.jpeg,3,NORMAL,NORMAL,NORMAL,True,0.010988995,0.0042869085,0.0076763816,0.012366659,0.0109241335,0.012162984,0.0055790655,0.93601483
/home/yogesh.patel/execution/25_9_2026_PRD_work/OCT2017_Test/test/NORMAL/NORMAL-2362579-1.jpeg,3,NORMAL,NORMAL,NORMAL,True,0.006883865,0.010053403,0.011040987,0.007829597,0.010063394,0.015941061,0.00458368,0.93360406
/home/yogesh.patel/execution/25_9_2026_PRD_work/OCT2017_Test/test/NORMAL/NORMAL-2366700-1.jpeg,3,NORMAL,NORMAL,NORMAL,True,0.008371456,0.010389156,0.00880656,0.014876201,0.00953502,0.015428079,0.0067612254,0.9258323
/home/yogesh.patel/execution/25_9_2026_PRD_work/OCT2017_Test/test/NORMAL/NORMAL-2373878-1.jpeg,3,NORMAL,NORMAL,NORMAL,True,0.0072471914,0.010486508,0.008008724,0.010482239,0.0067338096,0.017212313,0.0052178684,0.93461126
/home/yogesh.patel/execution/25_9_2026_PRD_work/OCT2017_Test/test/NORMAL/NORMAL-2377429-1.jpeg,3,NORMAL,NORMAL,NORMAL,True,0.006450789,0.008740632,0.008068436,0.006370593,0.008352213,0.029327499,0.005246112,0.92744374
/home/yogesh.patel/execution/25_9_2026_PRD_work/OCT2017_Test/test/NORMAL/NORMAL-2392366-1.jpeg,3,NORMAL,NORMAL,NORMAL,True,0.008384569,0.013166101,0.00815644,0.013484734,0.010915097,0.0210379,0.006485209,0.91837007
/home/yogesh.patel/execution/25_9_2026_PRD_work/OCT2017_Test/test/NORMAL/NORMAL-2397754-1.jpeg,3,NORMAL,NORMAL,NORMAL,True,0.008994028,0.0082412595,0.008437267,0.013129674,0.011299015,0.023133198,0.0070962263,0.9196693
/home/yogesh.patel/execution/25_9_2026_PRD_work/OCT2017_Test/test/NORMAL/NORMAL-2403175-1.jpeg,3,NORMAL,NORMAL,NORMAL,True,0.00669069,0.010362592,0.011714788,0.0043308525,0.010145031,0.048000712,0.006817462,0.9019379
/home/yogesh.patel/execution/25_9_2026_PRD_work/OCT2017_Test/test/NORMAL/NORMAL-2416187-1.jpeg,3,NORMAL,NORMAL,NORMAL,True,0.009792809,0.012290458,0.010685505,0.01627336,0.008449235,0.011902582,0.006517802,0.92408824
/home/yogesh.patel/execution/25_9_2026_PRD_work/OCT2017_Test/test/NORMAL/NORMAL-2421067-1.jpeg,3,NORMAL,NORMAL,NORMAL,True,0.011830441,0.0036807524,0.0063719116,0.014522825,0.009855199,0.0058799046,0.0047872197,0.94307184
/home/yogesh.patel/execution/25_9_2026_PRD_work/OCT2017_Test/test/NORMAL/NORMAL-2424949-1.jpeg,3,NORMAL,NORMAL,NORMAL,True,0.011398442,0.00438453,0.0062873745,0.023331432,0.008161087,0.010605645,0.0053949207,0.9304366
/home/yogesh.patel/execution/25_9_2026_PRD_work/OCT2017_Test/test/NORMAL/NORMAL-2434258-1.jpeg,3,NORMAL,NORMAL,NORMAL,True,0.007450976,0.005460744,0.005756024,0.011982834,0.008385046,0.009340985,0.0038242594,0.94779915
/home/yogesh.patel/execution/25_9_2026_PRD_work/OCT2017_Test/test/NORMAL/NORMAL-2436365-1.jpeg,3,NORMAL,NORMAL,NORMAL,True,0.0067292154,0.012296237,0.009830738,0.0067853155,0.011736218,0.014768259,0.005737025,0.932117
/home/yogesh.patel/execution/25_9_2026_PRD_work/OCT2017_Test/test/NORMAL/NORMAL-2448954-1.jpeg,3,NORMAL,NORMAL,NORMAL,True,0.0044585722,0.006517377,0.009859184,0.0042258673,0.011009555,0.018362982,0.005962188,0.93960434
/home/yogesh.patel/execution/25_9_2026_PRD_work/OCT2017_Test/test/NORMAL/NORMAL-2459401-1.jpeg,3,NORMAL,NORMAL,NORMAL,True,0.007854231,0.010459618,0.008015656,0.012303771,0.0076311273,0.009569771,0.0034258103,0.94074005
/home/yogesh.patel/execution/25_9_2026_PRD_work/OCT2017_Test/test/NORMAL/NORMAL-2460548-1.jpeg,3,NORMAL,NORMAL,NORMAL,True,0.0058912085,0.0056089526,0.006518735,0.0066458755,0.009412935,0.017975802,0.0044932836,0.94345313
/home/yogesh.patel/execution/25_9_2026_PRD_work/OCT2017_Test/test/NORMAL/NORMAL-2476896-1.jpeg,3,NORMAL,NORMAL,NORMAL,True,0.006180526,0.007334983,0.007724328,0.0086048,0.0073124687,0.009997768,0.004880629,0.9479645
/home/yogesh.patel/execution/25_9_2026_PRD_work/OCT2017_Test/test/NORMAL/NORMAL-2493975-1.jpeg,3,NORMAL,NORMAL,NORMAL,True,0.008466205,0.008985601,0.00834846,0.006409914,0.0074007427,0.008824663,0.0064836666,0.9450807
/home/yogesh.patel/execution/25_9_2026_PRD_work/OCT2017_Test/test/NORMAL/NORMAL-2504667-1.jpeg,3,NORMAL,NORMAL,NORMAL,True,0.0087829735,0.011193012,0.012746842,0.007646891,0.013110495,0.023891937,0.009668728,0.9129591
/home/yogesh.patel/execution/25_9_2026_PRD_work/OCT2017_Test/test/NORMAL/NORMAL-2509453-1.jpeg,3,NORMAL,NORMAL,NORMAL,True,0.0067253187,0.007033858,0.007147379,0.012554326,0.0074485955,0.0055340114,0.0036961539,0.94986033
/home/yogesh.patel/execution/25_9_2026_PRD_work/OCT2017_Test/test/NORMAL/NORMAL-2517546-1.jpeg,3,NORMAL,NORMAL,NORMAL,True,0.0070911897,0.008435569,0.00884997,0.011805019,0.008664216,0.0068732626,0.0045539346,0.9437268
/home/yogesh.patel/execution/25_9_2026_PRD_work/OCT2017_Test/test/NORMAL/NORMAL-2549549-1.jpeg,3,NORMAL,NORMAL,NORMAL,True,0.005789631,0.008791153,0.0064032255,0.005628268,0.006361923,0.012371442,0.0046291305,0.95002526
/home/yogesh.patel/execution/25_9_2026_PRD_work/OCT2017_Test/test/NORMAL/NORMAL-2551333-1.jpeg,3,NORMAL,NORMAL,NORMAL,True,0.008507628,0.009688754,0.010780749,0.009882024,0.010732274,0.01776449,0.006600505,0.9260436
/home/yogesh.patel/execution/25_9_2026_PRD_work/OCT2017_Test/test/NORMAL/NORMAL-2569106-1.jpeg,3,NORMAL,NORMAL,NORMAL,True,0.014044386,0.0067477054,0.008559874,0.023776185,0.015776897,0.007374497,0.0071058352,0.91661465
/home/yogesh.patel/execution/25_9_2026_PRD_work/OCT2017_Test/test/NORMAL/NORMAL-2570020-1.jpeg,3,NORMAL,NORMAL,NORMAL,True,0.00686699,0.008375721,0.008438028,0.0130511075,0.0076686484,0.019547798,0.0056462167,0.93040544
/home/yogesh.patel/execution/25_9_2026_PRD_work/OCT2017_Test/test/NORMAL/NORMAL-2579419-1.jpeg,3,NORMAL,NORMAL,NORMAL,True,0.006400939,0.00807345,0.007814541,0.004139275,0.0077790213,0.025767662,0.005065378,0.9349598
/home/yogesh.patel/execution/25_9_2026_PRD_work/OCT2017_Test/test/NORMAL/NORMAL-2598368-1.jpeg,3,NORMAL,NORMAL,NORMAL,True,0.0071465513,0.006272804,0.006481078,0.006751052,0.008748809,0.02230123,0.0050093713,0.93728906
/home/yogesh.patel/execution/25_9_2026_PRD_work/OCT2017_Test/test/NORMAL/NORMAL-2602596-1.jpeg,3,NORMAL,NORMAL,NORMAL,True,0.00810277,0.006452761,0.0072656185,0.019894186,0.010801288,0.011251789,0.004367119,0.9318644
/home/yogesh.patel/execution/25_9_2026_PRD_work/OCT2017_Test/test/NORMAL/NORMAL-2627129-1.jpeg,3,NORMAL,NORMAL,NORMAL,True,0.008264432,0.010045418,0.0093375435,0.0140708005,0.008602296,0.011464058,0.0062803053,0.93193513
/home/yogesh.patel/execution/25_9_2026_PRD_work/OCT2017_Test/test/NORMAL/NORMAL-2633503-1.jpeg,3,NORMAL,NORMAL,NORMAL,True,0.014015698,0.0061793025,0.011240389,0.017555928,0.014892566,0.011902588,0.008622087,0.9155915
/home/yogesh.patel/execution/25_9_2026_PRD_work/OCT2017_Test/test/NORMAL/NORMAL-2636641-1.jpeg,3,NORMAL,NORMAL,NORMAL,True,0.007986595,0.0071384385,0.009426182,0.007638059,0.0082643675,0.010051353,0.005149216,0.94434583
/home/yogesh.patel/execution/25_9_2026_PRD_work/OCT2017_Test/test/NORMAL/NORMAL-2665491-1.jpeg,3,NORMAL,NORMAL,NORMAL,True,0.0077380994,0.010250334,0.007857821,0.01396168,0.008971042,0.0235401,0.0069949077,0.9206861
/home/yogesh.patel/execution/25_9_2026_PRD_work/OCT2017_Test/test/NORMAL/NORMAL-269181-1.jpeg,3,NORMAL,NORMAL,NORMAL,True,0.004783864,0.00433817,0.005697155,0.0068458673,0.0051770317,0.011358513,0.003448071,0.9583513
/home/yogesh.patel/execution/25_9_2026_PRD_work/OCT2017_Test/test/NORMAL/NORMAL-2705520-1.jpeg,3,NORMAL,NORMAL,NORMAL,True,0.0050915116,0.006136556,0.008359246,0.0059471875,0.0111683775,0.037689157,0.0040074876,0.9216004
/home/yogesh.patel/execution/25_9_2026_PRD_work/OCT2017_Test/test/NORMAL/NORMAL-2709055-1.jpeg,3,NORMAL,NORMAL,NORMAL,True,0.00996285,0.012801543,0.013948527,0.014050595,0.011689188,0.014199905,0.009060217,0.9142871
/home/yogesh.patel/execution/25_9_2026_PRD_work/OCT2017_Test/test/NORMAL/NORMAL-2733663-1.jpeg,3,NORMAL,NORMAL,NORMAL,True,0.009196547,0.011163549,0.011285187,0.020109598,0.011253584,0.012991852,0.0065055443,0.91749406
/home/yogesh.patel/execution/25_9_2026_PRD_work/OCT2017_Test/test/NORMAL/NORMAL-2739821-1.jpeg,3,NORMAL,NORMAL,NORMAL,True,0.008120711,0.010178201,0.015550438,0.005592333,0.016627543,0.033808637,0.00707936,0.90304285
/home/yogesh.patel/execution/25_9_2026_PRD_work/OCT2017_Test/test/NORMAL/NORMAL-2769622-1.jpeg,3,NORMAL,NORMAL,NORMAL,True,0.0063388096,0.0126945935,0.014257535,0.006464738,0.01047887,0.03364988,0.0076396205,0.90847594
/home/yogesh.patel/execution/25_9_2026_PRD_work/OCT2017_Test/test/NORMAL/NORMAL-2769622-2.jpeg,3,NORMAL,NORMAL,NORMAL,True,0.011780721,0.0036178397,0.00544696,0.012913284,0.007835926,0.008023505,0.004800084,0.9455817
/home/yogesh.patel/execution/25_9_2026_PRD_work/OCT2017_Test/test/NORMAL/NORMAL-279206-1.jpeg,3,NORMAL,NORMAL,NORMAL,True,0.007667458,0.010944607,0.007689382,0.016816912,0.0073835915,0.017195066,0.0056316066,0.9266713
/home/yogesh.patel/execution/25_9_2026_PRD_work/OCT2017_Test/test/NORMAL/NORMAL-283376-1.jpeg,3,NORMAL,NORMAL,NORMAL,True,0.009146987,0.00669491,0.009207126,0.011649726,0.00931031,0.014415629,0.0070276735,0.9325475
/home/yogesh.patel/execution/25_9_2026_PRD_work/OCT2017_Test/test/NORMAL/NORMAL-285896-1.jpeg,3,NORMAL,NORMAL,NORMAL,True,0.008790916,0.018973252,0.014738814,0.013716771,0.013128044,0.024741162,0.009073957,0.8968371
/home/yogesh.patel/execution/25_9_2026_PRD_work/OCT2017_Test/test/NORMAL/NORMAL-2973935-1.jpeg,3,NORMAL,NORMAL,NORMAL,True,0.0076292763,0.0076938923,0.01093532,0.007759185,0.011648683,0.014110837,0.0067289188,0.9334939
/home/yogesh.patel/execution/25_9_2026_PRD_work/OCT2017_Test/test/NORMAL/NORMAL-3059523-1.jpeg,3,NORMAL,NORMAL,NORMAL,True,0.0077873156,0.011880305,0.008894551,0.015442887,0.0077585913,0.021438107,0.0055784048,0.92121977
/home/yogesh.patel/execution/25_9_2026_PRD_work/OCT2017_Test/test/NORMAL/NORMAL-307151-1.jpeg,3,NORMAL,NORMAL,NORMAL,True,0.006605453,0.006648359,0.007812891,0.010668523,0.012062946,0.016312964,0.005506174,0.93438274
/home/yogesh.patel/execution/25_9_2026_PRD_work/OCT2017_Test/test/NORMAL/NORMAL-307151-2.jpeg,3,NORMAL,NORMAL,NORMAL,True,0.011195801,0.0079339165,0.010545799,0.021713521,0.012700715,0.02738783,0.006638627,0.9018838
/home/yogesh.patel/execution/25_9_2026_PRD_work/OCT2017_Test/test/NORMAL/NORMAL-3077276-1.jpeg,3,NORMAL,NORMAL,NORMAL,True,0.006814575,0.006956758,0.00667271,0.0068783755,0.006674046,0.025228072,0.0040273536,0.93674815
/home/yogesh.patel/execution/25_9_2026_PRD_work/OCT2017_Test/test/NORMAL/NORMAL-3100637-1.jpeg,3,NORMAL,NORMAL,NORMAL,True,0.00635264,0.0035603761,0.005483899,0.006689181,0.006420297,0.018240726,0.003802877,0.94944996
/home/yogesh.patel/execution/25_9_2026_PRD_work/OCT2017_Test/test/NORMAL/NORMAL-3103940-1.jpeg,3,NORMAL,NORMAL,NORMAL,True,0.0069123,0.006027204,0.009305673,0.005247809,0.008180504,0.012609375,0.005268286,0.94644886
/home/yogesh.patel/execution/25_9_2026_PRD_work/OCT2017_Test/test/NORMAL/NORMAL-3108564-1.jpeg,3,NORMAL,NORMAL,NORMAL,True,0.0057819537,0.013396475,0.008209075,0.008059942,0.0065608374,0.0143602025,0.0052463403,0.9383852
/home/yogesh.patel/execution/25_9_2026_PRD_work/OCT2017_Test/test/NORMAL/NORMAL-3134896-1.jpeg,3,NORMAL,NORMAL,NORMAL,True,0.006807687,0.005521594,0.00597736,0.0077206343,0.004939434,0.014637104,0.0045571164,0.94983906
/home/yogesh.patel/execution/25_9_2026_PRD_work/OCT2017_Test/test/NORMAL/NORMAL-3166591-1.jpeg,3,NORMAL,NORMAL,NORMAL,True,0.009080291,0.014853282,0.012345127,0.011015675,0.010820703,0.022390606,0.0068448614,0.9126495
/home/yogesh.patel/execution/25_9_2026_PRD_work/OCT2017_Test/test/NORMAL/NORMAL-3220509-1.jpeg,3,NORMAL,NORMAL,NORMAL,True,0.008797586,0.007382082,0.0065037785,0.008545481,0.00821208,0.02489069,0.006955416,0.92871284
/home/yogesh.patel/execution/25_9_2026_PRD_work/OCT2017_Test/test/NORMAL/NORMAL-3244919-1.jpeg,3,NORMAL,NORMAL,NORMAL,True,0.008470413,0.010814793,0.01065323,0.007708627,0.008347947,0.012774041,0.0044764215,0.9367546
/home/yogesh.patel/execution/25_9_2026_PRD_work/OCT2017_Test/test/NORMAL/NORMAL-3256489-1.jpeg,3,NORMAL,NORMAL,NORMAL,True,0.008884358,0.019979289,0.009724037,0.012548694,0.011221234,0.020601163,0.0074830423,0.90955824
/home/yogesh.patel/execution/25_9_2026_PRD_work/OCT2017_Test/test/NORMAL/NORMAL-3277704-1.jpeg,3,NORMAL,NORMAL,NORMAL,True,0.009810177,0.0039477935,0.0048118057,0.017281808,0.0073537715,0.010737425,0.004103572,0.94195354
/home/yogesh.patel/execution/25_9_2026_PRD_work/OCT2017_Test/test/NORMAL/NORMAL-3300015-1.jpeg,3,NORMAL,NORMAL,NORMAL,True,0.008242918,0.0059429263,0.00762599,0.013240609,0.011737837,0.0146124195,0.0053864364,0.93321073
/home/yogesh.patel/execution/25_9_2026_PRD_work/OCT2017_Test/test/NORMAL/NORMAL-3307598-1.jpeg,3,NORMAL,NORMAL,NORMAL,True,0.006526284,0.011721377,0.008654926,0.010560927,0.010730521,0.044017207,0.007953539,0.8998352
/home/yogesh.patel/execution/25_9_2026_PRD_work/OCT2017_Test/test/NORMAL/NORMAL-3307598-2.jpeg,3,NORMAL,NORMAL,NORMAL,True,0.009395594,0.008637283,0.009180579,0.01007752,0.009736985,0.026430963,0.006687302,0.91985375
/home/yogesh.patel/execution/25_9_2026_PRD_work/OCT2017_Test/test/NORMAL/NORMAL-3308307-1.jpeg,3,NORMAL,NORMAL,NORMAL,True,0.00903831,0.019773902,0.0137557965,0.008323642,0.010923462,0.039367143,0.00991664,0.8889011
/home/yogesh.patel/execution/25_9_2026_PRD_work/OCT2017_Test/test/NORMAL/NORMAL-330905-1.jpeg,3,NORMAL,NORMAL,NORMAL,True,0.004936492,0.0074516446,0.005975973,0.009651867,0.005457321,0.017433139,0.004435711,0.944658
/home/yogesh.patel/execution/25_9_2026_PRD_work/OCT2017_Test/test/NORMAL/NORMAL-3320960-1.jpeg,3,NORMAL,NORMAL,NORMAL,True,0.009629691,0.006730594,0.008914893,0.010617069,0.010297008,0.014459256,0.007916217,0.9314352
/home/yogesh.patel/execution/25_9_2026_PRD_work/OCT2017_Test/test/NORMAL/NORMAL-3326661-1.jpeg,3,NORMAL,NORMAL,NORMAL,True,0.009345327,0.010861119,0.008002825,0.013352144,0.009412033,0.03151505,0.007992018,0.90951955
/home/yogesh.patel/execution/25_9_2026_PRD_work/OCT2017_Test/test/NORMAL/NORMAL-3330006-1.jpeg,3,NORMAL,NORMAL,NORMAL,True,0.009057753,0.013898081,0.011234938,0.012594864,0.009525711,0.019367563,0.00566193,0.9186592
/home/yogesh.patel/execution/25_9_2026_PRD_work/OCT2017_Test/test/NORMAL/NORMAL-3332063-1.jpeg,3,NORMAL,NORMAL,NORMAL,True,0.0072852573,0.0038512978,0.0061914646,0.005466205,0.008489247,0.017994614,0.005977031,0.944745
/home/yogesh.patel/execution/25_9_2026_PRD_work/OCT2017_Test/test/NORMAL/NORMAL-33350-1.jpeg,3,NORMAL,NORMAL,NORMAL,True,0.0073190196,0.0033814928,0.006592947,0.018507618,0.009950872,0.009894477,0.0034572603,0.9408964
/home/yogesh.patel/execution/25_9_2026_PRD_work/OCT2017_Test/test/NORMAL/NORMAL-33350-2.jpeg,3,NORMAL,NORMAL,NORMAL,True,0.0069154394,0.0033785691,0.007131551,0.011417926,0.009165586,0.013103477,0.004009417,0.944878
/home/yogesh.patel/execution/25_9_2026_PRD_work/OCT2017_Test/test/NORMAL/NORMAL-33350-3.jpeg,3,NORMAL,NORMAL,NORMAL,True,0.013251456,0.044745125,0.012903474,0.01878526,0.01188735,0.14113307,0.010590635,0.7467036
/home/yogesh.patel/execution/25_9_2026_PRD_work/OCT2017_Test/test/NORMAL/NORMAL-3340309-1.jpeg,3,NORMAL,NORMAL,NORMAL,True,0.0048677395,0.01316998,0.011616582,0.0057753213,0.010536526,0.02129586,0.0056871846,0.92705077
/home/yogesh.patel/execution/25_9_2026_PRD_work/OCT2017_Test/test/NORMAL/NORMAL-3346049-1.jpeg,3,NORMAL,NORMAL,NORMAL,True,0.0051490986,0.009445373,0.008065314,0.0055587254,0.0113858,0.012429001,0.0045987302,0.94336796
/home/yogesh.patel/execution/25_9_2026_PRD_work/OCT2017_Test/test/NORMAL/NORMAL-3347645-1.jpeg,3,NORMAL,NORMAL,NORMAL,True,0.007858689,0.0044564465,0.008277883,0.00602706,0.008332339,0.011332533,0.0048429086,0.9488722
/home/yogesh.patel/execution/25_9_2026_PRD_work/OCT2017_Test/test/NORMAL/NORMAL-3354044-1.jpeg,3,NORMAL,NORMAL,NORMAL,True,0.005098613,0.003817183,0.0046633813,0.0068849428,0.0040400713,0.01063405,0.0023940469,0.9624676
/home/yogesh.patel/execution/25_9_2026_PRD_work/OCT2017_Test/test/NORMAL/NORMAL-3361560-1.jpeg,3,NORMAL,NORMAL,NORMAL,True,0.007900049,0.013674464,0.0077265734,0.011130139,0.009477455,0.016639823,0.0059786728,0.9274728
/home/yogesh.patel/execution/25_9_2026_PRD_work/OCT2017_Test/test/NORMAL/NORMAL-3361750-1.jpeg,3,NORMAL,NORMAL,NORMAL,True,0.0065377518,0.012789741,0.011514199,0.007833822,0.012657801,0.014193941,0.007954299,0.92651856
/home/yogesh.patel/execution/25_9_2026_PRD_work/OCT2017_Test/test/NORMAL/NORMAL-33637-1.jpeg,3,NORMAL,NORMAL,NORMAL,True,0.010578188,0.004994343,0.007059429,0.016630277,0.010830453,0.010585837,0.004968191,0.9343533
/home/yogesh.patel/execution/25_9_2026_PRD_work/OCT2017_Test/test/NORMAL/NORMAL-3373954-1.jpeg,3,NORMAL,NORMAL,NORMAL,True,0.009398038,0.0038419263,0.0063804467,0.012585052,0.008058383,0.010704183,0.0047019618,0.9443301
/home/yogesh.patel/execution/25_9_2026_PRD_work/OCT2017_Test/test/NORMAL/NORMAL-3380901-1.jpeg,3,NORMAL,NORMAL,NORMAL,True,0.009781207,0.0125986235,0.010709656,0.009662699,0.0104461005,0.015685814,0.0074273353,0.9236886
/home/yogesh.patel/execution/25_9_2026_PRD_work/OCT2017_Test/test/NORMAL/NORMAL-338568-1.jpeg,3,NORMAL,NORMAL,NORMAL,True,0.007906163,0.0069607785,0.008699484,0.006943709,0.008615062,0.025423475,0.0059585585,0.9294928
/home/yogesh.patel/execution/25_9_2026_PRD_work/OCT2017_Test/test/NORMAL/NORMAL-3390782-1.jpeg,3,NORMAL,NORMAL,NORMAL,True,0.0070116976,0.009909696,0.005757679,0.01098601,0.005820451,0.021043891,0.0050637894,0.9344068
/home/yogesh.patel/execution/25_9_2026_PRD_work/OCT2017_Test/test/NORMAL/NORMAL-3398969-1.jpeg,3,NORMAL,NORMAL,NORMAL,True,0.0071602017,0.012248009,0.0070817997,0.0077105984,0.006347854,0.019095311,0.0045306035,0.93582565
/home/yogesh.patel/execution/25_9_2026_PRD_work/OCT2017_Test/test/NORMAL/NORMAL-3399839-1.jpeg,3,NORMAL,NORMAL,NORMAL,True,0.006424514,0.00554825,0.00614628,0.00831049,0.008333383,0.008944316,0.004499218,0.9517935
/home/yogesh.patel/execution/25_9_2026_PRD_work/OCT2017_Test/test/NORMAL/NORMAL-3416330-1.jpeg,3,NORMAL,NORMAL,NORMAL,True,0.007457646,0.0043651205,0.0070196847,0.0059396983,0.010340111,0.008296212,0.0054636286,0.95111793
/home/yogesh.patel/execution/25_9_2026_PRD_work/OCT2017_Test/test/NORMAL/NORMAL-3431386-1.jpeg,3,NORMAL,NORMAL,NORMAL,True,0.007433965,0.0064171506,0.0074000903,0.01874485,0.0091291685,0.010084225,0.0026315374,0.93815905
/home/yogesh.patel/execution/25_9_2026_PRD_work/OCT2017_Test/test/NORMAL/NORMAL-3451887-1.jpeg,3,NORMAL,NORMAL,NORMAL,True,0.0074442984,0.010124284,0.008559387,0.009836197,0.008413453,0.0094199395,0.004496408,0.941706
/home/yogesh.patel/execution/25_9_2026_PRD_work/OCT2017_Test/test/NORMAL/NORMAL-3465750-1.jpeg,3,NORMAL,NORMAL,NORMAL,True,0.007947149,0.0051473393,0.008922583,0.0047877003,0.00928948,0.014783197,0.0056514917,0.9434711
/home/yogesh.patel/execution/25_9_2026_PRD_work/OCT2017_Test/test/NORMAL/NORMAL-3466714-1.jpeg,3,NORMAL,NORMAL,NORMAL,True,0.008303771,0.009914995,0.0061979713,0.012605881,0.0076325135,0.017942427,0.003391266,0.9340112
/home/yogesh.patel/execution/25_9_2026_PRD_work/OCT2017_Test/test/NORMAL/NORMAL-3475211-1.jpeg,3,NORMAL,NORMAL,NORMAL,True,0.007185482,0.012184447,0.012582581,0.007373306,0.011676216,0.017871153,0.0089825345,0.92214423
/home/yogesh.patel/execution/25_9_2026_PRD_work/OCT2017_Test/test/NORMAL/NORMAL-348347-1.jpeg,3,NORMAL,NORMAL,NORMAL,True,0.0074446807,0.007147476,0.007051444,0.0073951557,0.0072563295,0.016525619,0.0059047383,0.9412746
/home/yogesh.patel/execution/25_9_2026_PRD_work/OCT2017_Test/test/NORMAL/NORMAL-349021-1.jpeg,3,NORMAL,NORMAL,NORMAL,True,0.009858209,0.0077710454,0.0076863724,0.006507178,0.011135171,0.07569162,0.0070364703,0.87431395
/home/yogesh.patel/execution/25_9_2026_PRD_work/OCT2017_Test/test/NORMAL/NORMAL-351109-1.jpeg,3,NORMAL,NORMAL,NORMAL,True,0.005377642,0.0045355214,0.0059521524,0.006110135,0.0066085854,0.009732945,0.003647074,0.95803595
/home/yogesh.patel/execution/25_9_2026_PRD_work/OCT2017_Test/test/NORMAL/NORMAL-351109-2.jpeg,3,NORMAL,NORMAL,NORMAL,True,0.006894204,0.005812371,0.00666706,0.010867165,0.007858155,0.0072619617,0.0037899432,0.9508492
/home/yogesh.patel/execution/25_9_2026_PRD_work/OCT2017_Test/test/NORMAL/NORMAL-3531215-1.jpeg,3,NORMAL,NORMAL,NORMAL,True,0.009273073,0.011556958,0.011175209,0.0111727305,0.009694747,0.014124814,0.004853831,0.9281487
/home/yogesh.patel/execution/25_9_2026_PRD_work/OCT2017_Test/test/NORMAL/NORMAL-3538316-1.jpeg,3,NORMAL,NORMAL,NORMAL,True,0.0063108588,0.0043376214,0.0056911353,0.0069886497,0.006675692,0.019935718,0.0040413905,0.94601893
/home/yogesh.patel/execution/25_9_2026_PRD_work/OCT2017_Test/test/NORMAL/NORMAL-3561306-1.jpeg,3,NORMAL,NORMAL,NORMAL,True,0.0070965765,0.007803652,0.009235111,0.0075301565,0.007739195,0.009554443,0.006204404,0.9448365
/home/yogesh.patel/execution/25_9_2026_PRD_work/OCT2017_Test/test/NORMAL/NORMAL-3561306-2.jpeg,3,NORMAL,NORMAL,NORMAL,True,0.009440576,0.01023231,0.008797327,0.011794965,0.008202783,0.008773866,0.0060893586,0.9366689
/home/yogesh.patel/execution/25_9_2026_PRD_work/OCT2017_Test/test/NORMAL/NORMAL-366503-1.jpeg,3,NORMAL,NORMAL,NORMAL,True,0.012543651,0.00817833,0.009178265,0.015789328,0.011251871,0.013187334,0.007400472,0.9224708
/home/yogesh.patel/execution/25_9_2026_PRD_work/OCT2017_Test/test/NORMAL/NORMAL-366503-2.jpeg,3,NORMAL,NORMAL,NORMAL,True,0.01986971,0.028546609,0.0151066715,0.020049194,0.0151916435,0.3417623,0.018887734,0.5405861
/home/yogesh.patel/execution/25_9_2026_PRD_work/OCT2017_Test/test/NORMAL/NORMAL-36734-1.jpeg,3,NORMAL,NORMAL,NORMAL,True,0.011332907,0.010024807,0.008852242,0.021180248,0.012080038,0.026707094,0.009164499,0.9006582
/home/yogesh.patel/execution/25_9_2026_PRD_work/OCT2017_Test/test/NORMAL/NORMAL-37818-1.jpeg,3,NORMAL,NORMAL,NORMAL,True,0.0060345447,0.004192139,0.0059921904,0.006922669,0.0063669295,0.009766652,0.0034169261,0.9573078
/home/yogesh.patel/execution/25_9_2026_PRD_work/OCT2017_Test/test/NORMAL/NORMAL-395557-1.jpeg,3,NORMAL,NORMAL,NORMAL,True,0.0051307185,0.0095609035,0.00964091,0.007758987,0.009737178,0.024696667,0.0042552454,0.9292193
/home/yogesh.patel/execution/25_9_2026_PRD_work/OCT2017_Test/test/NORMAL/NORMAL-402066-1.jpeg,3,NORMAL,NORMAL,NORMAL,True,0.0071695046,0.0063859615,0.008117101,0.007015623,0.010295108,0.018549995,0.0057075056,0.9367592
/home/yogesh.patel/execution/25_9_2026_PRD_work/OCT2017_Test/test/NORMAL/NORMAL-402066-2.jpeg,3,NORMAL,NORMAL,NORMAL,True,0.008801092,0.0088058235,0.007912266,0.009580808,0.010564222,0.024784455,0.007989959,0.9215614
/home/yogesh.patel/execution/25_9_2026_PRD_work/OCT2017_Test/test/NORMAL/NORMAL-402066-3.jpeg,3,NORMAL,NORMAL,NORMAL,True,0.011177551,0.007821426,0.011837414,0.009258966,0.012855843,0.0075503676,0.007879531,0.9316189
/home/yogesh.patel/execution/25_9_2026_PRD_work/OCT2017_Test/test/NORMAL/NORMAL-402066-4.jpeg,3,NORMAL,NORMAL,NORMAL,True,0.009510466,0.006267818,0.008580682,0.008814318,0.011186484,0.016668528,0.007177908,0.9317938
/home/yogesh.patel/execution/25_9_2026_PRD_work/OCT2017_Test/test/NORMAL/NORMAL-402066-5.jpeg,3,NORMAL,NORMAL,NORMAL,True,0.011168638,0.008857375,0.009395232,0.010786705,0.011481196,0.011192875,0.0065023964,0.9306156
/home/yogesh.patel/execution/25_9_2026_PRD_work/OCT2017_Test/test/NORMAL/NORMAL-438684-1.jpeg,3,NORMAL,NORMAL,NORMAL,True,0.006200516,0.00835744,0.0085531995,0.0055732206,0.0072919317,0.0077775707,0.0044439035,0.9518022
/home/yogesh.patel/execution/25_9_2026_PRD_work/OCT2017_Test/test/NORMAL/NORMAL-438684-2.jpeg,3,NORMAL,NORMAL,NORMAL,True,0.007601007,0.015687577,0.009500404,0.0061297347,0.0062223133,0.0120834205,0.0036619077,0.9391136
/home/yogesh.patel/execution/25_9_2026_PRD_work/OCT2017_Test/test/NORMAL/NORMAL-438684-3.jpeg,3,NORMAL,NORMAL,NORMAL,True,0.007022963,0.010036108,0.0076553077,0.0069516394,0.0056882533,0.008618009,0.004159252,0.9498685
/home/yogesh.patel/execution/25_9_2026_PRD_work/OCT2017_Test/test/NORMAL/NORMAL-443980-1.jpeg,3,NORMAL,NORMAL,NORMAL,True,0.009479614,0.013967624,0.012383225,0.011724269,0.010920791,0.01411738,0.006999415,0.9204077
/home/yogesh.patel/execution/25_9_2026_PRD_work/OCT2017_Test/test/NORMAL/NORMAL-446851-1.jpeg,3,NORMAL,NORMAL,NORMAL,True,0.0065014,0.01242088,0.010245071,0.020857204,0.009998237,0.016384274,0.0051535303,0.9184393
/home/yogesh.patel/execution/25_9_2026_PRD_work/OCT2017_Test/test/NORMAL/NORMAL-446851-2.jpeg,3,NORMAL,NORMAL,NORMAL,True,0.006786259,0.0066027394,0.007972487,0.013944181,0.0074244635,0.010729699,0.0035941463,0.94294614
/home/yogesh.patel/execution/25_9_2026_PRD_work/OCT2017_Test/test/NORMAL/NORMAL-447690-1.jpeg,3,NORMAL,NORMAL,NORMAL,True,0.0049893903,0.0049670194,0.008583934,0.009458361,0.009006805,0.010806802,0.0041950312,0.9479927
/home/yogesh.patel/execution/25_9_2026_PRD_work/OCT2017_Test/test/NORMAL/NORMAL-447690-2.jpeg,3,NORMAL,NORMAL,NORMAL,True,0.005960854,0.008046404,0.009218948,0.013900952,0.0099673085,0.010786452,0.005451263,0.9366679
/home/yogesh.patel/execution/25_9_2026_PRD_work/OCT2017_Test/test/NORMAL/NORMAL-450532-1.jpeg,3,NORMAL,NORMAL,NORMAL,True,0.008200383,0.009010414,0.010057011,0.010770532,0.010870219,0.017712831,0.0075122663,0.9258664
/home/yogesh.patel/execution/25_9_2026_PRD_work/OCT2017_Test/test/NORMAL/NORMAL-450923-1.jpeg,3,NORMAL,NORMAL,NORMAL,True,0.008521158,0.016331106,0.013344012,0.018630559,0.010538294,0.017903412,0.007989215,0.9067422
/home/yogesh.patel/execution/25_9_2026_PRD_work/OCT2017_Test/test/NORMAL/NORMAL-450923-2.jpeg,3,NORMAL,NORMAL,NORMAL,True,0.007621309,0.011585488,0.012304023,0.014581974,0.014366085,0.011603533,0.007177455,0.9207601
/home/yogesh.patel/execution/25_9_2026_PRD_work/OCT2017_Test/test/NORMAL/NORMAL-460711-1.jpeg,3,NORMAL,NORMAL,NORMAL,True,0.009623745,0.009835441,0.0101649985,0.014626363,0.010995445,0.018568067,0.006288936,0.919897
/home/yogesh.patel/execution/25_9_2026_PRD_work/OCT2017_Test/test/NORMAL/NORMAL-460844-1.jpeg,3,NORMAL,NORMAL,NORMAL,True,0.007815766,0.0070293513,0.008410281,0.008667534,0.010700343,0.0124177355,0.0066326084,0.9383264
/home/yogesh.patel/execution/25_9_2026_PRD_work/OCT2017_Test/test/NORMAL/NORMAL-466978-1.jpeg,3,NORMAL,NORMAL,NORMAL,True,0.0053349785,0.011261721,0.011882205,0.0049194107,0.011492878,0.012510925,0.007230513,0.9353674
/home/yogesh.patel/execution/25_9_2026_PRD_work/OCT2017_Test/test/NORMAL/NORMAL-469935-1.jpeg,3,NORMAL,NORMAL,NORMAL,True,0.0075960294,0.00971137,0.010538813,0.01072106,0.009804937,0.022382049,0.005871276,0.9233745
/home/yogesh.patel/execution/25_9_2026_PRD_work/OCT2017_Test/test/NORMAL/NORMAL-4761187-1.jpeg,3,NORMAL,NORMAL,NORMAL,True,0.00877774,0.006126252,0.0076372703,0.007873533,0.0083707515,0.012713384,0.007358451,0.9411427
/home/yogesh.patel/execution/25_9_2026_PRD_work/OCT2017_Test/test/NORMAL/NORMAL-4790999-1.jpeg,3,NORMAL,NORMAL,NORMAL,True,0.0112385545,0.006228687,0.008622612,0.012646939,0.011089051,0.022534894,0.0078017795,0.9198374
/home/yogesh.patel/execution/25_9_2026_PRD_work/OCT2017_Test/test/NORMAL/NORMAL-48053-1.jpeg,3,NORMAL,NORMAL,NORMAL,True,0.008545089,0.00520746,0.010254048,0.015122009,0.0148965055,0.0061924006,0.00326931,0.9365132
/home/yogesh.patel/execution/25_9_2026_PRD_work/OCT2017_Test/test/NORMAL/NORMAL-4839633-1.jpeg,3,NORMAL,NORMAL,NORMAL,True,0.008315759,0.010892855,0.011340709,0.009288199,0.009833031,0.019124798,0.008172486,0.9230322
/home/yogesh.patel/execution/25_9_2026_PRD_work/OCT2017_Test/test/NORMAL/NORMAL-486271-1.jpeg,3,NORMAL,NORMAL,NORMAL,True,0.0067999163,0.0105669685,0.0075264806,0.013462294,0.009295151,0.008080463,0.0038253858,0.9404433
/home/yogesh.patel/execution/25_9_2026_PRD_work/OCT2017_Test/test/NORMAL/NORMAL-508852-1.jpeg,3,NORMAL,NORMAL,NORMAL,True,0.0062546735,0.0074492586,0.009025892,0.003961746,0.011768704,0.013489611,0.0052670683,0.942783
/home/yogesh.patel/execution/25_9_2026_PRD_work/OCT2017_Test/test/NORMAL/NORMAL-508852-2.jpeg,3,NORMAL,NORMAL,NORMAL,True,0.006272699,0.005029035,0.006520175,0.0056442316,0.009173946,0.0070954785,0.0029405523,0.9573239
/home/yogesh.patel/execution/25_9_2026_PRD_work/OCT2017_Test/test/NORMAL/NORMAL-519372-1.jpeg,3,NORMAL,NORMAL,NORMAL,True,0.004701245,0.007365397,0.010292175,0.0053983713,0.011231092,0.036708716,0.0049890936,0.9193139
/home/yogesh.patel/execution/25_9_2026_PRD_work/OCT2017_Test/test/NORMAL/NORMAL-524640-1.jpeg,3,NORMAL,NORMAL,NORMAL,True,0.008027948,0.011542609,0.009563197,0.009497707,0.008299705,0.0204428,0.0054302337,0.9271958
/home/yogesh.patel/execution/25_9_2026_PRD_work/OCT2017_Test/test/NORMAL/NORMAL-544457-1.jpeg,3,NORMAL,NORMAL,NORMAL,True,0.0053580324,0.0045401496,0.0071636545,0.007921817,0.0064321235,0.015003018,0.0040132646,0.94956785
/home/yogesh.patel/execution/25_9_2026_PRD_work/OCT2017_Test/test/NORMAL/NORMAL-544711-1.jpeg,3,NORMAL,NORMAL,NORMAL,True,0.007390539,0.007858425,0.007442628,0.015695514,0.0074199666,0.012453962,0.006234165,0.9355048
/home/yogesh.patel/execution/25_9_2026_PRD_work/OCT2017_Test/test/NORMAL/NORMAL-547422-1.jpeg,3,NORMAL,NORMAL,NORMAL,True,0.0065922695,0.011897428,0.011820777,0.00460782,0.009710588,0.0061705587,0.007134097,0.94206655
/home/yogesh.patel/execution/25_9_2026_PRD_work/OCT2017_Test/test/NORMAL/NORMAL-547422-2.jpeg,3,NORMAL,NORMAL,NORMAL,True,0.005792683,0.012755888,0.011058155,0.006217988,0.012195734,0.014011319,0.004685802,0.9332825
/home/yogesh.patel/execution/25_9_2026_PRD_work/OCT2017_Test/test/NORMAL/NORMAL-549356-1.jpeg,3,NORMAL,NORMAL,NORMAL,True,0.0063571236,0.010314183,0.012839019,0.0073473104,0.010623841,0.024815815,0.007315208,0.9203875
/home/yogesh.patel/execution/25_9_2026_PRD_work/OCT2017_Test/test/NORMAL/NORMAL-549356-2.jpeg,3,NORMAL,NORMAL,NORMAL,True,0.0074771983,0.018324625,0.012612108,0.0029415993,0.008872274,0.01658685,0.008225975,0.92495936
/home/yogesh.patel/execution/25_9_2026_PRD_work/OCT2017_Test/test/NORMAL/NORMAL-549356-3.jpeg,3,NORMAL,NORMAL,NORMAL,True,0.0054844227,0.0063942797,0.0077993087,0.0068078637,0.0055921697,0.015058284,0.0037770963,0.94908667
/home/yogesh.patel/execution/25_9_2026_PRD_work/OCT2017_Test/test/NORMAL/NORMAL-552739-1.jpeg,3,NORMAL,NORMAL,NORMAL,True,0.0046871877,0.008749468,0.009003156,0.005667891,0.010904047,0.014768765,0.0051062466,0.94111335
/home/yogesh.patel/execution/25_9_2026_PRD_work/OCT2017_Test/test/NORMAL/NORMAL-557437-1.jpeg,3,NORMAL,NORMAL,NORMAL,True,0.008188735,0.012290984,0.010914603,0.010455958,0.009717086,0.011890623,0.008310517,0.9282315
/home/yogesh.patel/execution/25_9_2026_PRD_work/OCT2017_Test/test/NORMAL/NORMAL-557437-2.jpeg,3,NORMAL,NORMAL,NORMAL,True,0.007946026,0.010293132,0.0072837253,0.012531292,0.0074569196,0.029631086,0.006451943,0.91840595
/home/yogesh.patel/execution/25_9_2026_PRD_work/OCT2017_Test/test/NORMAL/NORMAL-565818-1.jpeg,3,NORMAL,NORMAL,NORMAL,True,0.007785266,0.0056253234,0.007815348,0.008822854,0.011543156,0.008949354,0.004636121,0.94482255
/home/yogesh.patel/execution/25_9_2026_PRD_work/OCT2017_Test/test/NORMAL/NORMAL-566040-1.jpeg,3,NORMAL,NORMAL,NORMAL,True,0.009847044,0.013103022,0.010608571,0.012279768,0.0092892675,0.038843535,0.006346761,0.899682
/home/yogesh.patel/execution/25_9_2026_PRD_work/OCT2017_Test/test/NORMAL/NORMAL-568518-1.jpeg,3,NORMAL,NORMAL,NORMAL,True,0.012390758,0.0048785857,0.008198367,0.013681666,0.010909405,0.012088055,0.0071569136,0.93069625
/home/yogesh.patel/execution/25_9_2026_PRD_work/OCT2017_Test/test/NORMAL/NORMAL-568518-2.jpeg,3,NORMAL,NORMAL,NORMAL,True,0.003980361,0.0027689638,0.0066579203,0.0057488815,0.007725456,0.012752785,0.0023972755,0.95796835
/home/yogesh.patel/execution/25_9_2026_PRD_work/OCT2017_Test/test/NORMAL/NORMAL-571157-1.jpeg,3,NORMAL,NORMAL,NORMAL,True,0.0103639895,0.0076574865,0.0077573145,0.016302727,0.010419482,0.010074071,0.0060650217,0.93135995
/home/yogesh.patel/execution/25_9_2026_PRD_work/OCT2017_Test/test/NORMAL/NORMAL-571484-1.jpeg,3,NORMAL,NORMAL,NORMAL,True,0.0073570283,0.008238467,0.0076554446,0.014669564,0.007720639,0.010431033,0.0048057735,0.939122
/home/yogesh.patel/execution/25_9_2026_PRD_work/OCT2017_Test/test/NORMAL/NORMAL-572972-1.jpeg,3,NORMAL,NORMAL,NORMAL,True,0.0069792885,0.0068246974,0.008084462,0.009599452,0.007547007,0.014462697,0.0056492225,0.9408531
/home/yogesh.patel/execution/25_9_2026_PRD_work/OCT2017_Test/test/NORMAL/NORMAL-574089-1.jpeg,3,NORMAL,NORMAL,NORMAL,True,0.008100329,0.0057419343,0.0068019684,0.016667662,0.007280247,0.014186387,0.0064603207,0.9347612
/home/yogesh.patel/execution/25_9_2026_PRD_work/OCT2017_Test/test/NORMAL/NORMAL-582215-1.jpeg,3,NORMAL,NORMAL,NORMAL,True,0.006043046,0.006375082,0.0069014276,0.0071337363,0.009440796,0.050260674,0.005104138,0.9087412
/home/yogesh.patel/execution/25_9_2026_PRD_work/OCT2017_Test/test/NORMAL/NORMAL-588227-1.jpeg,3,NORMAL,NORMAL,NORMAL,True,0.005510366,0.009713281,0.00911845,0.0068830918,0.00609645,0.011117778,0.0048193997,0.9467412
/home/yogesh.patel/execution/25_9_2026_PRD_work/OCT2017_Test/test/NORMAL/NORMAL-60471-1.jpeg,3,NORMAL,NORMAL,NORMAL,True,0.0057664244,0.0049586673,0.0064053913,0.008837896,0.008109409,0.014903892,0.0034089785,0.9476093
/home/yogesh.patel/execution/25_9_2026_PRD_work/OCT2017_Test/test/NORMAL/NORMAL-605310-1.jpeg,3,NORMAL,NORMAL,NORMAL,True,0.0107589625,0.0075809504,0.0075455788,0.037947487,0.008408002,0.0049704975,0.005487275,0.91730124
/home/yogesh.patel/execution/25_9_2026_PRD_work/OCT2017_Test/test/NORMAL/NORMAL-626127-1.jpeg,3,NORMAL,NORMAL,NORMAL,True,0.006223607,0.007283319,0.010558586,0.00812821,0.010246643,0.027311992,0.0065728845,0.9236748
/home/yogesh.patel/execution/25_9_2026_PRD_work/OCT2017_Test/test/NORMAL/NORMAL-628048-1.jpeg,3,NORMAL,NORMAL,NORMAL,True,0.0077926004,0.008372895,0.00870973,0.015464601,0.008702833,0.017315308,0.0060229185,0.9276191
/home/yogesh.patel/execution/25_9_2026_PRD_work/OCT2017_Test/test/NORMAL/NORMAL-629493-1.jpeg,3,NORMAL,NORMAL,NORMAL,True,0.007033252,0.0071750283,0.0076323976,0.009140919,0.00816465,0.01612715,0.0055751028,0.9391516
/home/yogesh.patel/execution/25_9_2026_PRD_work/OCT2017_Test/test/NORMAL/NORMAL-651257-1.jpeg,3,NORMAL,NORMAL,NORMAL,True,0.006477295,0.007504606,0.006316842,0.012589394,0.006709731,0.016682612,0.0046103257,0.9391092
/home/yogesh.patel/execution/25_9_2026_PRD_work/OCT2017_Test/test/NORMAL/NORMAL-655117-1.jpeg,3,NORMAL,NORMAL,NORMAL,True,0.008195468,0.004715669,0.006762581,0.008344554,0.010707148,0.0061429827,0.004870212,0.95026135
/home/yogesh.patel/execution/25_9_2026_PRD_work/OCT2017_Test/test/NORMAL/NORMAL-655447-1.jpeg,3,NORMAL,NORMAL,NORMAL,True,0.0052606035,0.0066169556,0.008189329,0.0047825603,0.009844127,0.014911952,0.005069028,0.94532555
/home/yogesh.patel/execution/25_9_2026_PRD_work/OCT2017_Test/test/NORMAL/NORMAL-664536-1.jpeg,3,NORMAL,NORMAL,NORMAL,True,0.011739825,0.0064838356,0.0069119004,0.010760023,0.010228545,0.0143545745,0.007046273,0.93247503
/home/yogesh.patel/execution/25_9_2026_PRD_work/OCT2017_Test/test/NORMAL/NORMAL-66515-1.jpeg,3,NORMAL,NORMAL,NORMAL,True,0.008072656,0.009159843,0.006585989,0.011776276,0.008748531,0.012954843,0.003970044,0.93873173
/home/yogesh.patel/execution/25_9_2026_PRD_work/OCT2017_Test/test/NORMAL/NORMAL-672619-1.jpeg,3,NORMAL,NORMAL,NORMAL,True,0.009113632,0.0077467537,0.010918565,0.010070214,0.013614907,0.01480047,0.006066705,0.92766875
/home/yogesh.patel/execution/25_9_2026_PRD_work/OCT2017_Test/test/NORMAL/NORMAL-692554-1.jpeg,3,NORMAL,NORMAL,NORMAL,True,0.006686437,0.011998765,0.009285355,0.018579949,0.010143519,0.02323961,0.005784668,0.9142816
/home/yogesh.patel/execution/25_9_2026_PRD_work/OCT2017_Test/test/NORMAL/NORMAL-693575-1.jpeg,3,NORMAL,NORMAL,NORMAL,True,0.0061101625,0.015512556,0.009853339,0.0058998857,0.011528959,0.020426853,0.009465748,0.9212025
/home/yogesh.patel/execution/25_9_2026_PRD_work/OCT2017_Test/test/NORMAL/NORMAL-697826-1.jpeg,3,NORMAL,NORMAL,NORMAL,True,0.0068734903,0.005366485,0.0061820927,0.009743497,0.0085522225,0.025389496,0.004810908,0.9330819
/home/yogesh.patel/execution/25_9_2026_PRD_work/OCT2017_Test/test/NORMAL/NORMAL-744709-1.jpeg,3,NORMAL,NORMAL,NORMAL,True,0.0037699568,0.0034811029,0.0045623137,0.004637458,0.008679406,0.0064477874,0.003147867,0.96527416
/home/yogesh.patel/execution/25_9_2026_PRD_work/OCT2017_Test/test/NORMAL/NORMAL-755659-1.jpeg,3,NORMAL,NORMAL,NORMAL,True,0.008562172,0.0075221173,0.008346082,0.0137033295,0.007003199,0.011765512,0.0056083323,0.93748915
/home/yogesh.patel/execution/25_9_2026_PRD_work/OCT2017_Test/test/NORMAL/NORMAL-758272-1.jpeg,3,NORMAL,NORMAL,NORMAL,True,0.008359066,0.02402299,0.008281685,0.009303129,0.008196636,0.043705933,0.0077445135,0.8903859
/home/yogesh.patel/execution/25_9_2026_PRD_work/OCT2017_Test/test/NORMAL/NORMAL-76914-1.jpeg,3,NORMAL,NORMAL,NORMAL,True,0.0077607357,0.009283452,0.009819611,0.010619542,0.009229128,0.019447545,0.0058102314,0.9280297
/home/yogesh.patel/execution/25_9_2026_PRD_work/OCT2017_Test/test/NORMAL/NORMAL-772481-1.jpeg,3,NORMAL,NORMAL,NORMAL,True,0.0074624713,0.007399447,0.009008608,0.009941597,0.010993221,0.010169064,0.005251003,0.93977463
/home/yogesh.patel/execution/25_9_2026_PRD_work/OCT2017_Test/test/NORMAL/NORMAL-84466-1.jpeg,3,NORMAL,NORMAL,NORMAL,True,0.010778884,0.005943464,0.0098339785,0.0071813525,0.009617128,0.012715081,0.0055401972,0.9383899
/home/yogesh.patel/execution/25_9_2026_PRD_work/OCT2017_Test/test/NORMAL/NORMAL-85367-1.jpeg,3,NORMAL,NORMAL,NORMAL,True,0.0075741815,0.0035100635,0.0058315345,0.017534083,0.013135327,0.0040581147,0.0040411623,0.94431555
/home/yogesh.patel/execution/25_9_2026_PRD_work/OCT2017_Test/test/NORMAL/NORMAL-9251-1.jpeg,3,NORMAL,NORMAL,NORMAL,True,0.0047968407,0.009295571,0.0068265237,0.019508265,0.005603942,0.021952061,0.0047221957,0.92729443
/home/yogesh.patel/execution/25_9_2026_PRD_work/OCT2017_Test/test/NORMAL/NORMAL-98720-1.jpeg,3,NORMAL,NORMAL,NORMAL,True,0.004315573,0.0026034636,0.0041103894,0.006860096,0.004620168,0.004397342,0.002127022,0.970966
